tree
version=v4
num_class=1
num_tree_per_iteration=1
label_index=0
max_feature_idx=8
objective=quantile
feature_names=Shipping_Mode Market Order_Region Category_Name Customer_Segment Days_for_shipment_(scheduled) month weekday hour
feature_infos=-1:3:2:0:1 -1:2:3:1:4:0 -1:3:22:12:11:21:15:1:6:13:20:7:18:10:17:14:8:19:9:5:2:16:0 -1:12:34:47:30:18:46:9:10:38:17:0:24:21:44:25:28:3:42:29:26:22:19:6 -1:0:1:2 [0:4] [1:12] [0:6] [0:23]
tree_sizes=1340 1398 1445 1433 1461 1458 1493 1468 1487 1465 1475 1471 1446 1480 1493 1447 1440 1481 1460 1466 1461 1453 1485 1424 1450 1461 1453 1457 1446 1408 1459 1442 1498 1483 1500 1483 1475 1474 1469 1499 1486 1495 1479 1512 1504 1485 1485 1468 1496 1480 1468 1489 1501 1459 1505 1460 1471 1497 1479 1501 1454 1509 1455 1478 1490 1525 1478 1507 1447 1502 1525 1517 1506 1495 1502 1497 1517 1516 1549 1519 1522 1509 1487 1537 1484 1535 1547 1507 1541 1536 1529 1509 1530 1512 1536 1502 1473 1544 1493 1507 1518 1538 1512 1483 1511 1463 1528 1553 1537 1554 1549 1508 1508 1488 1534 1538 1538 1536 1543 1481 1524 1514 1537 1495 1550 1526 1545 1500 1518 1522 1488 1523 1528 1508 1525 1547 1538 1538 1525 1540 1510 1510 1516 1543 1525 1548 1542 1514 1554 1512 1510 1517 1520 1504 1501 1537 1504 1511 1519 1509 1528 1526 1521 1495 1528 1488 1510 1499 1513 1515 1531 1527 1510 1504 1515 1503 1509 1525 1510 1537 1495 1522 1527 1526 1531 1526 1501 1547 1529 1529 1534 1514 1539 1539 1541 1527 1545 1547 1504 1516 1503 1557 1544 1507 1525 1527 1538 1545 1561 1538 1529 1516 1549 1520 1524 1547 1527 1506 1526 1517 1527 1515 1522 1527 1542 1523 1517 1525 1499 1525 1521 1532 1535 1517 1550 1513 1541 1535 1553 1527 1544 1553 1512 1542 1500 1534 1533 1520 1539 1528

Tree=0
num_leaves=15
num_cat=6
split_feature=5 2 8 6 5 2 7 2 7 8 2 3 3 8
split_gain=7626.39 3.80239 3.64798 2.92175 4.84527 2.90949 2.08979 4.86771 2.69893 3.66938 5.14218 3.7424 2.52918 2.2401
threshold=1.5000000000000002 0 10.500000000000002 10.500000000000002 3.0000000000000004 1 1.0000000180025095e-35 2 3.5000000000000004 1.5000000000000002 3 4 5 22.500000000000004
decision_type=2 9 2 2 2 9 2 9 2 2 9 9 9 2
left_child=-1 2 -2 -4 -5 6 7 -3 9 10 -8 -12 -10 -9
right_child=1 5 3 4 -6 -7 8 13 12 -11 11 -13 -14 -15
leaf_value=2.9500000000000002 3.0499999999999998 3.0499999999999998 3 3.1000000000000001 3 3.0499999999999998 3 3.0499999999999998 3.0499999999999998 3.0499999999999998 3.0499999999999998 3.0499999999999998 3.0499999999999998 3
leaf_weight=26951 327 3362 180 48 109 64063 145 2087 1909 14822 322 752 14790 91
leaf_count=26951 327 3362 180 48 109 64063 145 2087 1909 14822 322 752 14790 91
internal_value=2.99868 3.00488 3.00104 2.9974 3.00239 3.0049 3.00454 3.00544 3.00439 3.00393 3.00129 3.00249 3.00484 3.00354
internal_weight=129958 103007 664 337 157 102343 38280 5540 32740 16041 1219 1074 16699 2178
internal_count=129958 103007 664 337 157 102343 38280 5540 32740 16041 1219 1074 16699 2178
cat_boundaries=0 1 2 3 4 6 8
cat_threshold=1 2332418 2167810 66560 16908289 16452 889717761 4096
is_linear=0
shrinkage=1


Tree=1
num_leaves=15
num_cat=5
split_feature=5 2 8 2 8 4 7 2 6 6 5 4 5 8
split_gain=7651.22 4.25669 4.69213 3.18355 3.05147 4.79647 3.07415 3.58443 3.44205 2.76917 3.76983 4.16138 3.28197 3.58491
threshold=1.5000000000000002 0 9.5000000000000018 1 1.5000000000000002 2 3.5000000000000004 3 10.500000000000002 10.500000000000002 3.0000000000000004 4 3.0000000000000004 12.500000000000002
decision_type=2 9 2 9 2 1 2 9 2 2 2 1 2 2
left_child=-1 2 -2 4 5 6 7 8 -3 12 -11 -12 -4 -14
right_child=1 3 9 -5 -6 -7 -8 -9 -10 10 11 -13 13 -15
leaf_value=-0.047500000000000014 0.047500000000000014 0.047500000000000014 -0.050000000000000003 0.047500000000000014 0.047500000000000014 0.047500000000000014 0.047500000000000014 -0.0024999999999999914 0.097500000000000017 0.095000000000000001 0 0.050000000000000003 0.10000000000000001 0
leaf_weight=27138 308 437 43 69950 29830 1284 632 277 42 43 54 63 45 114
leaf_count=27138 308 437 43 69950 29830 1284 632 277 42 43 54 63 45 114
internal_value=-0.00137801 0.00483844 0.000808824 0.00486424 0.00444297 0.0028256 0.00486311 0.00271164 0.00526585 -0.00303867 0.001875 -0.00277778 -0.00693069 -0.00361635
internal_weight=130260 103122 670 102452 32502 2672 1388 756 479 362 160 117 202 159
internal_count=130260 103122 670 102452 32502 2672 1388 756 479 362 160 117 202 159
cat_boundaries=0 1 2 3 4 5
cat_threshold=1 235266 1 5378 1
is_linear=0
shrinkage=0.05


Tree=2
num_leaves=15
num_cat=7
split_feature=5 2 8 2 6 6 6 4 6 4 6 3 2 4
split_gain=7644.98 4.06633 1.65364 3.12143 3.91598 3.18305 3.51189 4.24772 3.30842 3.07251 2.19116 3.71737 2.97104 2.96965
threshold=1.5000000000000002 0 1.5000000000000002 1 9.5000000000000018 6.5000000000000009 3.5000000000000004 2 2.5000000000000004 3 2.5000000000000004 4 5 6
decision_type=2 9 2 9 2 2 2 1 2 1 2 9 9 1
left_child=-1 2 3 4 5 6 7 -2 -9 -5 11 -4 -12 -13
right_child=1 -3 10 9 -6 -7 -8 8 -10 -11 12 13 -14 -15
leaf_value=-0.045125000000000019 -0.0048749999999999852 0.045125000000000019 -0.0048749999999999852 0.045125000000000019 0.092625000000000013 -0.0048749999999999852 0.045125000000000019 0.045125000000000019 -0.0048749999999999852 0.045125000000000019 0.040249999999999987 0.045125000000000019 0.045125000000000019 0.045125000000000019
leaf_weight=27080 73 63979 243 1087 186 207 533 149 70 966 528 4007 26956 3908
leaf_count=27080 73 63979 243 1087 186 207 533 149 70 966 528 4007 26956 3908
internal_value=-0.0013626 0.00485849 0.00444532 0.00337053 0.00537459 0.00421512 0.00560606 0.00119863 0.00468037 0.00214493 0.0045452 0.00526477 0.00433161 0.00544795
internal_weight=129972 102892 38913 3271 1218 1032 825 292 219 2053 35642 8158 27484 7915
internal_count=129972 102892 38913 3271 1218 1032 825 292 219 2053 35642 8158 27484 7915
cat_boundaries=0 1 2 3 4 5 6 7
cat_threshold=2332419 2097411 2 1 16908288 1 1
is_linear=0
shrinkage=0.05


Tree=3
num_leaves=15
num_cat=8
split_feature=5 2 8 4 2 8 7 3 7 2 1 1 4 8
split_gain=7647.82 3.37387 2.70326 5.65763 3.39285 3.19535 2.56407 2.54261 2.4622 5.32858 2.39388 2.38485 4.45553 2.46708
threshold=1.5000000000000002 0 1.5000000000000002 1 2 16.500000000000004 3.5000000000000004 3 4.5000000000000009 4 5 6 7 21.500000000000004
decision_type=2 9 2 1 9 2 2 9 2 9 1 1 1 2
left_child=-1 2 3 4 6 7 10 -4 9 -5 -2 12 -7 -13
right_child=1 -3 5 8 -6 11 -8 -9 -10 -11 -12 13 -14 -15
leaf_value=-0.042868750000000011 -0.0046312499999999982 0.042868750000000011 0.042868750000000011 -0.030881249999999996 0.042868750000000011 -0.0020124999999999948 0.042868750000000011 0.042868750000000011 0.042868750000000011 0.042868750000000011 0.042868750000000011 0.042868750000000011 0.045487500000000014 0.042868750000000011
leaf_weight=27025 142 69774 912 104 617 102 351 19802 415 803 282 6939 78 2644
leaf_count=27025 142 69774 912 104 617 102 351 19802 415 803 282 6939 78 2644
internal_value=-0.00132741 0.00488588 0.00445845 0.00294768 0.00517241 0.00459445 0.00735669 0.00494593 0.000605144 -0.000854465 0.00483491 0.00384871 -0.00184211 0.0039534
internal_weight=129990 102965 33191 2714 1392 30477 775 20714 1322 907 424 9763 180 9583
internal_count=129990 102965 33191 2714 1392 30477 775 20714 1322 907 424 9763 180 9583
cat_boundaries=0 1 2 3 4 5 6 7 8
cat_threshold=235267 1 34051 622985216 1024 8 16 1
is_linear=0
shrinkage=0.05


Tree=4
num_leaves=15
num_cat=5
split_feature=5 2 8 4 1 2 7 8 8 6 8 2 6 7
split_gain=7637.66 5.08162 3.49705 5.27723 3.61213 3.5949 3.51145 3.28194 3.16274 3.01131 2.89553 2.80508 2.90256 4.48606
threshold=1.5000000000000002 0 1.5000000000000002 1 2 3 3.5000000000000004 21.500000000000004 14.500000000000002 11.500000000000002 1.0000000180025095e-35 4 9.5000000000000018 4.5000000000000009
decision_type=2 9 2 1 1 9 2 2 2 2 2 9 2 2
left_child=-1 2 3 5 7 -2 -7 -4 -6 11 -11 -5 13 -13
right_child=1 -3 4 9 8 6 -8 -9 -10 10 -12 12 -14 -15
leaf_value=-0.040725312499999999 0.043225312500000036 0.040725312499999999 0.040725312499999999 0.040725312499999999 0.040725312499999999 0.040725312499999999 0.040725312499999999 -0.0019118749999999852 0.040725312499999999 0.088350312500000028 -0.0067746875000000099 -0.0092746875000000017 0.040725312499999999 0.040725312499999999
leaf_weight=27013 339 69892 572 755 17403 577 482 49 12432 71 54 197 161 110
leaf_count=27013 339 69892 572 755 17403 577 482 49 12432 71 54 197 161 110
internal_value=-0.00133371 0.0048674 0.00434783 0.0026402 0.00450322 0.00479256 0.0032507 0.000673534 0.00458117 0.000408012 0.0078 -0.000347506 -0.00334728 -0.00627036
internal_weight=130107 103094 33202 2746 30456 1398 1059 621 29835 1348 125 1223 468 307
internal_count=130107 103094 33202 2746 30456 1398 1059 621 29835 1348 125 1223 468 307
cat_boundaries=0 1 2 3 4 5
cat_threshold=235267 1 16 259 135682
is_linear=0
shrinkage=0.05


Tree=5
num_leaves=15
num_cat=6
split_feature=5 2 2 8 4 7 6 2 8 4 8 3 6 7
split_gain=7610.18 3.82207 2.74744 3.8694 4.22463 3.08622 3.23792 4.27413 4.07917 3.91976 2.8516 2.77777 2.69147 2.248
threshold=1.5000000000000002 0 1 10.500000000000002 2 1.0000000180025095e-35 11.500000000000002 3 22.500000000000004 4 16.500000000000004 5 10.500000000000002 1.5000000000000002
decision_type=2 9 9 2 1 2 2 9 2 1 2 9 2 2
left_child=-1 2 3 -2 -5 6 7 8 -4 10 -9 13 -6 -7
right_child=1 -3 5 4 12 11 -8 9 -10 -11 -12 -13 -14 -15
leaf_value=-0.038689046874999994 0.038932796875000002 0.038689046874999994 0.038689046874999994 -0.0039481406249999738 -0.0039359531250000137 0.038689046874999994 0.083932796875000021 0.038689046874999994 -0.0088109531250000206 0.038689046874999994 0.038689046874999994 0.038689046874999994 0.04117685937500002 0.038689046874999994
leaf_weight=26974 335 69455 1162 176 79 1119 136 787 62 2347 256 20787 86 6125
leaf_count=26974 335 69455 1162 176 79 1119 136 787 62 2347 256 20787 86 6125
internal_value=-0.00136004 0.00483617 0.00438566 0.00116618 -0.00256598 0.00445168 0.00563158 0.00540746 0.00279579 0.00632353 0.00889262 0.00425333 0.00318182 0.00511442
internal_weight=129886 102912 33457 676 341 32781 4750 4614 1224 3390 1043 28031 165 7244
internal_count=129886 102912 33457 676 341 32781 4750 4614 1224 3390 1043 28031 165 7244
cat_boundaries=0 1 2 3 4 5 6
cat_threshold=2299651 1 1 131840 2 574885960
is_linear=0
shrinkage=0.05


Tree=6
num_leaves=15
num_cat=8
split_feature=5 2 8 6 8 3 3 3 8 4 2 8 3 3
split_gain=7624.1 3.93652 3.35615 4.01527 5.15728 3.96634 3.19596 2.53373 2.32485 2.31123 2.03665 2.82935 4.55768 2.64923
threshold=1.5000000000000002 0 13.500000000000002 3.5000000000000004 20.500000000000004 1 2 3 17.500000000000004 4 5 14.500000000000002 6 7
decision_type=2 9 2 2 2 9 9 9 2 1 9 2 9 9
left_child=-1 2 7 4 5 8 9 -2 -4 -5 -3 13 -13 -12
right_child=1 10 3 6 -6 -7 -8 -9 -10 -11 11 12 -14 -15
leaf_value=-0.036754594531249983 0.036754594531249983 0.036754594531249983 0.036754594531249983 0.036754594531249983 0.036754594531249983 0.036754594531249983 0.036754594531249983 0.036754594531249983 -0.013245405468750016 0.036754594531249983 0.036754594531249983 0.036754594531249983 0.036754594531249983 0.036754594531249983
leaf_weight=26991 1794 52838 204 721 466 718 2670 7653 188 1639 661 1509 10876 21052
leaf_count=26991 1794 52838 204 721 466 718 2670 7653 188 1639 661 1509 10876 21052
internal_value=-0.00134559 0.00485367 0.0041166 0.00325462 0.00545685 0.0036036 0.00256461 0.00472372 -0.000497512 0.00390295 0.00498873 0.00530374 0.00590836 0.00496131
internal_weight=129980 102989 16053 6606 1576 1110 5030 9447 392 2360 86936 34098 12385 21713
internal_count=129980 102989 16053 6606 1576 1110 5030 9447 392 2360 86936 34098 12385 21713
cat_boundaries=0 1 2 4 6 7 8 10 12
cat_threshold=132355 17043968 862195712 68 38011912 5120 2 2726536 4325376 21504 6291465 1024
is_linear=0
shrinkage=0.05


Tree=7
num_leaves=15
num_cat=5
split_feature=5 2 6 5 8 2 8 4 7 2 6 7 7 2
split_gain=7635.94 3.52982 3.78201 7.72161 3.09068 2.66315 2.71687 4.63386 2.90106 3.28899 3.85798 2.94133 2.47947 3.55811
threshold=1.5000000000000002 0 10.500000000000002 3.0000000000000004 12.500000000000002 1 1.5000000000000002 2 3.5000000000000004 3 10.500000000000002 1.5000000000000002 2.5000000000000004 4
decision_type=2 9 2 2 2 9 2 1 2 9 2 2 2 9
left_child=-1 2 4 -4 -2 6 7 8 9 11 -11 -3 13 -7
right_child=1 5 3 -5 -6 12 -8 -9 -10 10 -12 -13 -14 -15
leaf_value=-0.034916864804687475 0.034904677304687472 -0.010208135195312518 0.080148427304687506 0.032529677304687497 -0.0058322133203124963 0.034916864804687475 0.034916864804687475 0.034916864804687475 0.034916864804687475 0.034916864804687475 0.079916864804687474 0.037416864804687471 0.034916864804687475 0.034916864804687475
leaf_weight=26964 216 162 76 235 137 12682 29789 1258 631 430 41 113 40108 17038
leaf_count=26964 216 162 76 235 137 12682 29789 1258 631 430 41 113 40108 17038
internal_value=-0.00131468 0.00489088 0.00118694 0.00522508 -0.00233711 0.00491434 0.00452611 0.00298861 0.00499274 0.00288204 0.00535343 -0.00149123 0.00509393 0.00544078
internal_weight=129880 102916 664 311 353 102252 32424 2635 1377 746 471 275 69828 29720
internal_count=129880 102916 664 311 353 102252 32424 2635 1377 746 471 275 69828 29720
cat_boundaries=0 1 2 3 4 5
cat_threshold=1 235266 1 229888 278632
is_linear=0
shrinkage=0.05


Tree=8
num_leaves=15
num_cat=4
split_feature=5 2 2 8 7 6 5 7 2 6 8 8 2 8
split_gain=7603 4.04018 3.12492 4.02831 3.11503 2.52636 2.81566 2.11554 6.48853 4.05392 3.96025 2.57118 6.53089 4.37981
threshold=1.5000000000000002 0 1 4.5000000000000009 1.5000000000000002 10.500000000000002 3.0000000000000004 3.5000000000000004 2 9.5000000000000018 22.500000000000004 11.500000000000002 3 5.5000000000000009
decision_type=2 9 9 2 2 2 2 2 9 2 2 2 9 2
left_child=-1 2 3 -2 -5 -6 -7 -3 9 10 -9 13 -13 -10
right_child=1 7 -4 4 5 6 -8 8 11 -11 -12 12 -14 -15
leaf_value=-0.033171021564453111 0.033403193439453104 0.033171021564453111 0.033171021564453111 -0.0075415245292968841 -0.0052852745292969018 0.076088334064453103 0.033521943439453097 0.033171021564453111 0.033171021564453111 0.033171021564453111 0.083171021564453107 0.033171021564453111 0.033171021564453111 0.033171021564453111
leaf_weight=26966 123 36597 38164 125 235 46 137 1977 5946 800 104 3191 9096 6292
leaf_count=26966 123 36597 38164 125 235 46 137 1977 5946 800 104 3191 9096 6292
internal_value=-0.00136885 0.00482797 0.00441555 0.000961538 -0.00087477 0.00119617 0.00560109 0.0050767 0.00474531 0.00701314 0.00587458 0.00447422 0.00498698 0.00396307
internal_weight=129799 102833 38830 666 543 418 183 64003 27406 2881 2081 24525 12287 12238
internal_count=129799 102833 38830 666 543 418 183 64003 27406 2881 2081 24525 12287 12238
cat_boundaries=0 1 2 3 4
cat_threshold=2332419 1 262180 526400
is_linear=0
shrinkage=0.05


Tree=9
num_leaves=15
num_cat=8
split_feature=5 2 8 2 8 3 8 2 8 2 8 4 2 2
split_gain=7643.17 4.20453 3.49368 2.87092 2.03343 1.89206 1.84622 2.15331 1.68725 3.20066 3.21266 3.57911 3.67841 3.57742
threshold=1.5000000000000002 0 3.5000000000000004 1 21.500000000000004 2 16.500000000000004 3 11.500000000000002 4 13.500000000000002 5 6 7
decision_type=2 9 2 9 2 9 2 9 2 9 2 1 9 9
left_child=-1 2 -2 5 -4 6 8 -8 -3 -10 13 -12 -13 -11
right_child=1 3 4 -5 -6 -7 7 -9 9 10 11 12 -14 -15
leaf_value=-0.031512470486230452 0.03148928376748044 0.031512470486230452 0.024605636111230456 0.031512470486230452 -0.0067591849825195506 0.031512470486230452 0.031512470486230452 0.031512470486230452 0.031512470486230452 0.031512470486230452 0.031512470486230452 0.031512470486230452 0.031512470486230452 0.031512470486230452
leaf_weight=27118 85 16305 531 57649 48 11531 2657 7156 3319 885 369 700 1023 586
leaf_count=27118 85 16305 531 57649 48 11531 2657 7156 3319 885 369 700 1023 586
internal_value=-0.00138656 0.00483985 0.000816024 0.00486545 -0.000561313 0.00455367 0.00435171 0.00377815 0.00459633 0.00525283 0.00416317 0.00291587 0.00195879 0.00596533
internal_weight=129962 102844 664 102180 579 44531 33000 9813 23187 6882 3563 2092 1723 1471
internal_count=129962 102844 664 102180 579 44531 33000 9813 23187 6882 3563 2092 1723 1471
cat_boundaries=0 1 2 4 5 6 7 8 9
cat_threshold=1 2334466 1627784193 53316 2162690 2101762 4 33792 133376
is_linear=0
shrinkage=0.05


Tree=10
num_leaves=15
num_cat=4
split_feature=5 2 4 2 8 8 6 8 6 7 3 7 6 8
split_gain=7638.03 3.67885 2.85507 4.32748 5.56147 4.09496 5.90828 4.90916 4.26161 4.18083 4.01844 3.70251 3.61002 2.96033
threshold=1.5000000000000002 0 1 2 9.5000000000000018 1.5000000000000002 6.5000000000000009 4.5000000000000009 6.5000000000000009 5.5000000000000009 3 2.5000000000000004 9.5000000000000018 1.0000000180025095e-35
decision_type=2 9 1 9 2 2 2 2 2 2 9 2 2 2
left_child=-1 2 3 4 -2 6 -4 8 -7 12 -5 -10 13 -8
right_child=1 -3 5 10 -6 7 9 -9 11 -11 -12 -13 -14 -15
leaf_value=-0.029936846961918919 0.030502751961918918 0.029936846961918919 -0.017563153038081071 0.029936846961918919 -0.0064212257333935655 0.079936846961918925 -0.020063153038081084 0.029936846961918919 0.027674659461918917 0.072896382079106453 0.029936846961918919 0.029936846961918919 0.029936846961918919 0.029936846961918919
leaf_weight=27038 141 88894 99 2316 185 169 83 5400 248 70 4672 436 177 107
leaf_count=27038 141 88894 99 2316 185 169 83 5400 248 70 4672 436 177 107
internal_value=-0.00134868 0.00486009 0.0040902 0.00477851 -0.000892857 0.00335469 -0.000839552 0.00371422 0.00723916 0.00165904 0.00503715 0.00548246 -0.000476839 -0.00526316
internal_weight=130035 102997 14103 7314 326 6789 536 6253 853 437 6988 684 367 190
internal_count=130035 102997 14103 7314 326 6789 536 6253 853 437 6988 684 367 190
cat_boundaries=0 1 2 3 5
cat_threshold=198401 1 1 621413448 50176
is_linear=0
shrinkage=0.05


Tree=11
num_leaves=15
num_cat=8
split_feature=5 2 4 1 3 6 7 6 3 7 2 2 6 3
split_gain=7637.39 3.62864 2.54247 4.32226 2.62416 3.13534 3.0467 1.94805 1.90618 1.7265 4.44002 3.95485 3.05799 2.2996
threshold=1.5000000000000002 0 1 2 3 10.500000000000002 4.5000000000000009 11.500000000000002 4 2.5000000000000004 5 6 10.500000000000002 7
decision_type=2 9 1 1 9 2 2 2 9 2 9 9 2 9
left_child=-1 2 3 4 -2 -6 -7 -5 -4 11 12 13 -11 -3
right_child=1 9 8 7 5 6 -8 -9 -10 10 -12 -13 -14 -15
leaf_value=-0.02844000461382297 0.02844000461382297 0.02844000461382297 0.02844000461382297 0.023696415592338618 0.02844000461382297 -0.021559995386177033 0.075940004613822998 -0.0098957094271926345 0.02844000461382297 0.02844000461382297 0.02844000461382297 0.02844000461382297 0.02844000461382297 0.02844000461382297
leaf_weight=27048 3531 8499 1851 280 1606 171 65 50 3473 2551 49623 19547 650 11088
leaf_count=27048 3531 8499 1851 280 1606 171 65 50 3473 2551 49623 19547 650 11088
internal_value=-0.00135523 0.00485483 0.00397527 0.00471243 0.0050483 0.00345572 -0.00190678 -0.000882353 0.00319309 0.00495933 0.0047734 0.00521158 0.00661009 0.00469332
internal_weight=130033 102985 11027 5703 5373 1842 236 330 5324 91958 52824 39134 3201 19587
internal_count=130033 102985 11027 5703 5373 1842 236 330 5324 91958 52824 39134 3201 19587
cat_boundaries=0 1 2 3 5 7 8 9 11
cat_threshold=132353 1 2 1382289920 4164 553914368 20480 16420 315946 1158156801 1088
is_linear=0
shrinkage=0.05


Tree=12
num_leaves=15
num_cat=7
split_feature=0 2 8 4 8 2 8 4 3 8 8 2 7 6
split_gain=7609.84 4.00704 3.39076 3.16461 3.04365 2.27552 4.23171 4.69932 2.99473 2.55971 3.50345 3.19721 3.18095 2.61776
threshold=0 1 10.500000000000002 2 14.500000000000002 3 1.5000000000000002 4 5 14.500000000000002 21.500000000000004 6 3.5000000000000004 8.5000000000000018
decision_type=1 9 2 1 2 9 2 1 9 2 2 9 2 2
left_child=1 2 -1 -4 -5 6 7 8 -3 -8 -11 12 -12 -14
right_child=-2 5 3 4 -6 -7 9 -9 -10 10 11 -13 13 -15
leaf_value=0.027510166542262706 -0.027018004383131823 0.027018004383131823 -0.0072523060066142404 -0.011313572687180674 0.029828581258131839 0.027018004383131823 0.027018004383131823 0.024636754383131822 0.027018004383131823 0.027018004383131823 0.027018004383131823 0.027018004383131823 0.027018004383131823 0.077018004383131833
leaf_weight=332 26956 734 177 65 93 69826 17373 1275 645 9776 591 1630 274 169
leaf_count=332 26956 734 177 65 93 69826 17373 1275 645 9776 591 1630 274 169
internal_value=-0.00134587 0.00484656 0.000923191 -0.00261194 0.00253165 0.00487205 0.00451165 0.00259985 0.00462292 0.00468336 0.00413585 0.00574324 0.00795019 0.0112302
internal_weight=129916 102960 667 335 158 102293 32467 2654 1379 29813 12440 2664 1034 443
internal_count=129916 102960 667 335 158 102293 32467 2654 1379 29813 12440 2664 1034 443
cat_boundaries=0 1 2 3 4 5 7 8
cat_threshold=12 1 1 235266 1 2494976 68 98818
is_linear=0
shrinkage=0.05


Tree=13
num_leaves=15
num_cat=3
split_feature=5 2 1 8 6 5 7 7 8 7 6 8 2 6
split_gain=7662.32 4.11464 2.87123 3.60355 2.49589 4.49293 2.42726 2.03787 1.72942 4.22112 2.89753 6.77656 3.87097 2.85187
threshold=1.5000000000000002 0 1 10.500000000000002 10.500000000000002 3.0000000000000004 3.5000000000000004 1.5000000000000002 1.5000000000000002 4.5000000000000009 10.500000000000002 1.0000000180025095e-35 2 1.5000000000000002
decision_type=2 9 1 2 2 2 2 2 2 2 2 2 9 2
left_child=-1 2 3 6 7 -6 -2 -5 9 10 12 -12 -4 -14
right_child=1 -3 8 4 5 -7 -8 -9 -10 -11 11 -13 13 -15
leaf_value=-0.025667104163975243 0.023570134124280454 0.025667104163975243 0.025667104163975243 -0.010747894052821639 0.04584808388851383 -0.0068896907062835355 0.028142824454456195 -0.0067640149260100868 0.025667104163975243 0.025786166663975242 0.068417104163975243 -0.017076645836024775 0.03041710416397525 -0.018026333336024724
leaf_weight=27058 178 72178 948 44 46 113 154 135 27707 757 147 117 109 372
leaf_count=27058 178 72178 948 44 46 113 154 135 27707 757 147 117 109 372
internal_value=-0.00132147 0.00489855 0.00440299 0.00110294 -0.00251479 0.00204403 0.00481928 -0.00656425 0.00447592 0.00320408 0.0018163 0.00662879 0.000927222 -0.00269857
internal_weight=130063 103005 30827 670 338 159 332 179 30157 2450 1693 264 1429 481
internal_count=130063 103005 30827 670 338 159 332 179 30157 2450 1693 264 1429 481
cat_boundaries=0 1 2 3
cat_threshold=234755 16 135170
is_linear=0
shrinkage=0.05


Tree=14
num_leaves=15
num_cat=6
split_feature=5 3 4 8 8 1 3 6 6 3 1 5 7 7
split_gain=7606.35 1.38557 1.64249 2.04198 2.1326 1.5546 1.78367 1.52044 1.44683 1.52062 1.69846 1.72392 2.41712 2.48959
threshold=1.5000000000000002 0 1 10.500000000000002 22.500000000000004 2 3 1.5000000000000002 7.5000000000000009 4 5 3.0000000000000004 4.5000000000000009 5.5000000000000009
decision_type=2 9 1 2 2 1 9 2 2 9 1 2 2 2
left_child=-1 -2 3 -3 5 6 -5 -8 9 -4 -11 12 -12 -14
right_child=1 2 8 4 -6 -7 7 -9 -10 10 11 -13 13 -15
leaf_value=-0.024383748955776486 0.024383748955776486 0.024383748955776486 0.024383748955776486 0.024383748955776486 0.024383748955776486 0.024383748955776486 0.024383748955776486 0.024383748955776486 0.024383748955776486 0.024383748955776486 0.024383748955776486 0.024383748955776486 0.024383748955776486 0.024383748955776486
leaf_weight=26983 56840 10957 412 1939 982 8446 289 1289 8061 3095 1937 7945 388 378
leaf_count=26983 56840 10957 412 1939 982 8446 289 1289 8061 3095 1937 7945 388 378
internal_value=-0.00136966 0.00482333 0.00503924 0.00532801 0.00575319 0.00593706 0.00496881 0.00626574 0.00473082 0.00503532 0.00493165 0.00461156 0.00570662 0.00332898
internal_weight=129941 102958 46118 23902 12945 11963 3517 1578 22216 14155 13743 10648 2703 766
internal_count=129941 102958 46118 23902 12945 11963 3517 1578 22216 14155 13743 10648 2703 766
cat_boundaries=0 2 3 4 6 7 8
cat_threshold=1898317313 36864 1 4 4722696 17408 71827528 16
is_linear=0
shrinkage=0.05


Tree=15
num_leaves=15
num_cat=6
split_feature=5 2 2 8 4 8 8 2 6 8 6 3 6 4
split_gain=7617.38 3.86915 2.6395 3.60709 3.90772 2.84297 2.66421 4.22016 2.76335 2.28804 2.08216 2.06693 1.9677 3.88792
threshold=1.5000000000000002 0 1 10.500000000000002 2 14.500000000000002 1.5000000000000002 3 9.5000000000000018 19.500000000000004 7.5000000000000009 4 3.5000000000000004 5
decision_type=2 9 9 2 1 2 2 9 2 2 2 9 2 1
left_child=-1 2 3 -2 9 -6 7 8 10 -5 12 -9 13 -4
right_child=1 -3 6 4 5 -7 -8 11 -10 -11 -12 -13 -14 -15
leaf_value=-0.023164561507987669 0.023923519402015848 0.023164561507987669 -0.024216375992012297 -0.009577057671157841 -0.011429686797969364 0.02746244928275059 0.023164561507987669 -0.017519516617012322 0.06520237400798766 -0.0076450016274983938 -0.022275766617012294 0.023164561507987669 0.023164561507987669 0.023039561507987673
leaf_weight=27025 341 59680 75 132 64 91 39088 345 138 45 104 1990 637 223
leaf_count=27025 341 59680 75 132 64 91 39088 345 138 45 104 1990 637 223
internal_value=-0.00137485 0.00482672 0.00445729 0.00128111 -0.00240964 0.0033871 0.00450716 0.00318907 0.00562342 -0.00748588 0.00478826 0.00192964 0.00553476 0.00218121
internal_weight=129978 102953 43273 673 332 155 42600 3512 1177 177 1039 2335 935 298
internal_count=129978 102953 43273 673 332 155 42600 3512 1177 177 1039 2335 935 298
cat_boundaries=0 1 2 3 4 6 7
cat_threshold=2332547 1 1 2097410 33554441 32768 2
is_linear=0
shrinkage=0.05


Tree=16
num_leaves=15
num_cat=5
split_feature=5 2 1 8 5 6 4 5 8 8 4 7 2 6
split_gain=7620.43 5.20245 3.88793 3.67435 3.99474 3.48708 4.21707 2.96821 3.52705 2.67749 5.03086 3.01368 3.18281 4.10043
threshold=1.5000000000000002 0 1 9.5000000000000018 3.0000000000000004 10.500000000000002 2 3.0000000000000004 12.500000000000002 1.5000000000000002 3 3.5000000000000004 4 10.500000000000002
decision_type=2 9 1 2 2 2 1 2 2 2 1 2 9 2
left_child=-1 2 3 4 -2 7 -7 -5 -9 10 11 12 13 -4
right_child=1 -3 9 5 -6 6 -8 8 -10 -11 -12 -13 -14 -15
leaf_value=-0.022006333432588288 0.064779526532593806 0.022006333432588288 0.022006333432588288 -0.034791806850121787 0.021533839001153379 -0.0074148227571098294 0.026089326818613069 0.083552944224809467 -0.0072627515461234811 0.022006333432588288 0.019744145932588289 0.022006333432588288 -0.016643540786161704 0.060516942807588285
leaf_weight=27000 61 69696 331 42 249 70 87 44 119 29798 1280 622 368 48
leaf_count=27000 61 69696 331 42 249 70 87 44 119 29798 1280 622 368 48
internal_value=-0.0013602 0.00484778 0.00432174 0.000513196 0.00451613 -0.00290055 0.00270701 -0.00719512 -0.0041411 0.00440044 0.00287844 0.00498539 0.00284471 0.00597686
internal_weight=129815 102815 33119 672 310 362 157 205 163 32447 2649 1369 747 379
internal_count=129815 102815 33119 672 310 362 157 205 163 32447 2649 1369 747 379
cat_boundaries=0 1 2 3 4 5
cat_threshold=235267 16 1 1 4354
is_linear=0
shrinkage=0.05


Tree=17
num_leaves=15
num_cat=5
split_feature=5 3 8 1 3 8 1 6 5 6 7 6 4 7
split_gain=7647.59 1.12721 1.15437 3.31403 2.6168 1.72146 2.19638 2.60538 2.69605 2.82481 2.77034 2.35294 2.31492 3.89283
threshold=1.5000000000000002 0 11.500000000000002 1 2 12.500000000000002 3 10.500000000000002 3.0000000000000004 5.5000000000000009 1.0000000180025095e-35 6.5000000000000009 4 2.5000000000000004
decision_type=2 9 2 1 9 2 1 2 2 2 2 2 1 2
left_child=-1 -2 3 4 -3 6 12 8 9 -8 -10 -11 -4 -14
right_child=1 2 5 -5 -6 -7 7 -9 10 11 -12 -13 13 -15
leaf_value=-0.020906016760958868 0.020906016760958868 0.020906016760958868 0.020906016760958868 0.020906016760958868 0.020906016760958868 0.020906016760958868 -0.029093983239041134 0.070906016760958868 -0.029093983239041134 0.020906016760958868 0.020906016760958868 -0.029093983239041134 0.020906016760958868 0.020906016760958868
leaf_weight=27083 15860 1931 344 40352 1445 39710 67 160 197 55 954 187 752 869
leaf_count=27083 15860 1931 344 40352 1445 39710 67 160 197 55 954 187 752 869
internal_value=-0.00136036 0.00486256 0.00478525 0.0046046 0.00614294 0.00496882 0.00601813 0.00453988 0.00390411 -0.000242718 0.00501738 0.00227273 0.00717722 0.00800432
internal_weight=129966 102883 87023 43728 3376 43295 3585 1620 1460 309 1151 242 1965 1621
internal_count=129966 102883 87023 43728 3376 43295 3585 1620 1460 309 1151 242 1965 1621
cat_boundaries=0 1 2 4 5 6
cat_threshold=608702528 1 319029760 50240 12 4
is_linear=0
shrinkage=0.05


Tree=18
num_leaves=15
num_cat=3
split_feature=5 3 8 7 7 6 6 8 7 6 6 1 6 4
split_gain=7636.13 1.8409 0.682632 1.05328 1.60248 2.9735 2.40585 1.00131 1.65612 2.19904 0.993774 1.78792 0.912492 0.863805
threshold=1.5000000000000002 0 22.500000000000004 3.5000000000000004 4.5000000000000009 3.5000000000000004 4.5000000000000009 21.500000000000004 4.5000000000000009 8.5000000000000018 8.5000000000000018 1 8.5000000000000018 2
decision_type=2 9 2 2 2 2 2 2 2 2 2 1 2 1
left_child=-1 2 7 10 6 -6 -5 -2 -9 13 11 -4 -7 -10
right_child=1 -3 3 4 5 12 -8 8 9 -11 -12 -13 -14 -15
leaf_value=-0.019860715922910922 0.019860715922910922 0.019860715922910922 -0.03013928407708908 -0.03013928407708908 0.069860715922910918 0.019860715922910922 0.019860715922910922 0.019860715922910922 -0.03013928407708908 0.067360715922910916 0.019860715922910922 0.019860715922910922 -0.03013928407708908 0.019860715922910922
leaf_weight=27107 20889 80187 111 62 90 86 79 652 56 80 154 275 85 138
leaf_count=27107 20889 80187 111 62 90 86 79 652 56 80 154 275 85 138
internal_value=-0.00138926 0.00482787 0.00524333 0.00392781 0.00199005 0.00431034 -0.00230496 0.00530254 0.00691145 0.00364964 0.00537037 0.00401554 0.000438596 0.000773196
internal_weight=130051 102944 22757 942 402 261 141 21815 926 274 540 386 171 194
internal_count=130051 102944 22757 942 402 261 141 21815 926 274 540 386 171 194
cat_boundaries=0 2 3 4
cat_threshold=104861760 1088 10 2
is_linear=0
shrinkage=0.05


Tree=19
num_leaves=15
num_cat=4
split_feature=5 3 7 1 6 4 6 8 8 8 6 8 3 8
split_gain=7655.28 1.66425 0.734962 2.63798 2.18725 1.35558 1.09407 1.02264 0.980922 2.09532 1.61667 1.85209 0.858142 0.83913
threshold=1.5000000000000002 0 1.0000000180025095e-35 1 6.5000000000000009 2 9.5000000000000018 6.5000000000000009 20.500000000000004 17.500000000000004 10.500000000000002 4.5000000000000009 3 20.500000000000004
decision_type=2 9 2 1 2 1 2 2 2 2 2 2 9 2
left_child=-1 2 3 4 7 6 12 -2 9 10 -7 -12 13 -5
right_child=1 -3 -4 5 -6 8 -8 -9 -10 -11 11 -13 -14 -15
leaf_value=-0.018867680126765388 0.018867680126765388 0.018867680126765388 0.018867680126765388 0.018867680126765388 0.018867680126765388 0.018867680126765388 0.06886768012676539 -0.031132319873234615 0.018867680126765388 0.018867680126765388 -0.031132319873234615 0.018867680126765388 0.018867680126765388 -0.0048823198732346196
leaf_weight=27073 50 80337 19288 355 478 1155 143 115 223 214 72 178 225 54
leaf_count=27073 50 80337 19288 355 478 1155 143 115 223 214 72 178 225 54
internal_value=-0.00134311 0.00488181 0.00528147 0.00597793 0.00294793 0.00668505 0.00846203 -0.0019697 0.00597177 0.00554355 0.00624555 0.0026 0.00757098 0.00566826
internal_weight=129960 102887 22550 3262 643 2619 777 165 1842 1619 1405 250 634 409
internal_count=129960 102887 22550 3262 643 2619 777 165 1842 1619 1405 250 634 409
cat_boundaries=0 2 3 4 5
cat_threshold=100667456 1088 2 2 4096
is_linear=0
shrinkage=0.05


Tree=20
num_leaves=15
num_cat=7
split_feature=5 2 2 8 5 7 8 2 7 3 8 2 4 2
split_gain=7611.33 4.59107 3.38314 4.31358 2.84194 2.51464 2.38615 4.33751 2.77236 2.71817 2.34774 4.2165 2.37188 2.30379
threshold=1.5000000000000002 0 1 9.5000000000000018 3.0000000000000004 3.5000000000000004 21.500000000000004 2 3.5000000000000004 3 16.500000000000004 4 5 6
decision_type=2 9 9 2 2 2 2 9 2 9 2 9 1 9
left_child=-1 2 3 4 -2 -6 10 9 -9 -8 -4 -12 13 -13
right_child=1 -3 6 -5 5 -7 7 8 -10 -11 11 12 -14 -15
leaf_value=-0.017924296120427119 0.058558829565432374 0.017924296120427119 0.017924296120427119 -0.0097847318071660819 -0.026978694050324714 0.020140032223254358 0.017924296120427119 0.017924296120427119 0.017924296120427119 0.017924296120427119 0.017924296120427119 -0.032075703879572884 0.017924296120427119 0.017924296120427119
leaf_weight=26979 63 59845 29846 365 134 116 428 1112 1053 949 1543 401 6230 939
leaf_count=26979 63 59845 29846 365 134 116 428 1112 1053 949 1543 401 6230 939
internal_value=-0.00135824 0.00483285 0.00443111 0.000872093 0.00519169 0.0028 0.00448766 0.00573123 0.00426437 0.00794881 0.00437575 0.00367332 0.00317282 0.00126866
internal_weight=130003 103024 43179 678 313 250 42501 3542 2165 1377 38959 9113 7570 1340
internal_count=130003 103024 43179 678 313 250 42501 3542 2165 1377 38959 9113 7570 1340
cat_boundaries=0 1 2 3 5 6 7 8
cat_threshold=2594563 1 360962 1090651137 4160 2162688 4 263680
is_linear=0
shrinkage=0.05


Tree=21
num_leaves=15
num_cat=5
split_feature=5 2 6 5 7 4 2 7 2 4 6 7 5 6
split_gain=7623.67 4.83964 4.09887 6.37355 3.27113 4.67415 2.34294 2.56303 4.30419 3.30196 3.1324 1.8594 2.53288 2.41127
threshold=1.5000000000000002 0 10.500000000000002 3.0000000000000004 4.5000000000000009 1 2 1.0000000180025095e-35 3 4 11.500000000000002 2.5000000000000004 3.0000000000000004 9.5000000000000018
decision_type=2 9 2 2 2 1 9 2 9 1 2 2 2 2
left_child=-1 2 11 -4 5 -5 7 8 -3 -10 -11 13 -13 -2
right_child=1 6 3 4 -6 -7 -8 -9 9 10 -12 12 -14 -15
leaf_value=-0.017028081314405762 -0.011263397073872972 0.017028081314405762 0.055630888087160747 -0.014151346147518251 0.022292376427508989 0.02002380304384186 0.017028081314405762 0.017028081314405762 0.017028081314405762 0.017028081314405762 0.017265893814405752 -0.015488776722401888 0.017185184031915889 -0.017120200932239784
leaf_weight=27017 104 1788 71 65 72 97 59672 36372 1387 2971 136 50 169 41
leaf_count=27017 104 1788 71 65 72 97 59672 36372 1387 2971 136 50 169 41
internal_value=-0.00135987 0.00484125 0.000552283 0.00483607 0.000854701 -0.00308642 0.00486877 0.00457411 0.0055078 0.00633881 0.00544738 -0.00302198 -0.000114155 -0.00741379
internal_weight=130012 102995 669 305 234 162 102326 42654 6282 4494 3107 364 219 145
internal_count=130012 102995 669 305 234 162 102326 42654 6282 4494 3107 364 219 145
cat_boundaries=0 1 2 3 4 5
cat_threshold=1 1 2332546 164352 2
is_linear=0
shrinkage=0.05


Tree=22
num_leaves=15
num_cat=4
split_feature=5 3 1 6 8 8 5 3 7 8 8 8 3 8
split_gain=7617.95 1.88115 1.23972 2.70129 2.9972 4.11371 5.3203 3.07015 2.01111 1.98917 3.706 1.65256 1.36328 1.33683
threshold=1.5000000000000002 0 1 10.500000000000002 10.500000000000002 15.500000000000002 3.0000000000000004 2 4.5000000000000009 21.500000000000004 22.500000000000004 18.500000000000004 3 10.500000000000002
decision_type=2 9 1 2 2 2 2 9 2 2 2 2 9 2
left_child=-1 -2 3 4 7 6 8 -3 -6 11 -11 12 -5 -4
right_child=1 2 13 9 5 -7 -8 -9 -10 10 -12 -13 -14 -15
leaf_value=-0.016176677248685479 0.016176677248685479 0.016176677248685479 0.016176677248685479 0.066176677248685478 -0.03382332275131452 0.016176677248685479 0.016176677248685479 0.016176677248685479 -0.03382332275131452 0.06498917724868547 0.016176677248685479 0.016176677248685479 0.016176677248685479 0.016176677248685479
leaf_weight=26984 25163 658 33083 118 113 1318 583 908 53 70 89 408 1909 38216
leaf_count=26984 25163 658 33083 118 113 1318 583 908 53 70 89 408 1909 38216
internal_value=-0.00135861 0.00485373 0.0047249 0.00544733 0.00457611 0.00332608 0.000367156 0.00622605 -0.00753012 0.00668851 0.0121069 0.0063347 0.00691909 0.00466105
internal_weight=129673 102689 77526 6227 3633 2067 749 1566 166 2594 159 2435 2027 71299
internal_count=129673 102689 77526 6227 3633 2067 749 1566 166 2594 159 2435 2027 71299
cat_boundaries=0 2 3 5 6
cat_threshold=608702528 17408 1 19137024 32768 2228225
is_linear=0
shrinkage=0.05


Tree=23
num_leaves=15
num_cat=5
split_feature=5 2 8 1 8 7 4 4 5 7 8 8 4 8
split_gain=7632.92 4.17747 2.49736 4.81261 3.49138 5.18534 4.39942 2.928 4.64589 4.06833 2.87737 2.85008 2.80353 3.13479
threshold=1.5000000000000002 0 10.500000000000002 1 1.5000000000000002 4.5000000000000009 2 3 3.0000000000000004 2.5000000000000004 16.500000000000004 17.500000000000004 4 14.500000000000002
decision_type=2 9 2 1 2 2 1 1 2 2 2 2 1 2
left_child=-1 2 4 7 5 6 -2 8 9 11 -11 -4 -5 -14
right_child=1 -3 3 12 -6 -7 -8 -9 -10 10 -12 -13 13 -15
leaf_value=-0.015367843386251212 0.017552515261251213 0.015367843386251212 0.06536784338625122 -0.0096051530047595712 0.015367843386251212 0.015594062136251209 -0.026027812863748757 0.015367843386251212 0.0128678433862512 -0.034632156613748792 0.015367843386251212 0.06536784338625122 -0.012940372746760432 0.020482352412882633
leaf_weight=27000 254 94081 99 176 3333 246 231 3187 1132 70 75 70 69 96
leaf_count=27000 254 94081 99 176 3333 246 231 3187 1132 70 75 70 69 96
internal_value=-0.00133359 0.00486307 0.003813 0.00306594 0.00473671 0.00160739 -0.00139175 0.00348374 0.00162517 0.00700637 0.000862069 0.0122781 -0.00263533 0.0019697
internal_weight=130119 103119 9038 4974 4064 731 485 4633 1446 314 145 169 341 165
internal_count=130119 103119 9038 4974 4064 731 485 4633 1446 314 145 169 341 165
cat_boundaries=0 1 2 3 4 5
cat_threshold=197633 3 1 2 1
is_linear=0
shrinkage=0.05


Tree=24
num_leaves=15
num_cat=4
split_feature=5 2 8 7 4 1 8 6 5 8 2 6 6 6
split_gain=7631.94 4.07579 2.92241 4.01771 3.31257 3.13029 2.84937 3.9463 4.1803 3.07587 2.79785 4.56008 6.55295 2.73908
threshold=1.5000000000000002 0 1.5000000000000002 4.5000000000000009 1 2 4.5000000000000009 10.500000000000002 3.0000000000000004 17.500000000000004 3 9.5000000000000018 4.5000000000000009 2.5000000000000004
decision_type=2 9 2 2 1 1 2 2 2 2 9 2 2 2
left_child=-1 2 3 10 13 6 -4 9 -9 -8 11 12 -2 -5
right_child=1 -3 5 4 -6 -7 7 8 -10 -11 -12 -13 -14 -15
leaf_value=-0.014599451216938642 0.014831623091938639 0.014599451216938642 0.016291695429770159 -0.035174330033061363 0.016859873873188637 0.014599451216938642 -0.008822651276679994 0.01685367032552354 0.017439449359902961 -0.01057993343278283 -0.019851422220561334 0.053561904341938665 -0.033366344876811359 0.013572503073383946
leaf_weight=27010 440 74831 74 56 482 25176 226 57 190 72 930 112 125 148
leaf_count=27010 440 74831 74 56 482 25176 226 57 190 72 930 112 125 148
internal_value=-0.00134516 0.0048628 0.00433661 0.00262756 0.0058309 0.00449021 0.000914149 -0.000321101 0.00435223 -0.00419463 0.00126011 0.0036754 0.00190265 0.000490196
internal_weight=129929 102919 28088 2293 686 25795 619 545 247 298 1607 677 565 204
internal_count=129929 102919 28088 2293 686 25795 619 545 247 298 1607 677 565 204
cat_boundaries=0 1 2 3 4
cat_threshold=235265 2 16 4352
is_linear=0
shrinkage=0.05


Tree=25
num_leaves=15
num_cat=6
split_feature=5 3 1 6 3 8 8 6 5 7 3 4 4 7
split_gain=7628.9 1.66568 1.14748 2.86247 1.81894 1.74246 3.41015 3.29624 3.55806 2.99874 2.3185 1.85602 1.71449 3.54917
threshold=1.5000000000000002 0 1 11.500000000000002 2 10.500000000000002 15.500000000000002 10.500000000000002 3.0000000000000004 4.5000000000000009 3 4 5 4.5000000000000009
decision_type=2 9 1 2 9 2 2 2 2 2 9 1 1 2
left_child=-1 -2 3 5 -5 10 7 8 9 11 -3 -7 13 -10
right_child=1 2 -4 4 -6 6 -8 -9 12 -11 -12 -13 -14 -15
leaf_value=-0.013869478656091717 0.013869478656091717 0.013869478656091717 0.013869478656091717 0.013869478656091717 0.013869478656091717 -0.033630521343908294 0.013869478656091717 0.013869478656091717 -0.036130521343908283 -0.033630521343908294 0.013869478656091717 0.016369478656091709 0.013869478656091717 0.063869478656091716
leaf_weight=27047 16411 1427 79439 697 749 64 1967 249 151 60 1020 54 455 63
leaf_count=27047 16411 1427 79439 697 749 64 1967 249 151 60 1020 54 455 63
internal_value=-0.00137213 0.00484408 0.00475059 0.005412 0.00739972 0.00490018 0.00410545 0.00187044 0.000383707 -0.00589888 0.00589497 -0.00127119 0.00205531 -0.00163551
internal_weight=129853 102806 86395 6956 1446 5510 3063 1096 847 178 2447 118 669 214
internal_count=129853 102806 86395 6956 1446 5510 3063 1096 847 178 2447 118 669 214
cat_boundaries=0 2 3 5 7 8 9
cat_threshold=369102912 1024 1 263680 16448 1073874433 68 1 2
is_linear=0
shrinkage=0.05


Tree=26
num_leaves=15
num_cat=6
split_feature=0 2 8 4 7 1 8 3 8 2 7 8 6 6
split_gain=7606.01 3.83714 3.00314 4.29947 3.69789 2.82942 3.46673 2.62718 2.52019 2.43622 3.13918 2.26102 2.5744 2.159
threshold=0 1 1.5000000000000002 2 3.5000000000000004 3 19.500000000000004 4 14.500000000000002 5 1.5000000000000002 21.500000000000004 10.500000000000002 10.500000000000002
decision_type=1 9 2 1 2 1 2 9 2 9 2 2 2 2
left_child=1 2 3 4 9 6 -4 -7 -9 10 -1 -10 -13 -11
right_child=-2 -3 5 -5 -6 7 -8 8 11 13 -12 12 -14 -15
leaf_value=-0.023892637190775369 -0.013176004723287128 0.013176004723287128 0.014218010037096785 0.011495350817037165 0.014661048395162114 0.013176004723287128 -0.010690341755321332 0.013176004723287128 0.013176004723287128 0.013164396129537126 0.021343542106099636 0.013176004723287128 0.0583010047232871 0.047812960973287133
leaf_weight=150 27026 69829 542 1331 625 970 84 16864 9415 440 109 2252 341 54
leaf_count=150 27026 69829 542 1331 625 970 84 16864 9415 440 109 2252 341 54
internal_value=-0.00138774 0.00480702 0.00435336 0.00275932 0.00471698 0.00449652 0.00110063 0.00456586 0.00465342 0.00235724 -0.00157993 0.00410143 0.00540879 0.00436508
internal_weight=130032 103006 33177 2709 1378 30468 626 29842 28872 753 259 12008 2593 494
internal_count=130032 103006 33177 2709 1378 30468 626 29842 28872 753 259 12008 2593 494
cat_boundaries=0 1 2 3 4 5 6
cat_threshold=12 235267 1 16 16908288 229888
is_linear=0
shrinkage=0.05


Tree=27
num_leaves=15
num_cat=6
split_feature=0 2 8 2 8 8 7 3 7 2 7 4 8 6
split_gain=7658.39 3.73523 3.41649 2.93501 2.80596 2.67106 2.95654 2.53583 2.52518 2.38693 6.44974 4.28567 4.35296 3.01968
threshold=0 1 20.500000000000004 2 13.500000000000002 1.0000000180025095e-35 1.0000000180025095e-35 3 3.5000000000000004 4 3.5000000000000004 5 19.500000000000004 7.5000000000000009
decision_type=1 9 2 9 2 2 2 9 2 9 2 1 2 2
left_child=1 2 8 4 5 6 -3 -7 -1 10 -6 12 -12 -13
right_child=-2 3 -4 -5 9 7 -8 -9 -10 -11 11 13 -14 -15
leaf_value=-0.010155824667555269 -0.01251720448712277 0.01251720448712277 -0.0093487007617935498 0.01251720448712277 0.01251720448712277 0.01251720448712277 0.01251720448712277 0.01251720448712277 0.015611428507923564 0.01251720448712277 -0.037482795512877233 0.062517204487122766 0.060076579487122778 0.01251720448712277
leaf_weight=294 27156 153 68 77831 593 375 964 13078 300 8855 91 50 45 393
leaf_count=294 27156 153 68 77831 593 375 964 13078 300 8855 91 50 45 393
internal_value=-0.00137317 0.00485015 0.00104167 0.00487466 0.00536534 0.0049245 0.00727395 0.00472943 0.00227273 0.00601127 0.00376481 4.31779e-05 -0.00772059 0.00242664
internal_weight=130246 103090 662 102428 24597 14570 1117 13453 594 10027 1172 579 136 443
internal_count=130246 103090 662 102428 24597 14570 1117 13453 594 10027 1172 579 136 443
cat_boundaries=0 1 2 3 5 6 7
cat_threshold=12 1 5775396 270532609 1024 524288 4
is_linear=0
shrinkage=0.05


Tree=28
num_leaves=15
num_cat=7
split_feature=5 2 2 8 4 6 5 8 7 2 3 4 7 3
split_gain=7666.49 4.68605 3.66214 3.65768 3.74422 3.89204 3.12945 2.6221 3.20699 5.17612 3.12797 3.14881 2.35718 2.30258
threshold=1.5000000000000002 0 1 9.5000000000000018 2 10.500000000000002 3.0000000000000004 1.5000000000000002 4.5000000000000009 3 4 5 3.5000000000000004 6
decision_type=2 9 9 2 1 2 2 2 2 9 9 1 2 9
left_child=-1 3 7 6 -5 -6 -2 8 9 10 -3 -12 -8 -11
right_child=1 2 -4 4 5 -7 12 -9 -10 13 11 -13 -14 -15
leaf_value=-0.011891344262766635 0.04853336866083411 -0.027843936258717752 0.011891344262766635 -0.00972106884919215 -0.012834886838526606 0.018935096712582578 -0.029421146172147264 0.011891344262766635 0.011891344262766635 0.011805483485422897 0.021139232048899448 -0.023721702807545843 0.01406151094037671 0.011891344262766635
leaf_weight=27082 60 250 54744 198 81 92 132 43480 1266 936 84 84 112 1370
leaf_count=27082 60 250 54744 198 81 92 132 43480 1266 936 84 84 112 1370
internal_value=-0.00133049 0.0048997 0.00492693 0.000693431 -0.00262803 0.00274566 0.00476974 0.00459667 0.00337093 0.00240455 -0.00268692 0.00252809 0.0022541 0.0033247
internal_weight=129971 102889 102214 675 371 173 304 47470 3990 2724 418 168 244 2306
internal_count=129971 102889 102214 675 371 173 304 47470 3990 2724 418 168 244 2306
cat_boundaries=0 1 2 3 4 6 7 9
cat_threshold=1 2350850 1 67072 1073745920 49156 1 1394869256 16384
is_linear=0
shrinkage=0.05


Tree=29
num_leaves=15
num_cat=9
split_feature=0 2 2 8 4 8 7 2 7 4 8 3 4 1
split_gain=7638.79 4.43382 3.12324 3.37674 4.10235 3.10035 4.23445 4.16502 3.63321 3.40566 2.72646 2.67975 3.43791 2.62764
threshold=0 1 2 10.500000000000002 3 1.5000000000000002 4.5000000000000009 4 2.5000000000000004 5 14.500000000000002 6 7 8
decision_type=1 9 9 2 1 2 2 9 2 1 2 9 1 1
left_child=1 2 3 -1 -5 6 7 8 -4 -10 -6 12 -9 -11
right_child=-2 -3 5 4 10 -7 -8 11 9 13 -12 -13 -14 -15
leaf_value=0.014371531535508564 -0.011296777049628304 0.011296777049628304 0.011605666065057973 -0.0091619799917179064 -0.01210706040494376 0.011296777049628304 0.01149400736212829 0.019060230602167372 0.013796777049628339 0.01109752486603457 0.023701259509790341 -0.024235755994609944 -0.023682561830889251 -0.038698929911504525
leaf_weight=342 27050 64038 783 177 66 34987 996 173 113 326 95 563 170 105
leaf_count=342 27050 64038 783 177 66 34987 996 173 113 326 95 563 170 105
internal_value=-0.00135132 0.00486284 0.00443248 0.00101449 -0.00251479 0.00449302 0.00301177 0.00180251 0.00357143 0.000459559 0.00326087 -0.000818777 0.0026204 -0.00156613
internal_weight=129984 102934 38896 680 338 38216 3229 2233 1327 544 161 906 343 431
internal_count=129984 102934 38896 680 338 38216 3229 2233 1327 544 161 906 343 431
cat_boundaries=0 1 2 3 4 5 6 8 9 10
cat_threshold=12 2332419 1 1 2101506 4 132608 68 1 6
is_linear=0
shrinkage=0.05


Tree=30
num_leaves=15
num_cat=7
split_feature=5 2 8 5 2 8 3 2 4 6 3 6 6 4
split_gain=7648.55 4.9656 3.84838 3.85802 3.1525 1.97076 3.2319 3.78699 2.13374 2.98723 1.76533 2.63175 1.81436 2.96452
threshold=1.5000000000000002 0 7.5000000000000009 3.0000000000000004 1 1.5000000000000002 2 3 4 3.5000000000000004 5 1.5000000000000002 2.5000000000000004 6
decision_type=2 9 2 2 9 2 9 9 1 2 9 2 2 1
left_child=-1 2 3 -2 5 6 7 -3 9 -9 11 -7 13 -12
right_child=1 4 -4 -5 -6 10 -8 8 -10 -11 12 -13 -14 -15
leaf_value=-0.010731938197146886 0.049476906959880412 0.010517539302615654 -0.0067710304214986701 0.010083766043234866 0.010731938197146886 -0.03676806180285308 0.01061220971658048 -0.030765868514020113 0.010919306994021882 0.010731938197146886 0.010731938197146886 0.010731938197146886 0.010731938197146886 0.010731938197146886
leaf_weight=27123 54 533 456 162 61145 137 1248 176 1199 333 3912 1078 28562 3918
leaf_count=27123 54 533 456 162 61145 137 1248 176 1199 333 3912 1078 28562 3918
internal_value=-0.00137923 0.00484608 0.000513196 0.00601852 0.00487404 0.00452489 0.00338922 0.00452021 0.0056752 0.00299607 0.00463145 0.00267347 0.0046948 0.00537037
internal_weight=130036 102913 672 216 102241 41096 3489 2241 1708 509 37607 1215 36392 7830
internal_count=130036 102913 672 216 102241 41096 3489 2241 1708 509 37607 1215 36392 7830
cat_boundaries=0 1 2 4 5 6 7 8
cat_threshold=1 2348802 2494976 21572 198144 2 16908288 1
is_linear=0
shrinkage=0.05


Tree=31
num_leaves=15
num_cat=6
split_feature=5 2 8 2 8 7 2 7 7 4 4 8 8 4
split_gain=7634.41 5.11559 4.25773 4.12521 3.00584 3.52577 3.68905 4.68014 2.94199 4.26378 2.76711 2.53994 2.53319 2.48853
threshold=1.5000000000000002 0 10.500000000000002 1 1.5000000000000002 4.5000000000000009 2 1.0000000180025095e-35 1.5000000000000002 3 4 19.500000000000004 14.500000000000002 5
decision_type=2 9 2 9 2 2 9 2 2 1 1 2 2 1
left_child=-1 2 -2 4 5 6 -3 13 -9 -10 11 -4 -12 -8
right_child=1 3 10 -5 -6 -7 7 8 9 -11 12 -13 -14 -15
leaf_value=-0.01019534128728954 0.013991506479808069 0.010182043355951643 -0.0095141442584950175 0.01019534128728954 0.01019534128728954 0.010373341644320799 -0.02354984516001022 -0.025377808476665511 -0.071049845160010214 0.011473390987938937 -0.01124923795527817 -0.0083653294710570817 0.017141830422538851 0.047268891560736798
leaf_weight=27036 321 1452 133 63962 34972 1008 55 173 54 365 71 44 97 112
leaf_count=27036 321 1452 133 63962 34972 1008 55 173 54 365 71 44 97 112
internal_value=-0.00135748 0.00485927 0.000443787 0.00488753 0.00446651 0.00300559 0.00188829 -0.000942783 -0.00304054 -0.000775656 -0.0034058 -0.00776836 0.00119048 0.00643713
internal_weight=129855 102819 666 102153 38191 3219 2211 759 592 419 345 177 168 167
internal_count=129855 102819 666 102153 38191 3219 2211 759 592 419 345 177 168 167
cat_boundaries=0 1 2 3 4 5 6
cat_threshold=1 2332418 2232834 4 1 2
is_linear=0
shrinkage=0.05


Tree=32
num_leaves=15
num_cat=4
split_feature=5 2 8 2 3 8 5 7 7 8 6 7 2 8
split_gain=7653.87 7.15185 4.12701 3.12305 2.86066 2.00586 1.92472 2.51261 1.84349 2.65379 4.20726 3.47069 3.37462 2.35931
threshold=1.5000000000000002 0 7.5000000000000009 1 2 20.500000000000004 3.0000000000000004 3.5000000000000004 2.5000000000000004 1.0000000180025095e-35 7.5000000000000009 5.5000000000000009 3 22.500000000000004
decision_type=2 9 2 9 9 2 2 2 2 2 2 2 9 2
left_child=-1 2 6 4 -3 -4 -2 -8 13 10 11 -10 -12 -5
right_child=1 3 5 8 -6 -7 7 -9 9 -11 12 -13 -14 -15
leaf_value=-0.0096855742229250644 0.045954227456024205 0.0096855742229250644 -0.0069832389791105072 0.0096855742229250644 0.0096855742229250644 -0.008020098412518873 -0.022471314728094605 0.0092358696482246708 0.0096855742229250644 0.0096855742229250644 0.0096855742229250644 -0.04031442577707494 0.0096855742229250644 0.0096855742229250644
leaf_weight=27111 50 7475 390 22567 40074 65 97 65 542 30027 245 183 267 991
leaf_count=27111 50 7475 390 22567 40074 65 97 65 542 30027 245 183 267 991
internal_value=-0.00136171 0.00485792 -0.000332349 0.00489129 0.00458536 -0.00302198 0.00542453 0.00277778 0.00515575 0.004905 0.00717462 0.00472414 0.0106445 0.0054907
internal_weight=130149 103038 667 102371 47549 455 212 162 54822 31264 1237 725 512 23558
internal_count=130149 103038 667 102371 47549 455 212 162 54822 31264 1237 725 512 23558
cat_boundaries=0 1 2 4 5
cat_threshold=1 2350850 273158208 1024 1581056
is_linear=0
shrinkage=0.05


Tree=33
num_leaves=15
num_cat=6
split_feature=5 2 2 8 4 7 8 4 8 3 8 7 7 2
split_gain=7583.83 5.30383 2.95924 3.75265 5.90417 5.00623 2.45777 3.41901 2.87136 2.20687 2.17008 2.08564 1.95626 3.72292
threshold=1.5000000000000002 0 1 1.5000000000000002 2 3.5000000000000004 10.500000000000002 3 14.500000000000002 4 19.500000000000004 3.5000000000000004 2.5000000000000004 5
decision_type=2 9 9 2 1 2 2 1 2 9 2 2 2 9
left_child=-1 6 3 4 5 -3 11 10 -9 -5 -8 -2 13 -4
right_child=1 2 12 9 -6 -7 7 8 -10 -11 -12 -13 -14 -15
leaf_value=-0.0092012955117788172 -0.0011179086587340681 0.0091704123925351773 0.0092012955117788172 0.0092012955117788172 0.0072798504081411199 0.011029497867174332 -0.0086892750966147247 -0.010251532016902209 0.022398661454874749 0.0092012955117788172 -0.0075979010485486944 0.012196282051243968 0.0092012955117788172 0.0092012955117788172
leaf_weight=26897 178 751 15323 11424 1282 623 135 66 93 18456 44 153 40113 14443
leaf_count=26897 178 751 15323 11424 1282 623 135 66 93 18456 44 153 40113 14443
internal_value=-0.00135616 0.00481307 0.00484184 0.00443526 0.00263554 0.00491266 0.00033137 -0.00266272 0.00267296 0.00459672 -0.00740223 0.00339879 0.00503048 0.00533831
internal_weight=129981 103084 102415 32536 2656 1374 669 338 159 29880 179 331 69879 29766
internal_count=129981 103084 102415 32536 2656 1374 669 338 159 29880 179 331 69879 29766
cat_boundaries=0 1 2 3 4 6 7
cat_threshold=1 235266 1 1 1382813760 1024 280680
is_linear=0
shrinkage=0.05


Tree=34
num_leaves=15
num_cat=6
split_feature=5 2 2 7 8 8 7 2 7 3 6 3 7 2
split_gain=7618.19 5.42803 4.16718 4.01435 3.70483 2.97139 3.09505 3.68503 3.64874 2.70136 2.3288 2.03393 1.95376 3.47888
threshold=1.5000000000000002 0 1 1.5000000000000002 3.5000000000000004 1.5000000000000002 4.5000000000000009 2 1.0000000180025095e-35 3 10.500000000000002 4 1.0000000180025095e-35 5
decision_type=2 9 9 2 2 2 2 9 2 9 2 9 2 9
left_child=-1 3 5 -2 -5 6 7 8 -3 -9 -6 -7 13 -13
right_child=1 2 -4 4 10 11 -8 9 -10 -11 -12 12 -14 -15
leaf_value=-0.0087412307361898877 -0.0097389554160570938 0.017408999288018291 0.0087412307361898877 0.015357132915156635 -0.0061996132753242344 0.0087412307361898877 0.0090064033305514487 0.010437445546645652 -0.024727715244173165 0.0086118202317801984 0.015513967777623705 0.0087412307361898877 0.0087412307361898877 0.0087412307361898877
leaf_weight=27054 156 60 64095 54 249 5714 997 868 223 1089 213 1357 25000 2887
leaf_count=27054 156 60 64095 54 249 5714 997 868 223 1089 213 1357 25000 2887
internal_value=-0.00138868 0.00481537 0.00484457 0.000293255 0.00242248 0.00442154 0.00297343 0.00194196 -0.00332765 0.00270717 0.000974026 0.0045569 0.00437889 0.00537229
internal_weight=130016 102962 102290 672 516 38195 3237 2240 283 1957 462 34958 29244 4244
internal_count=130016 102962 102290 672 516 38195 3237 2240 283 1957 462 34958 29244 4244
cat_boundaries=0 1 2 3 5 7 8
cat_threshold=1 2332418 66560 16912896 4164 641732680 1024 164352
is_linear=0
shrinkage=0.05


Tree=35
num_leaves=15
num_cat=4
split_feature=5 2 2 8 4 7 8 6 8 8 8 6 2 7
split_gain=7653.06 6.47757 4.48548 5.16075 5.20198 3.99568 5.99602 6.55323 3.6047 3.00073 3.03162 2.91328 2.25432 5.44667
threshold=1.5000000000000002 0 1 1.5000000000000002 2 1.5000000000000002 1.0000000180025095e-35 1.5000000000000002 10.500000000000002 14.500000000000002 21.500000000000004 10.500000000000002 3 1.0000000180025095e-35
decision_type=2 9 9 2 1 2 2 2 2 2 2 2 9 2
left_child=-1 8 3 4 5 6 12 -8 -2 -5 -11 -12 -3 -14
right_child=1 2 -4 9 -6 -7 7 -9 -10 10 11 -13 13 -15
leaf_value=-0.008304169199380396 0.013219384665977208 0.021313826443940309 0.008304169199380396 0.008304169199380396 -0.0022688001829791918 0.010105944736400153 0.0082813007613193879 -0.030794694271972723 -0.0065764705613552635 0.008304169199380396 0.008304169199380396 0.05354791919938038 0.041843094952642539 -0.025573589660937548
leaf_weight=27085 332 147 69663 17401 1265 946 42 137 334 9713 2307 362 48 53
leaf_count=27085 332 147 69663 17401 1265 946 42 137 334 9713 2307 362 48 53
internal_value=-0.00135614 0.0048764 0.00490822 0.00441167 0.0022934 0.00442462 0.000409836 -0.00656425 -7.39645e-05 0.00460078 0.00400581 0.00549831 0.00544355 -0.000675676
internal_weight=129835 102750 102084 32421 2638 1373 427 179 666 29783 12382 2669 248 101
internal_count=129835 102750 102084 32421 2638 1373 427 179 666 29783 12382 2669 248 101
cat_boundaries=0 1 2 3 4
cat_threshold=1 235266 1 5122
is_linear=0
shrinkage=0.05


Tree=36
num_leaves=15
num_cat=5
split_feature=5 2 2 8 8 4 7 8 6 6 7 4 4 8
split_gain=7628.25 6.30691 4.39648 3.20534 2.53385 3.58806 4.31644 4.467 2.79444 4.02896 4.04063 3.97687 3.64195 3.14342
threshold=1.5000000000000002 0 1 7.5000000000000009 1.5000000000000002 2 2.5000000000000004 1.0000000180025095e-35 3.5000000000000004 4.5000000000000009 2.5000000000000004 3 4 20.500000000000004
decision_type=2 9 9 2 2 1 2 2 2 2 2 1 1 2
left_child=-1 3 4 -2 5 6 7 -3 12 10 -10 -11 13 -6
right_child=1 2 -4 -5 8 -7 -8 -9 9 11 -12 -13 -14 -15
leaf_value=-0.0078889607394113659 0.013928307036099952 0.015061464183383133 0.0078889607394113659 -0.0055608090834902597 0.0078889607394113659 -0.014620798362205402 0.012200889306100526 -0.028200290988700163 0.0078889607394113659 0.0078889607394113659 -0.042111039260588637 0.0078889607394113659 0.0078889607394113659 0.0078889607394113659
leaf_weight=27062 206 180 83816 454 1602 713 453 139 406 6281 564 5849 2004 257
leaf_count=27062 206 180 83816 454 1602 713 453 139 406 6281 564 5849 2004 257
internal_value=-0.00137823 0.00483269 0.0048639 -7.46269e-05 0.00414996 0.00217172 0.00453368 7.83699e-05 0.00432559 0.0039771 0.000876289 0.00422506 0.00550738 0.00391339
internal_weight=129986 102924 102264 660 18448 1485 772 319 16963 13100 970 12130 3863 1859
internal_count=129986 102924 102264 660 18448 1485 772 319 16963 13100 970 12130 3863 1859
cat_boundaries=0 1 2 3 4 5
cat_threshold=1 198402 1 1 1
is_linear=0
shrinkage=0.05


Tree=37
num_leaves=15
num_cat=6
split_feature=5 2 2 8 3 4 6 3 2 8 6 5 8 8
split_gain=7618.46 6.19886 2.85676 2.77841 2.11126 2.01305 1.65021 1.60782 2.23246 2.2072 1.45922 1.42748 1.23476 1.22127
threshold=1.5000000000000002 0 1 7.5000000000000009 2 3 11.500000000000002 4 5 6.5000000000000009 10.500000000000002 3.0000000000000004 20.500000000000004 1.0000000180025095e-35
decision_type=2 9 9 2 9 1 2 9 9 2 2 2 2 2
left_child=-1 3 4 11 6 10 -3 8 9 -4 -5 -2 -7 -9
right_child=1 2 7 5 -6 12 -8 13 -10 -11 -12 -13 -14 -15
leaf_value=-0.0074945127024407922 0.042277846205918172 0.0074945127024407922 -0.042505487297559208 -0.0068713483304551296 0.0074945127024407922 -0.0059696065791129856 0.0074945127024407922 0.0074945127024407922 0.0074945127024407922 0.0074945127024407922 0.015308780833429304 0.0056831536012475819 -0.0063437435123573811 0.0074945127024407922
leaf_weight=26992 53 17719 42 69 43240 288 808 1655 214 87 59 168 40 38552
leaf_count=26992 53 17719 42 69 43240 288 808 1655 214 87 59 168 40 38552
internal_value=-0.00135476 0.00484203 0.00487335 3.63901e-05 0.00465181 -0.00219298 0.00511544 0.00520957 0.0016289 -0.00341727 0.003125 0.00463801 -0.00426829 0.0052397
internal_weight=129986 102994 102317 677 61767 456 18527 40550 343 129 128 221 328 40207
internal_count=129986 102994 102317 677 61767 456 18527 40550 343 129 128 221 328 40207
cat_boundaries=0 1 2 4 5 6 7
cat_threshold=1 2350346 874517504 1088 2 2097152 1319424
is_linear=0
shrinkage=0.05


Tree=38
num_leaves=15
num_cat=5
split_feature=5 2 2 7 8 7 2 4 3 8 8 8 6 8
split_gain=7592.8 5.05377 3.9876 3.70676 3.44563 3.16253 4.18565 4.106 2.5366 2.37754 2.6024 2.36845 2.14123 1.89154
threshold=1.5000000000000002 0 1 1.5000000000000002 3.5000000000000004 1.0000000180025095e-35 2 3 4 16.500000000000004 19.500000000000004 2.5000000000000004 7.5000000000000009 2.5000000000000004
decision_type=2 9 9 2 2 2 9 1 9 2 2 2 2 2
left_child=-1 2 3 -2 -5 6 13 9 -7 -8 -11 12 -9 -4
right_child=1 -3 5 4 -6 8 7 11 -10 10 -12 -13 -14 -15
leaf_value=-0.0071197870673187502 -0.007221239101666943 0.0071197870673187502 -0.027169735595085443 0.01294773400423257 0.010254906347281746 0.0071197870673187502 0.0071197870673187502 0.0071197870673187502 0.0071197870673187502 0.057119787067318753 0.0071197870673187502 0.0071197870673187502 0.015646916389409637 0.0071197870673187502
leaf_weight=26935 164 69466 102 53 442 7174 877 310 20871 124 185 2213 104 827
leaf_count=26935 164 69466 102 53 442 7174 877 310 20871 124 185 2213 104 827
internal_value=-0.00136642 0.00481917 0.00430416 0.000411061 0.00257576 0.00438226 0.00557782 0.00631049 0.00418167 0.00876897 0.0125405 0.00522459 0.00869565 0.00247604
internal_weight=129847 102912 33446 659 495 32787 4742 3813 28045 1186 309 2627 414 929
internal_count=129847 102912 33446 659 495 32787 4742 3813 28045 1186 309 2627 414 929
cat_boundaries=0 1 2 3 4 5
cat_threshold=2299651 1 131584 2 33820744
is_linear=0
shrinkage=0.05


Tree=39
num_leaves=15
num_cat=6
split_feature=5 2 2 7 8 8 4 2 8 8 2 3 7 8
split_gain=7628.93 8.02164 2.9583 2.56529 2.79029 2.52877 3.99107 2.81963 1.99724 2.67011 2.65663 2.62605 2.76212 2.84661
threshold=1.5000000000000002 0 1 1.5000000000000002 7.5000000000000009 1.0000000180025095e-35 2 3 14.500000000000002 1.0000000180025095e-35 4 5 4.5000000000000009 21.500000000000004
decision_type=2 9 9 2 2 2 1 9 2 2 9 9 2 2
left_child=-1 3 5 -2 -5 6 7 -3 9 -4 -10 -12 -13 -14
right_child=1 2 8 4 -6 -7 -8 -9 10 -11 11 12 13 -15
leaf_value=-0.0067637977139528129 -0.0074003457189947388 -0.032486805417933896 0.0067637977139528129 0.014472173375165777 -0.0036853994964667347 0.0067637977139528129 0.0067637977139528129 0.0067637977139528129 0.0067637977139528129 0.0067637977139528129 0.0067637977139528129 0.0067637977139528129 0.0067637977139528129 0.0067637977139528129
leaf_weight=27008 166 164 1729 158 343 58494 1800 630 5832 24192 3445 4107 1334 406
leaf_count=27008 166 164 1729 158 343 58494 1800 630 5832 24192 3445 4107 1334 406
internal_value=-0.00135161 0.00486138 0.00489681 -0.00062777 0.0011477 0.00466873 0.00314187 0.000188917 0.00523505 0.00496991 0.00569294 0.00623522 0.00691053 0.00859195
internal_weight=129808 102800 102133 667 501 61088 2594 794 41045 25921 15124 9292 5847 1740
internal_count=129808 102800 102133 667 501 61088 2594 794 41045 25921 15124 9292 5847 1740
cat_boundaries=0 1 2 3 4 5 6
cat_threshold=1 2334474 2 33792 1835072 1734349825
is_linear=0
shrinkage=0.05


Tree=40
num_leaves=15
num_cat=6
split_feature=5 2 2 7 8 4 7 8 3 2 8 7 7 2
split_gain=7595.8 7.16575 3.95948 3.36954 2.85605 5.16975 3.83306 3.8131 3.48528 3.10867 3.62457 4.49556 2.63852 2.59251
threshold=1.5000000000000002 0 1 1.5000000000000002 1.5000000000000002 2 3.5000000000000004 14.500000000000002 3 4 1.0000000180025095e-35 1.0000000180025095e-35 1.0000000180025095e-35 5
decision_type=2 9 9 2 2 1 2 2 9 9 2 2 2 9
left_child=-1 3 4 -2 5 6 9 8 -6 -3 11 -11 -7 -14
right_child=1 2 -4 -5 7 12 -8 -9 -10 10 -12 -13 13 -15
leaf_value=-0.0064256078282551648 -0.0075704970054561345 0.0064256078282551648 0.0064256078282551648 0.010297645498211007 0.0064256078282551648 0.017996581721175308 0.0064256078282551648 0.0064256078282551648 0.0064256078282551648 0.036371097505553521 -0.026184012014911953 -0.0076634429504056634 -0.023959825125678205 0.0064256078282551648
leaf_weight=26989 159 421 63397 504 928 214 777 14646 20133 78 182 171 307 1026
leaf_count=26989 159 421 63397 504 928 214 777 14646 20133 78 182 171 307 1026
internal_value=-0.00138957 0.00480047 0.00483381 -0.000408618 0.00442689 0.00299118 0.00495703 0.00455583 0.00498671 0.00264085 -0.000396825 0.00351406 0.000921138 9.37734e-05
internal_weight=129932 102943 102280 663 38883 3176 1629 35707 21061 852 431 249 1547 1333
internal_count=129932 102943 102280 663 38883 3176 1629 35707 21061 852 431 249 1547 1333
cat_boundaries=0 1 2 3 4 5 6
cat_threshold=1 237314 1 19005504 6146 1792
is_linear=0
shrinkage=0.05


Tree=41
num_leaves=15
num_cat=4
split_feature=5 3 1 6 8 3 3 8 6 8 7 6 6 8
split_gain=7589.11 1.24628 2.06395 3.98384 2.34829 1.58675 1.31876 1.27452 2.04826 1.59426 1.25439 4.02282 2.51647 1.85478
threshold=1.5000000000000002 0 1 10.500000000000002 6.5000000000000009 2 3 9.5000000000000018 11.500000000000002 12.500000000000002 2.5000000000000004 11.500000000000002 11.500000000000002 17.500000000000004
decision_type=2 9 1 2 2 9 9 2 2 2 2 2 2 2
left_child=-1 2 -2 6 5 -5 -4 8 -6 -9 12 -12 -11 -13
right_child=1 -3 3 4 7 -7 -8 9 -10 10 11 13 -14 -15
leaf_value=-0.0061043274368424161 0.0061043274368424161 0.0061043274368424161 0.0061043274368424161 0.003679571078790145 0.0061043274368424161 0.034723453598680544 0.0061043274368424161 0.0061043274368424161 -0.043895672563157587 -0.041395672563157598 0.0061043274368424161 -0.043895672563157587 0.0061043274368424161 -0.041395672563157598
leaf_weight=26938 36108 44553 1667 158 67 118 19639 116 50 110 116 55 73 57
leaf_count=26938 36108 44553 1667 158 67 118 19639 116 50 110 116 55 73 57
internal_value=-0.00137435 0.00481135 0.00464744 0.00425211 0.00103261 0.0048913 0.00439313 -0.000621118 -0.00534188 0.000426945 -0.00103406 -0.00350877 0.00204918 -0.0102679
internal_weight=129825 102887 58334 22226 920 276 21306 644 117 527 411 228 183 112
internal_count=129825 102887 58334 22226 920 276 21306 644 117 527 411 228 183 112
cat_boundaries=0 2 3 5 6
cat_threshold=1361184256 36868 13 1073742848 4 287440896
is_linear=0
shrinkage=0.05


Tree=42
num_leaves=15
num_cat=8
split_feature=5 2 2 7 8 2 7 6 3 2 3 2 8 2
split_gain=7649.97 9.16704 3.86051 2.68687 2.46635 3.77247 3.82356 3.38602 2.83337 2.3787 3.22135 2.13429 1.98983 2.77631
threshold=1.5000000000000002 0 1 1.5000000000000002 1.5000000000000002 2 4.5000000000000009 2.5000000000000004 3 4 5 6 2.5000000000000004 7
decision_type=2 9 9 2 2 9 2 2 9 9 9 9 2 9
left_child=-1 3 4 -2 5 -3 9 8 -8 10 -7 -9 13 -4
right_child=1 2 12 -5 -6 6 7 11 -10 -11 -12 -13 -14 -15
leaf_value=-0.0057991110650002847 -0.0074971885270254564 0.0057991110650002847 0.0057991110650002847 0.0034516519054626385 0.0057991110650002847 0.013843177570184384 0.0057991110650002847 0.0051761781446707737 -0.038378962034588682 0.0057991110650002847 -0.025210308061024467 0.0093975790885998389 0.0057991110650002847 0.0057991110650002847
leaf_weight=27136 161 2327 2206 499 54192 107 105 120 143 1380 317 384 37444 3468
leaf_count=27136 161 2327 2206 499 54192 107 105 120 143 1380 317 384 37444 3468
internal_value=-0.00138531 0.00484502 0.00488268 -0.00104478 0.00461327 0.00353778 0.00218239 0.00518617 0.000403226 0.00094235 -0.00230415 0.00753968 0.00525065 0.00612443
internal_weight=129989 102853 102193 660 59075 4883 2556 752 248 1804 424 504 43118 5674
internal_count=129989 102853 102193 660 59075 4883 2556 752 248 1804 424 504 43118 5674
cat_boundaries=0 1 2 3 5 6 8 9 10
cat_threshold=1 2332554 2097162 1074004480 16384 67072 132608 64 197120 272420
is_linear=0
shrinkage=0.05


Tree=43
num_leaves=15
num_cat=6
split_feature=5 2 7 2 8 8 2 2 5 3 8 6 2 5
split_gain=7640.2 7.15581 2.8552 2.47072 2.16913 2.8535 4.12452 3.81372 4.82002 3.76493 3.18429 6.91102 5.55004 4.79388
threshold=1.5000000000000002 0 1.5000000000000002 1 1.0000000180025095e-35 10.500000000000002 2 3 3.0000000000000004 4 21.500000000000004 7.5000000000000009 5 3.0000000000000004
decision_type=2 9 2 9 2 2 9 9 2 9 2 2 9 2
left_child=-1 2 -2 -3 -5 6 9 8 -7 -6 13 -12 -13 -9
right_child=1 3 -4 4 5 7 -8 10 -10 -11 11 12 -14 -15
leaf_value=-0.0055091555117502636 -0.0071223291006741853 0.0055091555117502636 0.0080258711191335541 0.0055091555117502636 -0.044490844488249741 0.0055091555117502636 0.0055091555117502636 0.0055091555117502636 0.0055091555117502636 0.0055091555117502636 0.0055091555117502636 -0.044490844488249741 0.0055091555117502636 0.0055091555117502636
leaf_weight=27090 166 58801 505 1854 304 2037 8937 3148 6144 9030 970 251 1097 9624
leaf_count=27090 166 58801 505 1854 304 2037 8937 3148 6144 9030 970 251 1097 9624
internal_value=-0.00137583 0.00484553 -0.000330396 0.00487907 0.00517555 0.00510207 0.00463439 0.00546925 0.00456904 0.00387949 0.00595033 0.00424935 0.00656528 0.0062637
internal_weight=129958 102868 671 102197 43396 41542 18271 23271 8181 9334 15090 2318 1348 12772
internal_count=129958 102868 671 102197 43396 41542 18271 23271 8181 9334 15090 2318 1348 12772
cat_boundaries=0 1 2 3 4 6 7
cat_threshold=1 2594570 5259392 526432 875036673 1024 1048576
is_linear=0
shrinkage=0.05


Tree=44
num_leaves=15
num_cat=5
split_feature=5 2 2 8 7 3 7 8 6 6 3 3 6 8
split_gain=7637.01 7.98675 3.22236 3.91632 5.10061 3.10049 2.56313 2.43867 4.19513 2.7598 2.44758 2.39667 2.32889 2.25094
threshold=1.5000000000000002 0 1 1.5000000000000002 4.5000000000000009 2 1.5000000000000002 16.500000000000004 2.5000000000000004 3.5000000000000004 3 4 2.5000000000000004 20.500000000000004
decision_type=2 9 9 2 2 9 2 2 2 2 9 9 2 2
left_child=-1 6 3 4 -3 12 -2 11 -9 13 -11 -7 -5 -10
right_child=1 2 -4 5 -6 7 -8 8 9 10 -12 -13 -14 -15
leaf_value=-0.0052336977361627573 -0.0060639052792278219 0.0047756225943122793 0.0052336977361627573 -0.039891302263837192 0.0072681241216896453 0.054096658673662756 0.0044207723854297054 0.0052336977361627573 -0.042266302263837208 0.0052336977361627573 0.0052336977361627573 0.0052336977361627573 0.0052336977361627573 0.0052336977361627573
leaf_weight=27121 166 1838 69630 234 814 154 507 2525 675 2599 3001 19382 735 465
leaf_count=27121 166 1838 69630 234 814 154 507 2525 675 2599 3001 19382 735 465
internal_value=-0.00140051 0.00483013 0.00486567 0.0044416 0.00260181 0.00460699 -0.000622255 0.00470046 0.004034 0.00338279 0.00383929 0.00501894 0.001762 0.00114035
internal_weight=129846 102725 102052 32422 2652 29770 673 28801 9265 6740 5600 19536 969 1140
internal_count=129846 102725 102052 32422 2652 29770 673 28801 9265 6740 5600 19536 969 1140
cat_boundaries=0 1 2 3 5 7
cat_threshold=1 235266 16908288 6557760 68 4194312 1024
is_linear=0
shrinkage=0.05


Tree=45
num_leaves=15
num_cat=5
split_feature=5 3 8 7 6 7 4 6 8 1 3 8 1 6
split_gain=7615.41 1.61006 1.03961 1.47342 2.15702 1.04505 1.04331 0.948648 0.881599 2.35819 1.81478 1.58736 3.19861 4.41841
threshold=1.5000000000000002 0 22.500000000000004 1.0000000180025095e-35 1.5000000000000002 2.5000000000000004 1 7.5000000000000009 11.500000000000002 2 3 13.500000000000002 4 10.500000000000002
decision_type=2 9 2 2 2 2 1 2 2 1 9 2 1 2
left_child=-1 2 -2 -4 -5 -6 7 -7 9 10 -3 12 13 -10
right_child=1 8 3 4 5 6 -8 -9 11 -11 -12 -13 -14 -15
leaf_value=-0.0049720128493546236 0.0049720128493546236 0.0049720128493546236 -0.041340487150645401 0.052472012849354634 0.0049720128493546236 -0.045027987150645377 0.0049720128493546236 0.0049720128493546236 -0.040027987150645351 0.0049720128493546236 0.0049720128493546236 0.0049720128493546236 0.0049720128493546236 0.0049720128493546236
leaf_weight=27025 15340 1600 95 89 159 58 249 45 321 40338 1754 36047 6734 210
leaf_count=27025 15340 1600 95 89 159 58 249 45 321 40338 1754 36047 6734 210
internal_value=-0.00137586 0.00482026 0.00530539 0.00341727 0.00433333 0.00308219 0.0015625 -0.0026699 0.0047297 0.00457178 0.00588585 0.0048901 0.00556435 0.0017098
internal_weight=130064 103039 16035 695 600 511 352 103 87004 43692 3354 43312 7265 531
internal_count=130064 103039 16035 695 600 511 352 103 87004 43692 3354 43312 7265 531
cat_boundaries=0 2 3 4 6 7
cat_threshold=67637320 1024 2 1 302252544 49152 1
is_linear=0
shrinkage=0.05


Tree=46
num_leaves=15
num_cat=7
split_feature=5 2 2 8 7 3 2 7 8 8 3 3 4 7
split_gain=7624.73 6.80968 4.30831 4.14697 6.07186 3.07959 2.68794 2.62041 2.55687 2.0677 2.1283 2.06621 1.92955 3.14244
threshold=1.5000000000000002 0 1 1.5000000000000002 4.5000000000000009 2 3 1.5000000000000002 14.500000000000002 21.500000000000004 4 5 6 3.5000000000000004
decision_type=2 9 9 2 2 9 9 2 2 2 9 9 1 2
left_child=-1 7 3 4 5 12 -7 -2 11 -10 -11 -5 -3 -14
right_child=1 2 -4 8 -6 6 -8 -9 9 10 -12 -13 13 -15
leaf_value=-0.0047234122068869015 -0.0060093106577341687 0.0065726667828105885 0.0047234122068869015 0.0047234122068869015 0.0066561172731374411 0.0041636235901527652 -0.024894310034844814 0.0095142321541705991 0.0047234122068869015 -0.03814533779311307 0.0047234122068869015 0.0047234122068869015 0.0076264319182831391 -0.034690040858909921
leaf_weight=27086 172 453 69748 1970 802 618 376 513 9719 121 2524 15331 323 85
leaf_count=27086 172 453 69748 1970 802 618 376 513 9719 121 2524 15331 323 85
internal_value=-0.00140037 0.00482045 0.00485355 0.00436564 0.0024746 0.000902965 -0.000996016 -0.000179856 0.00453649 0.00398738 0.00522684 0.00492891 0.00307118 0.000612745
internal_weight=129841 102755 102070 32322 2657 1855 994 685 29665 12364 2645 17301 861 408
internal_count=129841 102755 102070 32322 2657 1855 994 685 29665 12364 2645 17301 861 408
cat_boundaries=0 1 2 4 5 6 8 9
cat_threshold=1 235266 17171968 4164 135426 16908297 589430848 64 1
is_linear=0
shrinkage=0.05


Tree=47
num_leaves=15
num_cat=7
split_feature=5 2 2 6 7 3 5 2 7 4 6 4 2 7
split_gain=7585.75 6.45129 4.32777 3.10957 2.96463 2.09661 1.7942 2.47186 1.84182 2.51502 1.7881 2.46533 2.88433 4.01736
threshold=1.5000000000000002 0 1 11.500000000000002 1.5000000000000002 2 3.0000000000000004 3 5.5000000000000009 4 2.5000000000000004 5 6 4.5000000000000009
decision_type=2 9 9 2 2 9 2 9 2 1 2 1 9 2
left_child=-1 4 3 10 -2 -5 7 -7 -8 -10 -3 -12 -13 -14
right_child=1 2 -4 5 -6 6 8 -9 9 -11 11 12 13 -15
leaf_value=-0.0044872415965425466 -0.0060868749032571227 0.0044872415965425466 0.0044872415965425466 0.0044872415965425466 0.0078588736200955866 -0.043012758403457467 0.0044872415965425466 0.0044872415965425466 0.051987241596542555 -0.045512758403457455 0.0044872415965425466 0.0044872415965425466 0.0044872415965425466 0.0044872415965425466
leaf_weight=26959 159 8819 70549 614 496 103 1030 246 49 141 10684 6496 2643 1005
leaf_count=26959 159 8819 70549 614 496 103 1030 246 49 141 10684 6496 2643 1005
internal_value=-0.00138719 0.00479114 0.00482254 0.00432789 -0.00018797 0.00250802 0.00150412 -0.00164756 0.00241803 -0.00210526 0.00446335 0.00421068 0.00365241 0.00250137
internal_weight=129993 103034 102379 31830 655 2183 1569 349 1220 190 29647 20828 10144 3648
internal_count=129993 103034 102379 31830 655 2183 1569 349 1220 190 29647 20828 10144 3648
cat_boundaries=0 1 2 3 4 5 6 7
cat_threshold=1 169730 19140609 256 2 1 135426
is_linear=0
shrinkage=0.05


Tree=48
num_leaves=15
num_cat=5
split_feature=5 2 2 8 7 8 6 3 3 7 8 6 2 6
split_gain=7584.98 6.888 5.39766 2.94144 4.79776 3.63662 4.09779 2.88881 2.60666 2.51809 2.3866 2.30652 4.21603 3.74286
threshold=1.5000000000000002 0 1 1.5000000000000002 4.5000000000000009 16.500000000000004 2.5000000000000004 2 3 1.5000000000000002 13.500000000000002 3.5000000000000004 4 11.500000000000002
decision_type=2 9 9 2 2 2 2 9 9 2 2 2 9 2
left_child=-1 9 3 4 7 8 -7 -3 10 -2 -5 -8 13 -13
right_child=1 2 -4 5 -6 6 11 -9 -10 -11 -12 12 -14 -15
leaf_value=-0.0042628795167154237 -0.0050264716012749407 0.0057733424043989734 0.0042628795167154237 0.0042628795167154237 0.0060989493296534471 0.0042628795167154237 0.0042628795167154237 -0.012962544995529646 0.0042628795167154237 0.0062862830127243365 0.0042628795167154237 0.0042628795167154237 0.0042628795167154237 0.094982254516715381
leaf_weight=26951 161 983 69614 643 800 2573 1152 874 19458 505 174 1071 4675 40
leaf_count=26951 161 983 69614 643 800 2573 1152 874 19458 505 174 1071 4675 40
internal_value=-0.00139157 0.00480248 0.0048353 0.00429313 0.00270041 0.00443665 0.00363001 0.00130587 0.00481504 -0.000295858 0.00196493 0.00299798 0.00340477 0.00617752
internal_weight=129674 102723 102057 32443 2657 29786 9511 1857 20275 666 817 6938 5786 1111
internal_count=129674 102723 102057 32443 2657 29786 9511 1857 20275 666 817 6938 5786 1111
cat_boundaries=0 1 2 4 5 6
cat_threshold=1 235266 17175041 68 19005440 69632
is_linear=0
shrinkage=0.05


Tree=49
num_leaves=15
num_cat=6
split_feature=5 2 2 8 7 8 4 7 2 8 7 3 8 4
split_gain=7628.56 7.26173 4.31245 4.12689 5.40706 4.96007 3.03466 2.70731 4.49654 2.72742 5.67066 2.42421 2.32911 2.88775
threshold=1.5000000000000002 0 1 1.5000000000000002 4.5000000000000009 16.500000000000004 2 1.0000000180025095e-35 3 1.0000000180025095e-35 2.5000000000000004 4 10.500000000000002 5
decision_type=2 9 9 2 2 2 1 2 9 2 2 9 2 1
left_child=-1 12 3 4 7 -5 -6 -3 11 -10 -11 -9 -2 -14
right_child=1 2 -4 5 6 -7 -8 8 9 10 -12 -13 13 -15
leaf_value=-0.0040497355408796619 0.0083312627148210746 0.014758374879486403 0.0040497355408796619 0.0040497355408796619 0.0037219417437039052 0.0040497355408796619 0.0087986003365068798 0.0067565819097115346 -0.0093594926553031144 -0.034150397157263583 0.0060366153655944561 -0.023625411612357962 -0.0083593471419720847 0.0085574265701231274
leaf_weight=27100 328 352 74682 17057 187 8104 473 325 197 87 66 562 179 160
leaf_count=27100 328 352 74682 17057 187 8104 473 325 197 87 66 562 179 160
internal_value=-0.00140171 0.00482172 0.00485544 0.00430708 0.00225656 0.00449207 0.00606061 0.000676526 -0.000424414 -0.00513889 -0.0102941 0.00147715 -0.000406204 -0.00331858
internal_weight=129859 102759 102092 27410 2249 25161 660 1589 1237 350 153 887 667 339
internal_count=129859 102759 102092 27410 2249 25161 660 1589 1237 350 153 887 667 339
cat_boundaries=0 1 2 3 4 6 7
cat_threshold=1 235264 2 168448 16909312 16452 1
is_linear=0
shrinkage=0.05


Tree=50
num_leaves=15
num_cat=5
split_feature=5 2 2 8 6 4 8 7 7 2 4 6 7 6
split_gain=7634.71 8.54852 4.25826 3.45004 4.45832 5.30761 4.13618 4.26178 3.32904 2.75263 3.35909 3.4953 2.81735 2.24802
threshold=1.5000000000000002 0 1 16.500000000000004 2.5000000000000004 2 1.5000000000000002 4.5000000000000009 1.5000000000000002 3 4 9.5000000000000018 2.5000000000000004 11.500000000000002
decision_type=2 9 9 2 2 1 2 2 2 9 1 2 2 2
left_child=-1 8 3 6 5 -5 7 9 -2 10 12 -12 -3 -9
right_child=1 2 -4 4 -6 -7 -8 13 -10 -11 11 -13 -14 -15
leaf_value=-0.0038472487638356867 -0.0062833564945396388 -0.021336631676189311 0.0038472487638356867 0.0038472487638356867 0.0038472487638356867 0.0038472487638356867 0.0038472487638356867 0.0054196494660126333 0.0055554057263470739 0.0052428582728176083 -0.029883447627843153 0.013251706811258292 0.057893656900151469 0.052723608120573223
leaf_weight=27141 162 135 69725 847 7007 1757 20252 748 505 1402 118 80 88 64
leaf_count=27141 162 135 69725 847 7007 1757 20252 748 505 1402 118 80 88 64
internal_value=-0.00141063 0.00481194 0.00484848 0.00436508 0.00357143 0.00533794 0.00470027 0.00283681 -0.000849335 0.00149479 -0.00203016 -0.00681818 0.00213004 0.00584975
internal_weight=130031 102890 102223 32498 9611 2604 22887 2635 667 1823 421 198 223 812
internal_count=130031 102890 102223 32498 9611 2604 22887 2635 667 1823 421 198 223 812
cat_boundaries=0 1 2 3 4 5
cat_threshold=1 235266 2 67072 1
is_linear=0
shrinkage=0.05


Tree=51
num_leaves=15
num_cat=8
split_feature=5 2 2 8 4 8 7 3 2 7 7 2 3 2
split_gain=7608.44 8.16885 3.42859 4.31482 5.73679 4.83775 3.31171 2.79426 2.50371 3.65415 2.27624 4.43409 3.65341 3.15371
threshold=1.5000000000000002 0 1 1.5000000000000002 2 14.500000000000002 3.5000000000000004 3 4 1.5000000000000002 2.5000000000000004 5 6 7
decision_type=2 9 9 2 1 2 2 9 9 2 2 9 9 9
left_child=-1 -2 3 4 6 7 8 -5 9 -3 13 12 -12 -4
right_child=1 2 10 5 -6 -7 -8 -9 -10 -11 11 -13 -14 -15
leaf_value=-0.0036548863256439025 -0.0026474876518391534 -0.024225891020768442 0.0036548863256439025 0.0036548863256439025 0.0010655869136936059 0.0036548863256439025 0.0048414527034320145 0.0036548863256439025 0.0047611087918304935 0.014481695832580833 0.0036548863256439025 0.0036548863256439025 0.0036548863256439025 0.0036548863256439025
leaf_weight=26962 665 160 3444 702 1288 12416 634 16682 481 115 4045 34423 1490 26229
leaf_count=26962 665 160 3444 702 1288 12416 634 16682 481 115 4045 34423 1490 26229
internal_value=-0.00135968 0.00484218 0.00487789 0.00444164 0.00252054 0.00461577 0.0047482 0.00515416 0.00251323 -0.00131579 0.0050807 0.00483508 0.00617223 0.00541317
internal_weight=129736 102774 102109 32478 2678 29800 1390 17384 756 275 69631 39958 5535 29673
internal_count=129736 102774 102109 32478 2678 29800 1390 17384 756 275 69631 39958 5535 29673
cat_boundaries=0 1 2 3 4 5 6 8 9
cat_threshold=1 235266 1 19005440 229888 278564 269096448 49220 278560
is_linear=0
shrinkage=0.05


Tree=52
num_leaves=15
num_cat=8
split_feature=5 2 2 7 2 3 2 8 8 6 7 3 2 2
split_gain=7582.54 8.5151 4.71283 3.24198 4.93061 4.48124 3.47779 3.11537 4.38233 4.30223 3.41524 3.07651 3.73612 2.97223
threshold=1.5000000000000002 0 1 2.5000000000000004 2 3 4 1.5000000000000002 16.500000000000004 2.5000000000000004 4.5000000000000009 5 6 7
decision_type=2 9 9 2 9 9 9 2 2 2 2 9 9 9
left_child=-1 -2 7 6 5 -5 -4 10 -9 -10 13 -11 -13 -3
right_child=1 2 3 4 -6 -7 -8 8 9 11 -12 12 -14 -15
leaf_value=-0.0034721420093617008 -0.0025151132692472046 -0.0169037730191554 0.0034721420093617008 0.0034721420093617008 0.0034721420093617008 0.0034721420093617008 0.0034721420093617008 0.0034721420093617008 0.0034721420093617008 0.0034721420093617008 0.0052581484032694359 0.0034721420093617008 0.0034721420093617008 0.0045230533522389706
leaf_weight=27024 681 412 19920 2835 34479 2728 9791 20278 2593 3519 812 1383 2071 1443
leaf_count=27024 681 412 19920 2835 34479 2728 9791 20278 2593 3519 812 1383 2071 1443
internal_value=-0.00142861 0.00475909 0.00479594 0.00503168 0.00473877 0.00614122 0.00542812 0.00428877 0.0044364 0.00355425 0.00265279 0.00290764 0.0039694 0.001469
internal_weight=129969 102945 102264 69753 40042 5563 29711 32511 29844 9566 2667 6973 3454 1855
internal_count=129969 102945 102264 69753 40042 5563 29711 32511 29844 9566 2667 6973 3454 1855
cat_boundaries=0 1 2 3 5 6 8 9 10
cat_threshold=1 235266 278564 136192 49216 4474984 1611138569 54272 163842 67072
is_linear=0
shrinkage=0.05


Tree=53
num_leaves=15
num_cat=6
split_feature=5 2 2 8 4 7 6 8 6 4 6 4 8 4
split_gain=7624.83 7.58162 5.23128 4.09502 5.13501 4.35111 3.88458 3.1527 4.24097 4.45295 3.3416 4.11161 3.36708 4.20085
threshold=1.5000000000000002 0 1 1.5000000000000002 2 3.5000000000000004 11.500000000000002 16.500000000000004 2.5000000000000004 3 3.5000000000000004 4 21.500000000000004 5
decision_type=2 9 9 2 1 2 2 2 2 1 2 1 2 1
left_child=-1 -2 3 4 5 -3 7 -5 9 -9 11 -10 -13 -14
right_child=1 2 -4 6 -6 -7 -8 8 10 -11 -12 12 13 -15
leaf_value=-0.0032985349088936245 -0.0023893576057848476 0.0029009026222337254 0.0032985349088936245 0.0032985349088936245 0.0025402760150115 0.0044404639548035977 0.0032985349088936245 0.0032985349088936245 0.0032985349088936245 0.0032985349088936245 0.0032985349088936245 -0.044326465091106382 0.053298534908893629 -0.046701465091106377
leaf_weight=27072 668 754 69840 18846 1278 630 2101 837 604 1762 5127 427 98 47
leaf_count=27072 668 754 69840 18846 1278 630 2101 837 604 1762 5127 427 98 47
internal_value=-0.00138653 0.00481877 0.00485317 0.00431952 0.00244177 0.00455202 0.00448843 0.00464538 0.00386992 0.00556945 0.00316913 0.000765306 -0.00227273 0.00431034
internal_weight=130091 103019 102351 32511 2662 1384 29849 27748 8902 2599 6303 1176 572 145
internal_count=130091 103019 102351 32511 2662 1384 29849 27748 8902 2599 6303 1176 572 145
cat_boundaries=0 1 2 3 4 5 6
cat_threshold=1 235266 1 2 1 2
is_linear=0
shrinkage=0.05


Tree=54
num_leaves=15
num_cat=4
split_feature=5 2 2 6 8 8 7 8 3 8 6 8 2 8
split_gain=7592.17 6.03923 3.39134 4.49816 3.83771 4.64785 2.80982 2.57823 3.21483 2.58614 2.47675 4.31748 2.80568 2.43759
threshold=1.5000000000000002 0 1 2.5000000000000004 16.500000000000004 2.5000000000000004 1.5000000000000002 20.500000000000004 2 17.500000000000004 3.5000000000000004 1.5000000000000002 3 21.500000000000004
decision_type=2 9 9 2 2 2 2 2 9 2 2 2 9 2
left_child=-1 6 3 7 5 10 -2 8 9 -3 11 -5 -12 -9
right_child=1 2 -4 4 -6 -7 -8 13 -10 -11 12 -13 -14 -15
leaf_value=-0.0031336081634489423 -0.0036654149130420643 0.0031336081634489423 0.0031336081634489423 -0.040253621078772554 0.0031336081634489423 0.0031336081634489423 0.0082293828816431876 0.053133608163448948 0.0031336081634489423 -0.039735141836551024 0.0032548459813515731 0.0031336081634489423 0.0028203610723444242 0.0031336081634489423
leaf_weight=26993 157 1029 78357 143 5498 11002 485 189 3301 202 500 77 1510 428
leaf_count=26993 157 1029 78357 143 5498 11002 485 189 3301 202 500 77 1510 428
internal_value=-0.00139889 0.00479354 0.00482366 0.00428754 0.00392952 0.00439087 -7.66871e-05 0.00559817 0.00518535 0.00292103 0.00230942 -0.00272727 0.0028607 0.00863047
internal_weight=129871 102878 102236 23879 18730 13232 642 5149 4532 1231 2230 220 2010 617
internal_count=129871 102878 102236 23879 18730 13232 642 5149 4532 1231 2230 220 2010 617
cat_boundaries=0 1 2 4 5
cat_threshold=1 231170 555880960 4096 258
is_linear=0
shrinkage=0.05


Tree=55
num_leaves=15
num_cat=6
split_feature=5 2 2 7 8 7 2 8 4 5 8 4 8 2
split_gain=7622.64 7.4122 5.29166 2.11177 2.14057 1.8699 7.64275 3.9706 3.0145 4.47351 3.55953 2.82793 3.00311 5.35716
threshold=1.5000000000000002 0 1 1.5000000000000002 3.5000000000000004 3.5000000000000004 2 1.0000000180025095e-35 3 3.0000000000000004 12.500000000000002 4 1.5000000000000002 5
decision_type=2 9 9 2 2 2 9 2 1 2 2 1 2 9
left_child=-1 3 -3 -2 -5 11 7 -7 9 10 -9 12 13 -4
right_child=1 2 5 4 -6 6 -8 8 -10 -11 -12 -13 -14 -15
leaf_value=-0.0029769277552764931 -0.0034821441673899669 0.0029769277552764931 -0.047023072244723511 0.0078019504963944275 0.0020924350952054248 0.052976927755276494 0.0029769277552764931 0.052976927755276494 0.0029769277552764931 0.050476927755276506 -0.044523072244723516 0.0029769277552764931 0.0029769277552764931 0.0054769277552764841
leaf_weight=26979 161 38366 112 55 446 97 24556 70 2282 419 62 30253 5710 445
leaf_count=26979 161 38366 112 55 446 97 24556 70 2282 419 62 30253 5710 445
internal_value=-0.00134044 0.00485471 0.00488855 -0.000446429 0.0011477 0.00517136 0.00486066 0.00729592 0.00698023 0.0102995 0.00227273 0.00540663 0.00443992 0.00794434
internal_weight=130013 103034 102372 662 501 64006 27486 2930 2833 551 132 36520 6267 557
internal_count=130013 103034 102372 662 501 64006 27486 2930 2833 551 132 36520 6267 557
cat_boundaries=0 1 2 3 4 5 6
cat_threshold=1 2332418 262180 4 4 24672
is_linear=0
shrinkage=0.05


Tree=56
num_leaves=15
num_cat=5
split_feature=5 2 2 8 1 4 7 7 8 6 1 8 8 8
split_gain=7593.33 7.48099 4.27209 2.19696 3.12538 5.14311 6.96133 2.87499 4.95048 2.56296 2.97104 2.54779 5.32373 2.77906
threshold=1.5000000000000002 0 1 1.5000000000000002 2 3 2.5000000000000004 1.0000000180025095e-35 1.0000000180025095e-35 11.500000000000002 4 6.5000000000000009 7.5000000000000009 3.5000000000000004
decision_type=2 9 9 2 1 1 2 2 2 2 1 2 2 2
left_child=-1 -2 3 4 -3 6 7 8 -6 -5 -11 13 -13 -12
right_child=1 2 -4 9 5 -7 -8 -9 -10 10 11 12 -14 -15
leaf_value=-0.0028280813675126693 -0.00088368473961319971 0.0030529156525704762 0.0028280813675126693 0.0028280813675126693 0.032620719715090285 -0.016139020366250312 0.0135655387182261 -0.020155567075447623 -0.02569963626370635 0.0028280813675126693 -0.044656256277932106 -0.047171918632487334 0.0028280813675126693 0.0028280813675126693
leaf_weight=27027 670 1704 64045 32971 81 722 453 224 57 518 133 75 1122 247
leaf_count=27027 670 1704 64045 32971 81 722 453 224 57 518 133 75 1122 247
internal_value=-0.00141158 0.00477665 0.00481087 0.00438382 0.00313946 0.00147059 0.00420245 -0.000966851 0.00471014 0.00450009 0.0028043 0.00168557 0.00056391 0.00526316
internal_weight=130049 103022 102352 38307 3241 1537 815 362 138 35066 2095 1577 1197 380
internal_count=130049 103022 102352 38307 3241 1537 815 362 138 35066 2095 1577 1197 380
cat_boundaries=0 1 2 3 4 5
cat_threshold=1 2332418 20 1 1
is_linear=0
shrinkage=0.05


Tree=57
num_leaves=15
num_cat=8
split_feature=5 2 2 8 8 3 6 1 3 8 2 3 8 3
split_gain=7591.2 6.72343 3.37486 4.81912 4.8917 3.10753 2.83739 4.50948 3.19259 3.04664 2.19605 2.17004 2.0766 2.0712
threshold=1.5000000000000002 0 1 2.5000000000000004 5.5000000000000009 2 11.500000000000002 3 4 22.500000000000004 5 6 9.5000000000000018 7
decision_type=2 9 9 2 2 9 2 1 9 2 9 9 2 9
left_child=-1 -2 3 5 -5 -3 9 -8 -9 10 -6 -4 -10 -11
right_child=1 2 11 4 6 -7 7 8 12 13 -12 -13 -14 -15
leaf_value=-0.0026866772991370304 -0.00038922561048519992 0.00020233965369227392 0.0026866772991370304 0.0026866772991370304 0.0026866772991370304 0.002702339653692265 0.0026866772991370304 0.0026866772991370304 -0.044813322700862961 -0.041218010200862978 0.0026866772991370304 0.0026866772991370304 -0.0018317602008629753 0.0026866772991370304
leaf_weight=27072 673 1211 25714 2407 6102 1117 408 624 168 240 5761 57625 488 409
leaf_count=27072 673 1211 25714 2407 6102 1117 408 624 168 240 5761 57625 488 409
internal_value=-0.00144037 0.00475512 0.00478765 0.00416865 0.0044695 0.00204038 0.0041162 0.00219194 0.000697674 0.0043758 0.00455829 0.00492777 -0.00172673 0.00104006
internal_weight=130019 102947 102274 18935 16607 2328 14200 1688 1280 12512 11863 83339 656 649
internal_count=130019 102947 102274 18935 16607 2328 14200 1688 1280 12512 11863 83339 656 649
cat_boundaries=0 1 2 4 5 7 8 10 12
cat_threshold=1 231168 1392644104 49152 1 19141121 4 33536 67113024 20544 135168 68
is_linear=0
shrinkage=0.05


Tree=58
num_leaves=15
num_cat=6
split_feature=5 2 2 8 6 8 4 4 7 6 2 6 3 6
split_gain=7587.44 7.14601 4.20557 2.87514 6.78404 4.04579 5.71982 3.72458 3.00304 3.40595 3.29725 3.59475 2.87744 3.34143
threshold=1.5000000000000002 0 1 16.500000000000004 2.5000000000000004 1.5000000000000002 2 3 4.5000000000000009 1.5000000000000002 4 9.5000000000000018 5 3.5000000000000004
decision_type=2 9 9 2 2 2 1 1 2 2 9 2 9 2
left_child=-1 -2 3 5 7 6 8 -5 9 -3 -11 -12 13 -6
right_child=1 2 -4 4 12 -7 -8 -9 -10 10 11 -13 -14 -15
leaf_value=-0.0025523434341801821 -0.00073605326113401759 0.051238779655676241 0.0025523434341801821 0.0025523434341801821 5.2343434180190942e-05 0.0025523434341801821 0.0027935184111590019 0.0025523434341801821 0.0059985187582261906 0.0035339420500424936 -0.028407126904266236 0.0094135443398561513 0.0025523434341801821 0.0025523434341801821
leaf_weight=27008 669 140 69917 856 417 20271 1271 1764 409 531 94 198 4401 2091
leaf_count=27008 669 140 69917 856 417 20271 1271 1764 409 531 94 198 4401 2091
internal_value=-0.00141056 0.00477317 0.00480658 0.00432549 0.00359691 0.00463036 0.00279039 0.00576336 0.00502915 0.00350467 0.00227825 -0.00198675 0.00277537 0.00413026
internal_weight=130037 103029 102360 32443 9529 22914 2643 2620 1372 963 823 292 6909 2508
internal_count=130037 103029 102360 32443 9529 22914 2643 2620 1372 963 823 292 6909 2508
cat_boundaries=0 1 2 3 4 5 7
cat_threshold=1 235266 1 2 136194 325455936 64
is_linear=0
shrinkage=0.05


Tree=59
num_leaves=15
num_cat=8
split_feature=5 2 1 8 8 3 7 2 7 3 2 2 7 2
split_gain=7527.82 9.33097 6.50353 3.01945 3.74711 3.38678 3.31739 3.11183 2.91361 2.74261 3.50078 2.74432 2.60019 2.87738
threshold=1.5000000000000002 0 1 14.500000000000002 1.5000000000000002 2 4.5000000000000009 3 2.5000000000000004 4 5 6 4.5000000000000009 7
decision_type=2 9 1 2 2 9 2 9 2 9 9 9 2 9
left_child=-1 2 -2 4 6 -6 7 -4 -3 11 -11 -10 -5 -14
right_child=1 8 3 12 5 -7 -8 -9 9 10 -12 -13 13 -15
leaf_value=-0.0024247262624711666 -0.0032075887784588364 0.0024247262624711666 -0.016013581639649933 0.0024247262624711666 0.0024247262624711666 0.0024247262624711666 0.0041360448182757859 0.0036309196686312275 0.0024247262624711666 0.0024247262624711666 0.0024247262624711666 0.0024247262624711666 0.0046199606374711655 0.0024247262624711666
leaf_weight=27039 665 32938 410 6881 619 12975 665 995 14306 11350 12248 6230 873 1882
leaf_count=27039 665 32938 410 6881 619 12975 665 995 14306 11350 12248 6230 873 1882
internal_value=-0.0015195 0.00464226 0.00381424 0.00394311 0.00437308 0.00467486 0.0023913 0.00101423 0.00492009 0.00465514 0.00427397 0.00508858 0.00324824 0.00454628
internal_weight=130076 103037 25965 25300 15664 13594 2070 1405 77072 44134 23598 20536 9636 2755
internal_count=130076 103037 25965 25300 15664 13594 2070 1405 77072 44134 23598 20536 9636 2755
cat_boundaries=0 1 2 3 4 6 7 8 9
cat_threshold=231203 16 19005512 67072 640290888 49216 2898048 4724936 98336
is_linear=0
shrinkage=0.05


Tree=60
num_leaves=15
num_cat=6
split_feature=5 8 1 4 5 3 3 7 4 7 6 6 6 4
split_gain=7492.46 3.83113 2.0748 3.54689 1.73137 2.17907 1.70534 1.45839 1.95972 1.77114 3.29226 1.60873 1.92207 1.45095
threshold=1.5000000000000002 22.500000000000004 0 1 3.0000000000000004 2 3 1.5000000000000002 4 1.0000000180025095e-35 8.5000000000000018 9.5000000000000018 3.5000000000000004 5
decision_type=2 2 1 1 2 9 9 2 1 2 2 2 2 1
left_child=-1 13 3 -3 -5 -6 -4 8 9 10 -8 12 -11 -2
right_child=1 2 6 4 5 -7 7 -9 -10 11 -12 -13 -14 -15
leaf_value=-0.0023034899493476146 0.0023034899493476146 0.023934099324347605 0.0023034899493476146 0.0023034899493476146 0.00201396260559763 -0.04769651005065239 -0.039223892863152393 0.0023034899493476146 0.0023034899493476146 -0.04769651005065239 0.052303489949347616 -0.045948183333335994 0.0023034899493476146 0.0023034899493476146
leaf_weight=27069 51204 80 1343 76 101 107 164 1889 344 68 48 40 79 47491
leaf_count=27069 51204 80 1343 76 101 107 164 1889 344 68 48 40 79 47491
internal_value=-0.00159047 0.00455966 0.00310555 -0.000534759 -0.00316901 -0.00552885 0.00343162 0.00418244 0.00232167 -6.26566e-05 0.00306604 -0.00360963 -0.00119048 0.00462359
internal_weight=130103 103034 4339 364 284 208 3975 2632 743 399 212 187 147 98695
internal_count=130103 103034 4339 364 284 208 3975 2632 743 399 212 187 147 98695
cat_boundaries=0 1 2 4 6 7 8
cat_threshold=1 4 262656 16452 824840200 4100 1 1
is_linear=0
shrinkage=0.05


Tree=61
num_leaves=15
num_cat=6
split_feature=5 8 4 6 8 5 6 7 1 3 3 3 3 7
split_gain=7514.35 3.14066 2.43395 7.07178 3.96595 8.3843 3.60106 4.85011 3.45396 3.11886 2.65652 2.42664 2.30524 2.22784
threshold=1.5000000000000002 22.500000000000004 0 7.5000000000000009 21.500000000000004 3.0000000000000004 10.500000000000002 4.5000000000000009 1 2 3 4 5 1.5000000000000002
decision_type=2 2 1 2 2 2 2 2 1 9 9 9 9 2
left_child=-1 2 9 8 12 -6 10 -8 11 -2 -7 -4 -5 -12
right_child=1 -3 3 4 5 6 7 -9 -10 -11 13 -13 -14 -15
leaf_value=-0.0021883154518802296 0.0021883154518802296 0.0021883154518802296 0.0021883154518802296 -0.047811684548119772 -0.047811684548119772 0.04981331545188028 -0.0021042001731197413 0.04736972170188021 0.0021883154518802296 0.0021883154518802296 -0.047811684548119772 0.0021883154518802296 0.0021883154518802296 0.0021883154518802296
leaf_weight=27093 22587 4339 11568 110 191 119 152 63 4218 28518 57 14584 16314 130
leaf_count=27093 22587 4339 11568 110 191 119 152 63 4218 28518 57 14584 16314 130
internal_value=-0.00157083 0.00459495 0.00465288 0.00439523 0.0035831 -7.02247e-05 0.00321497 -0.00174419 0.00485347 0.00489238 0.00669935 0.00507033 0.00374148 0.00241117
internal_weight=130043 102950 98611 47506 17136 712 521 215 30370 51105 306 26152 16424 187
internal_count=130043 102950 98611 47506 17136 712 521 215 30370 51105 306 26152 16424 187
cat_boundaries=0 1 2 4 6 8 9
cat_threshold=1 28 369102912 16452 263168 32832 610801224 32768 268435464
is_linear=0
shrinkage=0.05


Tree=62
num_leaves=15
num_cat=6
split_feature=5 2 1 8 8 2 2 8 4 8 6 7 7 3
split_gain=7478.98 11.915 5.63856 4.24995 6.15345 5.44954 3.18689 8.04005 4.11926 5.31459 4.24082 4.17925 2.90608 2.8285
threshold=1.5000000000000002 0 1 16.500000000000004 2.5000000000000004 2 3 9.5000000000000018 4 14.500000000000002 10.500000000000002 4.5000000000000009 3.5000000000000004 5
decision_type=2 9 1 2 2 9 9 2 1 2 2 2 2 9
left_child=-1 2 -2 4 5 -4 7 -6 10 -10 12 -11 -9 -8
right_child=1 -3 3 -5 6 -7 13 8 9 11 -12 -13 -14 -15
leaf_value=-0.0020788996792862279 -0.0018762744220508277 0.0020788996792862279 0.0020788996792862279 0.0020788996792862279 0.0020788996792862279 0.0018386969896214689 0.0020788996792862279 -0.040671100320713749 -0.04079610032071377 0.0020788996792862279 0.0019691379605362158 0.051969137960536219 -0.050296100320713723 0.0020788996792862279
leaf_weight=27057 683 74261 1569 8270 531 1974 546 40 268 89 63 43 59 14506
leaf_count=27057 683 74261 1569 8270 531 1974 546 40 268 89 63 43 59 14506
internal_value=-0.00160839 0.00454219 0.00366916 0.00377932 0.00418021 0.00229325 0.0045943 0.00192656 -0.0022242 0.0005 -0.00895062 0.00871212 -0.015404 0.00478356
internal_weight=129959 102902 28641 27958 19688 3543 16145 1093 562 400 162 132 99 15052
internal_count=129959 102902 28641 27958 19688 3543 16145 1093 562 400 162 132 99 15052
cat_boundaries=0 1 2 3 4 5 6
cat_threshold=755491 16 524578 65568 2 16908296
is_linear=0
shrinkage=0.05


Tree=63
num_leaves=15
num_cat=8
split_feature=0 2 4 1 8 7 3 8 2 2 7 4 8 7
split_gain=7490.87 12.0149 6.14523 4.19797 4.21236 3.8996 3.65216 3.03796 3.186 2.60271 3.31086 3.0231 3.15857 2.8942
threshold=0 1 2 3 1.5000000000000002 1.0000000180025095e-35 4 16.500000000000004 5 6 2.5000000000000004 7 1.0000000180025095e-35 1.0000000180025095e-35
decision_type=1 9 1 1 2 2 9 2 9 9 2 1 2 2
left_child=1 2 -1 4 -4 7 -7 8 -6 11 -11 12 -3 -14
right_child=-2 9 3 -5 5 6 -8 -9 -10 10 -12 -13 13 -15
leaf_value=0.0019749546953219178 -0.0019749546953219178 0.0019749546953219178 0.0023000335995395416 -0.0013100401655050109 -0.045881295304678084 0.0019749546953219178 0.0019749546953219178 -0.00052504530467811783 0.0019749546953219178 0.0019749546953219178 0.0019749546953219178 0.0019749546953219178 0.0019749546953219178 0.0019749546953219178
leaf_weight=4623 27037 336 846 464 104 5162 2941 451 795 26406 35248 18046 1175 6351
leaf_count=4623 27037 336 846 464 104 5162 2941 451 795 26406 35248 18046 1175 6351
internal_value=-0.00157422 0.00457759 0.00328007 0.0039371 0.00414444 0.00445097 0.00486548 0.00196296 0.00364294 0.00480519 0.00498751 0.00436955 0.00518952 0.00540128
internal_weight=129985 102948 15386 10763 10299 9453 8103 1350 899 87562 61654 25908 7862 7526
internal_count=129985 102948 15386 10763 10299 9453 8103 1350 899 87562 61654 25908 7862 7526
cat_boundaries=0 1 2 3 4 6 7 8 9
cat_threshold=12 198433 2 3 1380193280 68 32 823298 2
is_linear=0
shrinkage=0.05


Tree=64
num_leaves=15
num_cat=7
split_feature=5 2 8 8 3 1 4 2 7 8 7 7 3 2
split_gain=7487.03 13.7118 5.16461 6.1243 4.24891 4.07712 3.28976 5.90016 4.5764 3.84153 3.23789 3.04117 2.86658 2.82217
threshold=1.5000000000000002 0 1.5000000000000002 12.500000000000002 1 2 3 4 2.5000000000000004 19.500000000000004 2.5000000000000004 1.5000000000000002 5 6
decision_type=2 9 2 2 9 1 1 9 2 2 2 2 9 9
left_child=-1 2 -2 4 -4 -5 7 -7 -8 12 -3 -11 -9 -13
right_child=1 10 3 5 -6 6 8 9 -10 11 -12 13 -14 -15
leaf_value=-0.0018762069605558153 0.0018509143684069863 0.0018762069605558153 0.0018762069605558153 -0.0052029094536879322 0.0018762069605558153 0.0018762069605558153 0.0018762069605558153 0.0020012069605558347 0.0018762069605558153 0.0020012069605558347 0.0018762069605558153 -0.047998793039444168 -0.040739804758194192 -0.00062379303944415376
leaf_weight=27016 2127 33004 536 278 11381 2054 3404 478 4668 151 44106 186 516 205
leaf_count=27016 2127 33004 536 278 11381 2054 3404 478 4668 151 44106 186 516 205
internal_value=-0.00156983 0.0045701 0.00357005 0.00378191 0.00458379 0.00298157 0.00312286 0.0018663 0.00368558 -0.000485123 0.00490599 -0.00387454 0.00135815 -0.00620205
internal_weight=130110 103094 25984 23857 11917 11940 11662 3590 8072 1536 77110 542 994 391
internal_count=130110 103094 25984 23857 11917 11940 11662 3590 8072 1536 77110 542 994 391
cat_boundaries=0 1 2 3 4 5 7 8
cat_threshold=231203 19005512 16 2 33794 16909312 49156 131104
is_linear=0
shrinkage=0.05


Tree=65
num_leaves=15
num_cat=7
split_feature=5 2 2 8 2 8 3 8 3 2 2 8 8 5
split_gain=7495.99 10.661 5.4117 3.99745 6.90964 6.89597 2.85503 2.53949 3.66876 4.17102 3.54794 5.05763 3.83031 5.20468
threshold=1.5000000000000002 0 1 2.5000000000000004 2 13.500000000000002 3 10.500000000000002 4 5 6 13.500000000000002 21.500000000000004 3.0000000000000004
decision_type=2 9 9 2 9 2 9 2 9 9 9 2 2 2
left_child=-1 2 -2 4 -4 -5 -6 8 -3 -10 11 -9 13 -12
right_child=1 7 3 5 6 -7 -8 10 9 -11 12 -13 -14 -15
leaf_value=-0.0017823966125280145 -0.0014568132199886509 0.0017823966125280145 0.0017823966125280145 0.0017823966125280145 0.0018092859838387378 0.0017823966125280145 -0.0086877428104757733 0.0017823966125280145 0.0017823966125280145 0.0017823966125280145 0.0017823966125280145 0.0017823966125280145 0.0017823966125280145 0.0017823966125280145
leaf_weight=27087 679 5852 1566 12633 933 11780 1018 5385 14334 13910 3695 17210 2725 11219
leaf_count=27087 679 5852 1566 12633 933 11780 1018 5385 14334 13910 3695 17210 2725 11219
internal_value=-0.0015966 0.00456168 0.00373441 0.00384216 0.00226756 0.00407058 0.000267721 0.00487893 0.00456212 0.00431797 0.00514863 0.00471909 0.00569296 0.00601113
internal_weight=130026 102939 28609 27930 3517 24413 1951 74330 34096 28244 40234 22595 17639 14914
internal_count=130026 102939 28609 27930 3517 24413 1951 74330 34096 28244 40234 22595 17639 14914
cat_boundaries=0 1 2 3 5 7 8 9
cat_threshold=755491 1 524578 2360833 4164 67244096 4096 272460 268364
is_linear=0
shrinkage=0.05


Tree=66
num_leaves=15
num_cat=5
split_feature=5 2 2 8 2 8 3 7 6 8 6 7 4 6
split_gain=7481.11 9.69797 4.60784 3.01163 5.22492 4.43696 4.33293 3.43682 3.28762 3.3755 2.88164 2.41757 3.97019 7.84002
threshold=1.5000000000000002 0 1 1.5000000000000002 2 13.500000000000002 3 4.5000000000000009 7.5000000000000009 22.500000000000004 7.5000000000000009 2.5000000000000004 4 1.5000000000000002
decision_type=2 9 9 2 9 2 9 2 2 2 2 2 1 2
left_child=-1 2 -2 4 7 6 -5 -4 11 -10 -9 -7 13 -13
right_child=1 -3 3 5 -6 8 -8 10 9 -11 -12 12 -14 -15
leaf_value=-0.0016932767819016093 -0.0013839725589892106 0.0016932767819016093 0.0016932767819016093 0.0016932767819016093 0.0019736018822668734 0.0016932767819016093 0.0016932767819016093 -0.048306723218098396 0.0016932767819016093 -0.00062992634309835263 0.0016932767819016093 -0.048306723218098396 0.0016932767819016093 0.0016932767819016093
leaf_weight=27038 665 66719 496 798 2254 3456 16817 65 6353 701 93 160 3707 700
leaf_count=27038 665 66719 496 798 2254 3456 16817 65 6353 701 93 160 3707 700
internal_value=-0.00159319 0.00455216 0.00388766 0.00396518 0.00242435 0.00410345 0.00464235 0.0063253 0.00347383 0.00268642 0 0.00416615 0.00492117 0.00186047
internal_weight=130022 102984 36265 35600 2908 32692 17615 654 15077 7054 158 8023 4567 860
internal_count=130022 102984 36265 35600 2908 32692 17615 654 15077 7054 158 8023 4567 860
cat_boundaries=0 1 2 3 4 5
cat_threshold=1021729 1 786464 19005512 4
is_linear=0
shrinkage=0.05


Tree=67
num_leaves=15
num_cat=5
split_feature=5 2 8 8 3 6 4 6 2 8 7 2 8 6
split_gain=7493.22 9.32256 5.75806 4.9322 4.67193 3.33665 3.12752 3.10833 2.76803 7.15033 2.59446 2.72561 3.56064 4.50493
threshold=1.5000000000000002 0 1.5000000000000002 14.500000000000002 1 11.500000000000002 2 2.5000000000000004 3 11.500000000000002 2.5000000000000004 4 21.500000000000004 1.5000000000000002
decision_type=2 9 2 2 9 2 1 2 9 2 2 9 2 2
left_child=-1 2 6 4 -4 8 7 -2 9 -6 11 -3 -13 -14
right_child=1 10 3 -5 5 -7 -8 -9 -10 -11 -12 12 13 -15
leaf_value=-0.0016086129428065201 0.0056929253440141997 0.0016086129428065201 0.0016086129428065201 0.0016086129428065201 0.0016086129428065201 0.0016086129428065201 -0.0046637771405753986 0.0027244999498934556 0.0016086129428065201 -0.026101262052791563 0.0016086129428065201 0.0016086129428065201 -0.04839138705719348 0.0016086129428065201
leaf_weight=27088 255 16323 690 9862 607 1355 1038 850 11185 144 44029 15236 117 1235
leaf_count=27088 255 16323 690 9862 607 1355 1038 850 11185 144 44029 15236 117 1235
internal_value=-0.00160175 0.00455619 0.00372942 0.00395399 0.00455797 0.00476468 0.00124825 0.00309955 0.00503519 0.00200394 0.00483431 0.00517076 0.00563622 0.00318047
internal_weight=130014 102926 25986 23843 13981 13291 2143 1105 11936 751 76940 32911 16588 1352
internal_count=130014 102926 25986 23843 13981 13291 2143 1105 11936 751 76940 32911 16588 1352
cat_boundaries=0 1 2 3 4 5
cat_threshold=231203 86114376 1 33 284680
is_linear=0
shrinkage=0.05


Tree=68
num_leaves=15
num_cat=9
split_feature=0 2 8 8 3 2 7 7 2 4 2 4 1 7
split_gain=7484.73 11.458 5.77036 5.47568 5.37674 4.37559 4.27726 3.8057 3.68565 3.79584 3.53964 5.38288 5.93126 3.1428
threshold=0 1 1.5000000000000002 12.500000000000002 2 3 2.5000000000000004 2.5000000000000004 4 5 6 7 8 5.5000000000000009
decision_type=1 9 2 2 9 9 2 2 9 1 9 1 1 2
left_child=1 2 8 4 -4 -5 -3 -7 9 -1 -9 12 13 -12
right_child=-2 6 3 5 -6 7 -8 10 -10 -11 11 -13 -14 -15
leaf_value=0.0015281822956662028 -0.0015281822956662028 0.0015281822956662028 0.0015281822956662028 -0.0043348285607641814 0.0015281822956662028 0.0015281822956662028 0.0015281822956662028 0.0015281822956662028 0.0010888453509431129 0.049028182295666238 0.0040281822956661937 0.0015281822956662028 -0.043728056180896285 -0.045971817704333812
leaf_weight=150 27115 31094 634 280 13205 5747 41716 4098 2121 136 227 2618 736 60
leaf_count=150 27115 31094 634 280 13205 5747 41716 4098 2121 136 227 2618 736 60
internal_value=-0.00162752 0.00453555 0.00370728 0.00391324 0.00461558 0.00320718 0.00487641 0.00333432 0.00136061 0.00658784 0.0040606 0.00289647 -0.000171065 0.00580808
internal_weight=129937 102822 30012 27605 13839 13766 72810 13486 2407 286 7739 3641 1023 287
internal_count=129937 102822 30012 27605 13839 13766 72810 13486 2407 286 7739 3641 1023 287
cat_boundaries=0 1 2 3 4 5 6 7 8 9
cat_threshold=12 493347 19005512 1 262144 1 33826 2 16
is_linear=0
shrinkage=0.05


Tree=69
num_leaves=15
num_cat=6
split_feature=5 2 8 2 8 3 7 7 2 3 2 8 7 7
split_gain=7470.09 13.7252 7.94367 5.68225 4.44492 3.74643 3.36892 2.82573 2.91104 3.20627 2.66942 2.63806 4.55019 3.02126
threshold=1.5000000000000002 0 1.5000000000000002 1 12.500000000000002 2 2.5000000000000004 2.5000000000000004 3 4 5 1.0000000180025095e-35 1.0000000180025095e-35 1.5000000000000002
decision_type=2 9 2 9 2 9 2 2 9 9 9 2 2 2
left_child=-1 2 10 -4 5 -5 -6 8 9 -3 11 -2 -13 -14
right_child=1 7 3 4 6 -7 -8 -9 -10 -11 -12 12 13 -15
leaf_value=-0.0014517731808828982 0.023821020533742 0.0014517731808828982 -0.0011784631501418731 0.0014517731808828982 0.0014517731808828982 0.0014517731808828982 0.0014517731808828982 0.0014517731808828982 0.0014517731808828982 0.0014517731808828982 -0.00034994938313830386 0.04907677318088291 -0.037194442427635276 0.0003243592946988727
leaf_weight=27064 498 477 624 628 5756 12857 7698 41662 26234 4360 1376 78 61 399
leaf_count=27064 498 477 624 628 5756 12857 7698 41662 26234 4360 1376 78 61 399
internal_value=-0.00163055 0.0045274 0.00362098 0.00386297 0.00397139 0.00461439 0.00332986 0.00489978 0.00526134 0.00409016 0.000870647 0.00277247 0.000371747 -0.00152174
internal_weight=129772 102708 29975 27563 26939 13485 13454 72733 31071 4837 2412 1036 538 460
internal_count=129772 102708 29975 27563 26939 13485 13454 72733 31071 4837 2412 1036 538 460
cat_boundaries=0 1 2 3 4 5 6
cat_threshold=493347 1 555876424 20480 570426377 262434
is_linear=0
shrinkage=0.05


Tree=70
num_leaves=15
num_cat=5
split_feature=5 2 8 8 3 7 2 5 7 6 8 3 2 7
split_gain=7442.32 13.176 7.82781 5.97935 5.06777 4.23248 3.26855 3.24722 2.78732 2.77762 2.57457 2.54611 2.54313 2.715
threshold=1.5000000000000002 0 1.5000000000000002 12.500000000000002 1 2.5000000000000004 2 3.0000000000000004 2.5000000000000004 11.500000000000002 19.500000000000004 3 4 1.0000000180025095e-35
decision_type=2 9 2 2 9 2 9 2 2 2 2 9 9 2
left_child=-1 2 -2 4 -4 12 7 10 -3 -6 -7 -8 13 -5
right_child=1 8 3 5 9 6 11 -9 -10 -11 -12 -13 -14 -15
leaf_value=-0.0013791845218387611 0.0014355552161479546 0.0013791845218387611 0.0013791845218387611 0.0013791845218387611 0.0013791845218387611 0.001269422803088749 0.0013791845218387611 0.0013791845218387611 0.0013791845218387611 0.0013791845218387611 -0.046425581103161244 0.0013791845218387611 0.0013791845218387611 -0.0011208154781612301
leaf_weight=26975 2425 31113 646 799 11992 166 3716 857 41696 1175 111 3046 3696 1421
leaf_count=26975 2425 31113 646 799 11992 166 3716 857 41696 1175 111 3046 3696 1421
internal_value=-0.001624 0.00450641 0.00361943 0.00385973 0.00459531 0.00312409 0.00388171 0.0013549 0.00487132 0.00480572 -0.00333935 0.00429711 0.00211291 0.000762332
internal_weight=129834 102859 30050 27625 13813 13812 7896 1134 72809 13167 277 6762 5916 2220
internal_count=129834 102859 30050 27625 13813 13812 7896 1134 72809 13167 277 6762 5916 2220
cat_boundaries=0 1 3 4 6 7
cat_threshold=493347 19005512 1024 65793 308417032 49216 33825
is_linear=0
shrinkage=0.05


Tree=71
num_leaves=15
num_cat=7
split_feature=5 2 8 8 2 3 8 8 2 5 4 8 3 2
split_gain=7452.21 13.4244 6.51374 6.31939 4.87846 4.3523 3.19868 3.86756 4.06795 3.87174 4.61444 3.79085 3.96155 3.57623
threshold=1.5000000000000002 0 1.5000000000000002 12.500000000000002 1 2 10.500000000000002 21.500000000000004 3 3.0000000000000004 4 13.500000000000002 5 6
decision_type=2 9 2 2 9 9 2 2 9 2 1 2 9 9
left_child=-1 2 4 5 -2 -4 -3 8 11 -10 -11 12 -8 -9
right_child=1 6 3 -5 -6 -7 7 13 9 10 -12 -13 -14 -15
leaf_value=-0.0013102252957468254 0.0013102252957468254 0.0013102252957468254 0.0013102252957468254 0.0013102252957468254 0.001177695351568553 0.0013102252957468254 0.0013102252957468254 0.0013102252957468254 0.0013102252957468254 0.0013102252957468254 0.0013102252957468254 0.0013102252957468254 0.0013102252957468254 0.0013102252957468254
leaf_weight=27035 360 32133 722 15027 2310 14396 2385 1064 3137 4949 4596 13969 3099 4767
leaf_count=27035 360 32133 722 15027 2310 14396 2385 1064 3137 4949 4596 13969 3099 4767
internal_value=-0.00163853 0.00449842 0.00365804 0.0038688 0.00129213 0.00459055 0.0048906 0.00520202 0.00541699 0.00612985 0.00563384 0.00494657 0.00606309 0.00401732
internal_weight=129949 102914 32815 30145 2670 15118 70099 37966 32135 12682 9545 19453 5484 5831
internal_count=129949 102914 32815 30145 2670 15118 70099 37966 32135 12682 9545 19453 5484 5831
cat_boundaries=0 1 2 4 5 6 8 9
cat_threshold=1017635 524320 19005512 1024 14412 1 805704704 21504 1067012
is_linear=0
shrinkage=0.05


Tree=72
num_leaves=15
num_cat=6
split_feature=0 2 8 8 7 3 8 8 2 8 2 2 8 8
split_gain=7446.8 11.6531 10.3247 5.91905 4.95233 4.36733 3.63814 4.4387 7.49251 4.9634 4.13607 3.01122 3.59785 4.18585
threshold=0 1 1.5000000000000002 12.500000000000002 2.5000000000000004 2 21.500000000000004 11.500000000000002 3 13.500000000000002 4 5 15.500000000000002 22.500000000000004
decision_type=1 9 2 2 2 9 2 2 9 2 9 9 2 2
left_child=1 2 -1 5 -5 -4 7 10 9 -9 -3 12 -6 -14
right_child=-2 6 3 4 11 -7 -8 8 -10 -11 -12 -13 13 -15
leaf_value=0.00111947909065081 -0.0012447140309594928 0.0012447140309594928 0.0012447140309594928 0.0012447140309594928 -0.039117923459274832 0.0012447140309594928 0.0012447140309594928 0.0012447140309594928 0.0012447140309594928 0.0012447140309594928 0.0012447140309594928 0.0012447140309594928 0.011389577055366452 -0.044107313312790525
leaf_weight=2396 27062 7588 697 5916 122 13150 6038 3268 13977 12937 28998 7452 242 64
leaf_count=2396 27062 7588 697 5916 122 13150 6038 3268 13977 12937 28998 7452 242 64
internal_value=-0.00165869 0.00448277 0.00364821 0.00392233 0.00318933 0.00465263 0.00482655 0.0049335 0.00538235 0.00463614 0.00456322 0.00401015 -0.000114155 0.00277778
internal_weight=129907 102845 30039 27643 13796 13847 72806 66768 30182 16205 36586 7880 428 306
internal_count=129907 102845 30039 27643 13796 13847 72806 66768 30182 16205 36586 7880 428 306
cat_boundaries=0 1 2 4 5 6 7
cat_threshold=12 493347 90308680 1024 530504 526404 65537
is_linear=0
shrinkage=0.05


Tree=73
num_leaves=15
num_cat=6
split_feature=5 2 8 2 8 8 3 2 6 5 4 7 2 6
split_gain=7471.13 11.6746 9.95909 5.7398 3.89316 3.83359 3.94278 3.67135 3.30149 4.94998 3.51579 3.27461 3.26744 3.61808
threshold=1.5000000000000002 0 1.5000000000000002 1 21.500000000000004 16.500000000000004 2 3 2.5000000000000004 3.0000000000000004 4 2.5000000000000004 5 10.500000000000002
decision_type=2 9 2 9 2 2 9 9 2 2 1 2 9 2
left_child=-1 2 -2 -4 11 6 -5 8 9 10 -6 -3 -7 -14
right_child=1 4 3 5 7 12 -8 -9 -10 -11 -12 -13 13 -15
leaf_value=-0.0011824783294115183 0.0016264845948085417 0.0011824783294115183 -0.0013162461850620311 0.0011824783294115183 -0.046317521670588495 0.0011824783294115183 0.0011824783294115183 0.0011824783294115183 0.0011824783294115183 0.0011824783294115183 -0.073817521670588485 0.0011824783294115183 0.0011824783294115183 0.0011824783294115183
leaf_weight=27139 3136 25235 617 1131 52 4413 22554 3597 1308 277 58 33731 5416 1329
leaf_count=27139 3136 25235 617 1131 52 4413 22554 3597 1308 277 58 33731 5416 1329
internal_value=-0.00166451 0.00449278 0.00379993 0.00403976 0.00490757 0.00412375 0.00448491 0.00360922 0.00165689 -0.00239018 -0.0113636 0.00502493 0.00336082 0.00265359
internal_weight=129993 102854 38596 35460 64258 34843 23685 5292 1695 387 110 58966 11158 6745
internal_count=129993 102854 38596 35460 64258 34843 23685 5292 1695 387 110 58966 11158 6745
cat_boundaries=0 1 2 3 4 5 6
cat_threshold=497443 1 23199816 1599492 2 331808
is_linear=0
shrinkage=0.05


Tree=74
num_leaves=15
num_cat=5
split_feature=5 2 8 2 8 2 7 2 8 8 5 2 7 8
split_gain=7471.4 13.9038 11.4383 4.94096 3.55611 4.07429 3.0039 3.36583 4.28072 5.81391 2.54966 2.88451 3.82907 3.32821
threshold=1.5000000000000002 0 1.5000000000000002 1 16.500000000000004 2 3.5000000000000004 3 13.500000000000002 21.500000000000004 3.0000000000000004 4 2.5000000000000004 7.5000000000000009
decision_type=2 9 2 9 2 9 2 9 2 2 2 9 2 2
left_child=-1 2 -2 -4 10 -6 -3 -8 -9 -10 11 12 -5 -14
right_child=1 6 3 4 5 -7 7 8 9 -11 -12 -13 13 -15
leaf_value=-0.0011233544129409356 0.0014375093169849197 0.0011233544129409356 -0.00094897698954889977 -0.048876645587059064 0.0011233544129409356 0.0011233544129409356 0.0011233544129409356 0.0011233544129409356 0.0011233544129409356 0.0011233544129409356 0.0011233544129409356 0.0011233544129409356 0.0011233544129409356 -0.0014809192198715682
leaf_weight=27047 3119 36767 613 46 4175 6936 13603 8159 4647 1170 17999 5530 47 89
leaf_count=27047 3119 36767 613 46 4175 6936 13603 8159 4647 1170 17999 5530 47 89
internal_value=-0.00161508 0.00453158 0.00377554 0.00403203 0.00410973 0.00337278 0.00498322 0.00458954 0.00514443 0.00618446 0.00445679 0.00353641 -0.00260417 0.00147059
internal_weight=129947 102900 38554 35435 34822 11111 64346 27579 13976 5817 23711 5712 182 136
internal_count=129947 102900 38554 35435 34822 11111 64346 27579 13976 5817 23711 5712 182 136
cat_boundaries=0 1 2 3 4 5
cat_threshold=497443 1 164608 526412 32
is_linear=0
shrinkage=0.05


Tree=75
num_leaves=15
num_cat=5
split_feature=5 2 8 2 8 3 8 2 6 6 4 6 6 7
split_gain=7480.04 13.8171 12.6922 5.11949 4.05677 5.80405 3.71959 5.09394 3.4369 3.11605 3.18297 3.08443 4.31469 3.07138
threshold=1.5000000000000002 0 1.5000000000000002 1 14.500000000000002 2 21.500000000000004 3 7.5000000000000009 10.500000000000002 4 2.5000000000000004 5.5000000000000009 2.5000000000000004
decision_type=2 9 2 9 2 9 2 9 2 2 1 2 2 2
left_child=-1 2 -2 -4 5 -5 13 9 -6 10 11 -8 -13 -3
right_child=1 6 3 4 8 -7 7 -9 -10 -11 -12 12 -14 -15
leaf_value=-0.0010671866922938866 0.0011314940121055718 0.0010671866922938866 -0.0009033892295250423 0.0010671866922938866 0.0010671866922938866 0.0010671866922938866 -0.048932813307706116 0.0010671866922938866 0.0010671866922938866 0.003567186692293878 0.0010671866922938866 0.0010671866922938866 -0.048932813307706116 0.0010671866922938866
leaf_weight=27052 3122 25248 616 928 8930 19535 72 3563 5472 563 902 72 87 33834
leaf_count=27052 3122 25248 616 928 8930 19535 72 3563 5472 563 902 72 87 33834
internal_value=-0.00160313 0.00454519 0.00379212 0.00406203 0.00414122 0.00459488 0.00499565 0.00372219 0.00349951 0.00143611 -6.61959e-05 -0.00530303 -0.00141509 0.00510985
internal_weight=129996 102944 38603 35481 34865 20463 64341 5259 14402 1696 1133 231 159 59082
internal_count=129996 102944 38603 35481 34865 20463 64341 5259 14402 1696 1133 231 159 59082
cat_boundaries=0 1 2 3 4 5
cat_threshold=497443 1 19005448 1599492 4
is_linear=0
shrinkage=0.05


Tree=76
num_leaves=15
num_cat=8
split_feature=5 2 8 8 2 3 2 8 8 2 2 3 8 3
split_gain=7467.7 11.3978 7.10723 8.76949 5.25274 5.04729 4.21829 2.63294 4.39562 4.04053 3.71265 3.69769 3.66202 3.43399
threshold=1.5000000000000002 0 1.5000000000000002 12.500000000000002 1 2 3 10.500000000000002 21.500000000000004 4 5 6 9.5000000000000018 7
decision_type=2 9 2 2 9 9 9 2 2 9 9 9 2 9
left_child=-1 2 4 5 -2 -4 -5 10 9 11 12 -9 -3 -12
right_child=1 7 3 6 -6 -7 -8 8 -10 -11 13 -13 -14 -15
leaf_value=-0.0010138273576791867 0.0010138273576791867 0.0010138273576791867 0.0010138273576791867 -0.0031332725760901958 0.0010391443370346477 0.0010138273576791867 0.0010138273576791867 0.0010138273576791867 0.0010138273576791867 0.0010138273576791867 0.0010138273576791867 0.0010138273576791867 0.0010138273576791867 0.0010138273576791867
leaf_weight=27078 242 14030 670 280 2429 14397 14717 1867 5778 24260 6590 6009 1395 10239
leaf_count=27078 242 14030 670 280 2429 14397 14717 1867 5778 24260 6590 6009 1395 10239
internal_value=-0.00163697 0.0045108 0.00373416 0.0039549 0.00126357 0.00480686 0.00309895 0.0048719 0.00515509 0.00538337 0.00454052 0.00639107 0.00511014 0.00401301
internal_weight=129981 102903 32735 30064 2671 15067 14997 70168 37914 32136 32254 7876 15425 16829
internal_count=129981 102903 32735 30064 2671 15067 14997 70168 37914 32136 32254 7876 15425 16829
cat_boundaries=0 1 2 3 4 5 6 8 10
cat_threshold=1017635 524288 86114312 1 5259264 10316 1175060480 21504 135232 20484
is_linear=0
shrinkage=0.05


Tree=77
num_leaves=15
num_cat=7
split_feature=5 2 8 8 3 6 2 8 2 8 2 2 3 6
split_gain=7477.12 13.8689 9.41704 5.12688 4.88664 3.72477 3.18869 3.17753 3.56077 3.35188 4.78212 3.67973 3.21212 3.37318
threshold=1.5000000000000002 0 1.5000000000000002 12.500000000000002 1 11.500000000000002 2 21.500000000000004 3 10.500000000000002 4 5 6 3.5000000000000004
decision_type=2 9 2 2 9 2 9 2 9 2 9 9 9 2
left_child=-1 2 -2 4 -4 -6 -5 9 -9 10 -3 12 -11 -14
right_child=1 7 3 6 5 -7 -8 8 -10 11 -12 -13 13 -15
leaf_value=-0.0009631359897952275 0.00118115677672197 0.0009631359897952275 0.0009631359897952275 -0.0023966771235971688 0.0009631359897952275 0.0009631359897952275 0.0009631359897952275 0.0009631359897952275 0.0009631359897952275 0.0009631359897952275 0.0009631359897952275 0.0009631359897952275 0.050963135989795232 0.0009631359897952275
leaf_weight=27102 2409 16721 647 280 12012 1164 13479 1297 4725 1904 16769 25494 214 5754
leaf_count=27102 2409 16721 647 280 12012 1164 13479 1297 4725 1904 16769 25494 214 5754
internal_value=-0.00163556 0.00452007 0.00360905 0.00387209 0.0045522 0.00475884 0.00318882 0.00489381 0.00379442 0.00499357 0.00464019 0.00534826 0.00631819 0.00690867
internal_weight=129971 102869 29991 27582 13823 13176 13759 72878 6022 66856 33490 33366 7872 5968
internal_count=129971 102869 29991 27582 13823 13176 13759 72878 6022 66856 33490 33366 7872 5968
cat_boundaries=0 1 2 3 4 5 6 8
cat_threshold=493347 86114376 1 1591300 534604 5259264 828376137 32768
is_linear=0
shrinkage=0.05


Tree=78
num_leaves=15
num_cat=7
split_feature=5 2 8 8 2 3 8 8 2 5 2 8 3 2
split_gain=7453.51 10.7549 8.31987 6.84522 4.90913 4.72124 3.41571 4.13899 3.28375 4.32188 2.93637 3.12896 2.83416 2.79529
threshold=1.5000000000000002 0 1.5000000000000002 12.500000000000002 1 2 21.500000000000004 10.500000000000002 3 3.0000000000000004 4 9.5000000000000018 5 6
decision_type=2 9 2 2 9 9 2 2 9 2 9 2 9 9
left_child=-1 2 4 5 -2 -4 7 10 -9 -10 11 -3 -11 -8
right_child=1 6 3 -5 -6 -7 13 8 9 12 -12 -13 -14 -15
leaf_value=-0.00091497919030547603 0.00091497919030547603 0.00091497919030547603 0.00091497919030547603 0.00091497919030547603 0.00092812928134680119 0.00091497919030547603 0.00091497919030547603 0.00091497919030547603 0.00091497919030547603 0.00091497919030547603 0.00091497919030547603 0.00091497919030547603 0.00091497919030547603 0.00091497919030547603
leaf_weight=27066 244 15802 755 14988 2438 14308 1819 17167 3741 5042 14888 1577 6309 3933
leaf_count=27066 244 15802 755 14988 2438 14308 1819 17167 3741 5042 14888 1577 6309 3933
internal_value=-0.00165037 0.00448472 0.0037298 0.00396909 0.00106264 0.00472183 0.00483511 0.00493987 0.00534037 0.00589326 0.00453947 0.00499022 0.00541142 0.00366829
internal_weight=130077 103011 32733 30051 2682 15063 70278 64526 32259 15092 32267 17379 11351 5752
internal_count=130077 103011 32733 30051 2682 15063 70278 64526 32259 15092 32267 17379 11351 5752
cat_boundaries=0 1 2 4 5 6 8 9
cat_threshold=1017635 524288 622985288 1024 2101324 1058892 809505801 4164 1075332
is_linear=0
shrinkage=0.05


Tree=79
num_leaves=15
num_cat=5
split_feature=5 2 8 8 7 3 2 7 2 7 8 8 8 1
split_gain=7427.83 11.6855 10.2241 6.30277 4.88458 4.44625 3.9244 3.47074 2.75783 4.7308 4.28297 3.08405 3.97392 3.00511
threshold=1.5000000000000002 0 1.5000000000000002 12.500000000000002 2.5000000000000004 1 2 2.5000000000000004 3 1.0000000180025095e-35 21.500000000000004 18.500000000000004 15.500000000000002 4
decision_type=2 9 2 2 2 9 9 2 9 2 2 2 2 1
left_child=-1 2 -2 5 8 -4 -6 -3 -5 10 -10 12 13 -11
right_child=1 7 3 4 6 -7 -8 -9 9 11 -12 -13 -14 -15
leaf_value=-0.00086923023079019677 0.00088172281727945119 0.00086923023079019677 0.00086923023079019677 0.00086923023079019677 0.00086923023079019677 0.00086923023079019677 0.00086923023079019677 0.00086923023079019677 0.00086923023079019677 0.00086923023079019677 0.0055050319886026933 -0.043290921084779138 0.00099423023079019406 -0.048880769769209791
leaf_weight=27001 2424 31126 669 2933 2780 13199 5038 41765 923 335 154 874 575 144
leaf_count=27001 2424 31126 669 2933 2780 13199 5038 41765 923 335 154 874 575 144
internal_value=-0.00165846 0.00446405 0.00362799 0.0039024 0.00314408 0.0046546 0.00396521 0.00480755 0.00206298 0.000986733 0.00364438 -0.000492739 0.00132827 -0.00203549
internal_weight=129940 102939 30048 27624 13756 13868 7818 72891 5938 3005 1077 1928 1054 479
internal_count=129940 102939 30048 27624 13756 13868 7818 72891 5938 3005 1077 1928 1054 479
cat_boundaries=0 1 2 3 4 5
cat_threshold=493347 622985288 33824 197378 24
is_linear=0
shrinkage=0.05


Tree=80
num_leaves=15
num_cat=4
split_feature=5 2 8 2 8 7 2 8 4 8 8 8 8 6
split_gain=7468.88 10.9514 13.6413 5.56255 3.34403 3.09962 3.06214 5.67613 4.32228 3.44737 3.30487 4.61537 5.17639 4.61124
threshold=1.5000000000000002 0 1.5000000000000002 1 12.500000000000002 3.5000000000000004 2 13.500000000000002 3 18.500000000000004 11.500000000000002 5.5000000000000009 6.5000000000000009 11.500000000000002
decision_type=2 9 2 9 2 2 9 2 1 2 2 2 2 2
left_child=-1 2 -2 -4 -5 -3 7 -7 9 -9 11 -8 -13 -14
right_child=1 5 3 4 -6 6 10 8 -10 -11 -12 12 13 -15
leaf_value=-0.00082576871925068576 0.0011075514899112405 0.00082576871925068576 -0.0010444173170236937 0.00082576871925068576 0.00082576871925068576 0.00082576871925068576 0.00082576871925068576 -0.046674231280749323 0.00082576871925068576 0.00082576871925068576 0.00082576871925068576 -0.049174231280749318 0.00082576871925068576 0.003325768719250677
leaf_weight=27050 3102 36746 615 17303 17538 2595 5721 193 1608 192 11524 879 4548 264
leaf_count=27050 3102 36746 615 17303 17538 2595 5721 193 1608 192 11524 879 4548 264
internal_value=-0.00162229 0.00452746 0.00385553 0.0041347 0.00421724 0.00492922 0.00452877 0.00331666 0.00131711 -0.00344156 0.00476772 0.00416667 0.0031585 0.00380299
internal_weight=129878 102828 38558 35456 34841 64270 27524 4588 1993 385 22936 11412 5691 4812
internal_count=129878 102828 38558 35456 34841 64270 27524 4588 1993 385 22936 11412 5691 4812
cat_boundaries=0 1 2 3 4
cat_threshold=497443 1 526340 4
is_linear=0
shrinkage=0.05


Tree=81
num_leaves=15
num_cat=5
split_feature=5 2 8 2 8 3 8 2 7 6 2 8 7 6
split_gain=7449.6 10.7168 11.9004 3.95157 3.82249 3.72747 3.35927 4.12677 3.54737 2.76465 4.92322 2.78239 3.08222 2.33844
threshold=1.5000000000000002 0 1.5000000000000002 1 16.500000000000004 2 21.500000000000004 3 2.5000000000000004 7.5000000000000009 4 22.500000000000004 5.5000000000000009 8.5000000000000018
decision_type=2 9 2 9 2 9 2 9 2 2 9 2 2 2
left_child=-1 2 -2 -4 5 -5 8 -8 -3 -6 11 12 -11 -9
right_child=1 6 3 4 9 -7 7 13 -10 10 -12 -13 -14 -15
leaf_value=-0.00078448028328814701 0.0012128153957006726 0.00078448028328814701 7.0305881120269478e-05 0.00078448028328814701 0.00078448028328814701 0.00078448028328814701 0.00078448028328814701 0.00078448028328814701 0.00078448028328814701 0.001034480283288186 0.00078448028328814701 -0.00028768011710242906 0.050674718564538139 0.00078448028328814701
leaf_weight=27044 3100 25228 616 591 6929 23069 1310 3123 33834 489 3544 119 80 870
leaf_count=27044 3100 25228 616 591 6929 23069 1310 3123 33834 489 3544 119 80 870
internal_value=-0.00164761 0.00448971 0.00382455 0.00408542 0.00415506 0.00451606 0.0048866 0.00368188 0.0049956 0.00339351 0.00238658 0.00623209 0.0077768 0.00447789
internal_weight=129946 102902 38537 35437 34821 23660 64365 5303 59062 11161 4232 688 569 3993
internal_count=129946 102902 38537 35437 34821 23660 64365 5303 59062 11161 4232 688 569 3993
cat_boundaries=0 1 2 3 4 5
cat_threshold=497443 1 131080 1591300 65568
is_linear=0
shrinkage=0.05


Tree=82
num_leaves=15
num_cat=5
split_feature=5 8 8 3 1 7 6 6 7 3 7 5 4 3
split_gain=7441.95 3.1934 3.57168 2.35974 2.29128 2.3275 3.09743 5.27981 3.11052 2.37085 1.56425 2.95598 4.09578 2.06631
threshold=1.5000000000000002 1.5000000000000002 22.500000000000004 0 1 1.5000000000000002 1.5000000000000002 2.5000000000000004 1.0000000180025095e-35 2 1.0000000180025095e-35 3.0000000000000004 3 4
decision_type=2 2 2 9 1 2 2 2 2 9 2 2 1 9
left_child=-1 3 -3 -2 -4 6 8 -8 -6 -7 11 12 -5 -13
right_child=1 2 4 10 5 9 7 -9 -10 -11 -12 13 -14 -15
leaf_value=-0.0007452562691237397 0.0007452562691237397 0.0007452562691237397 -0.000273296111247312 -0.052044018078199229 -0.045751618730876277 0.0007452562691237397 0.05074525626912374 0.0007452562691237397 0.049557756269123759 0.0007452562691237397 0.0007452562691237397 -0.026586611815547979 0.0007452562691237397 0.00075553573201925239
leaf_weight=27044 4201 90013 364 44 70 1433 108 854 66 1421 3793 115 84 431
leaf_count=27044 4201 90013 364 44 70 1433 108 854 66 1421 3793 115 84 431
internal_value=-0.00165736 0.00447173 0.00455613 0.0035533 0.00315107 0.00349571 0.00154827 0.00254678 -0.00551471 0.00425718 0.00436118 0.00215134 -0.0046875 0.00375458
internal_weight=130041 102997 94329 8668 4316 3952 1098 962 136 2854 4467 674 128 546
internal_count=130041 102997 94329 8668 4316 3952 1098 962 136 2854 4467 674 128 546
cat_boundaries=0 2 3 5 6 8
cat_threshold=1984167944 36868 1 1629622280 4164 2 1 16384
is_linear=0
shrinkage=0.05


Tree=83
num_leaves=15
num_cat=6
split_feature=5 2 8 8 2 2 3 8 8 2 8 5 3 7
split_gain=7453 9.59031 7.11794 5.91737 5.76989 4.25594 4.1134 3.84404 4.10709 3.77695 5.54065 3.48721 3.10016 3.00473
threshold=1.5000000000000002 0 1.5000000000000002 12.500000000000002 1 2 3 21.500000000000004 11.500000000000002 4 13.500000000000002 3.0000000000000004 5 5.5000000000000009
decision_type=2 9 2 2 9 9 9 2 2 9 2 2 9 2
left_child=-1 2 4 6 -2 -5 -4 8 -3 10 13 -11 -13 -10
right_child=1 7 3 5 -6 -7 -8 -9 9 11 -12 12 -14 -15
leaf_value=-0.00070799345566754381 0.00070799345566754381 0.00070799345566754381 0.00070799345566754381 -0.0024787833043067977 0.00070170117329190209 0.00070799345566754381 0.00070799345566754381 0.00070799345566754381 0.00070799345566754381 0.00070799345566754381 0.00070799345566754381 0.00070799345566754381 0.00070799345566754381 0.00070799345566754381
leaf_weight=27040 249 35256 729 284 2412 14721 14369 5781 2647 3521 12016 1847 8693 433
leaf_count=27040 249 35256 729 284 2412 14721 14369 5781 2647 3521 12016 1847 8693 433
internal_value=-0.00163887 0.00449649 0.00378349 0.00400375 0.0013059 0.00330057 0.00470261 0.00482807 0.00493961 0.00537864 0.00480935 0.00598216 0.00553131 0.00670455
internal_weight=129998 102958 32764 30103 2661 15005 15098 70194 64413 29157 15096 14061 10540 3080
internal_count=129998 102958 32764 30103 2661 15005 15098 70194 64413 29157 15096 14061 10540 3080
cat_boundaries=0 1 2 3 5 6 8
cat_threshold=1017635 524288 1 555876424 1024 6216 809504777 4096
is_linear=0
shrinkage=0.05


Tree=84
num_leaves=15
num_cat=6
split_feature=5 2 8 8 8 6 2 6 5 4 4 5 2 2
split_gain=7437.83 11.2472 13.3753 6.45356 3.34027 2.95404 2.83893 3.1795 5.60139 3.3076 3.08111 2.54313 3.29344 2.4281
threshold=1.5000000000000002 0 1.5000000000000002 12.500000000000002 21.500000000000004 6.5000000000000009 1 2.5000000000000004 3.0000000000000004 2 3 3.0000000000000004 4 5
decision_type=2 9 2 2 2 2 9 2 2 1 1 2 9 9
left_child=-1 2 -2 11 -3 13 7 8 10 -10 -6 12 -4 -5
right_child=1 4 3 5 6 -7 -8 -9 9 -11 -12 -13 -14 -15
leaf_value=-0.00067259378288415668 0.00096902374319403079 0.00067259378288415668 0.00067259378288415668 -0.038542948785695308 -0.044452406217115839 0.00067259378288415668 0.00067259378288415668 0.00067259378288415668 -0.046827406217115834 0.00067259378288415668 -0.090577406217115838 0.00067259378288415668 0.00067259378288415668 0.00067259378288415668
leaf_weight=26984 3082 59203 756 139 51 7951 3592 1287 52 230 60 13469 3419 9737
leaf_count=26984 3082 59203 756 139 51 7951 3592 1287 52 230 60 13469 3419 9737
internal_value=-0.00163177 0.00448859 0.00380741 0.00408291 0.00489455 0.00341196 0.0036893 0.00195266 -0.00197201 0.00177305 -0.0114865 0.00476083 0.00368263 0.00398947
internal_weight=130012 103028 38553 35471 64475 17827 5272 1680 393 282 111 17644 4175 9876
internal_count=130012 103028 38553 35471 64475 17827 5272 1680 393 282 111 17644 4175 9876
cat_boundaries=0 1 2 3 4 5 6
cat_threshold=497443 1599492 4 2 32801 65569
is_linear=0
shrinkage=0.05


Tree=85
num_leaves=15
num_cat=8
split_feature=5 2 8 2 8 3 8 2 6 8 2 2 3 3
split_gain=7456.01 10.8893 13.4459 5.75101 4.29341 5.11125 3.74217 4.47513 3.12637 3.02474 3.21604 2.87801 2.81998 2.58643
threshold=1.5000000000000002 0 1.5000000000000002 1 12.500000000000002 2 21.500000000000004 3 11.500000000000002 10.500000000000002 4 5 6 7
decision_type=2 9 2 9 2 9 2 9 2 2 9 9 9 9
left_child=-1 2 -2 -4 5 -5 9 12 -7 11 -11 -3 -8 -6
right_child=1 6 3 4 13 8 7 -9 -10 10 -12 -13 -14 -15
leaf_value=-0.00063896409373995775 0.00031595088917085734 0.00063896409373995775 -0.00086877631651551825 0.00063896409373995775 0.00063896409373995775 0.00063896409373995775 -0.0018938484062599238 0.00063896409373995775 0.00063896409373995775 0.00063896409373995775 0.00063896409373995775 0.00063896409373995775 0.00063896409373995775 0.00063896409373995775
leaf_weight=27080 2414 12736 616 636 4687 11783 752 4302 1142 10934 22341 20735 970 8831
leaf_count=27080 2414 12736 616 636 4687 11783 752 4302 1142 10934 22341 20735 970 8831
internal_value=-0.00165687 0.00448755 0.00368123 0.0039944 0.00410222 0.00473232 0.00482001 0.00362716 0.00494588 0.00492839 0.00526597 0.00459278 0.00144342 0.00347315
internal_weight=129959 102879 30109 27695 27079 13561 72770 6024 12925 66746 33275 33471 1722 13518
internal_count=129959 102879 30109 27695 27079 13561 72770 6024 12925 66746 33275 33471 1722 13518
cat_boundaries=0 1 2 3 4 5 6 8 10
cat_threshold=493347 1 86114376 1591428 524360 6311936 268834304 4096 570429504 37952
is_linear=0
shrinkage=0.05


Tree=86
num_leaves=15
num_cat=6
split_feature=5 2 8 8 3 2 6 8 8 2 8 5 3 2
split_gain=7434.69 11.2733 13.2109 5.48647 4.1445 3.7591 3.54698 3.18891 3.56768 4.73901 6.04165 5.3607 5.30347 4.29444
threshold=1.5000000000000002 0 1.5000000000000002 12.500000000000002 1 2 11.500000000000002 21.500000000000004 11.500000000000002 3 13.500000000000002 3.0000000000000004 4 5
decision_type=2 9 2 2 9 9 2 2 2 9 2 2 9 9
left_child=-1 2 -2 4 -4 -5 -6 8 13 10 -10 -11 -13 -3
right_child=1 7 3 5 6 -7 -8 -9 9 11 -12 12 -14 -15
leaf_value=-0.00060701588905296431 0.00039893962462385081 0.00060701588905296431 0.00060701588905296431 -0.0023450350124098796 0.00060701588905296431 0.00060701588905296431 0.00060701588905296431 0.00060701588905296431 0.00060701588905296431 0.00060701588905296431 0.00060701588905296431 0.00060701588905296431 0.00060701588905296431 0.00060701588905296431
leaf_weight=26975 2433 18242 658 290 12036 13488 1190 6037 3645 2900 15071 2774 5921 18371
leaf_count=26975 2433 18242 658 290 12036 13488 1190 6037 3645 2900 15071 2774 5921 18371
internal_value=-0.00163134 0.00448543 0.00366467 0.00397657 0.00467805 0.00326971 0.0048693 0.00482281 0.00492275 0.00532397 0.00481683 0.00613313 0.00551754 0.00459058
internal_weight=130031 103056 30095 27662 13884 13778 13226 72961 66924 30311 18716 11595 8695 36613
internal_count=130031 103056 30095 27662 13884 13778 13226 72961 66924 30311 18716 11595 8695 36613
cat_boundaries=0 1 3 4 5 7 8
cat_threshold=493347 19005512 1024 1 2627656 811602953 4160 534604
is_linear=0
shrinkage=0.05


Tree=87
num_leaves=15
num_cat=7
split_feature=0 2 8 2 8 3 6 8 2 8 6 2 8 2
split_gain=7473.26 12.341 13.5304 7.03168 3.981 3.7877 3.28812 2.78443 4.34824 3.03546 2.79373 2.77113 3.08418 2.71095
threshold=0 1 1.5000000000000002 2 16.500000000000004 3 7.5000000000000009 21.500000000000004 4 10.500000000000002 8.5000000000000018 5 2.5000000000000004 6
decision_type=1 9 2 9 2 9 2 2 9 2 2 9 2 9
left_child=1 2 -1 -4 5 -5 -6 9 -9 11 -10 -3 -13 -8
right_child=-2 7 3 4 6 -7 13 8 10 -11 -12 12 -14 -15
leaf_value=0.00083498956066041519 -0.00057666509460032602 0.00057666509460032602 -0.0012900202778747484 0.00057666509460032602 0.00057666509460032602 0.00057666509460032602 0.0026949656805378419 0.00057666509460032602 0.00057666509460032602 0.00057666509460032602 0.00057830571960031389 0.00057666509460032602 0.00057666509460032602 0.00057666509460032602
leaf_weight=3114 27148 4076 617 1065 6952 22670 662 814 3444 29254 973 7135 18548 3577
leaf_count=3114 27148 4076 617 1065 6952 22670 662 814 3444 29254 973 7135 18548 3577
internal_value=-0.00166072 0.00449636 0.00378553 0.00406339 0.00415617 0.00452391 0.00337995 0.00492343 0.00381858 0.0050222 0.00443302 0.00466666 0.00446522 0.00228238
internal_weight=130049 102901 38657 35543 34926 23735 11191 64244 5231 59013 4417 29759 25683 4239
internal_count=130049 102901 38657 35543 34926 23735 11191 64244 5231 59013 4417 29759 25683 4239
cat_boundaries=0 1 2 3 4 5 6 7
cat_threshold=12 497443 1 86114312 1589252 524356 65568
is_linear=0
shrinkage=0.05


Tree=88
num_leaves=15
num_cat=7
split_feature=5 2 8 8 3 8 8 2 8 5 2 2 2 3
split_gain=7463.8 12.6347 10.3034 5.5751 4.35789 3.79838 3.79571 3.76376 5.95076 5.34211 3.76193 3.75716 3.63393 3.01712
threshold=1.5000000000000002 0 1.5000000000000002 12.500000000000002 1 21.500000000000004 10.500000000000002 2 13.500000000000002 3.0000000000000004 3 4 5 6
decision_type=2 9 2 2 9 2 2 9 2 2 9 9 9 9
left_child=-1 2 -2 4 -4 6 11 8 -8 -9 -7 13 -5 -3
right_child=1 5 3 12 -6 10 7 9 -10 -11 -12 -13 -14 -15
leaf_value=-0.00054783183987030528 2.4265355248354048e-05 0.00054783183987030528 0.00054783183987030528 -0.0021632822478956371 0.00054783183987030528 0.00054783183987030528 0.00054783183987030528 0.00054783183987030528 0.00054783183987030528 0.00054783183987030528 0.00054783183987030528 0.00054783183987030528 0.00054783183987030528 0.00054783183987030528
leaf_weight=27138 1979 7550 1494 288 9867 800 5681 3690 15354 11234 5624 16992 11057 11704
leaf_count=27138 1979 7550 1494 288 9867 800 5681 3690 15354 11234 5624 16992 11057 11704
internal_value=-0.0016646 0.00446503 0.00347135 0.00377433 0.00455726 0.00477594 0.0048802 0.00524417 0.00479805 0.00586581 0.00361146 0.00451912 0.0029903 0.00402824
internal_weight=130452 103314 24685 22706 11361 78629 72205 35959 21035 14924 6424 36246 11345 19254
internal_count=130452 103314 24685 22706 11361 78629 72205 35959 21035 14924 6424 36246 11345 19254
cat_boundaries=0 1 3 4 5 6 7 9
cat_threshold=460579 627180040 1024 563276 1589252 7393408 1 541200384 20484
is_linear=0
shrinkage=0.05


Tree=89
num_leaves=15
num_cat=6
split_feature=5 2 8 2 8 3 8 2 8 2 2 7 5 8
split_gain=7465.31 13.7147 13.3141 5.26922 4.88555 4.79834 3.96308 3.91883 3.76814 5.08704 4.57339 4.89479 4.34616 4.02158
threshold=1.5000000000000002 0 1.5000000000000002 1 16.500000000000004 2 21.500000000000004 3 11.500000000000002 4 5 3.5000000000000004 3.0000000000000004 13.500000000000002
decision_type=2 9 2 9 2 9 2 9 2 9 9 2 2 2
left_child=-1 2 -2 -4 5 -5 8 -8 10 13 11 -3 -11 -10
right_child=1 6 3 4 -6 -7 7 -9 9 12 -12 -13 -14 -15
leaf_value=-0.00052044024787678556 0.00080149808828029474 0.00052044024787678556 -0.0005354206237807136 0.00052044024787678556 0.00052044024787678556 0.00052044024787678556 0.00052044024787678556 0.00052044024787678556 0.00052044024787678556 0.00052044024787678556 0.00052044024787678556 0.00052044024787678556 0.00052044024787678556 0.00052044024787678556
leaf_weight=27161 3146 10680 604 1039 11176 22663 1706 3557 2579 3533 14208 7581 10546 9893
leaf_count=27161 3146 10680 604 1039 11176 22663 1706 3557 2579 3533 14208 7581 10546 9893
internal_value=-0.00168368 0.00447012 0.00372043 0.0039978 0.00407733 0.00448485 0.00491928 0.00360536 0.00503728 0.00547908 0.004676 0.00520634 0.00614132 0.0047228
internal_weight=130072 102911 38628 35482 34878 23702 64283 5263 59020 26551 32469 18261 14079 12472
internal_count=130072 102911 38628 35482 34878 23702 64283 5263 59020 26551 32469 18261 14079 12472
cat_boundaries=0 1 2 3 4 5 6
cat_threshold=497443 1 19005448 1599492 526408 534604
is_linear=0
shrinkage=0.05


Tree=90
num_leaves=15
num_cat=5
split_feature=5 2 8 8 3 2 2 6 8 8 2 8 5 7
split_gain=7438.61 11.6613 6.59793 6.47631 5.93063 4.68455 3.81136 3.38453 3.18698 5.41499 3.84231 5.08723 4.01902 3.75124
threshold=1.5000000000000002 0 1.5000000000000002 12.500000000000002 1 2 3 10.500000000000002 21.500000000000004 11.500000000000002 4 13.500000000000002 3.0000000000000004 5.5000000000000009
decision_type=2 9 2 2 9 9 9 2 2 2 9 2 2 2
left_child=-1 2 5 4 -4 -2 7 -5 9 -3 11 13 -12 -11
right_child=1 8 3 6 -6 -7 -8 -9 -10 10 12 -13 -14 -15
leaf_value=-0.00049441823548295187 0.00049441823548295187 0.00049441823548295187 0.00049441823548295187 -0.0075218688146046382 0.00049441823548295187 0.00097041393518314538 0.00049441823548295187 0.010528092592291462 0.00049441823548295187 0.00049441823548295187 0.00049441823548295187 0.00049441823548295187 0.00049441823548295187 0.00049441823548295187
leaf_weight=27047 240 35324 683 133 14335 2406 14842 143 5773 2640 3554 11985 10550 435
leaf_count=27047 240 35324 683 133 14335 2406 14842 143 5773 2640 3554 11985 10550 435
internal_value=-0.00166308 0.00446246 0.00367773 0.00388904 0.00462445 0.00128496 0.00315849 -0.00262238 0.00482738 0.00492882 0.00543307 0.00485733 0.0060401 0.0066748
internal_weight=130090 103043 32782 30136 15018 2646 15118 276 70261 64488 29164 15060 14104 3075
internal_count=130090 103043 32782 30136 15018 2646 15118 276 70261 64488 29164 15060 14104 3075
cat_boundaries=0 1 2 3 4 5
cat_threshold=1017635 19005512 524288 1 6216
is_linear=0
shrinkage=0.05


Tree=91
num_leaves=15
num_cat=6
split_feature=0 2 8 2 8 8 7 2 8 3 6 2 8 7
split_gain=7448.42 11.9338 15.6176 5.53619 3.5872 3.49378 3.58657 3.37022 3.09132 2.97406 3.02085 3.38574 4.19961 2.83718
threshold=0 1 1.5000000000000002 2 18.500000000000004 21.500000000000004 2.5000000000000004 3 22.500000000000004 4 11.500000000000002 5 3.5000000000000004 5.5000000000000009
decision_type=1 9 2 9 2 2 2 9 2 9 2 9 2 2
left_child=1 2 -1 -4 9 6 -3 -7 -9 -5 -11 13 -13 -12
right_child=-2 5 3 4 -6 7 -8 8 -10 10 11 12 -14 -15
leaf_value=0.00043777289269369968 -0.00046969732370880649 0.00046969732370880649 -0.0010350542222062442 0.00046969732370880649 0.00046969732370880649 0.00046969732370880649 0.00046969732370880649 0.00046969732370880649 0.00046969732370880649 0.00046969732370880649 0.00046969732370880649 0.0029636106106209151 -0.042280302676291195 -0.043980689451558044
leaf_weight=3112 27108 25261 607 950 7884 1700 33803 1741 1836 24177 1108 64 430 195
leaf_count=3112 27108 25261 607 950 7884 1700 33803 1741 1836 24177 1108 64 430 195
internal_value=-0.00167954 0.00446548 0.00376456 0.00406396 0.00414584 0.00488454 0.00499543 0.00365264 0.00452328 0.00442171 0.00452201 0.00254591 -0.000992063 0.00386519
internal_weight=129976 102868 38527 35415 34808 64341 59064 5277 3577 26924 25974 1797 494 1303
internal_count=129976 102868 38527 35415 34808 64341 59064 5277 3577 26924 25974 1797 494 1303
cat_boundaries=0 1 2 3 4 5 6
cat_threshold=12 497443 1 1599492 16908296 34336
is_linear=0
shrinkage=0.05


Tree=92
num_leaves=15
num_cat=7
split_feature=5 2 8 8 2 3 6 8 2 8 2 2 5 2
split_gain=7428.72 14.5133 13.4447 5.06169 3.96669 3.65019 3.18481 3.07725 3.88513 3.12913 5.06896 3.42805 3.12375 3.91547
threshold=1.5000000000000002 0 1.5000000000000002 12.500000000000002 1 2 10.500000000000002 21.500000000000004 3 10.500000000000002 4 5 3.0000000000000004 6
decision_type=2 9 2 2 9 9 2 2 9 2 9 9 2 9
left_child=-1 2 -2 5 6 -4 -5 9 -9 10 -3 -11 13 -13
right_child=1 7 3 4 -6 -7 -8 8 -10 11 -12 12 -14 -15
leaf_value=-0.00044621245752336504 -8.7432158321876238e-05 0.00044621245752336504 0.00044621245752336504 -0.0070940226627640886 0.00044621245752336504 0.00044621245752336504 0.010392673982165024 0.00044621245752336504 0.00044621245752336504 0.00044621245752336504 0.00044621245752336504 0.00044621245752336504 0.00044621245752336504 0.00044621245752336504
leaf_weight=27000 2431 14691 701 137 13466 13146 150 1687 4372 14979 18930 1510 13820 3007
leaf_count=27000 2431 14691 701 137 13466 13146 150 1687 4372 14979 18930 1510 13820 3007
internal_value=-0.00165446 0.00446364 0.00353267 0.00384783 0.0031684 0.00452264 -0.00260943 0.00484549 0.00376712 0.00494383 0.00460352 0.00528725 0.00575707 0.0069017
internal_weight=130027 103027 30031 27600 13753 13847 287 72996 6059 66937 33621 33316 18337 4517
internal_count=130027 103027 30031 27600 13753 13847 287 72996 6059 66937 33621 33316 18337 4517
cat_boundaries=0 1 2 4 5 6 7 8
cat_threshold=493347 1 560070728 1024 1599492 6312064 528456 2099204
is_linear=0
shrinkage=0.05


Tree=93
num_leaves=15
num_cat=7
split_feature=5 2 8 8 2 8 3 8 2 7 2 4 3 5
split_gain=7443.28 12.8519 11.1082 6.46123 4.47429 4.42124 4.25615 3.76502 4.11098 3.63347 3.59707 3.22368 3.14337 2.94568
threshold=1.5000000000000002 0 1.5000000000000002 12.500000000000002 1 21.500000000000004 2 10.500000000000002 3 2.5000000000000004 4 5 6 3.0000000000000004
decision_type=2 9 2 2 9 2 9 2 9 2 9 1 9 2
left_child=-1 2 -2 6 -5 7 -4 8 -3 -6 11 -11 -12 -13
right_child=1 5 3 4 9 -7 -8 -9 -10 10 12 13 -14 -15
leaf_value=-0.00042390183464720012 0.0004159993634774484 0.00042390183464720012 0.00042390183464720012 -0.0017015593188479006 0.00042390183464720012 0.00042390183464720012 0.00042390183464720012 0.00042390183464720012 0.00042390183464720012 -0.040544985655587173 0.00042390183464720012 -0.040648819394467767 0.00042390183464720012 0.0025614018346471925
leaf_weight=27093 2433 14645 637 280 5797 6042 13250 33312 18892 315 3809 168 2994 497
leaf_count=27093 2433 14645 637 280 5797 6042 13250 33312 18892 315 3809 168 2994 497
internal_value=-0.00167904 0.00445106 0.00357734 0.00386258 0.00309885 0.00481166 0.00462483 0.00492939 0.00455542 0.00322664 0.00393486 0.00106061 0.00434097 0.00304511
internal_weight=130164 103071 30180 27747 13860 72891 13887 66849 33537 13580 7783 980 6803 665
internal_count=130164 103071 30180 27747 13860 72891 13887 66849 33537 13580 7783 980 6803 665
cat_boundaries=0 1 2 3 4 5 6 8
cat_threshold=493347 1 555876424 6312064 65792 2 304222729 49216
is_linear=0
shrinkage=0.05


Tree=94
num_leaves=15
num_cat=6
split_feature=5 2 8 8 3 2 8 2 8 2 7 2 8 5
split_gain=7487.08 11.2431 12.1591 6.52054 4.62586 4.05893 4.03965 4.14503 3.83582 3.98584 5.01945 3.1399 5.17789 3.36826
threshold=1.5000000000000002 0 1.5000000000000002 12.500000000000002 1 2 21.500000000000004 3 10.500000000000002 4 3.5000000000000004 5 13.500000000000002 3.0000000000000004
decision_type=2 9 2 2 9 9 2 9 2 9 2 9 2 2
left_child=-1 2 -2 4 -4 -5 8 -8 9 10 -3 12 -10 -13
right_child=1 6 3 5 -6 -7 7 -9 11 -11 -12 13 -14 -15
leaf_value=-0.00040270674291484901 0.00039519939530356933 0.00040270674291484901 0.00040270674291484901 -0.0016164813529055079 0.00040270674291484901 0.00040270674291484901 0.00040270674291484901 0.00040270674291484901 0.00040270674291484901 0.00040270674291484901 0.00040270674291484901 0.00040270674291484901 0.00040270674291484901 0.00040270674291484901
leaf_weight=27128 2398 9763 652 289 13213 13510 1719 4321 5536 16747 6967 3215 14371 10241
leaf_count=27128 2398 9763 652 289 13213 13510 1719 4321 5536 16747 6967 3215 14371 10241
internal_value=-0.00163181 0.00452634 0.00370611 0.0040034 0.0047692 0.00323393 0.00486349 0.00362583 0.00497606 0.00459793 0.00515233 0.00535548 0.00493925 0.00596317
internal_weight=130070 102942 30062 27664 13865 13799 72880 6040 66840 33477 16730 33363 19907 13456
internal_count=130070 102942 30062 27664 13865 13799 72880 6040 66840 33477 16730 33363 19907 13456
cat_boundaries=0 1 2 3 4 5 6
cat_threshold=493347 86114376 1 1599492 534604 1579080
is_linear=0
shrinkage=0.05


Tree=95
num_leaves=15
num_cat=5
split_feature=5 8 8 3 1 7 3 4 6 7 7 3 6 6
split_gain=7436.97 4.12951 4.19031 2.87573 2.38238 2.838 3.20172 3.12026 2.81149 2.53353 2.29604 1.9584 1.86598 2.67511
threshold=1.5000000000000002 22.500000000000004 1.5000000000000002 0 1 1.5000000000000002 2 3 1.5000000000000002 1.0000000180025095e-35 1.0000000180025095e-35 4 3.5000000000000004 9.5000000000000018
decision_type=2 2 2 9 1 2 9 1 2 2 2 9 2 2
left_child=-1 2 3 -2 -3 7 -7 -6 9 -9 11 -10 -12 -14
right_child=1 4 -4 -5 5 6 -8 8 10 -11 12 -13 13 -15
leaf_value=-0.00038257140576911656 0.00038257140576911656 -0.00069096838488036383 0.00038257140576911656 0.00038257140576911656 0.00049248156201913145 0.00038257140576911656 0.00038257140576911656 -0.043962482817863684 -0.0021174285942310079 -0.038255124153452384 -0.047117428594230876 0.0026981964057691157 0.00038257140576911656 -0.044893450398846693
leaf_weight=27016 2259 360 90025 6376 370 1066 1743 42 137 48 89 224 171 65
leaf_count=27016 2259 360 90025 6376 370 1066 1743 42 137 48 89 224 171 65
internal_value=-0.00165108 0.00447463 0.00454085 0.00348871 0.0029606 0.00331021 0.00417408 0.00122164 -0.000579897 -0.00888889 0.000510204 0.00325485 -0.00253846 -0.000211864
internal_weight=129991 102975 98660 8635 4315 3955 2809 1146 776 90 686 361 325 236
internal_count=129991 102975 98660 8635 4315 3955 2809 1146 776 90 686 361 325 236
cat_boundaries=0 2 3 5 6 8
cat_threshold=16909889 1088 1 553783304 4164 2 262144 49152
is_linear=0
shrinkage=0.05


Tree=96
num_leaves=15
num_cat=10
split_feature=5 2 2 3 3 2 6 5 6 4 2 3 2 4
split_gain=7428.94 12.7828 4.87719 2.83759 2.29103 2.27932 2.0975 2.19637 2.05023 2.51663 2.80373 2.90632 2.6759 5.75661
threshold=1.5000000000000002 0 1 2 3 4 10.500000000000002 3.0000000000000004 2.5000000000000004 5 6 7 8 9
decision_type=2 9 9 9 9 9 2 2 2 1 9 9 9 1
left_child=-1 2 6 -4 -3 -6 -2 -8 9 10 11 -5 13 -11
right_child=1 4 3 8 5 -7 7 -9 -10 12 -12 -13 -14 -15
leaf_value=-0.00036344283548066518 -0.0018476260484670437 0.00036344283548066518 0.00036344283548066518 -0.0027020667997617711 0.00036344283548066518 0.00036344283548066518 0.028729959533882445 -0.0010807732688565164 0.00036344283548066518 -0.039569834675250493 0.00036344283548066518 0.00036344283548066518 0.00036344283548066518 0.0025894111591772909
leaf_weight=27026 361 24819 1377 506 20140 27992 78 227 23045 156 1448 569 2237 152
leaf_count=27026 361 24819 1377 506 20140 27992 78 227 23045 156 1448 569 2237 152
internal_value=-0.0016658 0.00445047 0.00357853 0.00367458 0.00480976 0.00459993 -0.00066568 0.00237705 0.00378427 0.00469613 0.00357709 0.00158986 0.0058055 0.00125786
internal_weight=130133 103107 30156 29490 72951 48132 666 305 28113 5068 2523 1075 2545 308
internal_count=130133 103107 30156 29490 72951 48132 666 305 28113 5068 2523 1075 2545 308
cat_boundaries=0 1 2 3 5 6 7 8 10 11 12
cat_threshold=493347 1 86114312 86118464 16448 3692544 1 66562 266240 16388 65824 2
is_linear=0
shrinkage=0.05


Tree=97
num_leaves=15
num_cat=7
split_feature=5 2 8 2 8 3 8 2 8 2 8 5 2 3
split_gain=7447.01 12.9537 11.5601 5.11764 4.93433 5.45121 3.30502 3.86509 3.46586 4.75633 4.47509 4.12433 4.0166 3.98045
threshold=1.5000000000000002 0 1.5000000000000002 1 12.500000000000002 2 21.500000000000004 3 11.500000000000002 4 13.500000000000002 3.0000000000000004 5 6
decision_type=2 9 2 9 2 9 2 9 2 9 2 2 9 9
left_child=-1 2 -2 -4 5 -5 8 -8 12 10 -10 -11 -3 -14
right_child=1 6 3 4 -6 -7 7 -9 9 11 -12 -13 13 -15
leaf_value=-0.00034527069370662302 0.00033813871347589954 0.00034527069370662302 -0.00088247272943682293 0.00034527069370662302 0.00034527069370662302 0.00034527069370662302 0.00034527069370662302 0.00034527069370662302 0.00034527069370662302 0.00034527069370662302 0.00034527069370662302 0.00034527069370662302 0.00034527069370662302 0.00034527069370662302
leaf_weight=26943 2425 18279 611 645 13496 12863 2060 4008 3240 3518 12900 10522 4929 13390
leaf_count=26943 2425 18279 611 645 13496 12863 2060 4008 3240 3518 12900 10522 4929 13390
internal_value=-0.00159922 0.0045288 0.00364892 0.00394079 0.00404235 0.00471943 0.00489047 0.0037739 0.00499266 0.00538933 0.00478638 0.00607473 0.00466556 0.0041287
internal_weight=129829 102886 30040 27615 27004 13508 72846 6068 66778 30180 16140 14040 36598 18319
internal_count=129829 102886 30040 27615 27004 13508 72846 6068 66778 30180 16140 14040 36598 18319
cat_boundaries=0 1 2 4 5 6 7 9
cat_threshold=493347 1 555876424 1024 1595396 530504 534604 570560576 20480
is_linear=0
shrinkage=0.05


Tree=98
num_leaves=15
num_cat=7
split_feature=5 2 8 2 8 3 6 2 8 8 2 4 2 8
split_gain=7446.64 11.2827 14.6476 5.61778 4.43556 3.25638 2.74552 3.42181 5.40965 2.89292 7.44283 3.26707 3.34477 2.70292
threshold=1.5000000000000002 0 1.5000000000000002 1 16.500000000000004 2 3.5000000000000004 3 9.5000000000000018 11.500000000000002 4 5 6 21.500000000000004
decision_type=2 9 2 9 2 9 2 9 2 2 9 1 9 2
left_child=-1 2 -2 -4 5 -5 7 8 -7 11 -11 -8 -13 -3
right_child=1 13 3 4 -6 6 9 -9 -10 10 -12 12 -14 -15
leaf_value=-0.00032800715902128188 0.00058742855392275313 0.00032800715902128188 -0.00083834909296498505 0.00032800715902128188 0.00032800715902128188 0.0026095212428364658 0.00032800715902128188 0.00032800715902128188 -0.043502933356275912 -0.038898999091198809 0.00032800715902128188 0.00032800715902128188 0.00032800715902128188 0.00032800715902128188
leaf_weight=27050 3116 59051 596 1047 11164 53 1705 7519 83 179 4924 2844 5353 5282
leaf_count=27050 3116 59051 596 1047 11164 53 1705 7519 83 179 4924 2844 5353 5282
internal_value=-0.00165505 0.00448084 0.00379926 0.00408901 0.00417061 0.00455878 0.00468461 0.00545722 -0.00239726 0.00429357 0.00332647 0.00479196 0.00520617 0.00488826
internal_weight=129966 102916 38583 35467 34871 23707 22660 7655 136 15005 5103 9902 8197 64333
internal_count=129966 102916 38583 35467 34871 23707 22660 7655 136 15005 5103 9902 8197 64333
cat_boundaries=0 1 2 3 4 5 6 7
cat_threshold=497443 1 19005448 65568 32 4 33538
is_linear=0
shrinkage=0.05


Tree=99
num_leaves=15
num_cat=6
split_feature=5 2 8 8 3 2 6 8 2 7 4 5 8 2
split_gain=7406.86 13.7317 12.1884 5.23261 4.55947 3.51658 5.2697 3.31326 3.8766 3.16579 3.01708 3.8762 2.97974 4.83862
threshold=1.5000000000000002 0 1.5000000000000002 12.500000000000002 1 2 10.500000000000002 21.500000000000004 3 2.5000000000000004 4 3.0000000000000004 11.500000000000002 5
decision_type=2 9 2 2 9 9 2 2 9 2 1 2 2 9
left_child=-1 2 -2 4 -4 6 -5 12 -9 -7 -8 -12 13 -3
right_child=1 7 3 5 -6 9 10 8 -10 -11 11 -13 -14 -15
leaf_value=-0.00031160680107020781 0.00022722390605367515 0.00031160680107020781 0.00031160680107020781 -0.0030127000122595949 0.00031160680107020781 0.00031160680107020781 0.047869001444069206 0.00031160680107020781 0.00031160680107020781 0.00031160680107020781 0.052449106801070206 -0.0012160819923420663 0.00031160680107020781 0.00031160680107020781
leaf_weight=26996 2394 18229 641 432 13219 5559 68 2049 3928 7469 65 193 30197 18286
leaf_count=26996 2394 18229 641 432 13219 5559 68 2049 3928 7469 65 193 30197 18286
internal_value=-0.00169378 0.00443083 0.00352579 0.00382334 0.00450938 0.00313361 -0.000195313 0.00480371 0.00367659 0.0033249 0.00460123 0.00213178 0.00490541 0.00460153
internal_weight=129725 102729 30040 27646 13860 13786 758 72689 5977 13028 326 258 66712 36515
internal_count=129725 102729 30040 27646 13860 13786 758 72689 5977 13028 326 258 66712 36515
cat_boundaries=0 1 2 3 4 5 6
cat_threshold=493347 19005512 65537 1595396 4 534604
is_linear=0
shrinkage=0.05


Tree=100
num_leaves=15
num_cat=6
split_feature=5 2 8 8 3 2 2 6 5 3 8 8 2 7
split_gain=7434.93 13.0506 9.05811 7.92583 5.67347 4.9461 3.36437 2.45108 2.43596 2.37506 2.13838 3.73065 4.65847 6.02664
threshold=1.5000000000000002 0 1.5000000000000002 12.500000000000002 1 2 3 10.500000000000002 3.0000000000000004 4 21.500000000000004 11.500000000000002 5 3.5000000000000004
decision_type=2 9 2 2 9 9 9 2 2 9 2 2 9 2
left_child=-1 2 5 4 -4 -2 7 -5 -9 -8 11 12 13 -3
right_child=1 10 3 6 -6 -7 9 8 -10 -11 -12 -13 -14 -15
leaf_value=-0.0002960264610166963 0.0002960264610166963 0.0002960264610166963 0.0002960264610166963 -0.0062634906721702466 0.0002960264610166963 0.00028049915480328204 0.0002960264610166963 0.042348016276418869 -0.0021920832383876877 0.0002960264610166963 0.0002960264610166963 0.0002960264610166963 0.0002960264610166963 0.0002960264610166963
leaf_weight=27030 237 9937 657 133 14392 2440 5109 50 94 9669 5764 29090 18394 6984
leaf_count=27030 237 9937 657 133 14392 2440 5109 50 94 9669 5764 29090 18394 6984
internal_value=-0.00166218 0.00446527 0.00363591 0.00388487 0.00469633 0.000849832 0.00307373 -0.00235192 0.00208333 0.00317487 0.00485152 0.00493479 0.00458941 0.00519609
internal_weight=129980 102950 32781 30104 15049 2677 15055 277 144 14778 70169 64405 35315 16921
internal_count=129980 102950 32781 30104 15049 2677 15055 277 144 14778 70169 64405 35315 16921
cat_boundaries=0 1 3 4 5 7 8
cat_threshold=1017635 19005448 1024 524288 1 574623808 36928 10316
is_linear=0
shrinkage=0.05


Tree=101
num_leaves=15
num_cat=8
split_feature=5 2 8 8 3 2 2 3 8 8 2 2 8 3
split_gain=7430.58 13.8155 9.11014 6.8913 5.79271 5.27959 3.52787 3.2263 2.53595 4.21187 3.68571 3.48716 2.94265 2.92026
threshold=1.5000000000000002 0 1.5000000000000002 12.500000000000002 1 2 3 4 10.500000000000002 21.500000000000004 5 6 9.5000000000000018 7
decision_type=2 9 2 2 9 9 9 9 2 2 9 9 2 9
left_child=-1 2 5 4 -4 -2 -5 -8 10 -10 13 -11 -12 -3
right_child=1 8 3 6 -6 -7 7 -9 9 11 12 -13 -14 -15
leaf_value=-0.00028122513796586813 0.00028122513796586813 0.00028122513796586813 0.00028122513796586813 -0.0009791138292946644 0.00028122513796586813 0.00017351402566647691 0.00028122513796586813 0.00028122513796586813 0.00028122513796586813 0.00028122513796586813 0.00028122513796586813 0.00028122513796586813 0.00028122513796586813 0.00028122513796586813
leaf_weight=27034 239 6613 704 292 14433 2418 5343 9333 32094 2205 14203 3560 1401 9997
leaf_count=27034 239 6613 704 292 14433 2418 5343 9333 32094 2205 14203 3560 1401 9997
internal_value=-0.0016738 0.00445836 0.00360521 0.00385401 0.00460626 0.000799774 0.00309327 0.00320033 0.00485603 0.00513418 0.00453064 0.00388985 0.00509158 0.00399819
internal_weight=129869 102835 32762 30105 15137 2657 14968 14676 70073 37859 32214 5765 15604 16610
internal_count=129869 102835 32762 30105 15137 2657 14968 14676 70073 37859 32214 5765 15604 16610
cat_boundaries=0 1 3 4 5 7 8 9 11
cat_threshold=1017635 19005512 1024 524288 1 33689664 36928 7360640 1071236 805441600 20484
is_linear=0
shrinkage=0.05


Tree=102
num_leaves=15
num_cat=6
split_feature=5 2 8 8 2 6 3 8 2 6 4 2 6 8
split_gain=7431.53 11.4501 14.1366 5.8115 5.20261 5.17661 4.42869 3.31199 4.12983 3.09763 3.49858 4.68037 6.13269 7.86074
threshold=1.5000000000000002 0 1.5000000000000002 12.500000000000002 1 10.500000000000002 2 21.500000000000004 3 2.5000000000000004 4 5 3.5000000000000004 17.500000000000004
decision_type=2 9 2 2 9 2 9 2 9 2 1 9 2 2
left_child=-1 2 -2 6 5 -5 -4 -3 -9 -6 11 -11 13 -13
right_child=1 7 3 4 9 -7 -8 8 -10 10 -12 12 -14 -15
leaf_value=-0.00026716388106757806 0.00052399527190043487 0.00026716388106757806 0.00026716388106757806 -0.0028909275915957712 0.00026716388106757806 0.0082642365904773696 0.00026716388106757806 0.00026716388106757806 0.00026716388106757806 -0.038427357359655107 0.00026716388106757806 0.00026716388106757806 0.00026716388106757806 -0.044976586118932432
leaf_weight=26990 3118 59158 781 423 4056 325 16904 1708 3558 1240 9060 140 2302 204
leaf_count=26990 3118 59158 781 423 4056 325 16904 1708 3558 1240 9060 140 2302 204
internal_value=-0.00164599 0.00447503 0.00378796 0.00407295 0.0034338 -0.000659631 0.00471445 0.00488484 0.00368401 0.00361216 0.00323652 0.00198147 0.00316265 -0.00305233
internal_weight=129967 102977 38553 35435 17750 748 17685 64424 5266 17002 12946 3886 2646 344
internal_count=129967 102977 38553 35435 17750 748 17685 64424 5266 17002 12946 3886 2646 344
cat_boundaries=0 1 2 3 4 5 6
cat_threshold=497443 65537 23199752 1599492 2 131330
is_linear=0
shrinkage=0.05


Tree=103
num_leaves=15
num_cat=7
split_feature=5 2 2 7 6 3 4 7 5 2 6 3 4 7
split_gain=7410.62 10.9714 4.79557 3.35383 2.54151 2.46023 1.95924 1.92008 3.55428 1.90275 4.93698 2.42785 1.63114 1.62054
threshold=1.5000000000000002 0 1 2.5000000000000004 10.500000000000002 2 3 4.5000000000000009 3.0000000000000004 4 4.5000000000000009 5 6 1.0000000180025095e-35
decision_type=2 9 9 2 2 9 1 2 2 9 2 9 1 2
left_child=-1 2 4 9 12 -4 7 8 -6 10 -3 -12 13 -2
right_child=1 3 5 -5 6 -7 -8 -9 -10 -11 11 -13 -14 -15
leaf_value=-0.00025380568701420801 0.050253805687014208 -0.049746194312985798 0.00025380568701420801 0.00025380568701420801 0.039825392267839148 0.00025380568701420801 0.0095049429208613825 0.0023913056870142006 -0.014844717468619373 0.00025380568701420801 0.00025380568701420801 0.00025380568701420801 -0.01278794884621417 3.7234435465993698e-05
leaf_weight=26933 64 215 1949 36862 45 35148 334 104 137 26271 648 359 392 384
leaf_count=26933 64 215 1949 36862 45 35148 334 104 137 26271 648 359 392 384
internal_value=-0.00165062 0.00446012 0.00378756 0.00486173 0.000952381 0.00389886 0.0033871 0.00034965 -0.00274725 0.00528044 0.00324675 0.00474181 -0.000833333 0.00122768
internal_weight=129845 102912 38557 64355 1460 37097 620 286 182 27493 1222 1007 840 448
internal_count=129845 102912 38557 64355 1460 37097 620 286 182 27493 1222 1007 840 448
cat_boundaries=0 1 2 3 4 5 7 8
cat_threshold=497443 65537 119668744 1 16384 1073876992 49156 1
is_linear=0
shrinkage=0.05


Tree=104
num_leaves=15
num_cat=7
split_feature=0 2 8 8 3 7 2 8 7 2 6 2 6 2
split_gain=7455.26 12.8273 12.1862 5.87688 5.15319 4.43161 3.78495 3.59827 3.72761 3.13093 3.07316 2.88473 3.57788 2.83143
threshold=0 1 1.5000000000000002 12.500000000000002 2 2.5000000000000004 3 21.500000000000004 2.5000000000000004 4 9.5000000000000018 5 7.5000000000000009 6
decision_type=1 9 2 2 9 2 9 2 2 9 2 9 2 9
left_child=1 2 -1 4 -4 9 10 8 -3 -5 -7 -9 -13 -10
right_child=-2 7 3 5 -6 6 -8 11 13 -11 -12 12 -14 -15
leaf_value=0.00021890844783405418 -0.00024111540266349432 0.00024111540266349432 0.00024111540266349432 -0.00027127800566199015 0.00024111540266349432 -0.0089656848962518017 0.00024111540266349432 0.00024111540266349432 0.00024111540266349432 0.00024111540266349432 0.0070691338451052358 0.00024111540266349432 0.00024111540266349432 0.00024111540266349432
leaf_weight=2415 27045 28641 633 1128 13295 172 7431 627 1632 4829 257 4075 1315 36759
leaf_count=2415 27045 28641 633 1128 13295 172 7431 627 1632 4829 257 4075 1315 36759
internal_value=-0.00162797 0.00449602 0.0036228 0.00392053 0.00464532 0.00318991 0.00396947 0.00485601 0.00496181 0.00216132 -0.000626424 0.00368539 0.00405556 0.00463976
internal_weight=130254 103209 30160 27745 13928 13817 7860 73049 67032 5957 429 6017 5390 38391
internal_count=130254 103209 30160 27745 13928 13817 7860 73049 67032 5957 429 6017 5390 38391
cat_boundaries=0 1 2 3 4 5 6 7
cat_threshold=12 493347 19005512 65537 1057 1572868 16384
is_linear=0
shrinkage=0.05


Tree=105
num_leaves=15
num_cat=9
split_feature=5 2 2 3 7 3 2 4 6 2 2 4 5 6
split_gain=7436.45 14.477 4.50894 3.47925 2.91577 2.49787 1.93712 2.28605 2.22681 2.73731 2.13128 3.7628 1.63826 2.25602
threshold=1.5000000000000002 0 1 2 1.5000000000000002 3 4 5 10.500000000000002 6 7 8 3.0000000000000004 2.5000000000000004
decision_type=2 9 9 9 2 9 9 1 2 9 9 1 2 2
left_child=-1 2 -2 -4 5 -5 7 -7 9 -8 11 -10 13 -9
right_child=1 -3 3 4 -6 6 8 12 10 -11 -12 -13 -14 -15
leaf_value=-0.00022905963253032626 0.0002398881951077403 0.00022905963253032626 0.00022905963253032626 0.00022905963253032626 0.00022905963253032626 0.00034780963253031597 0.0022257235080668904 -0.049652190367469685 0.047966872132530286 0.00022905963253032626 -0.013062257750259088 -0.049657830992469655 0.00022905963253032626 0.00022905963253032626
leaf_weight=27002 1480 72884 1346 1256 19429 547 341 103 120 2491 362 85 1950 552
leaf_count=27002 1480 72884 1346 1256 19429 547 341 103 120 2491 362 85 1950 552
internal_value=-0.00164527 0.0044805 0.00355148 0.00369159 0.00381524 0.00300051 0.00259488 0.00349462 0.00175271 0.00233051 -0.00110229 0.00290698 0.00288868 0.000725191
internal_weight=129948 102946 30062 28582 27236 7807 6551 3152 3399 2832 567 205 2605 655
internal_count=129948 102946 30062 28582 27236 7807 6551 3152 3399 2832 567 205 2605 655
cat_boundaries=0 1 2 3 5 6 7 8 9 10
cat_threshold=493347 65537 86114312 268436481 5184 425984 4 256 512 1
is_linear=0
shrinkage=0.05


Tree=106
num_leaves=15
num_cat=7
split_feature=0 2 8 8 3 2 7 8 2 8 2 7 2 8
split_gain=7464.65 12.5857 11.3877 6.47732 5.00324 4.06757 4.1649 2.87032 4.28454 3.43442 3.56843 3.43614 3.33899 4.6724
threshold=0 1 1.5000000000000002 12.500000000000002 2 3 2.5000000000000004 21.500000000000004 4 10.500000000000002 5 3.5000000000000004 6 13.500000000000002
decision_type=1 9 2 2 9 9 2 2 9 2 9 2 9 2
left_child=1 2 -1 4 -4 -5 -7 9 -9 10 11 -3 13 -11
right_child=-2 7 3 5 -6 6 -8 8 -10 12 -12 -13 -14 -15
leaf_value=0.00020076653631346809 -0.00021760665090380106 0.00021760665090380106 0.00021760665090380106 -0.0003709251168191541 0.00021760665090380106 0.00021760665090380106 0.00021760665090380106 0.00021760665090380106 0.00021760665090380106 0.00021760665090380106 0.00021760665090380106 0.00021760665090380106 0.00021760665090380106 0.00021760665090380106
leaf_weight=2404 27097 9752 656 757 13205 5598 7453 1321 4667 5109 16783 6920 14940 13417
leaf_count=2404 27097 9752 656 757 13205 5598 7453 1321 4667 5109 16783 6920 14940 13417
internal_value=-0.00164573 0.00449889 0.00363245 0.00392045 0.00468401 0.00315397 0.00335924 0.00485573 0.00380762 0.00495024 0.00459199 0.00511929 0.00530837 0.00484193
internal_weight=130079 102982 30073 27669 13861 13808 13051 72909 5988 66921 33455 16672 33466 18526
internal_count=130079 102982 30073 27669 13861 13808 13051 72909 5988 66921 33455 16672 33466 18526
cat_boundaries=0 1 2 3 4 5 6 7
cat_threshold=12 493347 555876424 65537 1591300 534604 530508
is_linear=0
shrinkage=0.05


Tree=107
num_leaves=15
num_cat=7
split_feature=5 2 8 8 3 7 8 8 2 2 3 2 3 7
split_gain=7403.02 14.6678 12.6672 6.349 4.81481 4.72135 3.71328 3.91908 4.08584 3.26677 3.21076 3.13867 3.10086 2.95349
threshold=1.5000000000000002 0 1.5000000000000002 12.500000000000002 1 2.5000000000000004 21.500000000000004 10.500000000000002 2 3 4 5 6 3.5000000000000004
decision_type=2 9 2 2 9 2 2 2 9 9 9 9 9 2
left_child=-1 2 -2 4 -4 -5 7 8 13 -8 -10 -7 -13 -3
right_child=1 6 3 5 -6 11 9 -9 10 -11 -12 12 -14 -15
leaf_value=-0.00020672631835860766 0.00012183527294786779 0.00020672631835860766 0.00020672631835860766 0.00020672631835860766 0.00020672631835860766 0.00020672631835860766 0.00020672631835860766 0.00020672631835860766 0.00020672631835860766 0.00020672631835860766 0.00020672631835860766 0.00020672631835860766 0.00020672631835860766 0.00020672631835860766
leaf_weight=26985 2444 8040 735 5923 13089 2074 1322 33392 10209 4710 9435 2374 3416 5672
leaf_count=26985 2444 8040 735 5923 13089 2074 1322 33392 10209 4710 9435 2374 3416 5672
internal_value=-0.00169157 0.00442481 0.00348994 0.00379649 0.00455367 0.00303728 0.00480973 0.00491775 0.00453442 0.00362235 0.00406024 0.00384028 0.00443966 0.00520697
internal_weight=129820 102835 30055 27611 13824 13787 72780 66748 33356 6032 19644 7864 5790 13712
internal_count=129820 102835 30055 27611 13824 13787 72780 66748 33356 6032 19644 7864 5790 13712
cat_boundaries=0 1 3 4 5 7 8 10
cat_threshold=493347 627179592 1024 532556 1591300 537006144 53252 196865 304218632 53312
is_linear=0
shrinkage=0.05


Tree=108
num_leaves=15
num_cat=5
split_feature=5 2 8 8 2 2 8 6 8 2 7 8 2 8
split_gain=7438.86 13.6471 8.81288 7.53405 4.95347 4.19598 3.96195 5.76309 2.52724 4.23008 5.94545 4.05162 4.16097 5.14805
threshold=1.5000000000000002 0 1.5000000000000002 12.500000000000002 1 2 15.500000000000002 10.500000000000002 11.500000000000002 3 3.5000000000000004 21.500000000000004 4 13.500000000000002
decision_type=2 9 2 2 9 9 2 2 2 9 2 2 9 2
left_child=-1 2 4 -4 -2 6 7 -5 9 10 -3 12 13 -10
right_child=1 8 3 5 -6 -7 -8 -9 11 -11 -12 -13 -14 -15
leaf_value=-0.00019639000244067175 0.00019639000244067175 0.00019639000244067175 0.00019639000244067175 -0.035884485491875728 0.0001803799533527606 0.00019639000244067175 0.00034572575439386635 0.0043999497025431602 0.00019639000244067175 0.00019639000244067175 0.00019639000244067175 0.00019639000244067175 0.00019639000244067175 0.00019639000244067175
leaf_weight=27041 235 9960 15080 216 2449 13656 1004 149 3082 18297 6953 5773 14069 12053
leaf_count=27041 235 9960 15080 216 2449 13656 1004 149 3082 18297 6953 5773 14069 12053
internal_value=-0.00166113 0.00446755 0.00361977 0.00386564 0.000875559 0.00307321 0.000416969 -0.0040411 0.00486239 0.00456404 0.00514241 0.00516411 0.00540337 0.00480852
internal_weight=130017 102976 32789 30105 2684 15025 1369 365 70187 35210 16913 34977 29204 15135
internal_count=130017 102976 32789 30105 2684 15025 1369 365 70187 35210 16913 34977 29204 15135
cat_boundaries=0 1 2 3 4 5
cat_threshold=1017635 524288 65569 10316 6216
is_linear=0
shrinkage=0.05


Tree=109
num_leaves=15
num_cat=5
split_feature=5 2 8 8 7 8 2 3 8 2 7 2 5 8
split_gain=7435.01 13.496 11.2376 6.99814 4.6325 4.15197 4.22184 3.75017 3.18809 3.97309 3.65064 3.0972 4.14605 3.96758
threshold=1.5000000000000002 0 1.5000000000000002 12.500000000000002 2.5000000000000004 21.500000000000004 1 2 10.500000000000002 3 3.5000000000000004 4 3.0000000000000004 13.500000000000002
decision_type=2 9 2 2 2 2 9 9 2 9 2 9 2 2
left_child=-1 2 -2 7 -5 8 -7 -4 9 10 -3 13 -13 -10
right_child=1 5 3 4 -6 6 -8 -9 11 -11 -12 12 -14 -15
leaf_value=-0.00018657050231862815 0.00017561744818277438 0.00018657050231862815 0.00018657050231862815 0.00018657050231862815 0.00018657050231862815 0.00018657050231862815 0.00018657050231862815 0.00018657050231862815 0.00018657050231862815 0.00018657050231862815 0.00018657050231862815 0.00018657050231862815 0.00018657050231862815 0.00018657050231862815
leaf_weight=27054 2420 9792 703 5930 7892 1310 4715 13174 5588 16849 6942 3285 10048 14410
leaf_count=27054 2420 9792 703 5930 7892 1310 4715 13174 5588 16849 6942 3285 10048 14410
internal_value=-0.00167202 0.00445186 0.00355554 0.0038422 0.00304587 0.00482083 0.00356432 0.00463537 0.00493469 0.00459086 0.00514513 0.00528112 0.00588886 0.00487055
internal_weight=130112 103058 30119 27699 13822 72939 6025 13877 66914 33583 16734 33331 13333 19998
internal_count=130112 103058 30119 27699 13822 72939 6025 13877 66914 33583 16734 33331 13333 19998
cat_boundaries=0 1 2 4 5 6
cat_threshold=493347 1591300 560070728 1024 534604 538696
is_linear=0
shrinkage=0.05


Tree=110
num_leaves=15
num_cat=4
split_feature=5 2 8 8 8 8 2 7 2 8 2 8 5 6
split_gain=7438.88 12.1299 11.8687 5.73622 4.28737 4.72667 4.99514 5.4312 4.55685 4.27363 3.38821 3.19002 3.40581 3.28011
threshold=1.5000000000000002 0 1.5000000000000002 12.500000000000002 21.500000000000004 11.500000000000002 1 3.5000000000000004 2 13.500000000000002 3 5.5000000000000009 3.0000000000000004 11.500000000000002
decision_type=2 9 2 2 2 2 9 2 9 2 9 2 2 2
left_child=-1 2 -2 -4 5 6 7 -3 9 -7 -5 12 13 -9
right_child=1 4 3 10 -6 8 -8 11 -10 -11 -12 -13 -14 -15
leaf_value=-0.00017724197720270229 0.00016258008327598719 0.00017724197720270229 0.00017724197720270229 5.4098441558192438e-05 0.00017724197720270229 0.00017724197720270229 0.00017724197720270229 0.00017724197720270229 0.00017724197720270229 0.00017724197720270229 0.00017724197720270229 0.00017724197720270229 0.00017724197720270229 -0.0498227580227973
leaf_weight=27069 2396 10705 13871 1361 6058 3230 18354 1035 14060 12941 12424 3847 2621 65
leaf_count=27069 2396 10705 13871 1361 6058 3230 18354 1035 14060 12941 12424 3847 2621 65
internal_value=-0.00167587 0.00445575 0.00360422 0.00389789 0.00480556 0.00492162 0.00453968 0.00513182 0.00538437 0.0047942 0.00317555 0.00410941 0.00515318 0.00281818
internal_weight=130037 102968 30052 27656 72916 66858 36627 18273 30231 16171 13785 7568 3721 1100
internal_count=130037 102968 30052 27656 72916 66858 36627 18273 30231 16171 13785 7568 3721 1100
cat_boundaries=0 1 2 3 4
cat_threshold=493347 534604 530504 65569
is_linear=0
shrinkage=0.05


Tree=111
num_leaves=15
num_cat=4
split_feature=5 2 8 8 7 8 2 4 1 7 6 7 5 8
split_gain=7449.85 12.914 11.3952 6.66242 4.01117 3.81394 3.63958 3.72849 4.50953 3.48696 3.40517 3.06786 4.51856 2.9384
threshold=1.5000000000000002 0 1.5000000000000002 12.500000000000002 2.5000000000000004 22.500000000000004 1 2 3 5.5000000000000009 7.5000000000000009 5.5000000000000009 3.0000000000000004 10.500000000000002
decision_type=2 9 2 2 2 2 9 1 1 2 2 2 2 2
left_child=-1 2 -2 -4 -5 13 -6 11 9 -9 -7 -8 -13 -3
right_child=1 5 3 4 6 10 7 8 -10 -11 -12 12 -14 -15
leaf_value=-0.00016837987834257274 0.00015445107911218339 0.00016837987834257274 0.00016837987834257274 0.00016837987834257274 0.00016837987834257274 0.00016837987834257274 0.0021794558241678085 0.00016837987834257274 -0.0076434752688447904 0.038753998713019704 0.0002949384720925652 0.0041679187702221791 -0.045845052466836837 0.00016837987834257274
leaf_weight=27075 2413 33612 13884 5925 5342 2107 544 1288 109 432 977 55 112 36262
leaf_count=27075 2413 33612 13884 5925 5342 2107 544 1288 109 432 977 55 112 36262
internal_value=-0.0016596 0.00447207 0.00359467 0.00388303 0.00310531 0.00483294 0.0038442 0.0022549 0.00345817 0.00407514 0.00311284 -0.00080872 -0.00673653 0.00490955
internal_weight=130137 103062 30104 27691 13807 72958 7882 2540 1829 1720 3084 711 167 69874
internal_count=130137 103062 30104 27691 13807 72958 7882 2540 1829 1720 3084 711 167 69874
cat_boundaries=0 1 2 3 4
cat_threshold=493347 296450 2 3
is_linear=0
shrinkage=0.05


Tree=112
num_leaves=15
num_cat=8
split_feature=5 2 7 6 3 2 3 7 3 2 4 6 5 2
split_gain=7405.92 16.4258 3.1298 4.83011 3.52417 2.79883 2.72898 2.45048 2.72292 2.36567 3.22386 2.45403 3.6125 2.23664
threshold=1.5000000000000002 0 1.5000000000000002 9.5000000000000018 1 2 3 1.5000000000000002 4 5 6 6.5000000000000009 3.0000000000000004 7
decision_type=2 9 2 2 9 9 9 2 9 9 1 2 2 9
left_child=-1 2 3 6 -4 7 -2 -3 -9 10 11 12 -8 -5
right_child=1 5 4 13 -6 -7 9 8 -10 -11 -12 -13 -14 -15
leaf_value=-0.00015996088442544744 0.00015996088442544744 0.00015996088442544744 0.00015996088442544744 0.00015996088442544744 0.00015996088442544744 0.00015996088442544744 0.050159960884425453 0.00015996088442544744 0.00015996088442544744 0.00015996088442544744 0.00015996088442544744 -0.047340039115574523 -0.049814419445158277 -0.0070673857967419318
leaf_weight=27012 869 7505 995 1268 16517 51461 54 2101 17244 2531 1539 98 217 478
leaf_count=27012 869 7505 995 1268 16517 51461 54 2101 17244 2531 1539 98 217 478
internal_value=-0.00170011 0.00441765 0.00328369 0.0023958 0.00364322 0.00477235 0.00314619 0.00434475 0.00404885 0.00262419 0.00127737 -0.00291328 -0.000461255 0.000114548
internal_weight=129889 102877 24566 7054 17512 78311 5308 26850 19345 4439 1908 369 271 1746
internal_count=129889 102877 24566 7054 17512 78311 5308 26850 19345 4439 1908 369 271 1746
cat_boundaries=0 1 3 4 6 8 9 10 11
cat_threshold=460579 622985224 5120 2658432 386401344 5184 50332681 1024 1027 4 67328
is_linear=0
shrinkage=0.05


Tree=113
num_leaves=15
num_cat=10
split_feature=5 2 2 6 4 2 3 2 3 3 4 3 6 7
split_gain=7427.69 15.5617 3.27129 2.51295 3.29543 3.77743 5.34451 3.1912 2.49671 2.14204 2.8448 2.1412 2.10816 1.99573
threshold=1.5000000000000002 0 1 3.5000000000000004 2 3 4 5 6 7 8 9 4.5000000000000009 2.5000000000000004
decision_type=2 9 9 2 1 9 9 9 9 9 1 9 2 2
left_child=-1 2 8 11 5 -5 -7 -6 -2 10 12 -4 13 -9
right_child=1 -3 3 4 7 6 -8 9 -10 -11 -12 -13 -14 -15
leaf_value=-0.0001519628402041784 -0.0057173931023341232 0.0001519628402041784 0.0001519628402041784 0.0001519628402041784 0.0001519628402041784 0.0001519628402041784 -0.0023480371597958353 0.0001519628402041784 0.00088355286503556403 0.0001519628402041784 0.0001519628402041784 0.0001519628402041784 0.0001519628402041784 -0.04734803715979579
leaf_weight=27105 295 70143 3212 2066 10685 1140 975 147 1175 2984 2106 4320 3440 226
leaf_count=27105 295 70143 3212 2066 10685 1140 975 147 1175 2984 2106 4320 3440 226
internal_value=-0.0017134 0.00441971 0.00351499 0.00362413 0.00337309 0.00209878 0.0006 0.00364509 0.00118243 0.00293111 0.0034871 0.00442114 0.00430763 0.000737265
internal_weight=130019 102914 32771 31301 23769 4181 2115 19588 1470 8903 5919 7532 3813 373
internal_count=130019 102914 32771 31301 23769 4181 2115 19588 1470 8903 5919 7532 3813 373
cat_boundaries=0 1 2 3 4 6 7 9 11 12 14
cat_threshold=1017635 65537 4 164130 50336768 36932 820224 16909313 4160 1914966529 4164 1 657330176 4100
is_linear=0
shrinkage=0.05


Tree=114
num_leaves=15
num_cat=7
split_feature=5 2 8 8 3 2 2 8 8 2 8 5 3 2
split_gain=7430.44 15.0908 6.46795 8.82887 5.10092 5.09245 2.73676 2.72785 4.9301 4.69651 5.18522 4.19229 4.30289 4.01851
threshold=1.5000000000000002 0 1.5000000000000002 12.500000000000002 1 2 3 21.500000000000004 11.500000000000002 4 13.500000000000002 3.0000000000000004 5 6
decision_type=2 9 2 2 9 9 9 2 2 9 2 2 9 9
left_child=-1 2 5 4 -4 -2 -5 8 -3 10 -10 -11 -13 -9
right_child=1 7 3 6 -6 -7 -8 13 9 11 -12 12 -14 -15
leaf_value=-0.00014436469819396615 0.00014436469819396615 0.00014436469819396615 0.00014436469819396615 0.00014436469819396615 0.00014436469819396615 0.00040104715242084144 0.00014436469819396615 0.00014436469819396615 0.00014436469819396615 0.00014436469819396615 0.00014436469819396615 0.00014436469819396615 0.00014436469819396615 0.00014436469819396615
leaf_weight=27109 242 35249 681 3131 14378 2425 11938 1080 3880 2328 15534 3133 4275 4707
leaf_count=27109 242 35249 681 3131 14378 2425 11938 1080 3880 2328 15534 3133 4275 4707
internal_value=-0.00170959 0.00442145 0.00353071 0.00374071 0.00459692 0.00117173 0.00288506 0.00483646 0.00493059 0.00541166 0.00494749 0.00632567 0.00575054 0.0037973
internal_weight=130090 102981 32795 30128 15059 2667 15069 70186 64399 29150 19414 9736 7408 5787
internal_count=130090 102981 32795 30128 15059 2667 15069 70186 64399 29150 19414 9736 7408 5787
cat_boundaries=0 1 2 3 4 5 7 8
cat_threshold=1017635 19005512 524288 196641 3151944 393792 50176 1067012
is_linear=0
shrinkage=0.05


Tree=115
num_leaves=15
num_cat=7
split_feature=5 2 8 8 3 8 6 2 8 2 2 8 3 2
split_gain=7416.33 14.8819 7.06857 8.22359 4.11941 3.08253 3.30996 3.97384 3.03774 5.35914 2.82537 4.94038 4.5682 2.56115
threshold=1.5000000000000002 0 1.5000000000000002 12.500000000000002 1 22.500000000000004 7.5000000000000009 2 10.500000000000002 3 4 13.500000000000002 5 6
decision_type=2 9 2 2 9 2 2 9 2 9 9 2 9 9
left_child=-1 2 -2 4 -4 8 -7 -8 9 -3 -10 12 13 -12
right_child=1 5 3 -5 -6 6 7 -9 10 -11 11 -13 -14 -15
leaf_value=-0.00013714646328426562 0.00032298787600926193 0.00013714646328426562 0.00013714646328426562 0.00013714646328426562 0.00013714646328426562 0.00013714646328426562 -0.00029878502150274547 0.002632459158596734 0.00013714646328426562 0.00013714646328426562 0.00013714646328426562 0.00013714646328426562 0.00013714646328426562 0.00013714646328426562
leaf_weight=27047 1943 16642 1540 11331 9764 2232 254 789 11459 19424 536 20552 5473 956
leaf_count=27047 1943 16642 1540 11331 9764 2232 254 789 11459 19424 536 20552 5473 956
internal_value=-0.00170153 0.00442271 0.00334309 0.00359289 0.00454706 0.00476049 0.00325954 0.00558485 0.00482663 0.00449592 0.00513265 0.00484524 0.00599785 0.00346205
internal_weight=129942 102895 24578 22635 11304 78317 3275 1043 75042 36066 38976 27517 6965 1492
internal_count=129942 102895 24578 22635 11304 78317 3275 1043 75042 36066 38976 27517 6965 1492
cat_boundaries=0 1 3 4 5 6 8 9
cat_threshold=460579 627180104 1024 2623488 534604 6307968 393224 17408 1054720
is_linear=0
shrinkage=0.05


Tree=116
num_leaves=15
num_cat=7
split_feature=5 2 8 8 8 2 3 8 2 7 2 4 3 6
split_gain=7378.88 14.2452 10.4509 9.05888 7.72831 5.06425 5.03871 3.34276 4.26277 3.36613 3.2214 3.73161 3.08165 2.9243
threshold=1.5000000000000002 0 1.5000000000000002 22.500000000000004 12.500000000000002 1 2 10.500000000000002 3 3.5000000000000004 4 5 6 11.500000000000002
decision_type=2 9 2 2 2 9 9 2 9 2 9 1 9 2
left_child=-1 2 -2 7 6 -5 -4 8 9 -3 -9 -12 -10 -8
right_child=1 3 4 5 -6 -7 13 10 12 -11 11 -13 -14 -15
leaf_value=-0.00013028914012005454 9.4930587503605512e-05 0.00013028914012005454 0.00013028914012005454 -8.8645558307121072e-07 0.00013028914012005454 0.00013028914012005454 0.00013028914012005454 0.00013028914012005454 0.00013028914012005454 0.00013028914012005454 0.00013028914012005454 0.00013028914012005454 0.00013028914012005454 0.00013028914012005454
leaf_weight=27006 2455 9758 654 981 13759 2105 12042 21012 4503 6936 4807 10589 12250 1188
leaf_count=27006 2455 9758 654 981 13759 2105 12042 21012 4503 6936 4807 10589 12250 1188
internal_value=-0.00173575 0.0043617 0.00344095 0.00474051 0.00371975 0.00209008 0.004552 0.00485828 0.00449741 0.00507064 0.00518979 0.00575425 0.00392084 0.00476208
internal_weight=130045 103039 30098 72941 27643 3086 13884 69855 33447 16694 36408 15396 16753 13230
internal_count=130045 103039 30098 72941 27643 3086 13884 69855 33447 16694 36408 15396 16753 13230
cat_boundaries=0 1 2 3 4 5 6 8
cat_threshold=493347 4718784 555876424 534604 1585224 2 570560576 20480
is_linear=0
shrinkage=0.05


Tree=117
num_leaves=15
num_cat=6
split_feature=5 2 8 8 8 2 3 8 2 2 8 6 7 3
split_gain=7368 13.4742 10.7741 10.1339 8.23094 4.77408 4.299 3.93842 5.43318 3.66329 4.79318 3.30502 3.23686 3.18843
threshold=1.5000000000000002 0 1.5000000000000002 22.500000000000004 12.500000000000002 1 2 10.500000000000002 3 4 16.500000000000004 9.5000000000000018 3.5000000000000004 5
decision_type=2 9 2 2 2 9 9 2 9 9 2 2 2 9
left_child=-1 2 -2 7 6 -5 -4 8 12 10 -6 -12 13 -3
right_child=1 3 4 5 9 -7 -8 -9 -10 -11 11 -13 -14 -15
leaf_value=-0.00012377468311404184 9.018405812841746e-05 0.00012377468311404184 0.00012377468311404184 -8.4213280393541368e-07 0.00012377468311404184 0.00012377468311404184 0.00012377468311404184 0.00012377468311404184 0.00012377468311404184 0.00012377468311404184 0.00012377468311404184 0.00012377468311404184 0.00012377468311404184 0.00012377468311404184
leaf_weight=27109 2444 4510 679 805 3176 2277 13209 36261 16748 4936 3736 1904 6892 5269
leaf_count=27109 2444 4510 679 805 3176 2277 13209 36261 16748 4936 3736 1904 6892 5269
internal_value=-0.00181082 0.00430158 0.00340599 0.00467075 0.00368849 0.00186567 0.00454709 0.00479549 0.00440393 0.00282141 0.00343304 0.00256206 0.00504916 0.00563708
internal_weight=129955 102846 30084 72762 27640 3082 13888 69680 33419 13752 8816 5640 16671 9779
internal_count=129955 102846 30084 72762 27640 3082 13888 69680 33419 13752 8816 5640 16671 9779
cat_boundaries=0 1 2 3 4 5 7
cat_threshold=493347 4718720 622985288 534604 34562 7077896 53252
is_linear=0
shrinkage=0.05


Tree=118
num_leaves=15
num_cat=6
split_feature=5 2 8 8 8 8 2 2 5 2 3 2 8 8
split_gain=7354.46 14.9828 11.5528 9.75439 8.38762 6.79893 7.39757 5.86835 5.11232 4.33472 4.28366 3.54377 4.34835 3.50415
threshold=1.5000000000000002 0 1.5000000000000002 12.500000000000002 21.500000000000004 11.500000000000002 1 2 3.0000000000000004 3 4 5 22.500000000000004 13.500000000000002
decision_type=2 9 2 2 2 2 9 9 2 9 9 9 2 2
left_child=-1 2 -2 10 5 6 -3 13 -9 -5 -4 -6 -13 -7
right_child=1 4 3 9 11 7 -8 8 -10 -11 -12 12 -14 -15
leaf_value=-0.00011758594895834308 2.6569323672154257e-05 0.00011758594895834308 0.00011758594895834308 0.00011758594895834308 0.00011758594895834308 0.00011758594895834308 0.00011758594895834308 0.00011758594895834308 0.00011758594895834308 0.00011758594895834308 0.00011758594895834308 0.00011758594895834308 0.00011758594895834308 0.00011758594895834308
leaf_weight=27078 2429 15952 617 8844 1922 3327 20796 3400 10083 4954 13293 2029 2052 13438
leaf_count=27078 2429 15952 617 8844 1922 3327 20796 3400 10083 4954 13293 2029 2052 13438
internal_value=-0.00180933 0.0042793 0.00333615 0.00362711 0.00466758 0.00482865 0.00437167 0.00538383 0.00617172 0.00268517 0.00456147 0.00287773 0.00370936 0.00474367
internal_weight=130214 103136 30137 27708 72999 66996 36748 30248 13483 13798 13910 6003 4081 16765
internal_count=130214 103136 30137 27708 72999 66996 36748 30248 13483 13798 13910 6003 4081 16765
cat_boundaries=0 1 2 3 4 5 6
cat_threshold=493347 526412 530508 34562 555876360 1583236
is_linear=0
shrinkage=0.05


Tree=119
num_leaves=15
num_cat=6
split_feature=5 2 2 2 6 2 7 3 7 6 7 4 7 5
split_gain=7339.61 13.1551 5.04708 2.89545 2.69376 2.67315 3.37275 2.47454 2.74177 2.32004 2.24336 2.24956 3.23654 2.16215
threshold=1.5000000000000002 0 1 2 10.500000000000002 3 5.5000000000000009 4 1.5000000000000002 10.500000000000002 4.5000000000000009 5 1.0000000180025095e-35 3.0000000000000004
decision_type=2 9 9 9 2 9 2 9 2 2 2 1 2 2
left_child=-1 2 9 -3 5 6 -4 8 -6 -2 11 12 -11 -14
right_child=1 3 4 -5 7 -7 -8 -9 -10 10 -12 -13 13 -15
leaf_value=-0.0001117066515104348 5.5696292266138594e-05 0.0001117066515104348 0.00023592353378267818 0.0001117066515104348 -0.0021501839734895611 0.0001117066515104348 -0.032575015966248143 0.0001117066515104348 0.002242507237447944 -0.043969547645291734 0.017632649517472121 0.007769813221157407 0.0026117066515104481 -0.0078662928782470051
leaf_weight=27016 1605 31093 1392 47257 227 18055 197 1394 577 64 409 412 83 217
leaf_count=27016 1605 31093 1392 47257 227 18055 197 1394 577 64 409 412 83 217
internal_value=-0.00180426 0.00428085 0.00326678 0.00459865 0.0035237 0.00371106 0.00570669 0.00186533 0.00405405 0.00125 0.00293249 0.00135309 -0.00151099 0.000666667
internal_weight=129998 102982 24632 78350 21842 19644 1589 2198 804 2790 1185 776 364 300
internal_count=129998 102982 24632 78350 21842 19644 1589 2198 804 2790 1185 776 364 300
cat_boundaries=0 1 2 3 4 5 6
cat_threshold=460579 65569 3707008 256 52696065 1
is_linear=0
shrinkage=0.05


Tree=120
num_leaves=15
num_cat=7
split_feature=5 2 8 6 8 8 2 2 8 2 4 3 2 7
split_gain=7285.3 21.0089 10.4813 6.42253 7.00744 10.7793 5.8348 5.68723 4.62968 7.60782 6.68278 3.71928 3.35909 4.40045
threshold=1.5000000000000002 0 22.500000000000004 10.500000000000002 12.500000000000002 1.5000000000000002 1 2 1.5000000000000002 3 4 5 6 1.0000000180025095e-35
decision_type=2 9 2 2 2 2 9 9 2 9 1 9 9 2
left_child=-1 3 8 4 5 -2 -6 -4 9 -3 -11 -7 13 -10
right_child=1 2 7 -5 6 11 -8 -9 12 10 -12 -13 -14 -15
leaf_value=-0.00010612131893490418 -0.00083160828812283154 9.6850038593432333e-05 0.00010612131893490418 0.00010612131893490418 -0.00035715976132646434 0.00010612131893490418 0.00010612131893490418 -3.4920677632221954e-06 0.00010612131893490418 0.00010612131893490418 0.00010612131893490418 0.00010612131893490418 0.00010612131893490418 0.00010612131893490418
leaf_weight=27084 1221 2500 1585 3394 769 892 6710 1881 4501 2299 2303 6593 41024 27167
leaf_count=27084 1221 2500 1585 3394 769 892 6710 1881 4501 2299 2303 6593 41024 27167
internal_value=-0.00192864 0.0041475 0.00449442 0.00266859 0.00308465 0.00404893 0.00196216 0.00180323 0.00461188 0.00339341 0.0045967 0.00475952 0.00473092 0.00433266
internal_weight=129923 102839 83260 19579 16185 8706 7479 3466 79794 7102 4602 7485 72692 31668
internal_count=129923 102839 83260 19579 16185 8706 7479 3466 79794 7102 4602 7485 72692 31668
cat_boundaries=0 1 2 3 4 5 7 8
cat_threshold=460577 65569 3170314 2134146 1 69337608 1024 3715074
is_linear=0
shrinkage=0.05


Tree=121
num_leaves=15
num_cat=7
split_feature=5 2 8 8 8 2 8 2 4 8 3 2 8 2
split_gain=7288.44 20.6672 9.4479 6.73369 8.31568 5.52301 4.57131 7.62595 5.18596 4.40744 4.37379 4.33471 6.27118 7.74379
threshold=1.5000000000000002 0 22.500000000000004 1.5000000000000002 12.500000000000002 1 11.500000000000002 2 3 8.5000000000000018 4 5 21.500000000000004 6
decision_type=2 9 2 2 2 9 2 9 1 2 9 9 2 9
left_child=-1 3 6 -2 10 -4 7 -3 -9 -10 -5 -8 -13 -14
right_child=1 2 5 4 -6 -7 11 8 9 -11 -12 12 13 -15
leaf_value=-0.0001008152529881512 0.00012034147086898984 0.0001008152529881512 0.0001008152529881512 -0.0019200996617188882 0.0001008152529881512 -1.2008021549014815e-05 0.0001008152529881512 0.0001008152529881512 0.0001008152529881512 0.0001008152529881512 0.0001008152529881512 0.0001008152529881512 -0.044899184747011871 0.0001008152529881512
leaf_weight=27015 1991 23683 1943 522 11610 1368 20716 8115 5563 1781 10904 13462 332 913
leaf_count=27015 1991 23683 1943 522 11610 1368 20716 8115 5563 1781 10904 13462 332 913
internal_value=-0.00188657 0.00418136 0.00458362 0.00292667 0.00316895 0.0019707 0.00470026 0.00432783 0.00345368 0.00441857 0.00412655 0.00511179 0.00578073 0.00238956
internal_weight=129918 102903 77876 25027 23036 3311 74565 39142 15459 7344 11426 35423 14707 1245
internal_count=129918 102903 77876 25027 23036 3311 74565 39142 15459 7344 11426 35423 14707 1245
cat_boundaries=0 1 2 3 4 5 6 7
cat_threshold=493345 3174410 4728908 1 19005512 530510 1056768
is_linear=0
shrinkage=0.05


Tree=122
num_leaves=15
num_cat=5
split_feature=5 2 8 8 8 2 8 2 6 3 7 8 8 2
split_gain=7291.64 19.6404 8.19512 9.50469 7.61003 4.77314 4.53793 6.89037 4.17918 4.9079 3.88348 3.54135 3.45385 4.64396
threshold=1.5000000000000002 0 1.5000000000000002 12.500000000000002 22.500000000000004 1 10.500000000000002 2 10.500000000000002 3 3.5000000000000004 11.500000000000002 5.5000000000000009 4
decision_type=2 9 2 2 2 9 2 9 2 9 2 2 2 9
left_child=-1 2 -2 8 6 -6 7 -3 9 -4 -9 -10 -12 -14
right_child=1 4 3 -5 5 -7 -8 10 11 -11 12 -13 13 -15
leaf_value=-9.5774490338751408e-05 -0.00014796993122330183 9.5774490338751408e-05 -0.0095534429221652457 9.5774490338751408e-05 9.5774490338751408e-05 3.9046939815934323e-06 9.5774490338751408e-05 9.5774490338751408e-05 9.5774490338751408e-05 9.5774490338751408e-05 9.5774490338751408e-05 0.047595774490338721 9.5774490338751408e-05 9.5774490338751408e-05
leaf_weight=27076 2010 19071 407 11592 1873 1444 38647 9893 2383 8454 3828 201 351 2836
leaf_count=27076 2010 19071 407 11592 1873 1444 38647 9893 2383 8454 3828 201 351 2836
internal_value=-0.00191095 0.00415914 0.00293631 0.00320463 0.00455114 0.00220832 0.00465588 0.00425179 0.00422674 0.00474269 0.00499172 0.00245743 0.0040948 0.00287888
internal_weight=130066 102990 25047 23037 77943 3317 74626 35979 11445 8861 16908 2584 7015 3187
internal_count=130066 102990 25047 23037 77943 3317 74626 35979 11445 8861 16908 2584 7015 3187
cat_boundaries=0 1 2 3 4 5
cat_threshold=493345 3158026 7360642 622985224 524292
is_linear=0
shrinkage=0.05


Tree=123
num_leaves=15
num_cat=5
split_feature=5 8 8 6 4 8 7 3 1 1 4 7 5 7
split_gain=7254.18 9.34941 10.454 6.57378 4.8845 5.45969 3.41581 3.28276 2.49959 2.41696 3.11691 2.56947 2.30955 3.23838
threshold=1.5000000000000002 1.5000000000000002 22.500000000000004 7.5000000000000009 0 21.500000000000004 3.5000000000000004 1 2 3 4 4.5000000000000009 3.0000000000000004 1.0000000180025095e-35
decision_type=2 2 2 2 1 2 2 9 1 1 1 2 2 2
left_child=-1 -2 3 -3 6 -6 7 -5 12 10 11 -7 13 -9
right_child=1 2 -4 4 5 9 -8 8 -10 -11 -12 -13 -14 -15
leaf_value=-9.0985765821804962e-05 9.0985765821804962e-05 9.0985765821804962e-05 9.0985765821804962e-05 9.0985765821804962e-05 9.0985765821804962e-05 0.0025909857658217962 9.0985765821804962e-05 -0.049909014234178199 9.0985765821804962e-05 -0.002163623609178256 0.050090985765821806 -0.043193280045605187 9.0985765821804962e-05 9.0985765821804962e-05
leaf_weight=27043 8701 57319 4318 6329 14881 123 7382 159 964 465 69 55 1772 408
leaf_count=27043 8701 57319 4318 6329 14881 123 7382 159 964 465 69 55 1772 408
internal_value=-0.00195441 0.00409952 0.0042443 0.0043597 0.0037929 0.00315366 0.00437875 0.00499896 0.00367492 -0.0011236 0.00282101 -0.000561798 0.00456577 0.00180776
internal_weight=129988 102945 94244 89926 32607 15593 17014 9632 3303 712 247 178 2339 567
internal_count=129988 102945 94244 89926 32607 15593 17014 9632 3303 712 247 178 2339 567
cat_boundaries=0 1 3 4 5 6
cat_threshold=1 1627656192 20548 10 2 2
is_linear=0
shrinkage=0.05


Tree=124
num_leaves=15
num_cat=6
split_feature=5 2 8 8 8 2 8 2 2 7 8 3 8 2
split_gain=7257.77 24.8011 10.7623 6.29319 10.9971 5.6456 5.41474 7.98451 4.72417 4.27817 4.21129 3.70009 3.50742 3.39413
threshold=1.5000000000000002 0 22.500000000000004 12.500000000000002 1.5000000000000002 1 11.500000000000002 2 3 3.5000000000000004 13.500000000000002 4 5.5000000000000009 5
decision_type=2 9 2 2 2 9 2 9 9 2 2 9 2 9
left_child=-1 3 6 4 -2 -4 7 -3 -8 -9 -10 -6 -11 -13
right_child=1 2 5 -5 11 -7 8 9 10 12 -12 13 -14 -15
leaf_value=-8.6436477530704714e-05 0.00011717360559562185 8.6436477530704714e-05 -1.6234174711726725e-05 8.6436477530704714e-05 8.3689335749936877e-05 8.6436477530704714e-05 8.6436477530704714e-05 8.6436477530704714e-05 8.6436477530704714e-05 8.6436477530704714e-05 8.6436477530704714e-05 8.9236995492925083e-05 8.6436477530704714e-05 8.6436477530704714e-05
leaf_weight=26993 2008 20767 1103 11576 562 2204 10604 10816 4592 3802 20189 1106 3834 9838
leaf_count=26993 2008 20767 1103 11576 562 2204 10604 10816 4592 3802 20189 1106 3834 9838
internal_value=-0.00192163 0.00412642 0.00456713 0.00275498 0.00348897 0.00177653 0.00469144 0.00428683 0.00513989 0.00504821 0.00475072 0.00408483 0.00414484 0.00428611
internal_weight=129994 103001 77911 25090 13514 3307 74604 39219 35385 18452 24781 11506 7636 10944
internal_count=129994 103001 77911 25090 13514 3307 74604 39219 35385 18452 24781 11506 7636 10944
cat_boundaries=0 1 2 3 4 6 7
cat_threshold=493345 4720768 7360642 6307968 86114376 1024 65569
is_linear=0
shrinkage=0.05


Tree=125
num_leaves=15
num_cat=6
split_feature=5 2 8 8 8 6 2 8 2 4 2 8 4 6
split_gain=7269.4 22.6133 10.3776 7.4055 10.4336 6.08799 4.74606 4.34378 8.22711 6.10004 4.81864 6.76903 4.17998 6.72512
threshold=1.5000000000000002 0 22.500000000000004 1.5000000000000002 11.500000000000002 10.500000000000002 1 11.500000000000002 2 3 4 13.500000000000002 5 11.500000000000002
decision_type=2 9 2 2 2 2 9 2 9 1 9 2 1 2
left_child=-1 3 7 -2 5 -5 -4 8 -3 -10 11 -9 13 -12
right_child=1 2 6 4 -6 -7 -8 10 9 -11 12 -13 -14 -15
leaf_value=-8.2114653654175038e-05 -4.856207002368329e-05 8.2114653654175038e-05 -1.5422465976122623e-05 8.2114653654175038e-05 8.2114653654175038e-05 8.2114653654175038e-05 8.2114653654175038e-05 8.2114653654175038e-05 8.2114653654175038e-05 8.2114653654175038e-05 8.2114653654175038e-05 8.2114653654175038e-05 8.2114653654175038e-05 -0.049463970502595836
leaf_weight=27029 1992 23688 1022 8072 12558 2376 2291 4071 8175 7363 3854 17912 9244 323
leaf_count=27029 1992 23688 1022 8072 12558 2376 2291 4071 8175 7363 3854 17912 9244 323
internal_value=-0.00192314 0.00413611 0.00455627 0.0028231 0.00307746 0.00424483 0.00181859 0.00467841 0.00431601 0.00341201 0.00507993 0.00461169 0.0058391 0.00453076
internal_weight=129970 102941 77943 24998 23006 10448 3313 74630 39226 15538 35404 21983 13421 4177
internal_count=129970 102941 77943 24998 23006 10448 3313 74630 39226 15538 35404 21983 13421 4177
cat_boundaries=0 1 2 3 4 5 6
cat_threshold=493345 4718788 4728908 1 1579082 2
is_linear=0
shrinkage=0.05


Tree=126
num_leaves=15
num_cat=5
split_feature=5 2 8 8 8 2 6 8 2 2 2 7 5 7
split_gain=7266.54 23.6834 9.99295 6.24077 9.7319 5.18522 4.53837 4.4397 8.02539 4.4121 3.8717 3.77736 3.70887 4.76505
threshold=1.5000000000000002 0 22.500000000000004 1.5000000000000002 11.500000000000002 1 10.500000000000002 11.500000000000002 2 3 4 3.5000000000000004 3.0000000000000004 1.0000000180025095e-35
decision_type=2 9 2 2 2 9 2 2 9 9 9 2 2 2
left_child=-1 3 7 -2 6 -4 -5 8 11 -6 12 -3 13 -9
right_child=1 2 5 4 9 -7 -8 10 -10 -11 -12 -13 -14 -15
leaf_value=-7.8008920971472942e-05 0.00011374302881703713 7.8008920971472942e-05 7.8008920971472942e-05 7.8008920971472942e-05 -9.8963819213016008e-05 -1.4569311427337085e-05 7.8008920971472942e-05 0.047578008920971415 7.8008920971472942e-05 7.8008920971472942e-05 7.8008920971472942e-05 7.8008920971472942e-05 7.8008920971472942e-05 7.8008920971472942e-05
leaf_weight=27046 1996 10635 1941 8058 1170 1375 2366 179 20959 11392 29771 7598 4326 1117
leaf_count=27046 1996 10635 1941 8058 1170 1375 2366 179 20959 11392 29771 7598 4326 1117
internal_value=-0.00193779 0.00412483 0.00455488 0.00278089 0.00301488 0.00186972 0.00414428 0.00467487 0.00430828 0.00207769 0.00508081 0.00508003 0.00384411 0.00150463
internal_weight=129929 102883 77901 24982 22986 3316 10424 74585 39192 12562 35393 18233 5622 1296
internal_count=129929 102883 77901 24982 22986 3316 10424 74585 39192 12562 35393 18233 5622 1296
cat_boundaries=0 1 2 3 4 5
cat_threshold=493345 3174410 534604 65568 524354
is_linear=0
shrinkage=0.05


Tree=127
num_leaves=15
num_cat=7
split_feature=5 2 8 8 8 8 2 8 2 2 4 2 4 7
split_gain=7276.16 23.2416 8.07538 7.72497 8.82603 4.82602 8.22332 6.70081 4.79039 3.31595 3.7995 3.31302 3.38094 4.28793
threshold=1.5000000000000002 0 22.500000000000004 1.5000000000000002 11.500000000000002 1.5000000000000002 1 1.0000000180025095e-35 2 3 4 5 6 1.5000000000000002
decision_type=2 9 2 2 2 2 9 2 9 9 1 9 1 2
left_child=-1 3 5 -2 11 6 7 -3 -4 10 -8 12 13 -5
right_child=1 2 8 4 -6 -7 9 -9 -10 -11 -12 -13 -14 -15
leaf_value=-7.4108474922907075e-05 -0.00022203865277952152 0.0014192875179520838 7.4108474922907075e-05 0.00019317097492290716 7.4108474922907075e-05 7.4108474922907075e-05 7.4108474922907075e-05 -0.0034837270195975825 -1.002714466356025e-05 7.4108474922907075e-05 7.4108474922907075e-05 7.4108474922907075e-05 7.4108474922907075e-05 7.4108474922907075e-05
leaf_weight=27049 1992 744 1951 374 12535 67978 500 733 1367 4185 483 3134 5919 1009
leaf_count=27049 1992 744 1951 374 12535 67978 500 733 1367 4185 483 3134 5919 1009
internal_value=-0.00192358 0.00414221 0.00456793 0.00281003 0.00307018 0.00467584 0.00338977 8.40619e-05 0.00215491 0.00432599 0.00697382 0.00414431 0.00473195 0.00251265
internal_weight=129953 102904 77941 24963 22971 74623 6645 1477 3318 5168 983 10436 7302 1383
internal_count=129953 102904 77941 24963 22971 74623 6645 1477 3318 5168 983 10436 7302 1383
cat_boundaries=0 1 2 3 4 5 6 7
cat_threshold=493345 4226 3174410 532544 1 427008 4
is_linear=0
shrinkage=0.05


Tree=128
num_leaves=15
num_cat=7
split_feature=5 2 8 8 8 6 3 2 8 2 2 8 4 4
split_gain=7274.12 23.7314 8.77681 6.72908 11.3907 5.72866 4.30025 4.23012 4.12397 6.08945 5.58707 4.78004 4.4441 3.26504
threshold=1.5000000000000002 0 22.500000000000004 12.500000000000002 1.5000000000000002 10.500000000000002 1 2 11.500000000000002 3 4 13.500000000000002 5 6
decision_type=2 9 2 2 2 2 9 9 2 9 9 2 1 1
left_child=-1 3 8 4 -2 6 -6 -4 9 -3 11 12 -10 -12
right_child=1 2 7 -5 5 -7 -8 -9 10 -11 13 -13 -14 -15
leaf_value=-7.0403051176759496e-05 0.00011915781001516913 7.0403051176759496e-05 7.0403051176759496e-05 7.0403051176759496e-05 -0.0017891010222486959 7.0403051176759496e-05 7.0403051176759496e-05 -9.5257874303644747e-06 7.0403051176759496e-05 7.0403051176759496e-05 7.0403051176759496e-05 7.0403051176759496e-05 7.0403051176759496e-05 7.0403051176759496e-05
leaf_weight=27030 1994 4431 1933 11572 396 2585 8476 1352 732 34718 4149 17944 3342 9312
leaf_count=27030 1994 4431 1933 11572 396 2585 8476 1352 732 34718 4149 17944 3342 9312
internal_value=-0.00191627 0.00414529 0.00457599 0.0028013 0.00356293 0.00416994 0.00477344 0.00204718 0.00468792 0.00433408 0.00507836 0.00457599 0.0061242 0.00589229
internal_weight=129966 102936 77913 25023 13451 11457 8872 3285 74628 39149 35479 22018 4074 13461
internal_count=129966 102936 77913 25023 13451 11457 8872 3285 74628 39149 35479 22018 4074 13461
cat_boundaries=0 1 2 3 4 5 6 7
cat_threshold=493345 622985224 3174410 524356 1579082 4 2
is_linear=0
shrinkage=0.05


Tree=129
num_leaves=15
num_cat=7
split_feature=0 2 8 8 8 2 8 2 2 2 6 7 3 6
split_gain=7255.91 25.9948 10.2765 6.87731 9.67489 5.28135 5.0711 5.77286 4.9823 4.93607 4.69706 3.78275 3.32622 3.28537
threshold=0 1 22.500000000000004 1.5000000000000002 11.500000000000002 2 10.500000000000002 3 4 5 10.500000000000002 3.5000000000000004 6 10.500000000000002
decision_type=1 9 2 2 2 9 2 9 9 9 2 2 9 2
left_child=1 3 6 -1 10 -4 7 -3 13 -8 12 -9 -5 -6
right_child=-2 2 5 4 8 -7 9 11 -10 -11 -12 -13 -14 -15
leaf_value=-4.6677075825130036e-05 -6.6882898617914862e-05 6.6882898617914862e-05 6.6882898617914862e-05 -0.0016996459711362544 -0.0018527994846814111 -1.2863199251267333e-05 6.6882898617914862e-05 6.6882898617914862e-05 6.6882898617914862e-05 6.6882898617914862e-05 6.6882898617914862e-05 6.6882898617914862e-05 6.6882898617914862e-05 0.0037546579543356719
leaf_weight=2002 26972 17125 1947 352 818 1378 6099 11005 11137 32493 2397 7792 7726 622
leaf_count=2002 26972 17125 1947 352 818 1378 6099 11005 11137 32493 2397 7792 7726 622
internal_value=-0.00191218 0.00413958 0.00459126 0.002735 0.00298022 0.00187218 0.00471321 0.00428567 0.0020454 0.00511116 0.00410263 0.00489578 0.00467938 -0.000724138
internal_weight=129865 102893 77839 25054 23052 3325 74514 35922 12577 38592 10475 18797 8078 1440
internal_count=129865 102893 77839 25054 23052 3325 74514 35922 12577 38592 10475 18797 8078 1440
cat_boundaries=0 1 2 3 4 5 6 7
cat_threshold=12 493345 3174410 7360514 65569 524354 19005448
is_linear=0
shrinkage=0.05


Tree=130
num_leaves=15
num_cat=9
split_feature=5 2 8 8 8 8 2 2 4 2 2 3 2 4
split_gain=7286.53 22.8538 9.99219 7.36411 11.3953 5.16252 8.4188 4.95709 4.30253 3.49964 3.49646 3.29019 3.01742 2.91893
threshold=1.5000000000000002 0 22.500000000000004 1.5000000000000002 11.500000000000002 1.5000000000000002 1 2 3 4 5 6 7 8
decision_type=2 9 2 2 2 2 9 9 1 9 9 9 9 1
left_child=-1 3 5 -2 11 6 -3 -4 -8 -6 -10 -5 13 -13
right_child=1 2 7 4 9 -7 8 -9 10 -11 -12 12 -14 -15
leaf_value=-6.3538753687009125e-05 -4.4343222033882415e-05 2.9357028401344465e-05 6.3538753687009125e-05 0.00011145184186295287 6.3538753687009125e-05 6.3538753687009125e-05 6.3538753687009125e-05 -1.2220039288690643e-05 6.3538753687009125e-05 7.4611441724226079e-05 6.3538753687009125e-05 6.3538753687009125e-05 6.3538753687009125e-05 6.3538753687009125e-05
leaf_weight=27026 2006 1448 1930 474 9717 67910 974 1374 827 2857 3395 1277 3015 5658
leaf_count=27026 2006 1448 1930 474 9717 67910 974 1374 827 2857 3395 1277 3015 5658
internal_value=-0.00189625 0.00417404 0.00459688 0.0028544 0.00310897 0.00471672 0.00338651 0.00190678 0.00432194 0.00209559 0.00502132 0.00433135 0.00452309 0.00510799
internal_weight=129888 102862 77858 25004 22998 74554 6644 3304 5196 12574 4222 10424 9950 6935
internal_count=129888 102862 77858 25004 22998 74554 6644 3304 5196 12574 4222 10424 9950 6935
cat_boundaries=0 1 2 3 4 5 6 7 8 9
cat_threshold=493345 4226 3174410 4 427520 532544 19005512 427008 4
is_linear=0
shrinkage=0.05


Tree=131
num_leaves=15
num_cat=7
split_feature=5 2 8 8 8 6 8 2 2 2 2 8 3 3
split_gain=7265.93 25.299 8.22302 6.10691 10.1715 6.69831 4.77532 8.05377 4.47835 3.6295 3.49574 4.52114 3.13983 3.09669
threshold=1.5000000000000002 0 22.500000000000004 1.5000000000000002 11.500000000000002 10.500000000000002 1.5000000000000002 1 2 3 4 14.500000000000002 5 6
decision_type=2 9 2 2 2 2 2 9 9 9 9 2 9 9
left_child=-1 3 6 -2 5 12 7 -3 -4 13 11 -6 -5 -7
right_child=1 2 8 4 10 9 -8 -9 -10 -11 -12 -13 -14 -15
leaf_value=-6.0361816002663105e-05 0.00011775093440735684 6.0502839829990054e-05 -1.160903732424501e-05 0.00063586656884366826 -0.038674221060839065 6.0361816002663105e-05 6.0361816002663105e-05 6.0361816002663105e-05 6.0361816002663105e-05 5.2609235121359181e-05 6.0361816002663105e-05 8.5795822346690365e-05 6.0361816002663105e-05 6.0361816002663105e-05
leaf_weight=27017 2002 1454 1099 392 236 495 67927 5180 2238 1346 11454 922 7692 561
leaf_count=27017 2002 1454 1099 392 236 495 67927 5180 2238 1346 11454 922 7692 561
internal_value=-0.00192112 0.0041326 0.00457784 0.00274791 0.00297861 0.00412932 0.0046871 0.00340669 0.00215013 0.00181099 0.00202188 -0.000599315 0.00481816 0.00398687
internal_weight=130015 102998 77898 25100 23098 10486 74561 6634 3337 2402 12612 1158 8084 1056
internal_count=130015 102998 77898 25100 23098 10486 74561 6634 3337 2402 12612 1158 8084 1056
cat_boundaries=0 1 2 3 4 5 7 9
cat_threshold=493345 4226 4720768 33792 65568 622985224 1024 1090523136 32832
is_linear=0
shrinkage=0.05


Tree=132
num_leaves=15
num_cat=7
split_feature=0 2 8 8 8 6 3 2 8 2 2 2 6 6
split_gain=7303.66 24.1591 12.546 8.59384 7.62432 6.33478 5.29109 4.44589 4.41359 4.67948 4.22029 3.48202 3.43597 4.05662
threshold=0 1 22.500000000000004 1.5000000000000002 11.500000000000002 10.500000000000002 2 3 10.500000000000002 4 5 6 7.5000000000000009 8.5000000000000018
decision_type=1 9 2 2 2 2 9 9 2 9 9 9 2 2
left_child=1 3 8 -1 5 6 -5 -4 9 -3 -10 -7 -6 -14
right_child=-2 2 7 4 12 11 -8 -9 10 -11 -12 -13 13 -15
leaf_value=0.00011186338768698345 -5.7343725202541054e-05 5.7343725202541054e-05 -1.1110616707998844e-05 -0.023855271953865099 5.7343725202541054e-05 5.7343725202541054e-05 5.7343725202541054e-05 5.7343725202541054e-05 5.7343725202541054e-05 5.7343725202541054e-05 5.7343725202541054e-05 4.110328158555277e-05 -0.00027382669227176136 5.7343725202541054e-05
leaf_weight=2440 27139 15162 1099 467 7615 1037 9820 1998 11527 18330 24755 1326 1267 6113
leaf_count=2440 27139 15162 1099 467 7615 1037 9820 1998 11527 18330 24755 1326 1267 6113
internal_value=-0.0019211 0.00416205 0.00465519 0.00296644 0.00321848 0.00412253 0.00465879 0.00154181 0.00479405 0.00438015 0.00517612 0.00178798 0.00245582 0.00168699
internal_weight=130095 102956 72871 30085 27645 12650 10287 3097 69774 33492 36282 2363 14995 7380
internal_count=130095 102956 72871 30085 27645 12650 10287 3097 69774 33492 36282 2363 14995 7380
cat_boundaries=0 1 2 3 4 5 6 7
cat_threshold=12 493347 555876360 4720768 7344256 6307968 33792
is_linear=0
shrinkage=0.05


Tree=133
num_leaves=15
num_cat=8
split_feature=0 2 8 8 8 6 2 8 2 2 4 3 6 2
split_gain=7244.11 22.6697 9.45527 7.94779 9.76339 5.87526 5.33855 4.85841 7.29941 3.55127 3.3354 3.16991 3.01018 6.09423
threshold=0 1 22.500000000000004 1.5000000000000002 11.500000000000002 10.500000000000002 2 1.5000000000000002 3 4 5 6 3.5000000000000004 7
decision_type=1 9 2 2 2 2 9 2 9 9 1 9 2 9
left_child=1 3 7 -1 5 -5 -4 8 -3 11 -10 -6 -12 -14
right_child=-2 2 6 4 9 -7 -8 -9 10 -11 12 -13 13 -15
leaf_value=-0.00032988034315832864 -5.4476538942416219e-05 6.1846809301702169e-05 -1.0473054622650579e-05 5.4476538942416219e-05 5.4476538942416219e-05 5.4476538942416219e-05 5.4476538942416219e-05 5.4476538942416219e-05 5.4476538942416219e-05 6.3723892260569845e-05 5.4476538942416219e-05 5.4476538942416219e-05 5.4476538942416219e-05 5.4476538942416219e-05
leaf_weight=2002 26927 1469 1279 8061 3963 2352 2009 67949 978 2875 1192 5808 626 2401
leaf_count=2002 26927 1469 1279 8061 3963 2352 2009 67949 978 2875 1192 5808 626 2401
internal_value=-0.00190602 0.00413308 0.00455476 0.00282099 0.00308448 0.00421828 0.00193127 0.00467098 0.00338284 0.00215088 0.00425869 0.00260454 0.00487675 0.00403865
internal_weight=129891 102964 77903 25061 23059 10413 3288 74615 6666 12646 5197 9771 4219 3027
internal_count=129891 102964 77903 25061 23059 10413 3288 74615 6666 12646 5197 9771 4219 3027
cat_boundaries=0 1 2 3 4 5 6 8 9
cat_threshold=12 493345 4720832 4226 427520 4 1462502400 17408 532544
is_linear=0
shrinkage=0.05


Tree=134
num_leaves=15
num_cat=6
split_feature=5 2 8 8 8 8 6 2 2 2 8 2 4 7
split_gain=7255.56 22.7502 11.9108 9.34054 10.7395 6.25166 5.94587 5.86566 4.15875 3.24417 3.08356 4.1254 5.7187 2.95562
threshold=1.5000000000000002 0 22.500000000000004 1.5000000000000002 12.500000000000002 10.500000000000002 10.500000000000002 1 2 3 1.5000000000000002 4 5 3.5000000000000004
decision_type=2 9 2 2 2 2 2 9 9 9 2 9 1 2
left_child=-1 3 5 -2 6 7 -5 10 -4 -6 11 -3 -13 -9
right_child=1 2 8 4 9 -7 -8 13 -10 -11 -12 12 -14 -15
leaf_value=-5.1752711995289863e-05 5.1979070970242797e-05 5.1752711995289863e-05 5.1752711995289863e-05 5.1752711995289863e-05 6.0537697647533588e-05 5.1752711995289863e-05 5.1752711995289863e-05 5.1752711995289863e-05 -9.9494018915180515e-06 5.1752711995289863e-05 5.1752711995289863e-05 -0.0002849681610976429 0.0016683277222766968 5.1752711995289863e-05
leaf_weight=26938 2446 1647 1725 11248 2329 36348 2588 9865 1376 11446 13424 811 816 7027
leaf_count=26938 2446 1647 1725 11248 2329 36348 2588 9865 1376 11446 13424 811 816 7027
internal_value=-0.0018945 0.00414274 0.00461984 0.00298084 0.00324418 0.00475493 0.0042281 0.00426317 0.0015882 0.0022559 0.0035881 0.00221442 0.00041234 0.00492545
internal_weight=130034 103096 73039 30057 27611 69938 13836 33590 3101 13775 16698 3274 1627 16892
internal_count=130034 103096 73039 30057 27611 69938 13836 33590 3101 13775 16698 3274 1627 16892
cat_boundaries=0 1 2 3 4 5 6
cat_threshold=493347 7360640 3174408 65824 5259264 1
is_linear=0
shrinkage=0.05


Tree=135
num_leaves=15
num_cat=6
split_feature=5 2 8 8 8 8 2 6 2 7 2 3 3 8
split_gain=7260.39 19.4947 9.52031 7.69498 10.3042 5.84463 5.7283 5.11096 4.72427 4.23758 4.00965 3.95351 3.85585 3.24246
threshold=1.5000000000000002 0 22.500000000000004 1.5000000000000002 12.500000000000002 10.500000000000002 1 10.500000000000002 2 3.5000000000000004 3 4 5 5.5000000000000009
decision_type=2 9 2 2 2 2 9 2 9 2 9 9 9 2
left_child=-1 3 5 -2 7 6 12 11 -4 -8 -7 -5 -3 -11
right_child=1 2 8 4 -6 10 9 -9 -10 13 -12 -13 -14 -15
leaf_value=-4.9165076395518703e-05 0.00013965084159863749 4.9165076395518703e-05 -9.5339630469037932e-06 0.0009852900569326307 4.9165076395518703e-05 4.9165076395518703e-05 4.9165076395518703e-05 4.9165076395518703e-05 4.9165076395518703e-05 4.9165076395518703e-05 4.9165076395518703e-05 4.9165076395518703e-05 4.9165076395518703e-05 4.9165076395518703e-05
leaf_weight=27002 2417 8627 1112 518 13755 19511 9898 2588 2013 3818 16926 10763 8029 3212
leaf_count=27002 2417 8627 1112 518 13755 19511 9898 2588 2013 3818 16926 10763 8029 3212
internal_value=-0.00191779 0.00412237 0.00456354 0.00304566 0.00328338 0.00468467 0.00420885 0.00424508 0.001864 0.00486185 0.00512323 0.00470481 0.00354014 0.00392603
internal_weight=130189 103187 73146 30041 27624 70021 33584 13869 3125 16928 36437 11281 16656 7030
internal_count=130189 103187 73146 30041 27624 70021 33584 13869 3125 16928 36437 11281 16656 7030
cat_boundaries=0 1 2 3 4 5 7
cat_threshold=493347 7360640 4720768 536652 622985224 135232 53252
is_linear=0
shrinkage=0.05


Tree=136
num_leaves=15
num_cat=7
split_feature=5 2 8 8 8 2 6 2 3 8 2 2 8 2
split_gain=7304.55 20.4369 10.5332 9.83499 10.9442 5.63593 4.93593 4.82612 4.68557 4.62748 7.16374 3.66807 3.51518 4.33489
threshold=1.5000000000000002 0 22.500000000000004 1.5000000000000002 11.500000000000002 1 10.500000000000002 2 3 10.500000000000002 4 5 1.5000000000000002 6
decision_type=2 9 2 2 2 9 2 9 9 2 9 9 2 9
left_child=-1 3 9 -2 6 -4 8 -6 -5 10 -3 -11 13 -12
right_child=1 2 5 4 7 -7 -8 -9 -10 11 12 -13 -14 -15
leaf_value=-4.6706822575748323e-05 -2.3231991975813938e-05 4.6706822575748323e-05 4.6706822575748323e-05 -9.9426451116713121e-08 5.5052558945378752e-05 -9.0572648945741473e-06 4.6706822575748323e-05 4.6706822575748323e-05 4.6706822575748323e-05 4.6706822575748323e-05 4.6706822575748323e-05 4.6706822575748323e-05 4.6706822575748323e-05 1.5971522657931559e-05
leaf_weight=27166 2428 13789 1729 469 2868 1368 2364 12205 9761 20857 2092 15391 15906 1638
leaf_count=27166 2428 13789 1729 469 2868 1368 2364 12205 9761 20857 2092 15391 15906 1638
internal_value=-0.00193973 0.00415034 0.00460429 0.00305016 0.00331894 0.0017517 0.00440686 0.00240994 0.0048827 0.00473175 0.0043074 0.00512304 0.00368523 0.00230563
internal_weight=130031 102865 72770 30095 27667 3097 12594 15073 10230 69673 33425 36248 19636 3730
internal_count=130031 102865 72770 30095 27667 3097 12594 15073 10230 69673 33425 36248 19636 3730
cat_boundaries=0 1 2 3 4 5 6 7
cat_threshold=493347 3174408 65825 622985224 532556 1585224 5261312
is_linear=0
shrinkage=0.05


Tree=137
num_leaves=15
num_cat=7
split_feature=0 2 8 8 8 8 2 6 3 8 2 3 2 7
split_gain=7294.38 21.8644 11.1614 7.66776 8.48046 6.09405 6.76635 4.85093 5.18254 4.42243 4.4311 4.14345 3.77265 3.57647
threshold=0 1 22.500000000000004 1.5000000000000002 11.500000000000002 10.500000000000002 2 10.500000000000002 3 1.5000000000000002 4 5 6 3.5000000000000004
decision_type=1 9 2 2 2 2 9 2 9 2 9 9 9 2
left_child=1 3 5 -1 7 6 9 8 -5 10 -3 -11 -4 -8
right_child=-2 2 12 4 -6 -7 13 -9 -10 11 -12 -13 -14 -15
leaf_value=0.00019450114233758866 -4.4371481446958688e-05 4.4371481446958688e-05 -8.5223703998771338e-06 -0.00051383698949241112 4.4371481446958688e-05 4.4371481446958688e-05 4.4371481446958688e-05 4.4371481446958688e-05 4.4371481446958688e-05 4.4371481446958688e-05 1.0577536823319633e-05 4.4371481446958688e-05 4.4371481446958688e-05 4.4371481446958688e-05
leaf_weight=2404 27101 1650 1273 484 15020 36320 9895 2377 9752 3505 1607 9880 1813 7014
leaf_count=2404 27101 1650 1273 484 15020 36320 9895 2377 9752 3505 1607 9880 1813 7014
internal_value=-0.00191533 0.00415858 0.00462709 0.00301944 0.00325607 0.0047577 0.00427185 0.00421192 0.00468445 0.00354612 0.00189592 0.00395032 0.00168503 0.00498109
internal_weight=130095 102994 72957 30037 27633 69871 33551 12613 10236 16642 3257 13385 3086 16909
internal_count=130095 102994 72957 30037 27633 69871 33551 12613 10236 16642 3257 13385 3086 16909
cat_boundaries=0 1 2 3 4 5 7 8
cat_threshold=12 493347 7360640 622985224 5259264 541200448 20480 4720832
is_linear=0
shrinkage=0.05


Tree=138
num_leaves=15
num_cat=7
split_feature=5 2 8 8 8 8 2 6 2 3 8 2 2 3
split_gain=7260.94 23.3494 10.7525 7.337 11.0115 6.54192 7.65829 6.332 6.0929 4.33277 3.66819 4.61684 3.08161 3.01921
threshold=1.5000000000000002 0 22.500000000000004 1.5000000000000002 11.500000000000002 10.500000000000002 1 10.500000000000002 2 3 1.5000000000000002 4 5 6
decision_type=2 9 2 2 2 2 9 2 9 9 2 9 9 9
left_child=-1 3 5 13 7 6 10 9 -4 -5 11 -3 -6 -2
right_child=1 2 8 4 12 -7 -8 -9 -10 -11 -12 -13 -14 -15
leaf_value=-4.2152907374615195e-05 0.016989340013391852 4.2152907374615195e-05 -8.1782831298671265e-06 2.2566448898486691e-05 5.9236331315326574e-05 4.2152907374615195e-05 4.2152907374615195e-05 4.2152907374615195e-05 4.2152907374615195e-05 4.2152907374615195e-05 4.2152907374615195e-05 1.0048659982153653e-05 4.2152907374615195e-05 -0.00092710504683277692
leaf_weight=27056 375 1629 1288 480 2866 36269 16847 2389 1803 9733 13447 1599 12180 2041
leaf_count=27056 375 1629 1288 480 2866 36269 16847 2389 1803 9733 13447 1599 12180 2041
internal_value=-0.00195035 0.00410749 0.00459172 0.0029311 0.00316298 0.00472016 0.00421663 0.00425329 0.00170657 0.00479536 0.00344771 0.00193618 0.00224977 0.000289735
internal_weight=130002 102946 72882 30064 27648 69791 33522 12602 3091 10213 16675 3228 15046 2416
internal_count=130002 102946 72882 30064 27648 69791 33522 12602 3091 10213 16675 3228 15046 2416
cat_boundaries=0 1 2 3 4 5 6 7
cat_threshold=493347 7360640 4720832 622985224 5259264 65825 1536
is_linear=0
shrinkage=0.05


Tree=139
num_leaves=15
num_cat=7
split_feature=0 2 8 8 8 6 8 2 7 3 8 3 2 2
split_gain=7249.84 23.5999 11.0811 10.4869 10.2007 5.60707 5.44842 8.57791 5.13288 5.09624 4.3545 4.73322 4.49401 4.32171
threshold=0 1 1.5000000000000002 12.500000000000002 22.500000000000004 10.500000000000002 11.500000000000002 2 3.5000000000000004 3 1.5000000000000002 4 5 6
decision_type=1 9 2 2 2 2 2 9 2 9 2 9 9 9
left_child=1 2 -1 5 6 9 7 8 -3 -4 12 -12 -9 -8
right_child=-2 4 3 -5 -6 -7 13 10 -10 -11 11 -13 -14 -15
leaf_value=-0.00060702215309613736 -4.0045262005894425e-05 4.0045262005894425e-05 -0.02526859781447377 4.0045262005894425e-05 4.0045262005894425e-05 4.0045262005894425e-05 4.0045262005894425e-05 4.0045262005894425e-05 4.0045262005894425e-05 4.0045262005894425e-05 4.0045262005894425e-05 4.0045262005894425e-05 -3.7488863222190363e-06 4.0045262005894425e-05
leaf_weight=2371 27059 10603 464 13801 3100 2601 19768 1642 7576 10865 5771 9240 1627 13415
leaf_count=2371 27059 10603 464 13801 3100 2601 19768 1642 7576 10865 5771 9240 1627 13415
internal_value=-0.00196781 0.00409172 0.0029108 0.00319228 0.00457994 0.00416009 0.00470549 0.00428358 0.00505663 0.00464074 0.00351011 0.00387216 0.00185837 0.00516906
internal_weight=129903 102844 30102 27731 72742 13930 69642 36459 18179 11329 18280 15011 3269 33183
internal_count=129903 102844 30102 27731 72742 13930 69642 36459 18179 11329 18280 15011 3269 33183
cat_boundaries=0 1 2 3 4 6 7 8
cat_threshold=12 493347 534604 622985216 659520 53248 5259264 1579080
is_linear=0
shrinkage=0.05


Tree=140
num_leaves=15
num_cat=8
split_feature=5 2 8 8 8 8 2 4 6 2 2 3 3 4
split_gain=7292.19 22.5333 9.87352 7.92955 10.5917 6.91772 11.7399 6.99399 5.53954 4.38113 4.37505 3.01493 2.90958 2.85645
threshold=1.5000000000000002 0 22.500000000000004 1.5000000000000002 11.500000000000002 1.5000000000000002 1 2 10.500000000000002 3 4 5 6 7
decision_type=2 9 2 2 2 2 9 1 2 9 9 9 9 1
left_child=-1 3 5 -2 8 6 -3 -8 12 11 13 -6 -5 -4
right_child=1 2 10 4 9 -7 7 -9 -10 -11 -12 -13 -14 -15
leaf_value=-3.8042998905596374e-05 -0.00032070302157267695 -3.5614420061058639e-06 4.8016135644934903e-05 0.0018932847388401287 3.8042998905596374e-05 3.8042998905596374e-05 3.8042998905596374e-05 3.8042998905596374e-05 3.8042998905596374e-05 4.5117277259709713e-05 -9.6896008237035147e-06 3.8042998905596374e-05 3.8042998905596374e-05 3.8042998905596374e-05
leaf_weight=27075 1988 2015 611 374 7625 67933 2291 2340 2411 2870 1346 2170 7691 1363
leaf_count=27075 1988 2015 611 374 7625 67933 2291 2340 2411 2870 1346 2170 7691 1363
internal_value=-0.00190868 0.00415955 0.00458002 0.00285314 0.0031146 0.00469938 0.0031598 0.00454105 0.00429076 0.00214173 0.00191265 0.00264406 0.0049194 0.00340222
internal_weight=130103 103028 77899 25129 23141 74579 6646 4631 10476 12665 3320 9795 8065 1974
internal_count=130103 103028 77899 25129 23141 74579 6646 4631 10476 12665 3320 9795 8065 1974
cat_boundaries=0 1 2 3 4 5 7 8 9
cat_threshold=493345 2101378 1 427520 3174410 1078071880 53316 90308616 2
is_linear=0
shrinkage=0.05


Tree=141
num_leaves=15
num_cat=6
split_feature=5 8 8 6 1 1 3 3 4 8 3 7 8 7
split_gain=7267.68 11.2065 11.3836 4.34053 4.80115 3.81451 2.88527 2.56078 2.3937 2.2026 2.19252 2.15568 3.11199 3.43499
threshold=1.5000000000000002 1.5000000000000002 22.500000000000004 10.500000000000002 0 1 2 3 4 14.500000000000002 5 2.5000000000000004 2.5000000000000004 1.5000000000000002
decision_type=2 2 2 2 1 1 9 9 1 2 9 2 2 2
left_child=-1 7 3 10 6 -4 -5 -2 9 -8 -3 12 -6 -14
right_child=1 2 5 4 11 -7 8 -9 -10 -11 -12 -13 13 -15
leaf_value=-3.614084896030878e-05 3.614084896030878e-05 3.614084896030878e-05 3.614084896030878e-05 -0.039848093630675312 0.00043633902019075689 3.614084896030878e-05 0.0026802806631257116 3.614084896030878e-05 -6.9199529111685373e-05 2.7864454645976089e-05 3.614084896030878e-05 3.614084896030878e-05 3.614084896030878e-05 3.614084896030878e-05
leaf_weight=27010 2146 41932 1969 504 226 2330 212 6498 314 135 34996 6867 3147 1660
leaf_count=27010 2146 41932 1969 504 226 2330 212 6498 314 135 34996 6867 3147 1660
internal_value=-0.00191618 0.00414092 0.00429888 0.00441895 0.00357635 0.0017853 0.000489362 0.00241786 0.00264531 0.00554755 0.00456206 0.0038749 0.00466422 0.00439463
internal_weight=129946 102936 94292 89993 13065 4299 1165 8644 661 347 76928 11900 5033 4807
internal_count=129946 102936 94292 89993 13065 4299 1165 8644 661 347 76928 11900 5033 4807
cat_boundaries=0 1 2 4 6 7 9
cat_threshold=2 20 1073873921 49152 84018688 64 1 1376260160 49216
is_linear=0
shrinkage=0.05


Tree=142
num_leaves=15
num_cat=6
split_feature=5 2 8 8 8 8 2 4 6 2 7 2 6 2
split_gain=7262.94 19.196 10.4304 9.8259 10.6917 5.26973 9.14179 5.93538 5.00628 4.59294 2.9238 2.88227 2.73097 2.56462
threshold=1.5000000000000002 0 22.500000000000004 1.5000000000000002 12.500000000000002 1.5000000000000002 1 2 10.500000000000002 3 1.5000000000000002 4 7.5000000000000009 5
decision_type=2 9 2 2 2 2 9 1 2 9 2 9 2 9
left_child=-1 3 5 -2 8 6 -3 -8 -5 12 -9 -6 -4 -10
right_child=1 2 9 4 11 -7 7 10 13 -11 -12 -13 -14 -15
leaf_value=-3.4333806512298892e-05 3.5676755601521397e-05 1.7295520354898564e-05 3.4333806512298892e-05 3.4333806512298892e-05 5.9094323657415959e-05 3.4333806512298892e-05 3.4333806512298892e-05 3.4333806512298892e-05 3.4333806512298892e-05 -1.101216323053933e-05 3.4333806512298892e-05 3.4333806512298892e-05 0.02609612891393407 3.5533457737213503e-05
leaf_weight=26993 2435 1895 1450 11262 2672 63458 819 1045 1122 1351 2451 11206 274 1432
leaf_count=26993 2435 1895 1450 11262 2672 63458 819 1045 1122 1351 2451 11206 274 1432
internal_value=-0.00191641 0.00414058 0.00458091 0.00307492 0.00334368 0.00470733 0.00331723 0.00458382 0.00432831 0.00173171 0.00549199 0.00236345 0.00343137 0.00232968
internal_weight=129865 102872 72743 30129 27694 69668 6210 4315 13816 3075 3496 13878 1724 2554
internal_count=129865 102872 72743 30129 27694 69668 6210 4315 13816 3075 3496 13878 1724 2554
cat_boundaries=0 1 2 3 4 5 6
cat_threshold=493347 2117760 4 3174408 65825 33792
is_linear=0
shrinkage=0.05


Tree=143
num_leaves=15
num_cat=5
split_feature=5 2 8 8 8 8 2 2 8 7 6 4 6 2
split_gain=7256.79 24.0265 12.4784 9.17697 10.9169 6.48942 7.13023 5.34243 5.42412 5.16462 4.5834 4.41646 3.83498 3.73088
threshold=1.5000000000000002 0 22.500000000000004 1.5000000000000002 11.500000000000002 11.500000000000002 1 2 13.500000000000002 3.5000000000000004 10.500000000000002 3 11.500000000000002 4
decision_type=2 9 2 2 2 2 9 9 2 2 2 1 2 9
left_child=-1 3 5 -2 10 6 9 8 -7 -3 -5 12 -9 -4
right_child=1 2 13 4 -6 7 -8 11 -10 -11 -12 -13 -14 -15
leaf_value=-3.2617116186672848e-05 -8.2764483555575202e-05 3.2617116186672848e-05 3.2617116186672848e-05 3.2617116186672848e-05 3.2617116186672848e-05 3.2617116186672848e-05 3.2617116186672848e-05 3.2617116186672848e-05 3.2617116186672848e-05 3.2617116186672848e-05 3.2617116186672848e-05 3.2617116186672848e-05 -0.042752430188500813 -1.0461555069030128e-05
leaf_weight=27015 2419 10626 1748 10131 14976 3626 18399 3871 16181 7610 2390 9237 312 1380
leaf_count=27015 2419 10626 1748 10131 14976 3626 18399 3871 16181 7610 2390 9237 312 1380
internal_value=-0.00193675 0.00411784 0.00460753 0.00292054 0.00318126 0.0047465 0.00428757 0.00525251 0.00471691 0.00499288 0.00427083 0.006035 0.00469161 0.00151854
internal_weight=129921 102906 72990 29916 27497 69862 36635 33227 19807 18236 12521 13420 4183 3128
internal_count=129921 102906 72990 29916 27497 69862 36635 33227 19807 18236 12521 13420 4183 3128
cat_boundaries=0 1 2 3 4 5
cat_threshold=493347 534604 1579080 2 3174408
is_linear=0
shrinkage=0.05


Tree=144
num_leaves=15
num_cat=6
split_feature=0 2 8 8 8 8 2 6 2 3 7 8 1 6
split_gain=7233.72 19.2437 11.8053 10.0919 9.2471 5.80842 6.24861 4.95668 4.79181 4.7332 3.71509 4.01477 4.67805 3.66541
threshold=0 1 22.500000000000004 1.5000000000000002 11.500000000000002 10.500000000000002 2 10.500000000000002 3 4 3.5000000000000004 5.5000000000000009 5 11.500000000000002
decision_type=1 9 2 2 2 2 9 2 9 9 2 2 1 2
left_child=1 3 5 -1 7 6 -3 9 -4 -5 -8 13 -13 -12
right_child=-2 2 8 4 -6 -7 10 -9 -10 -11 11 12 -14 -15
leaf_value=-0.00015892542109101628 -3.0986260377341424e-05 3.0986260377341424e-05 3.0986260377341424e-05 -6.1775826619392413e-05 3.0986260377341424e-05 3.0986260377341424e-05 3.0986260377341424e-05 3.0986260377341424e-05 -9.9384773155630768e-06 3.0986260377341424e-05 3.0986260377341424e-05 3.0986260377341424e-05 3.0986260377341424e-05 -0.047469013739622673
leaf_weight=2403 27067 16595 1406 501 14931 36189 9829 2357 1660 9728 3554 335 2878 237
leaf_count=2403 27067 16595 1406 501 14931 36189 9829 2357 1660 9728 3554 335 2878 237
internal_value=-0.00200316 0.00406308 0.00450353 0.00299198 0.00326435 0.00463788 0.00416268 0.00426267 0.00146771 0.00473898 0.00484623 0.00396916 0.00266885 0.00507122
internal_weight=129670 102603 72683 29920 27517 69617 33428 12586 3066 10229 16833 7004 3213 3791
internal_count=129670 102603 72683 29920 27517 69617 33428 12586 3066 10229 16833 7004 3213 3791
cat_boundaries=0 1 2 3 4 5 6
cat_threshold=12 493347 7360640 1077256 627179528 1
is_linear=0
shrinkage=0.05


Tree=145
num_leaves=15
num_cat=5
split_feature=5 2 8 8 8 2 6 8 2 2 8 2 5 8
split_gain=7245.24 22.3429 12.0487 7.60437 10.4851 6.84142 5.80581 5.44413 7.03225 6.42117 4.31605 7.75588 5.11079 3.89037
threshold=1.5000000000000002 0 22.500000000000004 1.5000000000000002 11.500000000000002 1 10.500000000000002 11.500000000000002 2 3 21.500000000000004 4 3.0000000000000004 13.500000000000002
decision_type=2 9 2 2 2 9 2 2 9 9 2 9 2 2
left_child=-1 3 7 -2 6 -4 -5 8 -3 13 12 -12 -11 -9
right_child=1 2 5 4 -6 -7 -8 9 -10 10 11 -13 -14 -15
leaf_value=-2.9436947358485456e-05 -0.00029617425548982283 2.9436947358485456e-05 2.9436947358485456e-05 2.9436947358485456e-05 2.9436947358485456e-05 -9.5235846997443474e-06 2.9436947358485456e-05 2.9436947358485456e-05 2.9436947358485456e-05 2.9436947358485456e-05 -0.043040335522368078 2.9436947358485456e-05 2.9436947358485456e-05 2.9436947358485456e-05
leaf_weight=27026 1996 15974 1664 8061 12591 1671 2360 3816 23217 3402 422 843 10136 16794
leaf_count=27026 1996 15974 1664 8061 12591 1671 2360 3816 23217 3402 422 843 10136 16794
internal_value=-0.00195983 0.00408875 0.00450647 0.002784 0.00304189 0.00156672 0.00421505 0.00463849 0.00423248 0.00508782 0.00589178 0.00310277 0.00615674 0.00450533
internal_weight=129973 102947 77939 25008 23012 3335 10421 74604 39191 35413 14803 1265 13538 20610
internal_count=129973 102947 77939 25008 23012 3335 10421 74604 39191 35413 14803 1265 13538 20610
cat_boundaries=0 1 2 3 4 5
cat_threshold=493345 1077258 526412 530510 1073152
is_linear=0
shrinkage=0.05


Tree=146
num_leaves=15
num_cat=6
split_feature=5 2 8 8 8 6 3 2 8 2 2 7 7 2
split_gain=7257.73 25.3943 10.5047 6.17405 10.0867 5.28886 4.66954 4.62106 4.27981 7.77229 6.3056 3.63212 3.4701 3.3417
threshold=1.5000000000000002 0 22.500000000000004 1.5000000000000002 11.500000000000002 10.500000000000002 1 2 11.500000000000002 3 4 3.5000000000000004 1.5000000000000002 5
decision_type=2 9 2 2 2 2 9 9 2 9 9 2 2 9
left_child=-1 3 8 -2 5 6 -5 12 9 11 -10 -3 -4 -6
right_child=1 2 7 4 13 -7 -8 -9 10 -11 -12 -13 -14 -15
leaf_value=-2.7965099990567845e-05 6.0786125828271587e-05 2.7965099990567845e-05 -8.7816150009523142e-05 2.7965099990567845e-05 2.7965099990567845e-05 2.7965099990567845e-05 2.7965099990567845e-05 -5.1516730223521996e-06 2.7965099990567845e-05 2.7965099990567845e-05 2.7965099990567845e-05 2.7965099990567845e-05 2.7965099990567845e-05 3.3447638569739092e-05
leaf_weight=26978 1988 9345 425 6211 9701 2393 1891 1650 7559 23272 27784 6567 1212 2844
leaf_count=26978 1988 9345 425 6211 9701 2393 1891 1650 7559 23272 27784 6567 1212 2844
internal_value=-0.00191766 0.00413741 0.00458342 0.00274782 0.0029796 0.00412339 0.0047334 0.00181777 0.00470601 0.00434616 0.00510497 0.00520349 0.00368852 0.00202272
internal_weight=129820 102842 77814 25028 23040 10495 8102 3287 74527 39184 35343 15912 1637 12545
internal_count=129820 102842 77814 25028 23040 10495 8102 3287 74527 39184 35343 15912 1637 12545
cat_boundaries=0 1 3 4 5 6 7
cat_threshold=493345 1376523265 32836 1077258 526412 1572930 427520
is_linear=0
shrinkage=0.05


Tree=147
num_leaves=15
num_cat=6
split_feature=5 2 8 8 8 8 2 4 6 2 7 2 2 7
split_gain=7264.39 23.283 10.4385 6.47187 11.0957 5.52368 9.45644 5.64091 5.03197 4.82737 4.64054 2.57495 2.54008 4.00064
threshold=1.5000000000000002 0 22.500000000000004 12.500000000000002 1.5000000000000002 1.5000000000000002 1 2 10.500000000000002 3 1.5000000000000002 4 5 2.5000000000000004
decision_type=2 9 2 2 2 2 9 1 2 9 2 9 9 2
left_child=-1 3 5 4 -2 6 7 -3 -6 10 -4 -5 13 -10
right_child=1 2 9 11 8 -7 -8 -9 12 -11 -12 -13 -14 -15
leaf_value=-2.6566844991049444e-05 0.000104671346600127 2.6566844991049444e-05 -8.4706326029992959e-05 2.6566844991049444e-05 2.6566844991049444e-05 2.6566844991049444e-05 2.6566844991049444e-05 2.6566844991049444e-05 2.6566844991049444e-05 -4.894089371232369e-06 3.1160334808899572e-05 3.6626088356062075e-05 2.7706513654712774e-05 2.6566844991049444e-05
leaf_weight=27027 2003 1925 423 8962 8827 67987 2751 1936 506 1663 1214 2632 1444 641
leaf_count=27027 2003 1925 423 8962 8827 67987 2751 1936 506 1663 1214 2632 1444 641
internal_value=-0.00193068 0.00412772 0.00455435 0.0027962 0.00354482 0.00467667 0.00329704 0.00488892 0.00414696 0.00180303 0.00371888 0.00193203 0.00220957 0.00395419
internal_weight=129941 102914 77899 25015 13421 74599 6612 3861 11418 3300 1637 11594 2591 1147
internal_count=129941 102914 77899 25015 13421 74599 6612 3861 11418 3300 1637 11594 2591 1147
cat_boundaries=0 1 2 3 4 5 6
cat_threshold=493345 4728908 1 1077258 427520 33792
is_linear=0
shrinkage=0.05


Tree=148
num_leaves=15
num_cat=7
split_feature=5 2 8 8 8 6 8 2 3 2 8 2 3 2
split_gain=7269.42 19.2618 9.57823 7.71831 9.62155 5.82467 5.66116 7.12758 5.2772 4.28061 4.22917 5.16228 4.59513 3.71082
threshold=1.5000000000000002 0 22.500000000000004 1.5000000000000002 12.500000000000002 10.500000000000002 10.500000000000002 1 2 3 1.5000000000000002 4 5 6
decision_type=2 9 2 2 2 2 2 9 9 9 2 9 9 9
left_child=-1 3 6 -2 5 8 7 10 -5 -4 11 -3 -12 -8
right_child=1 2 9 4 -6 -7 13 -9 -10 -11 12 -13 -14 -15
leaf_value=-2.5238502741498081e-05 0.00021239024754644565 2.5238502741498081e-05 -6.5562354989001654e-06 -3.3142428858501387e-05 2.5238502741498081e-05 2.5238502741498081e-05 2.5238502741498081e-05 2.5238502741498081e-05 2.5238502741498081e-05 2.9990840748572723e-05 2.5238502741498081e-05 -1.3868851147513795e-07 2.5238502741498081e-05 2.5238502741498081e-05
leaf_weight=27059 2413 1345 1408 554 13769 2576 11524 18360 10709 1649 2931 1595 9270 24850
leaf_count=27059 2413 1345 1408 554 13769 2576 11524 18360 10709 1649 2931 1595 9270 24850
internal_value=-0.00193828 0.004123 0.00456253 0.00305268 0.00329071 0.00422176 0.00468301 0.00421405 0.00471233 0.00182368 0.00340077 0.00170068 0.00381321 0.00511492
internal_weight=130012 102953 72932 30021 27608 13839 69875 33501 11263 3057 15141 2940 12201 36374
internal_count=130012 102953 72932 30021 27608 13839 69875 33501 11263 3057 15141 2940 12201 36374
cat_boundaries=0 1 2 4 5 6 8 9
cat_threshold=493347 7344256 627179528 1024 6817924 5242880 541069376 20480 6307968
is_linear=0
shrinkage=0.05


Tree=149
num_leaves=15
num_cat=7
split_feature=0 2 8 8 8 8 2 6 4 3 7 2 6 2
split_gain=7266.36 22.729 11.018 9.14916 9.2089 6.14411 11.6645 5.71797 5.6404 4.96682 4.52734 4.4219 4.36732 3.00503
threshold=0 1 22.500000000000004 1.5000000000000002 11.500000000000002 1.5000000000000002 2 10.500000000000002 3 4 2.5000000000000004 5 7.5000000000000009 6
decision_type=1 9 2 2 2 2 9 2 1 9 2 9 2 9
left_child=1 3 5 -1 7 6 -3 9 -8 -5 -7 -4 13 -6
right_child=-2 2 11 4 12 10 8 -9 -10 -11 -12 -13 -14 -15
leaf_value=4.1893739829523829e-05 -2.3976577604423179e-05 -1.3426867391208575e-05 -8.2173055701684212e-06 -0.0025043764053375829 -9.8628220932273092e-05 2.3976577604423179e-05 2.3976577604423179e-05 2.3976577604423179e-05 2.3976577604423179e-05 2.3976577604423179e-05 2.3976577604423179e-05 2.8491298711141867e-05 2.3976577604423179e-05 2.3976577604423179e-05
leaf_weight=2417 27027 1604 1096 439 203 27005 2310 2367 2309 9839 36414 1987 7423 7377
leaf_count=2417 27027 1604 1096 439 203 27005 2310 2367 2309 9839 36414 1987 7423 7377
internal_value=-0.00192637 0.00414008 0.00461917 0.00298005 0.00323893 0.00474929 0.00325004 0.0042329 0.00452041 0.00474314 0.0048964 0.00169478 0.00240119 0.00324538
internal_weight=129817 102790 72725 30065 27648 69642 6223 12645 4619 10278 63419 3083 15003 7580
internal_count=129817 102790 72725 30065 27648 69642 6223 12645 4619 10278 63419 3083 15003 7580
cat_boundaries=0 1 2 3 4 5 6 7
cat_threshold=12 493347 2101376 1 560070656 4720768 65792
is_linear=0
shrinkage=0.05


Tree=150
num_leaves=15
num_cat=8
split_feature=5 2 8 8 8 8 2 4 6 2 3 2 2 2
split_gain=7252.56 22.1161 7.90321 6.92413 8.79691 5.71912 11.46 6.69069 5.29098 4.81886 3.31258 3.28735 3.18886 3.02712
threshold=1.5000000000000002 0 22.500000000000004 1.5000000000000002 11.500000000000002 1.5000000000000002 1 2 10.500000000000002 3 4 5 6 7
decision_type=2 9 2 2 2 2 9 1 2 9 9 9 9 9
left_child=-1 3 5 -2 8 6 -3 -8 10 -4 -5 -10 -12 -6
right_child=1 2 9 4 13 -7 7 -9 11 -11 12 -13 -14 -15
leaf_value=-2.2777748724212013e-05 -7.6858348538966231e-05 5.3958928365460683e-07 2.6678211095476634e-05 2.2777748724212013e-05 2.2777748724212013e-05 2.2777748724212013e-05 2.2777748724212013e-05 2.2777748724212013e-05 2.2777748724212013e-05 2.5370733787744017e-05 -8.5412600472345454e-07 2.3860433954681073e-05 2.2777748724212013e-05 3.6638172595715447e-05
leaf_weight=27124 2025 2036 1693 3021 9737 67939 2300 2306 1050 1629 226 1346 4788 2852
leaf_count=27124 2025 2036 1693 3021 9737 67939 2300 2306 1050 1629 226 1346 4788 2852
internal_value=-0.00199851 0.00406176 0.00447775 0.00276492 0.0030126 0.00458461 0.00318428 0.00456023 0.00408638 0.00209211 0.00470131 0.00202421 0.00388137 0.00212289
internal_weight=130072 102948 77903 25045 23020 74581 6642 4606 10431 3322 8035 2396 5014 12589
internal_count=130072 102948 77903 25045 23020 74581 6642 4606 10431 3322 8035 2396 5014 12589
cat_boundaries=0 1 2 3 4 6 7 8 9
cat_threshold=493345 2101378 1 1077262 1376519169 64 33792 65537 427520
is_linear=0
shrinkage=0.05


Tree=151
num_leaves=15
num_cat=5
split_feature=5 8 8 6 4 8 5 7 3 7 3 1 7 1
split_gain=7254.89 12.2008 13.2805 6.13275 3.33013 5.33007 3.8176 4.31985 2.96966 2.69649 3.7712 2.68119 2.83322 2.34166
threshold=1.5000000000000002 1.5000000000000002 22.500000000000004 7.5000000000000009 0 21.500000000000004 3.0000000000000004 3.5000000000000004 1 3.5000000000000004 2 3 1.0000000180025095e-35 4
decision_type=2 2 2 2 1 2 2 2 9 2 9 1 2 1
left_child=-1 8 3 -3 9 -6 -7 11 -2 10 -5 12 -8 -4
right_child=1 2 13 4 5 6 7 -9 -10 -11 -12 -13 -14 -15
leaf_value=-2.1638861288009183e-05 2.1638861288009183e-05 2.1638861288009183e-05 2.1214163678551226e-05 2.1638861288009183e-05 2.1638861288009183e-05 -0.038975541867252855 -0.046184380669962 0.0067702622328211339 2.1638861288009183e-05 2.1638861288009183e-05 2.1638861288009183e-05 -0.045034530296915114 0.0049671923593348488 9.8938634347045534e-05
leaf_weight=27121 5539 57458 1947 3045 14862 196 55 231 3098 7408 6603 118 109 2365
leaf_count=27121 5539 57458 1947 3045 14862 196 55 231 3098 7408 6603 118 109 2365
internal_value=-0.00199128 0.00406516 0.00422974 0.00435949 0.00381203 0.00328335 -0.000952045 0.00131579 0.00226641 0.00429468 0.00484556 -0.00283688 0.00143678 0.00151902
internal_weight=130155 103034 94397 90085 32627 15571 709 513 8637 17056 9648 282 164 4312
internal_count=130155 103034 94397 90085 32627 15571 709 513 8637 17056 9648 282 164 4312
cat_boundaries=0 1 3 5 6 7
cat_threshold=1 1919160328 36868 373950016 33792 3 20
is_linear=0
shrinkage=0.05


Tree=152
num_leaves=15
num_cat=5
split_feature=5 2 8 8 2 8 6 7 2 8 2 4 6 5
split_gain=7249.45 19.3238 11.6881 11.6552 8.64349 5.51112 6.84765 4.63528 4.53065 3.19091 7.43359 5.5085 3.00427 3.66498
threshold=1.5000000000000002 0 22.500000000000004 1.5000000000000002 1 15.500000000000002 7.5000000000000009 4.5000000000000009 2 1.5000000000000002 3 4 8.5000000000000018 3.0000000000000004
decision_type=2 9 2 2 9 2 2 2 9 2 9 1 2 2
left_child=-1 3 9 -2 -5 -6 -7 -8 -4 10 -3 -12 -9 -14
right_child=1 2 8 4 5 6 7 12 -10 -11 11 -13 13 -15
leaf_value=-2.0556918223602064e-05 2.7434839832785054e-05 -1.3864446550204691e-05 -1.4021908698369501e-05 0.00013355751467831746 2.0556918223602064e-05 2.0556918223602064e-05 2.0556918223602064e-05 -0.043025295055725589 1.9690102538927337e-05 2.0556918223602064e-05 2.0556918223602064e-05 2.0556918223602064e-05 0.0040118679594938426 -0.0047310426911515886
leaf_weight=27040 2959 1042 1327 5109 17584 6644 2629 354 1489 58654 2307 2299 146 492
leaf_count=27040 2959 1042 1327 5109 17584 6644 2629 354 1489 58654 2307 2299 146 492
internal_value=-0.00195829 0.00408866 0.00459048 0.00314875 0.0034195 0.00376629 0.00284705 0.00109776 0.00143821 0.00472925 0.00359419 0.00445191 -0.00181452 0.00023511
internal_weight=130075 103035 67118 35917 32958 27849 10265 3621 2816 64302 5648 4606 992 638
internal_count=130075 103035 67118 35917 32958 27849 10265 3621 2816 64302 5648 4606 992 638
cat_boundaries=0 1 2 3 4 5
cat_threshold=2590499 65825 4720836 4224 1
is_linear=0
shrinkage=0.05


Tree=153
num_leaves=15
num_cat=8
split_feature=5 2 8 8 2 8 8 4 2 2 4 2 3 7
split_gain=7254.75 20.2719 8.41355 7.45013 13.3315 6.64911 7.77768 6.19051 5.22063 3.64559 4.33306 3.53061 3.4806 3.43348
threshold=1.5000000000000002 0 22.500000000000004 1.5000000000000002 1 1.5000000000000002 11.500000000000002 2 3 4 5 6 7 1.5000000000000002
decision_type=2 9 2 2 9 2 2 1 9 9 1 9 9 2
left_child=-1 5 3 4 -3 -2 9 -6 -4 10 13 12 -8 -7
right_child=1 2 8 -5 7 6 11 -9 -10 -11 -12 -13 -14 -15
leaf_value=-1.9529072312418629e-05 4.1188285208937359e-05 -1.3171224222707778e-05 -1.3238782013491602e-05 1.9529072312418629e-05 1.9529072312418629e-05 1.3575947312394199e-05 1.9529072312418629e-05 1.9529072312418629e-05 2.3687609909939236e-05 1.9529072312418629e-05 1.9529072312418629e-05 2.7046445167600019e-05 1.9529072312418629e-05 1.9529072312418629e-05
leaf_weight=27083 2009 2015 1411 67879 2299 374 3054 2316 1875 3180 5923 2847 6721 1005
leaf_count=27083 2009 2015 1411 67879 2299 374 3054 2316 1875 3180 5923 2847 6721 1005
internal_value=-0.00197494 0.00408472 0.00448397 0.00459374 0.00299397 0.002845 0.00308605 0.00447027 0.00200852 0.00409273 0.00471143 0.00225004 0.00270056 0.00219362
internal_weight=129991 102908 77795 74509 6630 25113 23104 4615 3286 10482 7302 12622 9775 1379
internal_count=129991 102908 77795 74509 6630 25113 23104 4615 3286 10482 7302 12622 9775 1379
cat_boundaries=0 1 2 3 4 5 6 7 8
cat_threshold=493345 2101378 1 6817924 427008 4 427520 1462502400
is_linear=0
shrinkage=0.05


Tree=154
num_leaves=15
num_cat=7
split_feature=5 2 8 2 8 8 8 2 4 2 2 6 7 2
split_gain=7226.63 23.1246 8.77104 7.32923 6.81569 8.33542 6.63761 10.6747 4.54032 3.37207 3.35897 6.15772 3.32097 3.07427
threshold=1.5000000000000002 0 22.500000000000004 1 1.5000000000000002 12.500000000000002 1.5000000000000002 2 3 4 5 3.5000000000000004 1.5000000000000002 6
decision_type=2 9 2 9 2 2 2 9 1 9 9 2 2 9
left_child=-1 3 6 -2 -5 -6 7 -3 10 12 -9 -12 -4 -13
right_child=1 2 9 4 5 -7 -8 8 -10 -11 11 13 -14 -15
leaf_value=-1.8552618696787705e-05 1.5563080938130191e-05 9.9732696971832627e-06 -8.6467631455922067e-05 0.00018469693593594629 1.8552618696787705e-05 1.8552618696787705e-05 1.8552618696787705e-05 1.8552618696787705e-05 1.8552618696787705e-05 2.267558210391485e-05 1.8552618696787705e-05 1.8552618696787705e-05 1.7521216916471795e-05 -0.047481447381303221
leaf_weight=26996 2772 2020 354 1732 10280 10172 68027 485 2324 2008 629 724 933 469
leaf_count=26996 2772 2020 354 1732 10280 10172 68027 485 2324 2008 629 724 933 469
internal_value=-0.00197441 0.0040647 0.00448912 0.00273572 0.00303911 0.00329552 0.00460109 0.00309352 0.00441176 0.0019651 0.00599263 0.00491266 0.00395143 0.002829
internal_weight=129925 102929 77973 24956 22184 20452 74678 6651 4631 3295 2307 1822 1287 1193
internal_count=129925 102929 77973 24956 22184 20452 74678 6651 4631 3295 2307 1822 1287 1193
cat_boundaries=0 1 2 3 4 5 6 7
cat_threshold=493345 65569 2101378 1 1073162 532544 4212736
is_linear=0
shrinkage=0.05


Tree=155
num_leaves=15
num_cat=9
split_feature=5 2 2 2 3 4 3 3 7 7 6 3 6 4
split_gain=7250.25 21.4115 7.06227 3.04208 2.2319 2.15788 2.7157 1.96316 2.26191 1.94712 2.51273 1.93606 1.95857 5.17379
threshold=1.5000000000000002 0 1 2 3 4 5 6 2.5000000000000004 2.5000000000000004 8.5000000000000018 7 2.5000000000000004 8
decision_type=2 9 9 9 9 1 9 9 2 2 2 9 2 1
left_child=-1 2 4 7 9 -5 -7 8 -3 -2 -11 -4 13 -13
right_child=1 3 11 5 -6 6 -8 -9 -10 10 -12 12 -14 -15
leaf_value=-1.7624987761943879e-05 0.00074143187298580937 1.7624987761943879e-05 1.7624987761943879e-05 1.7624987761943879e-05 0.00095435243871299096 1.7624987761943879e-05 1.7624987761943879e-05 1.7624987761943879e-05 1.7624987761943879e-05 -0.019883004679220041 -1.0325846165271103e-05 1.7624987761943879e-05 1.7624987761943879e-05 1.7624987761943879e-05
leaf_weight=27015 939 5532 3719 21191 3160 4613 15081 18707 7645 208 1264 1967 16758 2030
leaf_count=27015 939 5532 3719 21191 3160 4613 15081 18707 7645 208 1264 1967 16758 2030
internal_value=-0.00194929 0.00410742 0.00298037 0.00457172 0.00136624 0.00486429 0.00448868 0.00419515 0.00371009 0.000216853 -0.00091712 0.00334708 0.00353841 0.00453465
internal_weight=129829 102814 30045 72769 5571 40885 19694 31884 13177 2411 1472 24474 20755 3997
internal_count=129829 102814 30045 72769 5571 40885 19694 31884 13177 2411 1472 24474 20755 3997
cat_boundaries=0 1 2 3 5 6 8 10 12 13
cat_threshold=493347 65825 3676288 1092747841 36928 1 623247880 1024 289670665 1028 924975176 17408 1
is_linear=0
shrinkage=0.05


Tree=156
num_leaves=15
num_cat=7
split_feature=5 2 8 8 2 2 8 2 4 7 4 2 7 8
split_gain=7224 30.3911 10.3304 11.5071 17.6012 8.19367 8.58083 7.10293 5.36043 4.09644 3.97921 5.61496 4.64473 3.50351
threshold=1.5000000000000002 0 22.500000000000004 1.5000000000000002 1 2 15.500000000000002 3 4 1.5000000000000002 5 6 1.0000000180025095e-35 13.500000000000002
decision_type=2 9 2 2 9 9 2 9 1 2 1 9 2 2
left_child=-1 -2 3 4 8 6 10 9 -3 -4 11 13 -13 -5
right_child=1 2 7 5 -6 -7 -8 -9 -10 -11 -12 12 -14 -15
leaf_value=-1.6743738373836691e-05 0.00011241304295335209 1.6743738373836691e-05 2.6551579993649987e-05 1.6743738373836691e-05 -2.6624268983699299e-06 1.6743738373836691e-05 1.6743738373836691e-05 -1.4591871406066659e-05 1.6743738373836691e-05 2.0488200921131574e-05 1.6743738373836691e-05 0.050005150769623842 5.1507696238406458e-06 0.00014174373837381183
leaf_weight=27029 5583 2262 512 1256 3624 57602 9238 2060 2298 1437 14958 260 1660 219
leaf_count=27029 5583 2262 512 1256 3624 57602 9238 2060 2298 1437 14958 260 1660 219
internal_value=-0.00199465 0.00404418 0.00424966 0.0043568 0.00256598 0.00452883 0.00381236 0.00176478 0.00462801 0.00391782 0.00443933 0.00289396 0.00108808 0.00520202
internal_weight=129998 102969 97386 93377 8184 85193 27591 4009 4560 1949 18353 3395 1920 1475
internal_count=129998 102969 97386 93377 8184 85193 27591 4009 4560 1949 18353 3395 1920 1475
cat_boundaries=0 1 2 3 4 5 6 7
cat_threshold=65825 5793868 2000386 1340426 1 4 33282
is_linear=0
shrinkage=0.05


Tree=157
num_leaves=15
num_cat=8
split_feature=5 2 8 2 8 2 2 8 7 4 8 4 2 3
split_gain=7220.14 30.7408 11.2683 15.9975 10.7107 8.41248 6.34228 6.10496 4.86895 4.84723 4.8083 4.80248 8.94578 3.26675
threshold=1.5000000000000002 0 1.5000000000000002 1 22.500000000000004 2 3 15.500000000000002 1.5000000000000002 4 10.500000000000002 5 6 7
decision_type=2 9 2 9 2 9 9 2 2 1 2 1 9 9
left_child=-1 -2 3 9 5 7 8 11 -6 13 -7 12 -4 -3
right_child=1 2 4 -5 6 10 -8 -9 -10 -11 -12 -13 -14 -15
leaf_value=-1.5906551455135977e-05 1.5906551455135977e-05 1.5906551455135977e-05 1.5906551455135977e-05 -2.5293055534447717e-06 -8.4563084356625861e-05 1.5906551455135977e-05 1.4500366173564317e-06 1.5906551455135977e-05 1.9463790875073886e-05 1.5906551455135977e-05 1.5906551455135977e-05 1.5906551455135977e-05 1.0830731142630336e-05 1.5906551455135977e-05
leaf_weight=27087 7870 1362 1219 3556 466 24753 2147 8589 1336 2239 32776 13939 1898 855
leaf_count=27087 7870 1362 1219 3556 466 24753 2147 8589 1336 2239 32776 13939 1898 855
internal_value=-0.00202972 0.00401073 0.00425903 0.00246505 0.00442449 0.00454529 0.00188022 0.00378386 0.00405629 0.00445589 0.00488321 0.00433279 0.00255855 0.00612314
internal_weight=130092 103005 95135 8012 87123 83174 3949 25645 1802 4456 57529 17056 3117 2217
internal_count=130092 103005 95135 8012 87123 83174 3949 25645 1802 4456 57529 17056 3117 2217
cat_boundaries=0 1 2 3 4 5 6 7 9
cat_threshold=66337 5793864 1999874 1339402 1 4 32770 16782849 16452
is_linear=0
shrinkage=0.05


Tree=158
num_leaves=15
num_cat=8
split_feature=5 2 8 2 8 2 2 4 8 8 2 3 2 7
split_gain=7219.16 33.343 12.0624 17.4652 9.44782 7.95485 7.6893 6.87356 5.52645 4.11814 4.62353 5.11275 3.90026 3.89078
threshold=1.5000000000000002 0 1.5000000000000002 1 22.500000000000004 2 3 4 14.500000000000002 11.500000000000002 5 6 7 1.5000000000000002
decision_type=2 9 2 9 2 9 9 1 2 2 9 9 9 2
left_child=-1 -2 3 7 5 8 13 -3 -4 10 -7 -12 -11 -6
right_child=1 2 4 -5 6 9 -8 -9 -10 12 11 -13 -14 -15
leaf_value=-1.5111223882380288e-05 1.5111223882380288e-05 1.5111223882380288e-05 1.5111223882380288e-05 -1.3632989261935791e-05 3.5446319861232037e-05 1.5111223882380288e-05 1.8490601331322411e-05 1.5111223882380288e-05 1.5111223882380288e-05 1.5111223882380288e-05 1.5111223882380288e-05 1.5111223882380288e-05 1.5111223882380288e-05 0.00013918631926417292
leaf_weight=27089 7855 2270 15826 3419 405 12265 2511 2301 9733 17218 7676 7566 12850 1050
leaf_count=27089 7855 2270 15826 3419 405 12265 2511 2301 9733 17218 7676 7566 12850 1050
internal_value=-0.0020337 0.00400967 0.00426814 0.00240926 0.00443915 0.00455289 0.00205497 0.00442589 0.00381028 0.00488105 0.00443978 0.0038454 0.00528635 0.00493174
internal_weight=130034 102945 95090 7990 87100 83134 3966 4571 25559 57575 27507 15242 30068 1455
internal_count=130034 102945 95090 7990 87100 83134 3966 4571 25559 57575 27507 15242 30068 1455
cat_boundaries=0 1 2 3 4 5 6 8 9
cat_threshold=66337 5793868 1999874 1335306 1 2124 1946816512 53248 6220
is_linear=0
shrinkage=0.05


Tree=159
num_leaves=15
num_cat=6
split_feature=5 8 8 6 4 3 8 8 1 3 3 5 7 1
split_gain=7222.45 10.4309 10.4091 8.58016 4.38681 4.34516 2.76581 2.38484 2.36364 2.48645 2.35679 2.34889 2.19658 2.65877
threshold=1.5000000000000002 1.5000000000000002 22.500000000000004 7.5000000000000009 0 1 21.500000000000004 20.500000000000004 2 3 4 3.0000000000000004 3.5000000000000004 5
decision_type=2 2 2 2 1 9 2 2 1 9 9 2 2 1
left_child=-1 -2 3 -3 5 -5 10 -7 -4 -10 -6 -8 13 -13
right_child=1 2 8 4 6 7 11 -9 9 -11 -12 12 -14 -15
leaf_value=-1.4355662688259052e-05 1.4355662688259052e-05 1.4355662688259052e-05 1.7566071264751849e-05 1.4355662688259052e-05 1.4355662688259052e-05 1.4355662688259052e-05 -0.037079821390799926 0.00025193564315701967 -0.022528807278304953 0.00011623425471989357 1.4355662688259052e-05 0.0019434909124031786 0.028176730513885452 -0.04295803903738498
leaf_weight=27033 8620 57296 3068 6749 5138 9220 188 1013 136 1135 9763 164 236 118
leaf_count=27033 8620 57296 3068 6749 5138 9220 188 1013 136 1135 9763 164 236 118
internal_value=-0.00200209 0.00404302 0.00419532 0.00431079 0.00366305 0.00421917 0.00305792 0.00487406 0.00180341 -1.9516e-05 0.00320281 0 0.00173745 -0.00124113
internal_weight=129877 102844 94224 89885 32589 16982 15607 10233 4339 1271 14901 706 518 282
internal_count=129877 102844 94224 89885 32589 16982 15607 10233 4339 1271 14901 706 518 282
cat_boundaries=0 1 3 4 6 8 9
cat_threshold=1 86771208 33792 28 16778241 4096 654967360 53248 3
is_linear=0
shrinkage=0.05


Tree=160
num_leaves=15
num_cat=7
split_feature=5 2 8 8 2 2 4 2 2 7 8 8 8 3
split_gain=7215.05 33.551 9.11913 10.162 14.2081 6.01065 5.81643 5.41147 5.36008 5.1181 4.61356 5.10872 4.02553 4.05588
threshold=1.5000000000000002 0 22.500000000000004 1.5000000000000002 1 2 3 4 5 1.5000000000000002 14.500000000000002 2.5000000000000004 11.500000000000002 6
decision_type=2 9 2 2 9 9 1 9 9 2 2 2 2 9
left_child=-1 5 3 4 -3 -2 -6 10 9 -4 11 -5 13 -9
right_child=1 2 8 7 6 -7 -8 12 -10 -11 -12 -13 -14 -15
leaf_value=-1.3637879553840549e-05 1.3637879553840549e-05 8.8168097754914854e-06 -8.2985549695147046e-05 1.3637879553840549e-05 1.3637879553840549e-05 7.9638768052925363e-05 1.3637879553840549e-05 1.3637879553840549e-05 1.9514811720244829e-05 1.0522177384131304e-05 1.3637879553840549e-05 1.3637879553840549e-05 1.3637879553840549e-05 1.3637879553840549e-05
leaf_weight=27091 6434 3107 436 1059 2300 5571 2294 4802 2160 1225 8459 12393 30100 22847
leaf_count=27091 6434 3107 436 1059 2300 5571 2294 4802 2160 1225 8459 12393 30100 22847
internal_value=-0.00203565 0.00399348 0.00432055 0.0044256 0.00269121 0.00150437 0.00445265 0.00459327 0.00193012 0.00405446 0.00391291 0.00449004 0.00484989 0.00441517
internal_weight=130278 103187 91182 87361 7701 12005 4594 79660 3821 1661 21911 13452 57749 27649
internal_count=130278 103187 91182 87361 7701 12005 4594 79660 3821 1661 21911 13452 57749 27649
cat_boundaries=0 1 2 3 4 5 6 8
cat_threshold=328481 2266242 262656 1 1737730 1077258 805441536 4096
is_linear=0
shrinkage=0.05


Tree=161
num_leaves=15
num_cat=7
split_feature=5 2 2 8 8 8 3 2 8 4 2 5 3 6
split_gain=7195.82 31.1077 11.2725 14.1913 6.33451 4.65024 3.59959 3.24251 3.09375 2.97685 11.6056 4.47068 3.60016 3.79941
threshold=1.5000000000000002 0 1 2.5000000000000004 22.500000000000004 18.500000000000004 2 3 10.500000000000002 4 5 3.0000000000000004 6 9.5000000000000018
decision_type=2 9 9 2 2 2 9 9 2 1 9 2 9 2
left_child=-1 -2 3 7 8 9 -7 -3 -4 10 11 -5 13 -12
right_child=1 2 4 5 -6 6 -8 -9 -10 -11 12 -13 -14 -15
leaf_value=-1.2955985576157403e-05 1.2955985576157403e-05 1.2955985576157403e-05 1.2955985576157403e-05 0.002512955985576193 9.4974116779944495e-06 1.2955985576157403e-05 1.2955985576157403e-05 -2.8798144358521684e-06 1.2955985576157403e-05 1.2955985576157403e-05 -0.047362044014423878 1.2955985576157403e-05 1.3789425029298032e-05 1.3789425029298032e-05
leaf_weight=27024 7925 2093 25796 600 2303 2809 5361 2859 27580 21402 513 1886 1494 191
leaf_count=27024 7925 2093 25796 600 2303 2809 5361 2859 27580 21402 513 1886 1494 191
internal_value=-0.00204065 0.00399418 0.00424539 0.00359146 0.00470515 0.00395405 0.0029131 0.00109047 0.00481677 0.00428007 0.00313834 0.00546875 0.000475543 -0.00245098
internal_weight=129836 102812 94887 39208 55679 34256 8170 4952 53376 26086 4684 2486 2198 704
internal_count=129836 102812 94887 39208 55679 34256 8170 4952 53376 26086 4684 2486 2198 704
cat_boundaries=0 1 2 4 5 6 7 9
cat_threshold=66337 4097154 906232905 5124 1835010 4 2130050 2490881 20480
is_linear=0
shrinkage=0.05


Tree=162
num_leaves=15
num_cat=6
split_feature=5 2 2 8 8 1 8 2 8 2 8 3 5 6
split_gain=7200.9 28.3724 11.7691 13.565 6.00305 5.83678 4.89621 3.18416 3.12999 4.48252 4.83579 4.07745 3.07524 2.98652
threshold=1.5000000000000002 0 1 1.5000000000000002 21.500000000000004 2 10.500000000000002 3 13.500000000000002 4 22.500000000000004 5 3.0000000000000004 3.5000000000000004
decision_type=2 9 9 2 2 1 2 9 2 9 2 9 2 2
left_child=-1 -2 3 5 6 -3 -4 12 11 10 -10 -5 -8 -12
right_child=1 2 4 8 -6 -7 7 -9 9 -11 13 -13 -14 -15
leaf_value=-1.2308186297360635e-05 1.333673726628959e-05 1.2308186297360635e-05 1.2308186297360635e-05 1.2308186297360635e-05 1.2308186297360635e-05 -1.4479945844980691e-05 1.2308186297360635e-05 1.2308186297360635e-05 1.2308186297360635e-05 1.2308186297360635e-05 -0.049759626963708219 1.2308186297360635e-05 1.2308186297360635e-05 2.3386779667911029e-05
leaf_weight=27016 7902 251 27766 4579 4825 2657 1421 21505 4048 10344 92 12736 4445 416
leaf_count=27016 7902 251 27766 4579 4825 2657 1421 21505 4048 10344 92 12736 4445 416
internal_value=-0.00202438 0.00400269 0.00424181 0.00351023 0.00466968 0.000240715 0.00481845 0.00529301 0.00380646 0.00327517 0.00458826 0.00426364 0.00635636 0
internal_weight=130003 102987 95085 35123 59962 2908 55137 27371 32215 14900 4556 17315 5866 508
internal_count=130003 102987 95085 35123 59962 2908 55137 27371 32215 14900 4556 17315 5866 508
cat_boundaries=0 1 2 3 4 5 7
cat_threshold=66337 3048578 1 4210688 2097280 622985800 1028
is_linear=0
shrinkage=0.05


Tree=163
num_leaves=15
num_cat=8
split_feature=5 2 2 4 3 5 7 2 7 2 6 6 3 3
split_gain=7170.81 30.347 14.2455 3.12107 3.84134 3.98035 3.33723 3.55495 4.58774 2.52809 3.10334 3.56399 2.23697 2.14353
threshold=1.5000000000000002 0 1 2 3 3.0000000000000004 2.5000000000000004 4 1.5000000000000002 5 9.5000000000000018 8.5000000000000018 6 7
decision_type=2 9 9 1 9 2 2 9 2 9 2 2 9 9
left_child=-1 -2 3 4 -3 9 7 8 -7 -6 11 12 -11 -9
right_child=1 2 -4 -5 5 6 -8 13 -10 10 -12 -13 -14 -15
leaf_value=-1.1692776982497045e-05 1.1641349434055038e-05 -0.0001133072230175447 1.1692776982497045e-05 1.1692776982497045e-05 -0.00012519745739254519 0.00023761465198248735 1.2484544462965098e-05 1.2484544462965098e-05 -0.00016724675212338448 -0.0001133072230175447 0.0028251498529247134 -0.047618723783564382 0.0024550401867845964 -0.025838240961351192
leaf_weight=27051 7898 973 55810 32058 468 693 2624 393 321 292 280 97 358 586
leaf_count=27051 7898 973 55810 32058 468 693 2624 393 321 292 280 97 358 586
internal_value=-0.0020935 0.00393117 0.00417873 0.00344354 0.00249471 0.00295655 0.00368746 0.00214501 0.00419922 0.000719064 0.0020974 0.000435074 0.00176923 -2.52781e-05
internal_weight=129902 102851 94953 39143 7085 6112 4617 1993 1014 1495 1027 747 650 979
internal_count=129902 102851 94953 39143 7085 6112 4617 1993 1014 1495 1027 747 650 979
cat_boundaries=0 1 2 3 5 6 7 9 11
cat_threshold=66337 4097154 4 338427905 4096 2523136 819200 1073873408 49152 50336768 4
is_linear=0
shrinkage=0.05


Tree=164
num_leaves=15
num_cat=5
split_feature=5 2 2 8 8 4 8 6 7 6 5 1 8 2
split_gain=7118.08 29.1061 13.4724 11.3987 10.7959 8.71543 7.23697 6.72371 5.9181 5.63166 5.65928 4.80813 4.69929 4.89715
threshold=1.5000000000000002 0 1 1.5000000000000002 21.500000000000004 2 14.500000000000002 7.5000000000000009 2.5000000000000004 5.5000000000000009 3.0000000000000004 3 10.500000000000002 4
decision_type=2 9 9 2 2 1 2 2 2 2 2 1 2 9
left_child=-1 2 -2 -4 12 8 -7 -8 -5 10 -10 -6 13 -3
right_child=1 4 3 5 11 6 7 -9 9 -11 -12 -13 -14 -15
leaf_value=-1.1108138133364421e-05 0.00016214391853393019 1.1108138133364421e-05 -2.5964652709209447e-06 -1.8795561662621196e-07 1.1108138133364421e-05 1.1108138133364421e-05 1.1108138133364421e-05 1.1108138133364421e-05 -4.7552886280766152e-05 1.1068549759341019e-05 0.0002610685497593357 1.1108138133364421e-05 1.1108138133364421e-05 1.1108138133364421e-05
leaf_weight=26987 5559 16189 2538 2118 2080 13268 6176 3331 328 1668 873 3439 30696 14796
leaf_count=26987 5559 16189 2538 2118 2080 13268 6176 3331 328 1668 873 3439 30696 14796
internal_value=-0.0021404 0.00384561 0.00269244 0.00310789 0.0044599 0.00340213 0.00381668 0.00276375 0.00150892 0.00298885 0.0055995 0.00234191 0.00465014 0.00421575
internal_weight=130046 103059 35859 30300 67200 27762 22775 9507 4987 2869 1201 5519 61681 30985
internal_count=130046 103059 35859 30300 67200 27762 22775 9507 4987 2869 1201 5519 61681 30985
cat_boundaries=0 1 2 3 4 5
cat_threshold=2590499 65825 4 4 5271680
is_linear=0
shrinkage=0.05


Tree=165
num_leaves=15
num_cat=8
split_feature=0 2 2 4 8 8 2 2 8 4 8 6 2 7
split_gain=7060.69 33.6347 11.8131 11.8286 12.2521 9.82006 4.71374 4.58016 4.17722 4.51978 3.89492 5.49517 3.6753 3.78045
threshold=0 1 2 3 1.5000000000000002 21.500000000000004 4 5 1.5000000000000002 6 15.500000000000002 7.5000000000000009 7 2.5000000000000004
decision_type=1 9 9 1 2 2 9 9 2 1 2 2 9 2
left_child=1 2 -1 -4 -5 6 8 -7 -3 -10 -6 -12 -13 -14
right_child=-2 5 3 4 10 7 -8 -9 9 -11 11 12 13 -15
leaf_value=0.00015403672260723146 -1.055273122669842e-05 1.0513142852675018e-05 1.0494286285034349e-05 -7.0036773540227415e-05 1.055273122669842e-05 1.055273122669842e-05 1.055273122669842e-05 1.055273122669842e-05 1.1304910333143071e-05 1.055273122669842e-05 1.055273122669842e-05 0.0001236248760321912 1.055273122669842e-05 -0.044543234410322687
leaf_weight=5611 26993 1055 4712 1825 12238 2779 53636 3063 1809 8751 4608 1929 386 437
leaf_count=5611 26993 1055 4712 1825 12238 2779 53636 3063 1809 8751 4608 1929 386 437
internal_value=-0.00223674 0.00373776 0.00238223 0.00282941 0.00332937 0.00434264 0.00451909 0.00237932 0.00358925 0.00389205 0.00369425 0.00278533 0.00101744 -0.00177071
internal_weight=129832 102839 31746 26135 21423 71093 65251 5842 11615 10560 19598 7360 2752 823
internal_count=129832 102839 31746 26135 21423 71093 65251 5842 11615 10560 19598 7360 2752 823
cat_boundaries=0 1 2 3 4 5 6 7 8
cat_threshold=12 2328355 65825 4 1310848 266312 4 34304
is_linear=0
shrinkage=0.05


Tree=166
num_leaves=15
num_cat=5
split_feature=5 2 2 4 8 8 8 6 2 1 8 6 5 8
split_gain=7113.11 34.0091 14.0998 13.6104 12.3603 9.55113 7.41096 6.38432 4.87345 4.51887 4.40915 4.17472 3.9218 3.77177
threshold=1.5000000000000002 0 1 2 1.5000000000000002 21.500000000000004 15.500000000000002 7.5000000000000009 3 4 21.500000000000004 10.500000000000002 3.0000000000000004 1.0000000180025095e-35
decision_type=2 9 9 1 2 2 2 2 9 1 2 2 2 2
left_child=-1 2 13 10 -5 11 -6 8 -8 -7 -4 -3 -12 -2
right_child=1 5 3 4 6 9 7 -9 -10 -11 12 -13 -14 -15
leaf_value=-1.002509466536683e-05 0.029455569164750586 1.002509466536683e-05 5.4696924031816259e-06 -6.6534934863238251e-05 1.002509466536683e-05 1.002509466536683e-05 1.002509466536683e-05 4.3714874250921911e-06 1.002509466536683e-05 1.002509466536683e-05 -0.0025837481740152769 1.002509466536683e-05 0.041573359246820513 -9.6983437408493248e-06
leaf_weight=26993 244 53236 5010 2070 14332 2653 2877 2967 2645 2875 77 8461 310 5333
leaf_count=26993 244 53236 5010 2070 14332 2653 2877 2967 2645 2875 77 8461 310 5333
internal_value=-0.00215074 0.00383209 0.00258606 0.00301175 0.00350629 0.0044958 0.00384186 0.0026711 0.0036762 0.00250543 0.00073652 0.00467486 0.00587855 0.000272955
internal_weight=130083 103090 35865 30288 24891 67225 22821 8489 5522 5528 5397 61697 387 5577
internal_count=130083 103090 35865 30288 24891 67225 22821 8489 5522 5528 5397 61697 387 5577
cat_boundaries=0 1 2 3 4 5
cat_threshold=2590499 65825 4 2360320 20
is_linear=0
shrinkage=0.05


Tree=167
num_leaves=15
num_cat=7
split_feature=5 2 2 4 8 8 8 2 2 8 4 6 2 8
split_gain=7099.89 38.3279 13.0603 14.7402 16.221 8.14187 5.78229 4.86271 3.79198 3.09273 3.52204 6.68407 3.9793 6.47404
threshold=1.5000000000000002 0 1 2 1.5000000000000002 20.500000000000004 15.500000000000002 3 4 19.500000000000004 5 7.5000000000000009 6 18.500000000000004
decision_type=2 9 9 1 2 2 2 9 9 2 1 2 9 2
left_child=-1 5 -3 -4 -5 9 -6 -8 -7 10 11 -2 13 -13
right_child=1 2 3 4 6 8 7 -9 -10 -11 -12 12 -14 -15
leaf_value=-9.523839932090717e-06 9.523839932090717e-06 5.2709814240836654e-05 9.6752513643050264e-06 -6.3208188120089664e-05 9.523839932090717e-06 -2.3551590913939439e-06 4.1040568828254466e-06 9.523839932090717e-06 9.523839932090717e-06 9.523839932090717e-06 9.523839932090717e-06 9.523839932090717e-06 -0.00011118312120075303 0.050009523839932096
leaf_weight=27115 6401 4873 6378 2431 16876 872 1881 8090 6767 2681 42805 1531 1276 79
leaf_count=27115 6401 4873 6378 2431 16876 872 1881 8090 6767 2681 42805 1531 1276 79
internal_value=-0.0022375 0.00375822 0.00255865 0.00289071 0.00336601 0.00453606 0.00372015 0.00276552 0.00300759 0.00475006 0.00466482 0.00378217 0.00178448 0.00342593
internal_weight=130056 102941 40529 35656 29278 62412 26847 9971 7639 54773 52092 9287 2886 1610
internal_count=130056 102941 40529 35656 29278 62412 26847 9971 7639 54773 52092 9287 2886 1610
cat_boundaries=0 1 2 3 4 5 6 7
cat_threshold=5797964 65824 4 131585 1572864 4 4202564
is_linear=0
shrinkage=0.05


Tree=168
num_leaves=15
num_cat=7
split_feature=5 2 2 4 2 4 6 6 7 3 3 6 6 7
split_gain=7106.35 36.2323 13.2803 14.4815 4.09125 2.64464 3.27994 3.92127 1.853 2.39231 2.36911 1.73951 1.72181 5.28556
threshold=1.5000000000000002 0 1 2 3 4 1.5000000000000002 4.5000000000000009 4.5000000000000009 5 6 3.5000000000000004 11.500000000000002 5.5000000000000009
decision_type=2 9 9 1 9 1 2 2 2 9 9 2 2 2
left_child=-1 2 -2 -4 5 6 -3 11 10 -10 -7 -8 -5 -14
right_child=1 4 3 12 -6 8 7 -9 9 -11 -12 -13 13 -15
leaf_value=-9.0476479354784096e-06 0.00013979745154040215 -0.040247241940438563 9.2331607687512487e-06 9.0476479354784096e-06 9.0476479354784096e-06 9.0476479354784096e-06 9.0476479354784096e-06 9.0476479354784096e-06 -0.00021046838843910012 9.0476479354784096e-06 9.0476479354784096e-06 1.2924906723466024e-05 7.6724349554058163e-05 -0.042893433013301202
leaf_weight=27048 5573 573 5455 23486 47359 4306 1008 1738 446 4217 7291 263 1141 211
leaf_count=27048 5573 573 5455 23486 47359 4306 1008 1738 446 4217 7291 263 1141 211
internal_value=-0.00219018 0.00379583 0.00251003 0.00292298 0.00448104 0.00386611 0.00263819 0.00329844 0.00413899 0.00329723 0.00447745 0.00540913 0.00343627 0.00170118
internal_weight=130115 103067 35866 30293 67201 19842 3582 3009 16260 4663 11597 1271 24838 1352
internal_count=130115 103067 35866 30293 67201 19842 3582 3009 16260 4663 11597 1271 24838 1352
cat_boundaries=0 1 2 3 4 5 6 8
cat_threshold=2590499 65825 4 1577088 4 2098177 373818888 37952
is_linear=0
shrinkage=0.05


Tree=169
num_leaves=15
num_cat=5
split_feature=5 2 2 8 8 2 8 2 8 6 2 7 5 6
split_gain=7115.57 37.6012 13.3938 9.15236 7.55681 4.5118 4.38997 3.53814 2.54676 2.79096 2.41953 3.18173 3.3019 8.00401
threshold=1.5000000000000002 0 1 1.5000000000000002 21.500000000000004 2 19.500000000000004 3 1.0000000180025095e-35 9.5000000000000018 4 5.5000000000000009 3.0000000000000004 9.5000000000000018
decision_type=2 9 9 2 2 9 2 9 2 2 9 2 2 2
left_child=-1 2 8 -4 7 -6 -5 -3 9 -2 -8 12 13 -12
right_child=1 4 3 6 5 -7 10 -9 -10 -11 11 -13 -14 -15
leaf_value=-8.595265538713371e-06 -0.010467575199157753 8.595265538713371e-06 6.1012663300497039e-06 8.595265538713371e-06 8.595265538713371e-06 8.595265538713371e-06 8.7715027303092451e-06 8.595265538713371e-06 -1.2899290331147563e-05 0.036090625722241754 0.0048089122106755207 0.0005451373308655638 -0.001409680426847837 -0.044277944909452249
leaf_weight=27141 60 7728 2535 22970 2167 3280 2660 53769 5338 185 339 403 1423 156
leaf_count=27141 60 7728 2535 22970 2167 3280 2660 53769 5338 185 339 403 1423 156
internal_value=-0.0022239 0.00377695 0.00247305 0.00288562 0.00447845 0.00269414 0.00314747 0.00463722 0.000219024 0.00520408 0.00180185 0.000611326 -0.000234619 0.00328283
internal_weight=130154 103013 36069 30486 66944 5447 27951 61497 5583 245 4981 2321 1918 495
internal_count=130154 103013 36069 30486 66944 5447 27951 61497 5583 245 4981 2321 1918 495
cat_boundaries=0 1 2 3 4 5
cat_threshold=2328483 65825 5785604 1310720 2129922
is_linear=0
shrinkage=0.05


Tree=170
num_leaves=15
num_cat=5
split_feature=5 2 2 8 8 8 6 8 6 8 2 6 3 3
split_gain=7083.46 34.4908 13.4712 8.52198 7.85221 4.51194 5.53746 4.12779 3.81018 3.74493 3.49583 3.62612 3.15754 3.09999
threshold=1.5000000000000002 0 1 21.500000000000004 1.5000000000000002 15.500000000000002 7.5000000000000009 1.0000000180025095e-35 10.500000000000002 15.500000000000002 2 2.5000000000000004 3 4
decision_type=2 9 9 2 2 2 2 2 2 2 9 2 9 9
left_child=-1 2 7 8 -4 -6 -7 -2 -3 12 -5 -12 -10 -11
right_child=1 3 4 10 5 6 -8 -9 9 13 11 -13 -14 -15
leaf_value=-8.1655022617699306e-06 0.028240063515044468 8.1655022617699306e-06 2.2119770977546693e-05 8.1655022617699306e-06 8.1655022617699306e-06 8.1655022617699306e-06 3.0167083649779162e-06 -1.9285659587930937e-05 0.0035039438137851823 -0.04537527787469138 -0.038329861299300785 0.0001048292467783929 8.1655022617699306e-06 8.1655022617699306e-06
leaf_weight=26987 247 53254 2553 2467 17485 6636 3640 5329 208 158 558 2448 5927 2166
leaf_count=26987 247 53254 2553 2467 17485 6636 3640 5329 208 158 558 2448 5927 2166
internal_value=-0.00219567 0.00377488 0.00252089 0.00444372 0.00293662 0.00318162 0.00235014 0.000259578 0.00461208 0.00362632 0.00255344 0.00139257 0.00297881 0.00533563
internal_weight=130063 103076 35890 67186 30314 27761 10276 5576 61713 8459 5473 3006 6135 2324
internal_count=130063 103076 35890 67186 30314 27761 10276 5576 61713 8459 5473 3006 6135 2324
cat_boundaries=0 1 2 3 5 6
cat_threshold=2590499 65825 4168 71434304 4096 1024
is_linear=0
shrinkage=0.05


Tree=171
num_leaves=15
num_cat=4
split_feature=5 6 8 8 8 4 8 8 8 4 3 3 6 8
split_gain=7079.81 12.0867 9.85306 6.05616 5.26902 6.72388 4.63442 3.87437 5.78097 3.64183 3.17431 3.03698 3.01407 5.01004
threshold=1.5000000000000002 7.5000000000000009 1.5000000000000002 22.500000000000004 20.500000000000004 0 19.500000000000004 16.500000000000004 15.500000000000002 1 2 3 9.5000000000000018 18.500000000000004
decision_type=2 2 2 2 2 1 2 2 2 1 9 9 2 2
left_child=-1 2 10 9 5 6 7 8 -3 -4 -2 -7 -9 -14
right_child=1 4 3 -5 -6 11 -8 12 -10 -11 -12 -13 13 -15
leaf_value=-7.7572271486747734e-06 7.7572271486747734e-06 7.7572271486747734e-06 7.7572271486747734e-06 1.0491017328639884e-06 7.867101176801673e-05 7.7572271486747734e-06 0.047754748888774581 -0.043554381996961801 2.4707752936192763e-05 7.7572271486747734e-06 7.7572271486747734e-06 7.7572271486747734e-06 -0.045124773879484006 0.0025081816362381385
leaf_weight=27006 1792 4403 10248 2735 4689 2068 277 297 300 47212 3662 24783 308 193
leaf_count=27006 1792 4403 10248 2735 4689 2068 277 297 300 47212 3662 24783 308 193
internal_value=-0.00221373 0.00376261 0.00417105 0.00435543 0.00304411 0.00326933 0.00172205 0.00140429 0.00195088 0.00446485 0.00213605 0.00360229 -0.00181704 0.000548902
internal_weight=129973 102967 65649 60195 37318 32629 5778 5501 4703 57460 5454 26851 798 501
internal_count=129973 102967 65649 60195 37318 32629 5778 5501 4703 57460 5454 26851 798 501
cat_boundaries=0 1 2 4 5
cat_threshold=4 4 4326912 16448 4195336
is_linear=0
shrinkage=0.05


Tree=172
num_leaves=15
num_cat=7
split_feature=5 2 2 4 8 8 8 2 2 7 1 5 8 3
split_gain=7045.87 35.7404 16.0027 18.0603 14.4438 9.98625 8.43006 6.75224 3.649 3.72046 3.31416 2.70537 2.67492 2.56062
threshold=1.5000000000000002 0 1 2 1.5000000000000002 21.500000000000004 18.500000000000004 3 4 1.5000000000000002 5 3.0000000000000004 1.0000000180025095e-35 6
decision_type=2 9 9 1 2 2 2 9 9 2 1 2 2 9
left_child=-1 5 12 13 8 -2 -6 -8 9 11 -7 -5 -3 -4
right_child=1 2 3 4 6 10 7 -9 -10 -11 -12 -13 -14 -15
leaf_value=-7.3693657912432545e-06 7.3693657912432545e-06 0.022817017104658801 -1.0509548897452703e-05 -0.031078878497276443 7.3693657912432545e-06 7.3693657912432545e-06 4.4176265114437284e-06 7.3693657912432545e-06 -0.00015059542865865084 0.0036041886082212151 7.3693657912432545e-06 -0.0013300231125781493 -2.2194838886502311e-05 1.0379992700626506e-05
leaf_weight=27013 53359 243 1104 69 22858 2102 2660 4094 1480 884 2636 280 5321 5858
leaf_count=27013 53359 243 1104 69 22858 2102 2660 4094 1480 884 2636 280 5321 5858
internal_value=-0.00227241 0.00369118 0.00262868 0.00298432 0.0034826 0.00451021 0.00380251 0.00225052 -9.21489e-06 0.00199115 0.0023111 -0.0023639 0.000116613 0.000675093
internal_weight=129961 102948 44851 39287 32325 58097 29612 6754 2713 1233 4738 349 5564 6962
internal_count=129961 102948 44851 39287 32325 58097 29612 6754 2713 1233 4738 349 5564 6962
cat_boundaries=0 1 2 3 4 5 6 8
cat_threshold=4749388 65825 4 1212928 1212418 4 337641473 4100
is_linear=0
shrinkage=0.05


Tree=173
num_leaves=15
num_cat=8
split_feature=5 2 8 2 4 8 8 2 2 3 8 2 8 2
split_gain=7016.46 31.4027 22.8484 13.6699 18.3322 11.5524 6.68909 6.31108 6.10134 3.31625 2.9882 4.83571 3.14826 9.96073
threshold=1.5000000000000002 0 22.500000000000004 1 2 1.5000000000000002 18.500000000000004 3 4 5 21.500000000000004 6 1.5000000000000002 7
decision_type=2 9 2 9 1 2 2 9 9 9 2 9 2 9
left_child=-1 2 10 -3 -5 -6 -7 -8 9 -4 12 -12 13 -2
right_child=1 3 8 4 5 6 7 -9 -10 -11 11 -13 -14 -15
leaf_value=-7.0008975016744308e-06 -1.5156280342321084e-06 0.00012473788536382369 -5.4283124861775889e-07 7.0266033478150195e-06 1.2800828632175687e-05 7.0008975016744308e-06 7.1396726061045971e-06 7.0008975016744308e-06 8.0494484418180975e-05 -4.4174411728548084e-08 7.0008975016744308e-06 -1.3779789551193744e-06 7.0008975016744308e-06 7.0008975016744308e-06
leaf_weight=26981 1317 5595 215 6227 2456 20242 2626 3384 1953 416 1710 811 52068 3871
leaf_count=26981 1317 5595 215 6227 2456 20242 2626 3384 1953 416 1710 811 52068 3871
internal_value=-0.00230496 0.00364633 0.00435098 0.00256043 0.00292817 0.00346245 0.00376924 0.00230449 -0.000251548 -0.00448518 0.00455066 0.00286593 0.00462484 0.00345027
internal_weight=129872 102891 62361 40530 34935 28708 26252 6010 2584 631 59777 2521 57256 5188
internal_count=129872 102891 62361 40530 34935 28708 26252 6010 2584 631 59777 2521 57256 5188
cat_boundaries=0 1 2 3 4 5 7 8 9
cat_threshold=4749516 65825 4 1212928 8 512 16388 6344 20608
is_linear=0
shrinkage=0.05


Tree=174
num_leaves=15
num_cat=6
split_feature=5 2 8 2 4 8 8 6 6 6 8 2 4 2
split_gain=7051.92 34.7636 21.6201 13.3266 16.5178 13.0293 6.87287 6.1029 6.05651 4.29851 4.10753 6.59552 6.57483 3.31217
threshold=1.5000000000000002 0 21.500000000000004 1 2 1.5000000000000002 15.500000000000002 7.5000000000000009 10.500000000000002 11.500000000000002 1.5000000000000002 3 4 5
decision_type=2 9 2 9 1 2 2 2 2 2 2 9 1 9
left_child=-1 3 8 -2 -5 -6 -7 13 10 -4 11 -3 -13 -8
right_child=1 2 9 4 5 6 7 -9 -10 -11 -12 12 -14 -15
leaf_value=-6.6508526265884889e-06 7.5070438290336666e-05 7.9285932112371792e-06 6.6508526265884889e-06 6.0435146132409303e-06 -7.014914309619869e-05 6.6508526265884889e-06 6.6508526265884889e-06 1.7594984246471768e-06 6.6508526265884889e-06 0.047421186920969173 6.6508526265884889e-06 6.6508526265884889e-06 6.6508526265884889e-06 6.6508526265884889e-06
leaf_weight=27053 5558 1408 5131 5475 2057 14279 2862 2968 8441 409 48359 1755 1704 2667
leaf_count=27053 5558 1408 5131 5475 2057 14279 2862 2968 8441 409 48359 1755 1704 2667
internal_value=-0.0022801 0.00368307 0.00435418 0.00242363 0.0028366 0.00338562 0.0037298 0.00260386 0.00462362 0.00136282 0.00482095 0.00343641 0.00460507 0.00358564
internal_weight=130126 103073 67207 35866 30308 24833 22776 8497 61667 5540 53226 4867 3459 5529
internal_count=130126 103073 67207 35866 30308 24833 22776 8497 61667 5540 53226 4867 3459 5529
cat_boundaries=0 1 2 3 4 5 6
cat_threshold=2590499 65825 4 1069184 1 2360320
is_linear=0
shrinkage=0.05


Tree=175
num_leaves=15
num_cat=9
split_feature=5 2 8 2 4 8 8 2 2 3 2 8 2 2
split_gain=7042.92 32.9881 20.8386 13.392 15.3267 15.8769 9.33793 7.89226 4.67328 4.00949 3.50754 3.36871 7.32272 3.21857
threshold=1.5000000000000002 0 22.500000000000004 1 2 1.5000000000000002 18.500000000000004 3 4 5 6 21.500000000000004 7 8
decision_type=2 9 2 9 1 2 2 9 9 9 9 2 9 9
left_child=-1 2 11 -3 13 10 -7 9 -8 -4 -6 -2 -13 -5
right_child=1 3 7 4 5 6 8 -9 -10 -11 -12 12 -14 -15
leaf_value=-6.3183099952679462e-06 6.3183099952679462e-06 0.00025935282366376102 0.0021113837110826373 0.0012986192860395818 -0.00014019824150248716 6.3183099952679462e-06 -8.3717800992477723e-06 8.1632725378444357e-05 7.1029977622316666e-06 -8.4823231754072032e-07 0.0021238802428423798 6.3183099952679462e-06 -1.3446476631262528e-06 6.3730974497744342e-06
leaf_weight=27053 53408 5544 250 762 1429 22876 1730 1602 5069 519 1288 1301 1050 6192
leaf_count=27053 53408 5544 250 762 1429 22876 1730 1602 5069 519 1288 1301 1050 6192
internal_value=-0.00229583 0.00366628 0.00445304 0.00264588 0.00297032 0.00342832 0.00376327 -0.000137073 0.00213634 -0.00426829 -0.000230033 0.00464903 0.00279668 0.000841242
internal_weight=130073 103020 58130 44890 39346 32392 29675 2371 6799 769 2717 55759 2351 6954
internal_count=130073 103020 58130 44890 39346 32392 29675 2371 6799 769 2717 55759 2351 6954
cat_boundaries=0 1 2 3 4 5 7 8 9 10
cat_threshold=4749388 65825 4 524296 1180160 1073745920 64 2360960 4168 128
is_linear=0
shrinkage=0.05


Tree=176
num_leaves=15
num_cat=8
split_feature=5 2 8 2 4 8 8 2 4 8 2 8 3 2
split_gain=6995.12 37.1587 22.0966 11.785 14.3882 10.8341 12.097 5.46681 9.33239 4.50258 3.60992 4.38222 3.51769 4.32688
threshold=1.5000000000000002 0 21.500000000000004 1 2 1.5000000000000002 15.500000000000002 3 4 6.5000000000000009 5 19.500000000000004 6 7
decision_type=2 9 2 9 1 2 2 9 1 2 9 2 9 9
left_child=-1 3 7 -2 -5 -6 -7 8 -3 -10 11 -8 -4 -14
right_child=1 2 12 4 5 6 10 -9 9 -11 -12 -13 13 -15
leaf_value=-6.0023944955078796e-06 2.9974744158489666e-05 6.0544425772857124e-06 1.7313075057301396e-05 6.6172678461207113e-06 -0.0001794425847190695 6.0023944955078796e-06 6.0023944955078796e-06 6.0023944955078796e-06 6.0023944955078796e-06 6.0023944955078796e-06 5.9631601071474805e-06 7.333125549551234e-05 -3.3209670662337488e-07 6.0023944955078796e-06
leaf_weight=27036 5568 2037 1831 5262 1893 13844 1906 51230 3073 6623 4343 1695 2144 1620
leaf_count=27036 5568 2037 1831 5262 1893 13844 1906 51230 3073 6623 4343 1695 2144 1620
internal_value=-0.00236328 0.00357455 0.00424834 0.00223415 0.00263962 0.00316604 0.00348127 0.00451654 0.00352763 0.00417698 0.00192598 0.00309471 0.00123771 0.000357711
internal_weight=130105 103069 68558 34511 28943 23681 21788 62963 11733 9696 7944 3601 5595 3764
internal_count=130105 103069 68558 34511 28943 23681 21788 62963 11733 9696 7944 3601 5595 3764
cat_boundaries=0 1 2 3 4 5 6 8 9
cat_threshold=493475 65825 4 3670016 4 1154 838996993 64 4737036
is_linear=0
shrinkage=0.05


Tree=177
num_leaves=15
num_cat=3
split_feature=5 8 4 6 8 6 8 1 7 8 6 6 8 1
split_gain=6982.03 21.5774 14.64 8.12773 7.32288 6.97551 6.11637 5.28339 3.16973 3.16497 2.92047 3.70273 2.88538 5.32627
threshold=1.5000000000000002 22.500000000000004 0 7.5000000000000009 1.5000000000000002 7.5000000000000009 18.500000000000004 1 5.5000000000000009 1.5000000000000002 1.5000000000000002 3.5000000000000004 17.500000000000004 2
decision_type=2 2 1 2 2 2 2 1 2 2 2 2 2 1
left_child=-1 2 5 4 -4 8 12 -3 9 -2 -11 -12 -5 -14
right_child=1 7 3 6 -6 -7 -8 -9 -10 10 11 -13 13 -15
leaf_value=-5.702274770724714e-06 -5.1828891332261762e-05 7.8011495387597665e-05 5.702274770724714e-06 5.702274770724714e-06 5.702274770724714e-06 5.702274770724714e-06 5.702274770724714e-06 -8.1414870818363742e-07 5.7269976095675194e-06 5.702274770724714e-06 5.702274770724714e-06 5.702274770724714e-06 -0.045613531081687378 0.00014520302571365828
leaf_weight=26998 842 2723 4440 22897 47185 6294 5092 1575 1674 1466 2941 4277 121 1236
leaf_count=26998 842 2723 4440 22897 47185 6294 5092 1575 1674 1466 2941 4277 121 1236
internal_value=-0.00237225 0.00357254 0.00372391 0.0040073 0.00438499 0.00241226 0.00334287 0.0001047 0.00316071 0.0028081 0.00309189 0.00350513 0.00367362 0.00591378
internal_weight=129761 102763 98465 80971 51625 17494 29346 4298 11200 9526 8684 7218 24254 1357
internal_count=129761 102763 98465 80971 51625 17494 29346 4298 11200 9526 8684 7218 24254 1357
cat_boundaries=0 1 2 3
cat_threshold=4 26 16
is_linear=0
shrinkage=0.05


Tree=178
num_leaves=15
num_cat=8
split_feature=0 2 8 4 2 8 8 2 2 6 2 8 3 6
split_gain=7009.25 36.7387 17.9013 16.4896 18.8645 10.0851 14.1548 7.90942 6.0659 6.01156 5.41601 3.94915 3.49978 3.49362
threshold=0 1 22.500000000000004 2 3 1.5000000000000002 15.500000000000002 4 5 7.5000000000000009 6 21.500000000000004 7 7.5000000000000009
decision_type=1 9 2 1 9 2 2 9 9 2 9 2 9 2
left_child=1 2 9 -3 -5 10 -7 -4 13 -1 -6 12 -11 -8
right_child=-2 3 7 4 5 6 8 -9 -10 11 -12 -13 -14 -15
leaf_value=5.4171610321951391e-06 -5.4171610321951391e-06 6.5110837897730537e-06 -7.4850843092555416e-07 -4.4795259303365144e-05 5.4171610321951391e-06 5.4171610321951391e-06 5.4171610321951391e-06 7.3350394615356865e-05 5.4171610321951391e-06 5.4171610321951391e-06 -2.3269636512956993e-05 -1.8428991587438049e-06 5.4171610321951391e-06 5.4171610321951391e-06
leaf_weight=40468 27117 8508 641 4533 202 19934 2482 1617 7795 2985 2695 490 9278 1495
leaf_count=40468 27117 8508 641 4533 202 19934 2482 1617 7795 2985 2695 490 9278 1495
internal_value=-0.002376 0.00357281 0.00444818 0.00255278 0.00298702 0.00338384 0.00364284 8.8574e-05 0.00226809 0.00463398 0.000560925 0.00368737 0.00386325 0.00385628
internal_weight=130240 103123 55479 47644 39136 34603 31706 2258 11772 53221 2897 12753 12263 3977
internal_count=130240 103123 55479 47644 39136 34603 31706 2258 11772 53221 2897 12753 12263 3977
cat_boundaries=0 1 2 3 4 5 6 7 9
cat_threshold=12 4225100 4 65825 8 2098304 524288 912262145 4100
is_linear=0
shrinkage=0.05


Tree=179
num_leaves=15
num_cat=5
split_feature=5 2 8 4 2 8 8 2 2 6 8 8 8 8
split_gain=6953.73 34.7638 28.6817 13.6396 16.782 13.435 11.9605 7.65341 5.70934 5.13697 6.25421 7.79457 4.74443 4.5723
threshold=1.5000000000000002 0 22.500000000000004 1 2 1.5000000000000002 15.500000000000002 3 4 7.5000000000000009 17.500000000000004 18.500000000000004 21.500000000000004 1.0000000180025095e-35
decision_type=2 9 2 1 9 2 2 9 9 2 2 2 2 2
left_child=-1 2 9 -3 13 -6 -7 -8 -4 -2 -11 -12 -13 -5
right_child=1 3 8 4 5 6 7 -9 -10 10 11 12 -14 -15
leaf_value=-5.1463029805853823e-06 5.1463029805853823e-06 6.1855296002777397e-06 -1.1522725808621459e-06 0.021653664104078676 -3.1049352426215652e-05 5.1463029805853823e-06 5.1463029805853823e-06 5.1463029805853823e-06 6.9682874884580134e-05 5.1463029805853823e-06 -1.828734566533541e-06 5.1463029805853823e-06 -1.7507542008132761e-06 -6.869801534579168e-05
leaf_weight=26982 40799 7968 1138 185 2737 18658 5474 5491 1276 11740 626 2015 605 4312
leaf_count=26982 40799 7968 1138 185 2737 18658 5474 5491 1276 11740 626 2015 605 4312
internal_value=-0.00240412 0.00351374 0.00432021 0.00246515 0.00287123 0.00326846 0.00357914 0.00226858 -0.00101491 0.00455185 0.00376018 0.00181762 0.00301527 5.54693e-06
internal_weight=130006 103024 58199 44825 36857 32360 29623 10965 2414 55785 14986 3246 2620 4497
internal_count=130006 103024 58199 44825 36857 32360 29623 10965 2414 55785 14986 3246 2620 4497
cat_boundaries=0 1 2 3 4 5
cat_threshold=4749388 4 65825 1475072 528392
is_linear=0
shrinkage=0.05


Tree=180
num_leaves=15
num_cat=8
split_feature=5 2 4 2 6 4 6 4 3 7 5 3 7 1
split_gain=6951.71 38.3503 15.5831 18.8209 4.66227 4.49273 3.14586 3.50267 3.48525 2.80088 3.09824 2.79594 2.78688 2.63304
threshold=1.5000000000000002 0 1 2 7.5000000000000009 3 11.500000000000002 4 5 1.5000000000000002 3.0000000000000004 6 2.5000000000000004 7
decision_type=2 9 1 9 2 1 2 1 9 2 2 9 2 1
left_child=-1 4 11 13 -2 -6 -5 8 -8 10 -9 -3 -10 -4
right_child=1 2 3 6 5 -7 7 9 12 -11 -12 -13 -14 -15
leaf_value=-4.8889878315527827e-06 4.8889878315527827e-06 0.00014715392313113806 0.00079320283847066357 4.8889878315527827e-06 4.8889878315527827e-06 4.8889878315527827e-06 -0.045156677352527402 0.047616158007791093 4.8889878315527827e-06 0.0010520191565316695 -0.043135190007929085 -1.4556330199866353e-06 -3.2603911828132937e-06 -0.00011349702882244018
leaf_weight=27033 42558 2221 2850 29465 2809 12777 305 46 614 824 198 5782 787 1689
leaf_count=27033 42558 2221 2850 29465 2809 12777 305 46 614 824 198 5782 787 1689
internal_value=-0.0024354 0.00349113 0.00238943 0.00282506 0.00433848 0.00359938 0.00324894 0.00164023 0.000234467 0.00388577 -0.000819672 0.000390479 0.00129341 -0.00019235
internal_weight=129958 102925 44781 36778 58144 15586 32239 2774 1706 1068 244 8003 1401 4539
internal_count=129958 102925 44781 36778 58144 15586 32239 2774 1706 1068 244 8003 1401 4539
cat_boundaries=0 1 2 3 4 5 7 9 10
cat_threshold=4749388 4 65825 4 1 50463232 64 557975104 16384 18
is_linear=0
shrinkage=0.05


Tree=181
num_leaves=15
num_cat=9
split_feature=5 2 4 2 6 6 3 4 7 2 3 2 2 5
split_gain=6918.51 41.8622 15.8386 17.6775 5.64662 3.82433 3.34753 3.26536 2.67743 2.55451 2.34543 2.21758 2.18309 2.36184
threshold=1.5000000000000002 0 1 2 11.500000000000002 7.5000000000000009 3 4 2.5000000000000004 5 6 7 8 3.0000000000000004
decision_type=2 9 1 9 2 2 9 1 2 9 9 9 9 2
left_child=-1 5 6 -4 -5 9 -3 11 -9 -2 -6 -7 -8 -14
right_child=1 2 3 4 10 7 12 8 -10 -11 -12 -13 13 -15
leaf_value=-4.6445384399795847e-06 4.6445384399795847e-06 -1.1472732429229638e-05 -3.4477490080941922e-05 4.6445384399795847e-06 -1.8530871737665323e-05 4.6445384399795847e-06 4.8764164279457851e-06 4.6445384399795847e-06 4.6445384399795847e-06 4.6445384399795847e-06 1.6027809209417933e-05 -3.7473101593521465e-06 -0.00011791926801296704 0.0012325102955882629
leaf_weight=27011 15041 2549 4495 29436 1207 1919 3357 5594 7173 27491 1585 876 513 1621
leaf_count=27011 15041 2549 4495 29436 1207 1919 3357 5594 7173 27491 1585 876 513 1621
internal_value=-0.00247983 0.00343414 0.00228318 0.00272377 0.00313295 0.00431984 0.000273632 0.00364992 0.0039888 0.00456597 0.000984957 0.00210197 0.000968006 0.00221549
internal_weight=129868 102857 44763 36723 32228 58094 8040 15562 12767 42532 2792 2795 5491 2134
internal_count=129868 102857 44763 36723 32228 58094 8040 15562 12767 42532 2792 2795 5491 2134
cat_boundaries=0 1 2 3 5 6 7 9 10 11
cat_threshold=4749388 4 65825 69468161 4164 4 4212804 302252552 21508 4202564 2262531
is_linear=0
shrinkage=0.05


Tree=182
num_leaves=15
num_cat=6
split_feature=5 2 8 4 2 8 8 6 2 1 6 6 2 8
split_gain=6899.64 41.7189 25.5511 23.9517 18.8957 9.44818 15.1564 7.88041 6.22219 5.72925 5.60475 4.02079 4.66257 5.66039
threshold=1.5000000000000002 0 22.500000000000004 1 2 15.500000000000002 2.5000000000000004 7.5000000000000009 3 4 7.5000000000000009 10.500000000000002 5 11.500000000000002
decision_type=2 9 2 1 9 2 2 2 9 1 2 2 9 2
left_child=-1 2 10 -3 -5 6 -6 8 -7 -4 -2 -8 -13 -14
right_child=1 3 9 4 5 7 11 -9 -10 -11 -12 12 13 -15
leaf_value=-4.4123115179761642e-06 4.4123115179761642e-06 -1.6220382919041043e-06 -1.1550785357528072e-06 -3.2753615576908149e-05 4.4123115179761642e-06 4.4123115179761642e-06 4.4123115179761642e-06 4.4123115179761642e-06 4.4123115179761642e-06 6.648258082964098e-05 4.4123115179761642e-06 4.4123115179761642e-06 -4.6785426408169076e-05 4.4123115179761642e-06
leaf_weight=27031 40322 8498 999 4516 4303 2031 14875 5426 4310 1261 12737 1501 1402 668
leaf_count=27031 40322 8498 999 4516 4303 2031 14875 5426 4310 1261 12737 1501 1402 668
internal_value=-0.00252079 0.00338725 0.00432097 0.00229912 0.00282332 0.00322076 0.00381665 0.00207147 0.00326841 -0.000884956 0.00454353 0.00443999 0.00293335 0.00137019
internal_weight=129880 102849 55319 47530 39032 34516 22749 11767 6341 2260 53059 18446 3571 2070
internal_count=129880 102849 55319 47530 39032 34516 22749 11767 6341 2260 53059 18446 3571 2070
cat_boundaries=0 1 2 3 4 5 6
cat_threshold=4225100 4 65825 2622464 4 558080
is_linear=0
shrinkage=0.05


Tree=183
num_leaves=15
num_cat=6
split_feature=5 6 8 8 4 8 1 4 6 6 7 1 3 3
split_gain=6907.22 24.8081 24.1869 9.44811 9.74238 7.29427 7.02349 5.28255 4.68548 3.77713 4.28368 3.56266 3.81631 3.64899
threshold=1.5000000000000002 7.5000000000000009 22.500000000000004 17.500000000000004 0 1.5000000000000002 1 2 11.500000000000002 3.5000000000000004 1.0000000180025095e-35 3 4 5
decision_type=2 2 2 2 1 2 1 1 2 2 2 1 9 9
left_child=-1 2 5 4 -3 -2 -4 -7 11 -8 -11 13 -13 -6
right_child=1 3 6 -5 8 7 9 -9 -10 10 -12 12 -14 -15
leaf_value=-4.1916959420795761e-06 4.1916959420795761e-06 4.1916959420795761e-06 6.2397925785306901e-05 4.1916959420795761e-06 4.14283977105967e-06 4.1916959420795761e-06 -5.9866777206707417e-07 4.1916959420795761e-06 4.1916959420795761e-06 0.049903861125365268 -0.045130694960618771 4.1916959420795761e-06 4.1916959420795761e-06 4.1916959420795761e-06
leaf_weight=27013 5432 4982 923 9387 1772 10224 1415 47282 4550 65 332 8380 6795 1478
leaf_count=27013 5432 4982 923 9387 1772 10224 1415 47282 4550 65 332 8380 6795 1478
internal_value=-0.00249558 0.00340551 0.0039906 0.00237655 0.00283739 0.00419063 -0.000612431 0.00435607 0.00327203 -0.00241493 -0.00673804 0.00362687 0.00394962 0.00210123
internal_weight=130030 103017 65673 37344 27957 62938 2735 57506 22975 1812 397 18425 15175 3250
internal_count=130030 103017 65673 37344 27957 62938 2735 57506 22975 1812 397 18425 15175 3250
cat_boundaries=0 1 2 3 4 6 8
cat_threshold=4 18 4 1 1392775681 16384 302256648 49152
is_linear=0
shrinkage=0.05


Tree=184
num_leaves=15
num_cat=4
split_feature=5 6 8 8 4 8 4 6 1 7 6 8 5 3
split_gain=6928.44 20.1095 15.8872 8.74048 9.37968 7.87171 5.51846 4.48028 3.9981 3.31051 3.4472 3.05209 3.62998 3.25398
threshold=1.5000000000000002 7.5000000000000009 22.500000000000004 17.500000000000004 0 1.5000000000000002 1 11.500000000000002 2 5.5000000000000009 1.5000000000000002 1.0000000180025095e-35 3.0000000000000004 3
decision_type=2 2 2 2 1 2 1 2 1 2 2 2 2 9
left_child=-1 2 5 4 -3 -2 9 -6 -4 10 -7 12 -9 -13
right_child=1 3 8 -5 7 6 -8 11 -10 -11 -12 13 -14 -15
leaf_value=-3.9821111449844794e-06 3.9821111449844794e-06 3.9821111449844794e-06 5.9278029496034891e-05 3.9821111449844794e-06 3.9821111449844794e-06 3.9821111449844794e-06 3.9821111449844794e-06 -0.0047176350524075657 -1.0424583785084707e-06 5.2946440625811782e-06 3.9821111449844794e-06 -1.6027797416429123e-05 0.049668293485917392 3.9821111449844794e-06
leaf_weight=27011 5441 4961 944 9373 18347 1490 47111 66 1805 1510 7257 1541 203 2710
leaf_count=27011 5441 4961 944 9373 18347 1490 47111 66 1805 1510 7257 1541 203 2710
internal_value=-0.0024659 0.00345736 0.00398426 0.00252883 0.00297362 0.0041471 0.00431948 0.00340119 0.000263732 0.0032685 0.00289528 0.00199115 0.00715613 0.00166431
internal_weight=129770 102759 65558 37201 27828 62809 57368 22867 2749 10257 8747 4520 269 4251
internal_count=129770 102759 65558 37201 27828 62809 57368 22867 2749 10257 8747 4520 269 4251
cat_boundaries=0 1 2 3 5
cat_threshold=4 4 18 50594824 21568
is_linear=0
shrinkage=0.05


Tree=185
num_leaves=15
num_cat=7
split_feature=5 6 8 8 4 8 4 6 1 1 3 3 8 3
split_gain=6939.46 22.0168 18.3746 8.09708 9.59911 7.81428 5.0564 4.14748 3.72261 3.07353 3.92571 3.78134 3.12677 2.65351
threshold=1.5000000000000002 7.5000000000000009 22.500000000000004 17.500000000000004 0 1.5000000000000002 1 11.500000000000002 2 3 4 5 11.500000000000002 6
decision_type=2 2 2 2 1 2 1 2 1 1 9 9 2 9
left_child=-1 2 5 4 -3 -2 -7 9 -4 11 -11 -6 -13 -5
right_child=1 3 8 13 7 6 -8 -9 -10 10 -12 12 -14 -15
leaf_value=-3.7830055877430271e-06 3.7830055877430271e-06 3.7830055877430271e-06 5.6314128021228706e-05 0.0011732112546630092 3.7365922252563524e-06 3.7830055877430271e-06 3.7830055877430271e-06 3.7830055877430271e-06 -9.9033545959414941e-07 3.7830055877430271e-06 3.7830055877430271e-06 3.7830055877430271e-06 3.7830055877430271e-06 3.7830055877430271e-06
leaf_weight=27083 5428 4982 940 1655 1830 10276 47157 4551 1803 8406 6727 958 477 7738
leaf_count=27083 5428 4982 940 1655 1830 10276 47157 4551 1803 8406 6727 958 477 7738
internal_value=-0.00248037 0.00344513 0.00399671 0.00247562 0.00290269 0.00417151 0.00434289 0.00333457 -9.11411e-06 0.00366888 0.00397048 0.00225191 0.00416955 0.00120569
internal_weight=130011 102928 65604 37324 27931 62861 57433 22949 2743 18398 15133 3265 1435 9393
internal_count=130011 102928 65604 37324 27931 62861 57433 22949 2743 18398 15133 3265 1435 9393
cat_boundaries=0 1 2 3 4 6 8 10
cat_threshold=4 4 18 1 1661211137 17408 304353800 49152 135232 4096
is_linear=0
shrinkage=0.05


Tree=186
num_leaves=15
num_cat=8
split_feature=5 2 8 4 2 8 8 2 2 8 1 4 8 3
split_gain=6894.43 42.0583 18.8839 17.971 19.2779 12.6917 13.4706 7.56025 4.4199 3.63389 4.44274 3.92982 3.07025 2.96517
threshold=1.5000000000000002 0 21.500000000000004 1 2 1.5000000000000002 15.500000000000002 3 4 22.500000000000004 5 6 1.0000000180025095e-35 7
decision_type=2 9 2 1 9 2 2 9 9 2 1 1 2 9
left_child=-1 2 -2 -3 12 -6 -7 13 9 10 -4 -12 -5 -8
right_child=1 3 8 4 5 6 7 -9 -10 -11 11 -13 -14 -15
leaf_value=-3.593855308348104e-06 3.593855308348104e-06 4.1158568874211099e-06 3.593855308348104e-06 0.020534084471600347 -3.6778441356455363e-05 3.593855308348104e-06 -1.4733261067823022e-05 3.593855308348104e-06 -3.0403802639966671e-06 5.3498421620168379e-05 0.0019123587622432048 -0.041175779623449538 -7.9947689675696773e-05 3.5958170277794469e-06
leaf_weight=26974 53452 8031 1282 193 2744 18662 1255 5405 1342 1646 224 175 4343 4178
leaf_count=26974 53452 8031 1282 193 2744 18662 1255 5405 1342 1646 224 175 4343 4178
internal_value=-0.00249873 0.00339787 0.00428558 0.00224504 0.00271343 0.00314225 0.00344576 0.00204374 0.00123688 0.00221007 0.00385187 -0.000794621 -0.000340959 0.00072111
internal_weight=129906 102932 58121 44811 36780 32244 29500 10838 4669 3327 1681 399 4536 5433
internal_count=129906 102932 58121 44811 36780 32244 29500 10838 4669 3327 1681 399 4536 5433
cat_boundaries=0 1 2 3 4 5 6 7 9
cat_threshold=4749388 4 65825 1475072 14408 20 1 1157890048 1024
is_linear=0
shrinkage=0.05


Tree=187
num_leaves=15
num_cat=4
split_feature=5 2 8 2 8 8 6 8 6 6 8 2 2 8
split_gain=6894.1 43.6697 17.2196 12.6679 8.30411 11.0583 6.89065 7.13206 5.45786 4.79223 4.29609 3.85516 3.56625 3.42747
threshold=1.5000000000000002 0 22.500000000000004 1 1.5000000000000002 16.500000000000004 7.5000000000000009 17.500000000000004 7.5000000000000009 10.500000000000002 9.5000000000000018 2 3 18.500000000000004
decision_type=2 9 2 9 2 2 2 2 2 2 2 9 9 2
left_child=-1 2 6 -3 11 9 -2 -8 12 -6 -11 -5 -7 -9
right_child=1 3 -4 4 5 8 7 13 -10 10 -12 -13 -14 -15
leaf_value=-3.4141625429251477e-06 3.4141625429251477e-06 5.8001524190665068e-06 2.4688085627977421e-05 4.4146579709858363e-06 3.4141625429251477e-06 3.4141625429251477e-06 3.4141625429251477e-06 -3.212123126861144e-06 3.4141625429251477e-06 3.4141625429251477e-06 3.4141625429251477e-06 -4.2217469574179493e-05 3.4141625429473523e-06 3.4141625429251477e-06
leaf_weight=27035 40441 5565 2276 245 21064 3009 10023 537 5704 2617 2379 3335 3678 2137
leaf_count=27035 40441 5565 2276 245 21064 3009 10023 537 5704 2617 2379 3335 3678 2137
internal_value=-0.00252816 0.00336958 0.00432394 0.00225707 0.00255405 0.00276911 0.00450713 0.00349098 0.00153942 0.0033538 0.00196157 0.000251397 0.0025086 0.00119671
internal_weight=130045 103010 55414 47596 42031 38451 53138 12697 12391 26060 4996 3580 6687 2674
internal_count=130045 103010 55414 47596 42031 38451 53138 12697 12391 26060 4996 3580 6687 2674
cat_boundaries=0 1 2 3 4
cat_threshold=4225100 65825 524288 2360320
is_linear=0
shrinkage=0.05


Tree=188
num_leaves=15
num_cat=6
split_feature=5 2 8 4 2 8 8 6 8 8 2 6 4 2
split_gain=6883.95 42.8828 20.7935 17.2203 16.9541 13.0686 16.8408 7.68398 9.02107 6.90479 6.16822 6.12016 5.55602 4.35471
threshold=1.5000000000000002 0 21.500000000000004 1 2 1.5000000000000002 15.500000000000002 7.5000000000000009 17.500000000000004 18.500000000000004 3 10.500000000000002 4 5
decision_type=2 9 2 1 9 2 2 2 2 2 9 2 1 9
left_child=-1 2 7 -3 -5 -6 11 -2 12 -10 -8 -7 -9 -4
right_child=1 3 13 4 5 6 10 8 9 -11 -12 -13 -14 -15
leaf_value=-3.2434544157800007e-06 3.2434544157800007e-06 3.7185199295741713e-06 3.2434544157800007e-06 -3.4005368534595348e-05 -4.0106596095457193e-05 3.2434544157800007e-06 3.2433563298184257e-06 3.2434544157800007e-06 -3.0515169705314097e-06 3.2434544157800007e-06 3.2434544157800007e-06 3.2434544157800007e-06 3.2434544157800007e-06 -3.0590693779419809e-06
leaf_weight=27038 39023 8020 2850 4519 2725 15325 5442 2097 649 1981 5455 3290 9656 1867
leaf_count=27038 39023 8020 2850 4519 2725 15325 5442 2097 649 1981 5455 3290 9656 1867
internal_value=-0.00254874 0.00335062 0.00424673 0.00218595 0.00264447 0.00304602 0.00335287 0.00452852 0.00354064 0.000893536 0.00179178 0.00426672 0.00413299 0.0010653
internal_weight=129937 102899 58123 44776 36756 32237 29512 53406 14383 2630 10897 18615 11753 4717
internal_count=129937 102899 58123 44776 36756 32237 29512 53406 14383 2630 10897 18615 11753 4717
cat_boundaries=0 1 2 3 4 5 6
cat_threshold=4749388 4 65825 1475072 4 12360
is_linear=0
shrinkage=0.05


Tree=189
num_leaves=15
num_cat=6
split_feature=5 2 8 4 2 8 8 6 2 8 6 8 3 4
split_gain=6866.37 43.9199 20.7098 20.1637 16.3724 11.7476 17.9235 9.53583 7.48987 6.22886 6.09245 5.69535 4.83214 4.74888
threshold=1.5000000000000002 0 21.500000000000004 1 2 1.5000000000000002 15.500000000000002 7.5000000000000009 3 17.500000000000004 11.500000000000002 18.500000000000004 4 5
decision_type=2 9 2 1 9 2 2 2 9 2 2 2 9 1
left_child=-1 2 7 -3 -5 -6 10 -2 -8 13 -7 -11 -13 -9
right_child=1 3 -4 4 5 6 8 9 -10 11 -12 12 -14 -15
leaf_value=-3.0812816949943315e-06 3.0812816949943315e-06 -1.8395242636248811e-06 3.0812816949943315e-06 -2.6301366665526518e-05 -2.8663351279778482e-05 3.0812816949943315e-06 3.081188513331945e-06 3.0812816949943315e-06 3.0812816949943315e-06 -2.8989411219981778e-06 3.0753337205036148e-06 -5.5390130758770087e-05 3.0812816949943315e-06 3.0812816949943315e-06
leaf_weight=27015 39033 8055 4692 4517 2720 17060 5772 2092 5203 654 1598 449 1555 9621
leaf_count=27015 39033 8055 4692 4517 2720 17060 5772 2092 5203 654 1598 449 1555 9621
internal_value=-0.00256314 0.00332044 0.00422848 0.00214476 0.00264036 0.00303356 0.00332315 0.00450903 0.00171982 0.0034079 0.00426627 0.00122272 0.00254491 0.00390378
internal_weight=130036 103021 58096 44925 36870 32353 29633 53404 10975 14371 18658 2658 2004 11713
internal_count=130036 103021 58096 44925 36870 32353 29633 53404 10975 14371 18658 2658 2004 11713
cat_boundaries=0 1 2 3 4 5 6
cat_threshold=4749388 4 65825 1212930 35656705 4
is_linear=0
shrinkage=0.05


Tree=190
num_leaves=15
num_cat=6
split_feature=5 2 4 8 2 8 8 6 2 8 3 8 6 2
split_gain=6884.18 41.1506 19.6055 18.4243 17.2529 13.4904 16.5539 7.19631 6.84691 6.16881 4.3024 3.82507 3.77669 5.86637
threshold=1.5000000000000002 0 1 21.500000000000004 2 15.500000000000002 2.5000000000000004 7.5000000000000009 3 17.500000000000004 4 1.5000000000000002 11.500000000000002 5
decision_type=2 9 1 2 9 2 2 2 9 2 9 2 2 9
left_child=-1 3 -3 7 -4 6 -6 11 -7 -9 -5 -2 -8 -14
right_child=1 2 4 10 5 8 12 9 -10 -11 -12 -13 13 -15
leaf_value=-2.9272176102379534e-06 2.9272176102379534e-06 3.6735473960103351e-06 -2.4500646279834728e-05 0.00062508287850403525 2.9272176102379534e-06 2.9272176102379534e-06 2.9272176102379534e-06 2.9272176102379534e-06 2.9272176102379534e-06 2.9272176102379534e-06 2.9272176102379534e-06 2.9272176102379534e-06 2.3583514704883514e-06 3.9277130382986415e-06
leaf_weight=26986 3399 8695 4508 856 4421 3978 17070 9281 8130 1939 3565 35212 1449 399
leaf_count=26986 3399 8695 4508 856 4421 3978 17070 9281 8130 1939 3565 35212 1449 399
internal_value=-0.00252217 0.00337263 0.00231504 0.00431978 0.00278376 0.00315382 0.00385728 0.00459503 0.00180046 0.00348039 0.0012271 0.00491894 0.004501 0.0023539
internal_weight=129888 102902 48650 54252 39955 35447 23339 49831 12108 11220 4421 38611 18918 1848
internal_count=129888 102902 48650 54252 39955 35447 23339 49831 12108 11220 4421 38611 18918 1848
cat_boundaries=0 1 2 3 4 6 7
cat_threshold=4225096 4 65825 2098304 838992897 1088 1081984
is_linear=0
shrinkage=0.05


Tree=191
num_leaves=15
num_cat=10
split_feature=5 2 4 2 6 6 2 3 3 2 3 3 2 7
split_gain=6863.98 43.3588 17.9877 15.4937 5.74182 5.61998 2.85212 3.37953 3.11034 2.6896 2.12828 2.07461 1.80452 1.75493
threshold=1.5000000000000002 0 1 2 7.5000000000000009 11.500000000000002 3 4 5 6 7 8 9 2.5000000000000004
decision_type=2 9 1 9 2 2 9 9 9 9 9 9 9 2
left_child=-1 4 6 -4 11 -5 7 -3 12 13 -6 -2 -8 -7
right_child=1 2 3 5 10 9 8 -9 -10 -11 -12 -13 -14 -15
leaf_value=-2.7808567297338274e-06 2.7808567297338274e-06 0.0011697139139650759 -2.2734283543801583e-05 2.7808567297338274e-06 2.7808567297338274e-06 0.047485001446512243 1.1131599848512864e-05 -4.2033734091040392e-05 2.5080236396357595e-06 2.240433896960603e-06 2.7808567297338274e-06 2.7808567297338274e-06 -0.00047687240615990056 2.7308319583196908e-06
leaf_weight=27033 2003 1756 4558 31099 9879 203 324 1749 3788 2803 3383 40150 847 348
leaf_count=27033 2003 1756 4558 31099 9879 203 324 1749 3788 2803 3383 40150 847 348
internal_value=-0.00257903 0.00331179 0.00220122 0.00265502 0.00426207 0.003017 0.00011224 0.00120199 -0.000659086 0.00107335 0.00335545 0.00454831 -0.00290008 0.00423351
internal_weight=129923 102890 47475 39011 55415 34453 8464 3505 4959 3354 13262 42153 1171 551
internal_count=129923 102890 47475 39011 55415 34453 8464 3505 4959 3354 13262 42153 1171 551
cat_boundaries=0 1 2 3 4 6 7 8 10 12 13
cat_threshold=4225100 4 65825 983456 1074529352 49152 1143734281 525312 1090916864 49216 541196297 4096 515
is_linear=0
shrinkage=0.05


Tree=192
num_leaves=15
num_cat=6
split_feature=5 2 8 4 2 8 8 2 6 2 8 8 3 8
split_gain=6893.38 44.0607 27.3325 19.7014 20.0417 12.7971 17.1768 8.06321 7.21234 5.49166 4.42872 4.3866 4.82367 4.37159
threshold=1.5000000000000002 0 21.500000000000004 1 2 15.500000000000002 1.5000000000000002 3 7.5000000000000009 4 1.5000000000000002 17.500000000000004 5 1.0000000180025095e-35
decision_type=2 9 2 1 9 2 2 9 2 9 2 2 9 2
left_child=-1 2 8 -3 13 6 9 -7 10 -6 -2 -10 -13 -5
right_child=1 3 -4 4 5 7 -8 -9 11 -11 -12 12 -14 -15
leaf_value=-2.6418138932449155e-06 2.6418138932449155e-06 3.3363275808273587e-06 2.6418138932449155e-06 0.022182368351934968 0.0023495887571789 2.6418138932449155e-06 2.6418138932449155e-06 2.6418138932449155e-06 2.6418138932449155e-06 -7.3636600735937921e-05 2.6418138932449155e-06 -5.2906027937860146e-05 2.6418138932449155e-06 -9.5570629556762659e-05
leaf_weight=27114 3430 8480 4464 182 535 3971 19965 7778 10036 2376 35371 506 1718 4333
leaf_count=27114 3430 8480 4464 182 535 3971 19965 7778 10036 2376 35371 506 1718 4333
internal_value=-0.00256585 0.00333148 0.00428874 0.00221394 0.00268779 0.00309586 0.00378563 0.00175547 0.00461752 0.000197527 0.00495155 0.00356036 0.00155126 -0.000447514
internal_weight=130259 103145 55525 47620 39140 34625 22876 11749 51061 2911 38801 12260 2224 4515
internal_count=130259 103145 55525 47620 39140 34625 22876 11749 51061 2911 38801 12260 2224 4515
cat_boundaries=0 1 2 3 4 5 7
cat_threshold=4225100 4 65825 2098304 1572864 270537728 4096
is_linear=0
shrinkage=0.05


Tree=193
num_leaves=15
num_cat=5
split_feature=5 2 8 4 2 8 8 2 6 8 6 3 8 7
split_gain=6877.22 44.2405 25.4535 19.8035 17.0562 13.6283 19.431 7.47395 6.27539 5.84658 5.53213 4.89912 4.4414 4.5733
threshold=1.5000000000000002 0 21.500000000000004 1 2 1.5000000000000002 15.500000000000002 3 7.5000000000000009 17.500000000000004 11.500000000000002 4 18.500000000000004 4.5000000000000009
decision_type=2 9 2 1 9 2 2 9 2 2 2 9 2 2
left_child=-1 2 8 -3 -5 -6 10 -8 -2 -10 -7 -11 -13 -14
right_child=1 3 -4 4 5 6 7 -9 9 11 -12 12 13 -15
leaf_value=-2.5097231985737881e-06 2.5097231985737881e-06 2.2158060786203748e-06 2.5097231985737881e-06 -4.2737850746554788e-05 -3.3528658979253836e-05 2.5097231985737881e-06 2.5097231985737881e-06 2.5097231985737881e-06 2.5097231985737881e-06 -5.0260726540951597e-05 2.5595370714226463e-06 -3.1714884775713162e-06 2.5097231985737881e-06 0.049854707737003803
leaf_weight=27059 38705 8514 4462 4528 2930 18033 3977 7752 10125 514 1855 406 936 356
leaf_count=27059 38705 8514 4462 4528 2930 18033 3977 7752 10125 514 1855 406 936 356
internal_value=-0.00256585 0.00332249 0.0042818 0.00220225 0.00267882 0.00305654 0.00335974 0.00174567 0.00459915 0.00361717 0.00431165 0.00128843 0.00257611 0.00402477
internal_weight=130152 103093 55504 47589 39075 34547 31617 11729 51042 12337 19888 2212 1698 1292
internal_count=130152 103093 55504 47589 39075 34547 31617 11729 51042 12337 19888 2212 1698 1292
cat_boundaries=0 1 2 3 4 6
cat_threshold=4225100 4 65825 2098304 304092160 4096
is_linear=0
shrinkage=0.05


Tree=194
num_leaves=15
num_cat=6
split_feature=5 6 8 8 4 8 6 4 1 3 3 8 8 3
split_gain=6871.75 29.1097 17.1228 16.4352 10.0801 8.68773 7.00439 5.56047 4.0025 3.18507 2.97736 2.92376 2.87125 2.82843
threshold=1.5000000000000002 7.5000000000000009 17.500000000000004 21.500000000000004 0 1.5000000000000002 11.500000000000002 1 2 3 4 14.500000000000002 2.5000000000000004 5
decision_type=2 2 2 2 1 2 2 1 1 9 9 2 2 9
left_child=-1 3 4 5 -3 -2 8 13 9 -6 12 -11 -10 -7
right_child=1 2 -4 -5 6 7 -8 -9 10 11 -12 -13 -14 -15
leaf_value=-2.3842370386439884e-06 2.3842370386439884e-06 2.3842370386439884e-06 2.3842370386439884e-06 2.3842370386439884e-06 2.3401443442816475e-06 2.3842370386439884e-06 2.3842370386439884e-06 2.3842370386439884e-06 2.3842370386439884e-06 2.3842370386439884e-06 2.3842370386439884e-06 -0.033052573955690369 2.3842370386439884e-06 2.3842370386439884e-06
leaf_weight=27126 5421 5002 9411 5355 1860 5934 4554 45107 1713 1149 4831 237 8553 3868
leaf_count=27126 5421 5002 9411 5355 1860 5934 4554 45107 1713 1149 4831 237 8553 3868
internal_value=-0.00261045 0.00328632 0.002171 0.00391984 0.00279311 0.00415548 0.00323732 0.00434401 0.00367306 0.00205774 0.00401635 0.00386819 0.00450564 0.00326464
internal_weight=130121 102995 37310 65685 27899 60330 22897 54909 18343 3246 15097 1386 10266 9802
internal_count=130121 102995 37310 65685 27899 60330 22897 54909 18343 3246 15097 1386 10266 9802
cat_boundaries=0 1 2 3 5 7 9
cat_threshold=4 4 1 302387720 49152 1393299969 50176 1191973385 36864
is_linear=0
shrinkage=0.05


Tree=195
num_leaves=15
num_cat=7
split_feature=5 2 8 4 2 8 8 2 8 3 8 2 8 2
split_gain=6838.59 46.8872 22.9843 20.5346 16.8594 13.4585 16.794 6.88345 2.95624 2.67897 3.29415 2.78858 2.62626 4.79241
threshold=1.5000000000000002 0 21.500000000000004 1 2 1.5000000000000002 15.500000000000002 3 1.0000000180025095e-35 4 2.5000000000000004 5 1.5000000000000002 6
decision_type=2 9 2 1 9 2 2 9 2 9 2 9 2 9
left_child=-1 2 12 -3 8 -6 9 -8 -5 -7 11 -11 13 -2
right_child=1 3 -4 4 5 6 7 -9 -10 10 -12 -13 -14 -15
leaf_value=-2.2650251867206705e-06 3.4788787421247138e-06 -3.1902175992470918e-06 2.2650251867206705e-06 0.01678454461680956 -4.6454250073724172e-05 2.2650251867206705e-06 2.2649366641536163e-06 2.2650251867206705e-06 -6.4067017398450338e-05 -3.7968657084164193e-06 2.2650251867206705e-06 3.0568151873078264e-06 2.2650251867206705e-06 2.2650251867206705e-06
leaf_weight=26986 982 8497 4430 186 2928 5189 5190 6525 4351 532 13619 512 46393 3595
leaf_count=26986 982 8497 4430 186 2928 5189 5190 6525 4351 532 13619 512 46393 3595
internal_value=-0.00259612 0.00327774 0.00426638 0.00212405 0.0026094 0.0029858 0.00328745 0.00178617 -0.000258412 0.00417338 0.00452361 0.00181992 0.00456739 0.00342473
internal_weight=129915 102929 55400 47529 39032 34495 31567 11715 4537 19852 14663 1044 50970 4577
internal_count=129915 102929 55400 47529 39032 34495 31567 11715 4537 19852 14663 1044 50970 4577
cat_boundaries=0 1 2 3 4 6 7 8
cat_threshold=4225100 4 65825 1737216 354550280 1028 1606658 20480
is_linear=0
shrinkage=0.05


Tree=196
num_leaves=15
num_cat=5
split_feature=5 2 8 4 2 8 8 2 6 8 6 6 3 6
split_gain=6830.01 40.512 25.531 19.7688 14.8316 13.6408 19.9528 9.07003 8.56116 9.51457 4.23386 3.85476 3.76826 3.7389
threshold=1.5000000000000002 0 21.500000000000004 1 2 15.500000000000002 2.5000000000000004 3 7.5000000000000009 17.500000000000004 10.500000000000002 7.5000000000000009 4 11.500000000000002
decision_type=2 9 2 1 9 2 2 9 2 2 2 2 9 2
left_child=-1 2 8 -3 -5 6 -6 11 -2 -10 12 -7 -8 -4
right_child=1 3 13 4 5 7 10 -9 9 -11 -12 -13 -14 -15
leaf_value=-2.1517739273946291e-06 2.1517739273946291e-06 -9.6867207712847411e-07 1.5862398993204962e-06 -1.2622784173155212e-05 2.4548684721459327e-06 2.1517739273946291e-06 2.1517739273946291e-06 2.1516898309537068e-06 2.1517739273946291e-06 2.1517739273946291e-06 2.1517739273946291e-06 2.8972273059979516e-06 2.1517739273946291e-06 0.045996498934833152
leaf_weight=27043 38652 8502 4275 4510 4299 2499 3903 7709 10076 2181 3572 1483 10927 195
leaf_count=27043 38652 8502 4275 4510 4299 2499 3903 7709 10076 2181 3572 1483 10927 195
internal_value=-0.002642 0.00324057 0.00415922 0.00216603 0.00264382 0.00299692 0.00371239 0.00161021 0.00447809 0.00332667 0.00442887 0.00354459 0.00480108 0.000536913
internal_weight=129826 102783 55379 47404 38902 34392 22701 11691 50909 12257 18402 3982 14830 4470
internal_count=129826 102783 55379 47404 38902 34392 22701 11691 50909 12257 18402 3982 14830 4470
cat_boundaries=0 1 2 3 4 6
cat_threshold=4225100 4 65825 2098304 627180040 1028
is_linear=0
shrinkage=0.05


Tree=197
num_leaves=15
num_cat=5
split_feature=5 2 8 4 2 8 8 6 8 6 2 6 8 3
split_gain=6838.47 42.594 25.4648 19.0865 13.5931 13.5628 18.1645 9.41063 10.7483 8.37937 7.95183 6.63708 3.73316 3.33578
threshold=1.5000000000000002 0 21.500000000000004 1 2 1.5000000000000002 15.500000000000002 7.5000000000000009 17.500000000000004 7.5000000000000009 3 11.500000000000002 15.500000000000002 4
decision_type=2 9 2 1 9 2 2 2 2 2 9 2 2 9
left_child=-1 2 7 -3 -5 -6 11 -2 12 10 -8 13 -9 -7
right_child=1 3 -4 4 5 6 9 8 -10 -11 -12 -13 -14 -15
leaf_value=-2.0441852310204569e-06 2.0441852310204569e-06 1.7404679202748243e-06 2.0724619324230532e-06 -1.1998613075947518e-05 -4.4254280993660801e-05 2.0441852310204569e-06 2.0441852310204569e-06 2.0441852310204569e-06 2.0441852310204569e-06 2.006912562091401e-06 2.0441940949522677e-06 1.9941710045268123e-06 2.0441852310204569e-06 2.0441852310204569e-06
leaf_weight=27050 38763 8553 4441 3996 2949 4745 2005 9019 2217 5569 4332 1935 1030 13549
leaf_count=27050 38763 8553 4441 3996 2949 4745 2005 9019 2217 5569 4332 1935 1030 13549
internal_value=-0.00262441 0.00324603 0.004188 0.00214774 0.00261643 0.0029307 0.00322934 0.00450479 0.00329773 0.00167983 0.00292331 0.00414133 0.00399293 0.00443588
internal_weight=130153 103103 55470 47633 39080 35084 32135 51029 12266 11906 6337 20229 10049 18294
internal_count=130153 103103 55470 47633 39080 35084 32135 51029 12266 11906 6337 20229 10049 18294
cat_boundaries=0 1 2 3 4 6
cat_threshold=4225100 4 65824 2622464 86114824 1028
is_linear=0
shrinkage=0.05


Tree=198
num_leaves=15
num_cat=8
split_feature=5 2 4 2 6 6 3 7 3 2 4 7 2 7
split_gain=6856.18 41.3014 20.2906 16.4085 9.53446 6.86347 3.43741 2.84681 3.78068 2.80079 2.45222 2.36126 2.31454 2.23092
threshold=1.5000000000000002 0 1 2 7.5000000000000009 11.500000000000002 3 4.5000000000000009 4 5 6 2.5000000000000004 7 1.5000000000000002
decision_type=2 9 1 9 2 2 9 2 9 9 1 2 9 2
left_child=-1 4 -3 7 -2 -5 11 -4 -9 -10 -8 -6 -12 -14
right_child=1 2 3 5 6 -7 10 8 9 -11 12 -13 13 -15
leaf_value=-1.9419759694772054e-06 1.9419759694772054e-06 1.7149652185244336e-06 -8.6901840619835202e-05 1.9419759694772054e-06 1.9419759694772054e-06 1.8944624543104638e-06 1.9419759694772054e-06 -0.00021874857073398424 -0.0015618251623657376 0.007996543707638781 -0.0026092342046887041 1.9419759694772054e-06 1.9419759694772054e-06 1.9419759694772054e-06
leaf_weight=26999 42214 8523 3172 31133 2487 3344 3876 494 103 754 701 3248 835 2085
leaf_count=26999 42214 8523 3172 31133 2487 3344 3876 494 103 754 701 3248 835 2085
internal_value=-0.00257294 0.00330755 0.00222424 0.00270769 0.00423489 0.0030787 0.00306454 -0.000126848 0.00179497 0.00377739 0.00234781 0.00399043 0.00141535 0.00203072
internal_weight=129968 102969 47523 39000 55446 34477 13232 4523 1351 857 7497 5735 3621 2920
internal_count=129968 102969 47523 39000 55446 34477 13232 4523 1351 857 7497 5735 3621 2920
cat_boundaries=0 1 2 3 5 7 8 9 10
cat_threshold=4225100 4 65825 50725376 49152 1090781697 64 65536 1 18432
is_linear=0
shrinkage=0.05


Tree=199
num_leaves=15
num_cat=7
split_feature=5 2 4 2 6 6 6 3 3 2 5 7 2 7
split_gain=6861.58 43.1204 20.6332 15.03 7.9907 7.24388 2.3273 3.89111 3.29598 2.3038 2.83461 2.2477 1.80719 2.46867
threshold=1.5000000000000002 0 1 2 11.500000000000002 7.5000000000000009 3.5000000000000004 3 4 5 3.0000000000000004 1.5000000000000002 6 1.0000000180025095e-35
decision_type=2 9 1 9 2 2 2 9 9 9 2 2 9 2
left_child=-1 5 9 -4 -5 6 7 -2 -8 10 11 -3 13 -9
right_child=1 2 3 4 -6 -7 8 12 -10 -11 -12 -13 -14 -15
leaf_value=-1.8448771710088964e-06 1.8448771710088964e-06 0.0022329749627519658 -4.5428577402084617e-07 1.8448771710088964e-06 1.7997393315871691e-06 1.8448771710088964e-06 1.8448771710088964e-06 1.8448771710088964e-06 1.8448771710088964e-06 -5.828922448181118e-06 0.0023404116630583284 -0.0029782767527120058 1.8448771710088964e-06 1.8448771710088964e-06
leaf_weight=27020 5716 65 4568 31259 3338 13141 612 865 18827 7563 668 183 11261 4974
leaf_count=27020 5716 65 4568 31259 3338 13141 612 865 18827 7563 668 183 11261 4974
internal_value=-0.00257304 0.00330794 0.00220338 0.00268799 0.00304346 0.00425676 0.00457638 0.00423387 0.00497839 -3.24331e-05 0.00232181 -0.00221774 0.0038457 0.00310737
internal_weight=130060 103040 47644 39165 34597 55396 42255 22816 19439 8479 916 248 17100 5839
internal_count=130060 103040 47644 39165 34597 55396 42255 22816 19439 8479 916 248 17100 5839
cat_boundaries=0 1 2 3 5 6 7 8
cat_threshold=4225100 4 65825 889197128 1024 570556424 65824 12288
is_linear=0
shrinkage=0.05


Tree=200
num_leaves=15
num_cat=7
split_feature=5 2 8 4 2 8 8 2 3 8 4 7 1 7
split_gain=6829.01 39.7687 27.5787 19.8695 14.3719 12.6498 19.3292 8.04739 3.21738 2.8282 3.37671 3.54235 5.53091 3.3497
threshold=1.5000000000000002 0 21.500000000000004 1 2 1.5000000000000002 15.500000000000002 3 4 19.500000000000004 5 3.5000000000000004 6 5.5000000000000009
decision_type=2 9 2 1 9 2 2 9 9 2 1 2 1 2
left_child=-1 2 -2 -3 -5 -6 8 9 -7 10 13 -12 -13 -8
right_child=1 3 -4 4 5 6 7 -9 -10 -11 11 12 -14 -15
leaf_value=-1.7526333124573413e-06 1.7526333124573413e-06 1.8591423857294843e-06 1.7794961787886978e-06 8.5343946003790801e-06 -2.749111083715228e-05 1.7526333124573413e-06 0.00014612230372870182 1.7526417331881206e-06 1.7526333124573413e-06 1.70458706452159e-06 -3.1516951964238872e-06 1.7526333124573413e-06 -0.00020275648164815865 -3.6599201012510464e-06
leaf_weight=27004 50844 8545 4441 4519 2921 5264 1046 7719 14562 1875 497 270 127 163
leaf_count=27004 50844 8545 4441 4519 2921 5264 1046 7719 14562 1875 497 270 127 163
internal_value=-0.00262391 0.00325436 0.00416629 0.0021918 0.00267112 0.00301852 0.00331107 0.00169915 0.00426208 0.00352307 0.00479078 0.00246085 0.00598237 0.00651365
internal_weight=129797 102793 55285 47508 38963 34444 31523 11697 19826 3978 2103 894 397 1209
internal_count=129797 102793 55285 47508 38963 34444 31523 11697 19826 3978 2103 894 397 1209
cat_boundaries=0 1 2 3 4 6 7 8
cat_threshold=4225100 4 65825 2098304 19530248 5124 1 24
is_linear=0
shrinkage=0.05


Tree=201
num_leaves=15
num_cat=5
split_feature=5 2 8 8 2 8 6 8 6 3 8 3 8 2
split_gain=6841.02 48.8593 29.3959 11.557 12.2162 13.9773 8.19328 9.49106 4.80995 4.89555 4.21232 2.92983 4.33662 2.86145
threshold=1.5000000000000002 0 21.500000000000004 15.500000000000002 1 2.5000000000000004 7.5000000000000009 17.500000000000004 10.500000000000002 2 1.5000000000000002 3 10.500000000000002 4
decision_type=2 9 2 2 9 2 2 2 2 9 2 9 2 9
left_child=-1 2 6 4 -3 -6 10 11 9 -7 13 12 -8 -2
right_child=1 3 -4 -5 5 8 7 -9 -10 -11 -12 -13 -14 -15
leaf_value=-1.6650016468444662e-06 1.780301247309435e-05 -7.0491489341240055e-06 1.6905213698459321e-06 1.6667849676466064e-06 1.9529414643670863e-06 1.6650016468444662e-06 1.6650016468444662e-06 1.6650016468444662e-06 1.6650016468444662e-06 1.6650016468444662e-06 1.6650016468444662e-06 1.6650016468444662e-06 1.6650016468444662e-06 1.6650016468444662e-06
leaf_weight=27130 939 3677 4460 16054 5248 10486 3980 2200 4359 7531 35297 3623 2378 2462
leaf_count=27130 939 3677 4460 16054 5248 10486 3980 2200 4359 7531 35297 3623 2378 2462
internal_value=-0.00266938 0.00322998 0.00423901 0.00204951 0.00260934 0.00296917 0.00458097 0.00345005 0.00351493 0.00387551 0.00493695 0.0041053 0.00475817 0.0032564
internal_weight=129824 102694 55339 47355 31301 27624 50879 12181 22376 18017 38698 9981 6358 3401
internal_count=129824 102694 55339 47355 31301 27624 50879 12181 22376 18017 38698 9981 6358 3401
cat_boundaries=0 1 2 4 6 7
cat_threshold=4225100 65825 1376519169 49216 17175048 49216 20480
is_linear=0
shrinkage=0.05


Tree=202
num_leaves=15
num_cat=5
split_feature=0 2 8 4 8 2 8 6 8 6 6 7 8 3
split_gain=6797.28 48.425 26.1843 16.7731 17.0304 15.4838 19.2365 8.95356 8.79065 4.53591 3.83988 4.93768 3.39546 3.38963
threshold=0 1 21.500000000000004 2 15.500000000000002 3 1.5000000000000002 7.5000000000000009 17.500000000000004 11.500000000000002 7.5000000000000009 5.5000000000000009 1.5000000000000002 4
decision_type=1 9 2 1 2 9 2 2 2 2 2 2 2 9
left_child=1 2 7 -3 5 -5 -7 12 -9 -8 11 13 -1 -6
right_child=-2 3 -4 4 10 6 9 8 -10 -11 -12 -13 -14 -15
leaf_value=1.5817515645055735e-06 -1.5817515645055735e-06 1.7443667123195895e-06 1.605995301345864e-06 -1.9435716446847276e-05 -5.6368211223567501e-06 -2.6214202368501917e-05 1.5817515645055735e-06 1.5817515645055735e-06 1.5817515645055735e-06 2.1746668849242924e-06 1.5462533629717612e-06 0.00013680711814649806 1.5817515645055735e-06 1.5816703981430537e-06
leaf_weight=3439 26995 8541 4473 3004 1222 2919 17898 10086 2207 1859 6775 936 35232 4318
leaf_count=3439 26995 8541 4473 3004 1222 2919 17898 10086 2207 1859 6775 936 35232 4318
internal_value=-0.00266466 0.00319402 0.00419815 0.00202077 0.00246141 0.00321262 0.00365864 0.00452084 0.0033454 0.00422002 0.00100558 0.00187616 0.00489449 0.00130866
internal_weight=129904 102909 55437 47472 38931 25680 22676 50964 12293 19757 13251 6476 38671 5540
internal_count=129904 102909 55437 47472 38931 25680 22676 50964 12293 19757 13251 6476 38671 5540
cat_boundaries=0 1 2 3 4 6
cat_threshold=12 4225100 4 65825 352715777 1024
is_linear=0
shrinkage=0.05


Tree=203
num_leaves=15
num_cat=9
split_feature=5 2 4 2 6 6 2 4 2 3 3 6 3 6
split_gain=6812.72 49.3187 15.9489 12.0301 6.65931 5.48203 2.8008 2.66708 2.5467 3.38977 2.47277 2.02289 2.00877 1.96672
threshold=1.5000000000000002 0 1 2 7.5000000000000009 11.500000000000002 3 4 5 6 7 10.500000000000002 8 10.500000000000002
decision_type=2 9 1 9 2 2 9 1 9 9 9 2 9 2
left_child=-1 4 8 -4 -2 -5 7 11 9 -3 -8 -6 -10 -9
right_child=1 2 3 5 6 -7 10 13 12 -11 -12 -13 -14 -15
leaf_value=-1.5026639862858461e-06 1.5026639862858461e-06 -8.1576015592332855e-06 4.5898394223087281e-07 1.5026639862858461e-06 -0.049992042395527084 1.4301372728064977e-06 1.5026639862858461e-06 0.00013206147301918493 -0.047369370712021387 0.0018619212333238822 1.5026639862858461e-06 -0.00013979033388165086 -5.8098028886899305e-06 1.5026639862858461e-06
leaf_weight=27068 42166 1632 4538 31158 62 3332 3435 181 121 1096 7650 322 5627 1605
leaf_count=27068 42166 1632 4538 31158 62 3332 3435 181 121 1096 7650 322 5627 1605
internal_value=-0.00267957 0.00319043 0.00200678 0.00243415 0.00420388 0.00275217 0.00322708 0.00155963 4.12931e-05 0.00129657 0.0035489 -0.00221354 -0.000555749 0.00237962
internal_weight=129993 102925 47504 39028 55421 34490 13255 2170 8476 2728 11085 384 5748 1786
internal_count=129993 102925 47504 39028 55421 34490 13255 2170 8476 2728 11085 384 5748 1786
cat_boundaries=0 1 2 3 4 5 6 8 10 12
cat_threshold=4225100 4 65825 2048 4 98720 17043465 32836 50725440 16384 270532608 4096
is_linear=0
shrinkage=0.05


Tree=204
num_leaves=15
num_cat=7
split_feature=0 2 8 4 8 8 2 6 8 6 2 3 7 2
split_gain=6780.61 50.7237 26.5275 15.0373 22.237 17.959 20.0367 9.72981 8.78397 5.89301 4.24315 4.38144 3.57461 4.64122
threshold=0 1 21.500000000000004 2 15.500000000000002 1.5000000000000002 3 7.5000000000000009 17.500000000000004 10.500000000000002 4 5 2.5000000000000004 6
decision_type=1 9 2 1 2 2 9 2 2 2 9 9 2 9
left_child=1 2 7 -3 5 -5 -7 -1 12 10 -8 -12 13 -9
right_child=-2 3 -4 4 -6 6 9 8 -10 -11 11 -13 -14 -15
leaf_value=1.4275307869793253e-06 -1.4275307869793253e-06 3.3213338658022454e-06 1.4505623369798216e-06 -2.9360846779225017e-05 1.4274536789260495e-06 -5.4386731948752324e-05 1.4275307869793253e-06 1.4275307869793253e-06 1.4275307869793253e-06 1.4275307869793253e-06 1.4275307869793253e-06 1.4275307869793253e-06 1.4275307869793253e-06 1.4275307869793253e-06
leaf_weight=38690 27013 8491 4446 3287 13196 2616 7743 865 2201 3786 1941 6289 5619 3518
leaf_count=38690 27013 8491 4446 3287 13196 2616 7743 865 2201 3786 1941 6289 5619 3518
internal_value=-0.00270603 0.00315829 0.00418662 0.00195581 0.00237274 0.00323046 0.00373743 0.00451093 0.00327993 0.00428069 0.00470325 0.00550364 0.00390922 0.00497947
internal_weight=129701 102688 55339 47349 38858 25662 22375 50893 12203 19759 15973 8230 10002 4383
internal_count=129701 102688 55339 47349 38858 25662 22375 50893 12203 19759 15973 8230 10002 4383
cat_boundaries=0 1 2 3 4 5 7 8
cat_threshold=12 4225100 4 65825 2654722 73925128 1028 18432
is_linear=0
shrinkage=0.05


Tree=205
num_leaves=15
num_cat=6
split_feature=5 2 8 4 8 2 8 6 6 3 8 8 2 4
split_gain=6781.18 56.196 25.7956 16.293 22.5273 17.4618 17.8917 10.3345 4.85932 4.62794 4.47717 3.41026 4.6406 5.51248
threshold=1.5000000000000002 0 21.500000000000004 1 15.500000000000002 2 2.5000000000000004 9.5000000000000018 11.500000000000002 3 17.500000000000004 1.5000000000000002 4 5
decision_type=2 9 2 1 2 9 2 2 2 9 2 2 9 1
left_child=-1 2 7 -3 5 -5 -7 11 9 -8 -9 12 -2 -14
right_child=1 3 -4 4 -6 6 8 10 -10 -11 -12 -13 13 -15
leaf_value=-1.3561542476336897e-06 7.6888386122631044e-06 -3.1321418878516027e-06 1.3780342201341611e-06 -5.1670879407028641e-05 1.3560729952954987e-06 1.6296970742679663e-06 1.3561542476336897e-06 1.3561542476336897e-06 1.6032312075586754e-06 1.3561542476336897e-06 -2.1895349833211952e-06 1.3561542476336897e-06 1.3561542476336897e-06 1.3561542476336897e-06
leaf_weight=27028 1002 8479 4501 2985 13287 4302 4257 5204 1724 12428 1189 40581 1487 1510
leaf_count=27028 1002 8479 4501 2985 13287 4302 4257 5204 1724 12428 1189 40581 1487 1510
internal_value=-0.00271114 0.00314127 0.00422194 0.0018769 0.00230934 0.00317365 0.00364531 0.00454309 0.00432533 0.00458645 0.00266307 0.0048127 0.0034196 0.00439807
internal_weight=129964 102936 55474 47462 38983 25696 22711 50973 18409 16685 6393 44580 3999 2997
internal_count=129964 102936 55474 47462 38983 25696 22711 50973 18409 16685 6393 44580 3999 2997
cat_boundaries=0 1 2 3 5 6 7
cat_threshold=4225100 4 65825 19005960 4 20480 1
is_linear=0
shrinkage=0.05


Tree=206
num_leaves=15
num_cat=5
split_feature=5 2 8 4 8 8 2 6 8 6 8 2 7 2
split_gain=6767.71 54.0951 27.0094 18.2056 23.9072 16.7519 18.6181 11.3979 6.98569 4.97274 3.94223 3.77598 4.71568 3.72248
threshold=1.5000000000000002 0 21.500000000000004 1 15.500000000000002 1.5000000000000002 2 7.5000000000000009 17.500000000000004 10.500000000000002 12.500000000000002 3 2.5000000000000004 4
decision_type=2 9 2 1 2 2 9 2 2 2 2 9 2 9
left_child=-1 2 7 -3 5 -5 -7 -2 11 13 -11 -9 -13 -8
right_child=1 3 -4 4 -6 6 9 8 -10 10 -12 12 -14 -15
leaf_value=-1.2883465352553359e-06 1.2883465352553359e-06 -4.376008309181501e-06 1.3091325091307838e-06 -2.359206796409552e-05 1.2882693455340544e-06 -3.8437823094583659e-05 1.2883465352553359e-06 1.2883465352553359e-06 1.2883465352553359e-06 1.2883465352553359e-06 2.2075877375238307e-06 1.2883465352553359e-06 1.2883465352553359e-06 1.2883465352553359e-06
leaf_weight=27024 38655 8483 4489 3242 13242 2642 6295 2045 2188 3033 797 3540 4441 9769
leaf_count=27024 38655 8483 4489 3242 13242 2642 6295 2045 2188 3033 797 3540 4441 9769
internal_value=-0.00273299 0.00311707 0.00417931 0.00187791 0.0023347 0.00322174 0.00370518 0.00450815 0.00317668 0.00422779 0.00261097 0.00373529 0.00422663 0.00461591
internal_weight=129885 102861 55358 47503 39020 25778 22536 50869 12214 19894 3830 10026 7981 16064
internal_count=129885 102861 55358 47503 39020 25778 22536 50869 12214 19894 3830 10026 7981 16064
cat_boundaries=0 1 2 3 4 5
cat_threshold=4225100 4 65825 18432 1441920
is_linear=0
shrinkage=0.05


Tree=207
num_leaves=15
num_cat=5
split_feature=5 2 8 4 8 8 2 6 8 6 3 8 2 8
split_gain=6768.27 53.7729 27.8774 17.2614 23.2986 17.8691 21.0495 11.9674 8.7096 7.13523 4.05925 3.61408 4.71506 3.54991
threshold=1.5000000000000002 0 21.500000000000004 1 15.500000000000002 2.5000000000000004 2 7.5000000000000009 17.500000000000004 11.500000000000002 3 11.500000000000002 4 1.5000000000000002
decision_type=2 9 2 1 2 2 9 2 2 2 9 2 9 2
left_child=-1 2 7 -3 5 -5 -7 13 -9 10 -8 -11 -13 -2
right_child=1 3 -4 4 -6 6 9 8 -10 11 -12 12 -14 -15
leaf_value=-1.2239292084936793e-06 1.2239292084936793e-06 -3.8998031251846758e-06 1.2436758836775752e-06 1.1807003490460488e-06 1.2238558782629028e-06 -7.2269249226986076e-05 1.2239292084936793e-06 1.2239292084936793e-06 1.2239292084936793e-06 -2.2995693057747958e-06 1.2239292084936793e-06 0.04994827432632927 2.0387991430670382e-06 1.2239292084936793e-06
leaf_weight=27023 3412 8537 4474 4889 13251 2393 4407 10095 2209 1161 12280 131 427 35254
leaf_count=27023 3412 8537 4474 4889 13251 2393 4407 10095 2209 1161 12280 131 427 35254
internal_value=-0.00273024 0.00311698 0.00417463 0.00188055 0.00232736 0.00320578 0.00384514 0.00450755 0.00314938 0.00441735 0.00473572 0.00135253 0.0046595 0.00493974
internal_weight=129943 102920 55444 47476 38939 25688 20799 50970 12304 18406 16687 1719 558 38666
internal_count=129943 102920 55444 47476 38939 25688 20799 50970 12304 18406 16687 1719 558 38666
cat_boundaries=0 1 2 3 5 6
cat_threshold=4225100 4 65825 555876872 4100 1048576
is_linear=0
shrinkage=0.05


Tree=208
num_leaves=15
num_cat=4
split_feature=5 2 8 4 8 8 2 6 6 8 3 8 8 7
split_gain=6746.6 58.2519 26.9956 16.3007 21.8402 16.4083 17.6977 10.6094 9.98589 9.76196 4.2968 4.13738 3.96369 3.73226
threshold=1.5000000000000002 0 21.500000000000004 1 15.500000000000002 1.5000000000000002 2 11.500000000000002 7.5000000000000009 17.500000000000004 3 2.5000000000000004 1.0000000180025095e-35 2.5000000000000004
decision_type=2 9 2 1 2 2 9 2 2 2 9 2 2 2
left_child=-1 2 8 -3 5 -5 -7 10 12 13 -8 -12 -2 -10
right_child=1 3 -4 4 -6 6 7 -9 9 -11 11 -13 -14 -15
leaf_value=-1.1627327480612239e-06 1.1627327480612239e-06 -3.7049021349933043e-06 1.1814920894970271e-06 -2.2985472728098702e-05 1.1626626411409548e-06 -5.36580647732432e-05 1.1627327480612239e-06 9.8854939170056619e-07 1.1627327480612239e-06 1.1627327480612239e-06 1.0820758315599477e-06 1.1627327480612239e-06 1.1627327480612239e-06 1.1627327480612239e-06
leaf_weight=27004 1706 8471 4468 3289 13236 2305 4760 1914 4383 2211 955 12495 36970 5641
leaf_count=27004 1706 8471 4468 3289 13236 2305 4760 1914 4383 2211 955 12495 36970 5641
internal_value=-0.00275907 0.00308305 0.0041845 0.00179562 0.00222827 0.00307761 0.00356124 0.00403546 0.00451229 0.00326727 0.00440967 0.00486999 0.00490614 0.00393057
internal_weight=129808 102804 55379 47425 38954 25718 22429 20124 50911 12235 18210 13450 38676 10024
internal_count=129808 102804 55379 47425 38954 25718 22429 20124 50911 12235 18210 13450 38676 10024
cat_boundaries=0 1 2 3 5
cat_threshold=4225100 4 65824 86639112 1028
is_linear=0
shrinkage=0.05


Tree=209
num_leaves=15
num_cat=4
split_feature=5 2 8 8 8 2 6 6 8 2 8 7 2 8
split_gain=6752.59 50.4811 24.654 16.0399 12.6493 12.1722 10.3855 8.8504 8.32433 4.016 3.94721 3.64621 4.81724 4.80037
threshold=1.5000000000000002 0 21.500000000000004 15.500000000000002 1.5000000000000002 1 7.5000000000000009 11.500000000000002 17.500000000000004 2 8.5000000000000018 2.5000000000000004 3 11.500000000000002
decision_type=2 9 2 2 2 9 2 2 2 9 2 2 9 2
left_child=-1 2 6 4 -3 -6 -2 -7 11 10 -9 12 13 -8
right_child=1 3 -4 -5 5 7 8 9 -10 -11 -12 -13 -14 -15
leaf_value=-1.1045961106681547e-06 1.1045961106681547e-06 -2.1322225946951436e-05 1.1224174850221758e-06 1.1045379519680766e-06 7.3718037734371583e-06 1.1045961106681547e-06 -0.00017368431946551688 -5.4497747981829825e-05 1.1045961106681547e-06 1.3184523225184819e-05 3.7097036671207565e-06 1.1045961106681547e-06 1.1045961106681547e-06 2.1050915387288426e-06
leaf_weight=27008 38663 4032 4492 16100 3194 21881 568 800 2223 613 898 5603 3512 306
leaf_count=27008 38663 4032 4492 16100 3194 21881 568 800 2223 613 898 5603 3512 306
internal_value=-0.00274938 0.00309156 0.00411768 0.00189467 0.00255268 0.00293763 0.00443194 0.00331997 0.00316083 0.000378624 -0.00087822 0.00377665 0.00485636 0.00147059
internal_weight=129893 102885 55367 47518 31418 27386 50875 24192 12212 2311 1698 9989 4386 874
internal_count=129893 102885 55367 47518 31418 27386 50875 24192 12212 2311 1698 9989 4386 874
cat_boundaries=0 1 2 3 4
cat_threshold=4225100 65825 1081472 18432
is_linear=0
shrinkage=0.05


Tree=210
num_leaves=15
num_cat=5
split_feature=5 2 8 4 8 8 2 6 6 8 8 2 4 6
split_gain=6785.39 53.6187 27.3326 16.8557 25.0767 15.8247 18.2387 9.9465 9.87167 8.28264 3.74673 3.09989 3.57995 4.11549
threshold=1.5000000000000002 0 21.500000000000004 1 15.500000000000002 2.5000000000000004 2 7.5000000000000009 11.500000000000002 17.500000000000004 1.5000000000000002 3 4 3.5000000000000004
decision_type=2 9 2 1 2 2 9 2 2 2 2 9 1 2
left_child=-1 2 7 -3 5 -5 -7 10 -8 -9 11 -2 13 -13
right_child=1 3 -4 4 -6 6 8 9 -10 -11 -12 12 -14 -15
leaf_value=-1.0493663051391878e-06 1.1358455318721817e-05 -2.3684000552526288e-06 1.0662966107632955e-06 1.3154262792358651e-06 1.0493030546898653e-06 -4.1230700659156132e-05 1.0493663051391878e-06 1.0493663051391878e-06 5.4899981714040538e-07 1.0493663051391878e-06 1.0493663051391878e-06 1.0493663051391878e-06 1.0493663051391878e-06 1.0493663051391878e-06
leaf_weight=27054 947 8530 4478 4862 13220 2387 16618 10114 1736 2220 35375 679 1269 525
leaf_count=27054 947 8530 4478 4862 13220 2387 16618 10114 1736 2220 35375 679 1269 525
internal_value=-0.00271663 0.0031386 0.00419161 0.00190075 0.00234333 0.00325645 0.0038583 0.00452043 0.00439174 0.00328361 0.00491365 0.00333333 0.00425896 0.00622924
internal_weight=130014 102960 55607 47353 38823 25603 20741 51129 18354 12334 38795 3420 2473 1204
internal_count=130014 102960 55607 47353 38823 25603 20741 51129 18354 12334 38795 3420 2473 1204
cat_boundaries=0 1 2 3 4 5
cat_threshold=4225100 4 65825 20480 1
is_linear=0
shrinkage=0.05


Tree=211
num_leaves=15
num_cat=7
split_feature=0 2 8 8 4 8 2 6 6 8 3 7 2 4
split_gain=6730.28 54.1607 28.5867 18.1537 26.4644 16.8067 20.032 10.8052 10.0103 9.48816 3.73644 3.66738 3.12597 6.11278
threshold=0 1 21.500000000000004 15.500000000000002 2 1.5000000000000002 3 11.500000000000002 7.5000000000000009 17.500000000000004 4 2.5000000000000004 5 6
decision_type=1 9 2 2 1 2 9 2 2 2 9 2 9 1
left_child=1 2 8 4 -3 -6 -7 10 -1 11 -8 12 13 -10
right_child=-2 3 -4 -5 5 6 7 -9 9 -11 -12 -13 -14 -15
leaf_value=9.9689798989111016e-07 -9.9689798989111016e-07 -6.7039389919365533e-06 1.0129817802351226e-06 9.9683790195648218e-07 -2.0321885963570097e-05 -4.5298025924012109e-05 9.9689798989111016e-07 5.2154982628227491e-07 9.73634376868482e-06 9.9689798989111016e-07 9.9689798989111016e-07 9.9689798989111016e-07 9.9689798989111016e-07 -0.047541239817402992
leaf_weight=38648 26939 5690 4452 16052 3261 2613 3158 1854 486 2212 14814 5658 3498 386
leaf_count=38648 26939 5690 4452 16052 3261 2613 3158 1854 486 2212 14814 5658 3498 386
internal_value=-0.00274994 0.00308147 0.00414453 0.00184081 0.00254062 0.00322374 0.00371117 0.00425237 0.00448141 0.00323529 0.00462942 0.00388911 0.00497712 0.00221088
internal_weight=129721 102782 55340 47442 31390 25700 22439 19826 50888 12240 17972 10028 4370 872
internal_count=129721 102782 55340 47442 31390 25700 22439 19826 50888 12240 17972 10028 4370 872
cat_boundaries=0 1 2 3 4 6 7 8
cat_threshold=12 4225100 4 65825 19005448 1028 18432 1
is_linear=0
shrinkage=0.05


Tree=212
num_leaves=15
num_cat=6
split_feature=5 2 8 4 8 8 2 6 6 8 8 3 3 2
split_gain=6778.29 49.7486 26.562 15.8474 22.8196 15.6244 16.8087 8.59734 8.56103 9.0685 4.00305 3.39489 3.06098 3.05583
threshold=1.5000000000000002 0 21.500000000000004 1 15.500000000000002 1.5000000000000002 2 11.500000000000002 7.5000000000000009 17.500000000000004 1.5000000000000002 3 4 5
decision_type=2 9 2 1 2 2 9 2 2 2 2 9 9 9
left_child=-1 2 8 -3 5 -5 -7 12 10 -10 13 -6 -8 -2
right_child=1 3 -4 4 11 6 7 -9 9 -11 -12 -13 -14 -15
leaf_value=-9.4705309039433416e-07 1.0226714508498881e-05 -8.2559531344728043e-07 9.6233269122336659e-07 -6.041417351543288e-06 -2.4674852913797454e-06 -2.393437413599209e-05 9.4705309039433416e-07 5.9280974065156764e-07 9.4705309039433416e-07 9.4705309039433416e-07 9.4705309039433416e-07 1.0014388876156134e-06 9.4705309039433416e-07 9.4705309039433416e-07
leaf_weight=27077 944 8540 4486 3265 6393 2609 4830 1868 10088 2208 35235 6860 13126 2460
leaf_count=27077 944 8540 4486 3265 6393 2609 4830 1868 10088 2208 35235 6860 13126 2460
internal_value=-0.00274081 0.00311577 0.00413352 0.0019268 0.00235488 0.00322399 0.00369433 0.00418978 0.00445911 0.00331002 0.00482479 0.00066966 0.00452773 0.00318743
internal_weight=129989 102912 55421 47491 38951 25698 22433 19824 50935 12296 38639 13253 17956 3404
internal_count=129989 102912 55421 47491 38951 25698 22433 19824 50935 12296 38639 13253 17956 3404
cat_boundaries=0 1 2 3 5 7 8
cat_threshold=4225100 4 65825 1979975169 17408 23200264 5124 20480
is_linear=0
shrinkage=0.05


Tree=213
num_leaves=15
num_cat=6
split_feature=5 8 6 6 8 8 4 1 8 3 8 1 3 1
split_gain=6736.17 28.6903 19.5983 12.9381 12.8017 10.849 9.82683 4.36333 4.49757 4.16321 3.79271 5.58493 3.93808 3.72687
threshold=1.5000000000000002 17.500000000000004 10.500000000000002 7.5000000000000009 1.5000000000000002 22.500000000000004 0 1 11.500000000000002 2 15.500000000000002 3 4 5
decision_type=2 2 2 2 2 2 1 1 2 9 2 1 9 1
left_child=-1 2 4 5 -2 9 13 8 -8 -3 -9 -12 -13 -6
right_child=1 3 -4 -5 6 -7 7 10 -10 -11 11 12 -14 -15
leaf_value=-8.9970043588571973e-07 8.9970043588571973e-07 -0.044347457118066425 8.9970043588571973e-07 8.9970043588571973e-07 8.9970043588571973e-07 -5.7012822749946681e-06 8.9970043588571973e-07 8.9970043588571973e-07 -3.7373784259830956e-06 8.9970043588571973e-07 8.9970043588571973e-07 -6.3215599015009623e-06 8.9970043588571973e-07 8.9970043588571973e-07
leaf_weight=26945 7320 274 11196 9353 3618 2731 1513 39981 967 13502 3234 752 1607 6801
leaf_count=26945 7320 274 11196 9353 3618 2731 1513 39981 967 13502 3234 752 1607 6801
internal_value=-0.00274589 0.00308438 0.00356837 0.00164346 0.00389745 0.00248531 0.00414422 0.00444604 0.00236948 0.00305604 0.00455752 0.003339 0.00146686 0.00275218
internal_weight=129794 102849 76989 25860 65793 16507 58473 48054 2480 13776 45574 5593 2359 10419
internal_count=129794 102849 76989 25860 65793 16507 58473 48054 2480 13776 45574 5593 2359 10419
cat_boundaries=0 1 2 4 5 7 8
cat_threshold=4 1 1 4096 6 1126171648 32768 4
is_linear=0
shrinkage=0.05


Tree=214
num_leaves=15
num_cat=6
split_feature=0 2 8 4 8 2 8 6 6 8 8 4 2 7
split_gain=6753.73 52.3814 29.9019 16.7264 24.0978 18.2266 18.4547 8.75033 7.97864 8.33541 3.42483 3.25882 3.90224 5.19586
threshold=0 1 21.500000000000004 2 15.500000000000002 3 1.5000000000000002 11.500000000000002 7.5000000000000009 17.500000000000004 1.5000000000000002 4 5 1.5000000000000002
decision_type=1 9 2 1 2 9 2 2 2 2 2 1 9 2
left_child=1 2 8 -3 5 -5 -7 -8 10 11 -1 -10 -13 -14
right_child=-2 3 -4 4 -6 6 7 -9 9 -11 -12 12 13 -15
leaf_value=8.5471541408921328e-07 -8.5471541408921328e-07 -1.9818172242391797e-06 3.0369700678711812e-07 -4.188139094281063e-05 8.5382000425404669e-07 -5.7843315057759526e-06 8.5471541408921328e-07 5.7329811391504399e-07 8.5471541408921328e-07 8.5471541408921328e-07 8.5471541408921328e-07 8.5471541408921328e-07 8.5471541408921328e-07 8.5471541408921328e-07
leaf_weight=3479 27005 8512 4463 3003 13237 2933 17934 1872 5124 2215 35265 983 1135 2797
leaf_count=3479 27005 8512 4463 3003 13237 2933 17934 1872 5124 2215 35265 983 1135 2797
internal_value=-0.00274033 0.00309823 0.00414225 0.00187838 0.00231727 0.00320876 0.00369137 0.00424114 0.00448645 0.00337441 0.00483817 0.00398695 0.00306714 0.00376712
internal_weight=129957 102952 55461 47491 38979 25742 22739 19806 50998 12254 38744 10039 4915 3932
internal_count=129957 102952 55461 47491 38979 25742 22739 19806 50998 12254 38744 10039 4915 3932
cat_boundaries=0 1 2 3 4 5 6
cat_threshold=12 4225100 4 65825 1 18432
is_linear=0
shrinkage=0.05


Tree=215
num_leaves=15
num_cat=4
split_feature=5 2 8 8 8 2 6 8 6 2 8 8 7 3
split_gain=6770.39 51.8347 24.1602 14.6358 11.176 12.3236 9.85627 8.24663 6.86007 4.25383 4.06584 3.59053 3.35375 3.30736
threshold=1.5000000000000002 0 21.500000000000004 15.500000000000002 1.5000000000000002 1 7.5000000000000009 17.500000000000004 11.500000000000002 2 1.5000000000000002 9.5000000000000018 4.5000000000000009 3
decision_type=2 9 2 2 2 9 2 2 2 9 2 2 2 9
left_child=-1 2 6 4 -3 -6 10 13 -7 11 -2 12 -10 -8
right_child=1 3 -4 -5 5 8 7 -9 9 -11 -12 -13 -14 -15
leaf_value=-8.1197964338919351e-07 8.1197964338919351e-07 8.1681995607874036e-06 8.5404618452855632e-07 9.47098130055224e-07 -8.7983529504231941e-07 8.1197964338919351e-07 8.1197964338919351e-07 8.1197964338919351e-07 -2.3684558450609573e-05 1.8137743024393417e-06 8.1197964338919351e-07 0.0001703000208335137 -0.043126910807854316 8.1197964338919351e-07
leaf_weight=27002 3407 4118 4370 16539 3206 22404 2425 1960 480 1220 35224 516 255 6822
leaf_count=27002 3407 4118 4370 16539 3206 22404 2425 1960 480 1220 35224 516 255 6822
internal_value=-0.0027157 0.00312931 0.00419326 0.0019447 0.00256607 0.00292279 0.0045066 0.00320112 0.00329817 0.000799272 0.00488533 -0.00124901 -0.0035034 0.00382557
internal_weight=129948 102946 54208 48738 32199 28081 49838 11207 24875 2471 38631 1251 735 9247
internal_count=129948 102946 54208 48738 32199 28081 49838 11207 24875 2471 38631 1251 735 9247
cat_boundaries=0 1 2 3 5
cat_threshold=4225096 65825 1081344 39978049 4100
is_linear=0
shrinkage=0.05


Tree=216
num_leaves=15
num_cat=6
split_feature=0 2 8 4 8 8 2 6 8 6 4 8 3 7
split_gain=6752.84 51.0097 26.2932 15.3741 20.9164 15.9128 17.5744 12.4891 7.71046 6.70411 4.78088 4.51036 3.59464 3.56463
threshold=0 1 21.500000000000004 2 15.500000000000002 2.5000000000000004 3 7.5000000000000009 17.500000000000004 11.500000000000002 4 1.5000000000000002 5 2.5000000000000004
decision_type=1 9 2 1 2 2 9 2 2 2 1 2 9 2
left_child=1 2 7 -3 5 -5 -7 11 10 -8 -9 -1 -13 -12
right_child=-2 3 -4 4 -6 6 9 8 -10 -11 13 12 -14 -15
leaf_value=7.7138066121307249e-07 -7.7138066121307249e-07 -1.4881905417318821e-06 8.1134387530656937e-07 8.7405799700235329e-07 7.6553582906147e-07 -3.3621437444564251e-05 7.7138066121307249e-07 7.7138066121307249e-07 7.7138066121307249e-07 1.1108101640733281e-06 7.7138066121307249e-07 7.7138066121307249e-07 7.7138066121307249e-07 7.7138066121307249e-07
leaf_weight=3438 27005 8502 4459 4886 13275 2424 16721 1809 2192 1735 3602 1456 33945 4591
leaf_count=3438 27005 8502 4459 4886 13275 2424 16721 1809 2192 1735 3602 1456 33945 4591
internal_value=-0.00273993 0.00309404 0.00412418 0.00189105 0.00231103 0.00314174 0.00374282 0.00444663 0.00305068 0.0042673 0.00363927 0.00488491 0.00505282 0.00415294
internal_weight=130040 103035 55492 47543 39041 25766 20880 51033 12194 18456 10002 38839 35401 8193
internal_count=130040 103035 55492 47543 39041 25766 20880 51033 12194 18456 10002 38839 35401 8193
cat_boundaries=0 1 2 3 4 5 6
cat_threshold=12 4225100 4 65825 4 37879809
is_linear=0
shrinkage=0.05


Tree=217
num_leaves=15
num_cat=8
split_feature=5 2 8 4 8 8 2 3 2 8 4 8 2 4
split_gain=6785.84 53.9179 23.1058 14.4151 20.5741 16.6754 18.3437 2.75472 2.75136 2.8751 3.07628 2.39502 5.51994 4.41925
threshold=1.5000000000000002 0 21.500000000000004 1 15.500000000000002 1.5000000000000002 2 3 4 2.5000000000000004 5 1.5000000000000002 6 7
decision_type=2 9 2 1 2 2 9 9 9 2 1 2 9 1
left_child=-1 2 11 -3 5 -5 -7 -8 -9 -10 -11 12 -2 -14
right_child=1 3 -4 4 -6 6 7 8 9 10 -12 -13 13 -15
leaf_value=-7.3281162815685974e-07 5.7688061819716197e-06 3.4565256205487673e-06 7.7077668154679206e-07 -1.921160212221551e-05 8.1809926695264328e-07 -3.1940365572324937e-05 7.3281162815685974e-07 7.3281162815685974e-07 9.8043473675257795e-07 7.3281162815685974e-07 7.3281162815685974e-07 7.3281162815685974e-07 7.3281162815685974e-07 7.3281162815685974e-07
leaf_weight=27042 972 8490 4492 3281 13289 2632 5236 4159 719 6225 3495 46337 1790 1823
leaf_count=27042 972 8490 4492 3281 13289 2632 5236 4159 719 6225 3495 46337 1790 1823
internal_value=-0.00271038 0.00314504 0.00420486 0.00190803 0.00231453 0.0031392 0.00362548 0.00414483 0.00450438 0.00405541 0.00428498 0.00450886 0.00341876 0.00431272
internal_weight=129982 102940 55414 47526 39036 25747 22466 19834 14598 10439 9720 50922 4585 3613
internal_count=129982 102940 55414 47526 39036 25747 22466 19834 14598 10439 9720 50922 4585 3613
cat_boundaries=0 1 2 3 5 6 7 8 9
cat_threshold=4225100 4 65825 355074568 1028 394240 1 20480 1
is_linear=0
shrinkage=0.05


Tree=218
num_leaves=15
num_cat=6
split_feature=5 2 8 8 4 2 8 2 3 7 2 8 8 7
split_gain=6776.02 50.8436 25.5988 16.1143 23.4942 16.0502 18.6785 3.54711 3.71247 3.15078 2.87255 3.0839 2.542 2.46926
threshold=1.5000000000000002 0 21.500000000000004 15.500000000000002 1 2 1.5000000000000002 3 4 3.5000000000000004 5 12.500000000000002 13.500000000000002 1.0000000180025095e-35
decision_type=2 9 2 2 1 9 2 9 9 2 9 2 2 2
left_child=-1 2 -2 4 7 12 -7 8 9 -3 11 -8 -6 -9
right_child=1 3 -4 -5 5 6 10 13 -10 -11 -12 -13 -14 -15
leaf_value=-6.961710467434657e-07 6.961710467434657e-07 -0.0003784012562165096 7.3223784746723197e-07 8.1051365257156511e-07 3.6577287341565959e-05 -4.986647702232006e-06 6.961710467434657e-07 0.0073326711335123147 1.2670915599488631e-05 -8.145084368749167e-06 6.961710467434657e-07 6.961710467434657e-07 -0.031365989733858089 4.8003509666161293e-06
leaf_weight=27056 49847 709 4383 16554 2551 3011 3017 458 1445 538 16583 840 427 2656
leaf_count=27056 49847 709 4383 16554 2551 3011 3017 458 1445 538 16583 840 427 2656
internal_value=-0.00273169 0.00311666 0.00417035 0.0019442 0.00259578 0.00322846 0.00366672 -0.000284189 -0.00160992 -0.00359984 0.00420988 0.00546289 -0.00023427 0.000864277
internal_weight=130075 103019 54230 48789 32235 26429 23451 5806 2692 1247 20440 3857 2978 3114
internal_count=130075 103019 54230 48789 32235 26429 23451 5806 2692 1247 20440 3857 2978 3114
cat_boundaries=0 1 2 3 4 6 7
cat_threshold=4225096 4 65825 1474688 1092620289 32832 393216
is_linear=0
shrinkage=0.05


Tree=219
num_leaves=15
num_cat=6
split_feature=0 2 8 8 4 8 2 6 8 6 4 8 2 8
split_gain=6798.85 49.996 21.8479 16.4065 24.3167 14.8379 16.2799 11.03 8.12317 7.74263 4.37082 4.30708 3.34992 4.37723
threshold=0 1 21.500000000000004 15.500000000000002 2 1.5000000000000002 3 7.5000000000000009 17.500000000000004 11.500000000000002 4 1.0000000180025095e-35 5 13.500000000000002
decision_type=1 9 2 2 1 2 9 2 2 2 1 2 9 2
left_child=1 2 7 4 -3 -6 -7 11 10 -8 -9 -1 13 -12
right_child=-2 3 -4 -5 5 6 9 8 -10 -11 12 -13 -14 -15
leaf_value=6.6136249441406394e-07 -6.6136249441406394e-07 -4.0255781134757028e-06 6.9562595510497267e-07 7.7319274351950193e-07 3.6579463863883892e-05 1.5132944546691895e-05 6.6136249441406394e-07 6.6136249441406394e-07 6.6136249441406394e-07 1.2093463658269243e-06 1.4180952874420782e-05 6.6136249441406394e-07 6.6136249441406394e-07 -0.049998338142077527
leaf_weight=1737 27067 5673 4445 16086 3278 2616 17953 5102 2212 1875 644 37036 4138 115
leaf_count=1737 27067 5673 4445 16086 3278 2616 17953 5102 2212 1875 644 37036 4138 115
internal_value=-0.00269798 0.00316751 0.00418794 0.00197564 0.00264134 0.00329484 0.00375379 0.0044818 0.00317132 0.00424186 0.00377788 0.00489451 0.00271084 -0.000357607
internal_weight=129977 102910 55429 47481 31395 25722 22444 50984 12211 19828 9999 38773 4897 759
internal_count=129977 102910 55429 47481 31395 25722 22444 50984 12211 19828 9999 38773 4897 759
cat_boundaries=0 1 2 3 4 5 6
cat_threshold=12 4225100 4 65825 1 2048
is_linear=0
shrinkage=0.05


Tree=220
num_leaves=15
num_cat=6
split_feature=5 2 8 4 8 8 2 6 8 6 8 2 4 2
split_gain=6779.51 52.3502 22.5067 15.1283 23.1598 15.3043 15.3238 11.3594 9.59565 7.72652 4.56811 3.92255 3.76384 4.11406
threshold=1.5000000000000002 0 21.500000000000004 1 15.500000000000002 1.5000000000000002 2 7.5000000000000009 17.500000000000004 11.500000000000002 1.5000000000000002 3 4 5
decision_type=2 9 2 1 2 2 9 2 2 2 2 9 1 9
left_child=-1 2 7 -3 5 11 -7 10 12 -8 -2 -5 -9 -14
right_child=1 3 -4 4 -6 6 9 8 -10 -11 -12 -13 13 -15
leaf_value=-6.2829436968669945e-07 6.2829436968669945e-07 1.1896084905815841e-06 6.608446573519445e-07 0.0022450919758714829 6.0716875445177014e-07 1.531202346722882e-05 6.2829436968669945e-07 6.2829436968669945e-07 -2.7401103997792834e-06 8.5165119059205105e-07 6.2829436968669945e-07 -0.00010093563129847105 6.2829436968669945e-07 -4.768514929587298e-08
leaf_weight=27043 3395 8740 4369 1175 13653 2609 18389 4736 1958 1941 35225 2180 3547 987
leaf_count=27043 3395 8740 4369 1175 13653 2609 18389 4736 1958 1941 35225 2180 3547 987
internal_value=-0.00272207 0.00313253 0.00420132 0.00194108 0.00235374 0.00322127 0.00368259 0.00450369 0.00310385 0.00414454 0.00491067 6.70641e-05 0.00377562 0.00274592
internal_weight=129947 102904 54217 48687 39947 26294 22939 49848 11228 20330 38620 3355 9270 4534
internal_count=129947 102904 54217 48687 39947 26294 22939 49848 11228 20330 38620 3355 9270 4534
cat_boundaries=0 1 2 3 4 5 6
cat_threshold=4225096 4 65825 1179942 1 4202560
is_linear=0
shrinkage=0.05


Tree=221
num_leaves=15
num_cat=6
split_feature=5 8 6 6 8 4 8 1 8 8 1 4 1 3
split_gain=6786.14 29.4112 21.59 15.071 15.0471 10.3838 10.0377 4.6339 4.80397 4.58651 4.43269 4.14628 3.93564 3.1082
threshold=1.5000000000000002 17.500000000000004 10.500000000000002 7.5000000000000009 1.5000000000000002 0 22.500000000000004 1 15.500000000000002 11.500000000000002 2 3 4 5
decision_type=2 2 2 2 2 1 2 1 2 2 1 1 1 9
left_child=-1 2 4 6 -2 10 -3 9 -9 -7 -6 13 -10 -4
right_child=1 3 11 -5 5 7 -8 8 12 -11 -12 -13 -14 -15
leaf_value=-5.9687965119348269e-07 5.9687965119348269e-07 5.9687965119348269e-07 -9.9478215627124566e-05 5.7681031673251226e-07 5.9687965119348269e-07 5.9687965119348269e-07 -4.0409121986328956e-07 5.9687965119348269e-07 5.9687965119348269e-07 -3.8292809236839531e-06 5.9687965119348269e-07 5.9687965119348269e-07 5.9687965119348269e-07 0.00014403309852109025
leaf_weight=27119 7337 13813 1295 9358 3683 1549 2721 39896 3226 980 6786 9128 2345 797
leaf_count=27119 7337 13813 1295 9358 3683 1549 2721 39896 3226 980 6786 9128 2345 797
internal_value=-0.00274873 0.00311474 0.00360481 0.00165688 0.00395049 0.00421834 0.00256441 0.00452954 0.00464575 0.00241237 0.00279158 0.00157754 0.00327141 -0.00043021
internal_weight=130033 102914 77022 25892 65802 58465 16534 47996 45467 2529 10469 11220 5571 2092
internal_count=130033 102914 77022 25892 65802 58465 16534 47996 45467 2529 10469 11220 5571 2092
cat_boundaries=0 1 2 3 4 5 7
cat_threshold=4 1 4 4 6 1092620289 49156
is_linear=0
shrinkage=0.05


Tree=222
num_leaves=15
num_cat=6
split_feature=5 2 8 8 4 8 2 6 8 6 4 8 2 4
split_gain=6765.73 51.1782 23.1521 17.2093 21.8147 16.3682 16.674 9.97539 7.89014 7.81985 5.45884 4.33603 3.93359 4.26535
threshold=1.5000000000000002 0 21.500000000000004 15.500000000000002 1 1.5000000000000002 2 7.5000000000000009 17.500000000000004 11.500000000000002 3 1.5000000000000002 4 5
decision_type=2 9 2 2 1 2 9 2 2 2 1 2 9 1
left_child=-1 2 7 4 -3 -6 -7 11 10 -8 -9 12 -2 -14
right_child=1 3 -4 -5 5 6 9 8 -10 -11 -12 -13 13 -15
leaf_value=-5.6703566864158006e-07 5.3518485657377827e-06 -3.3263052900522896e-06 5.9795844193910601e-07 6.3780656351930536e-07 -1.4813725241857868e-05 -1.0993990088437046e-05 5.6703566864158006e-07 5.6703566864158006e-07 7.3645937384014823e-07 1.0421051310549602e-06 5.6703566864158006e-07 5.6703566864158006e-07 5.6703566864158006e-07 5.6703566864158006e-07
leaf_weight=26984 951 5692 4501 16135 3247 2611 18026 1803 2211 1858 8220 35373 1218 1264
leaf_count=26984 951 5692 4501 16135 3247 2611 18026 1803 2211 1858 8220 35373 1218 1264
internal_value=-0.00271073 0.00312239 0.00415339 0.00191734 0.0025991 0.00321848 0.00369749 0.00445729 0.00321236 0.00418971 0.00380874 0.00484977 0.00315322 0.00419342
internal_weight=130094 103110 55541 47569 31434 25742 22495 51040 12234 19884 10023 38806 3433 2482
internal_count=130094 103110 55541 47569 31434 25742 22495 51040 12234 19884 10023 38806 3433 2482
cat_boundaries=0 1 2 3 4 5 6
cat_threshold=4225100 4 65825 4 20484 1
is_linear=0
shrinkage=0.05


Tree=223
num_leaves=15
num_cat=6
split_feature=5 2 8 8 4 8 2 6 6 8 8 2 4 2
split_gain=6788.95 54.5581 25.1316 14.6554 22.3371 18.1018 15.4158 11.8371 10.0942 7.49195 3.89485 3.50478 3.72087 3.28297
threshold=1.5000000000000002 0 21.500000000000004 15.500000000000002 1 1.5000000000000002 2 7.5000000000000009 11.500000000000002 17.500000000000004 1.5000000000000002 3 4 5
decision_type=2 9 2 2 1 2 9 2 2 2 2 9 1 9
left_child=-1 2 7 4 -3 13 -7 10 -8 11 -2 -9 -13 -6
right_child=1 3 -4 -5 5 6 8 9 -10 -11 -12 12 -14 -15
leaf_value=-5.3868388520950112e-07 5.3868388520950112e-07 -3.7623999911140515e-06 5.6806051984548134e-07 6.4751700985521414e-07 0.0021250339841444978 1.4134035723589733e-05 5.3868388520950112e-07 5.3868388520950112e-07 7.2711939196334902e-07 6.9963640514369985e-07 5.3868388520950112e-07 5.3868388520950112e-07 -1.0349665782172224e-07 -9.5682047198586426e-05
leaf_weight=27056 3422 5838 4380 16491 1011 2635 18370 7260 1968 1972 35207 1064 963 2374
leaf_count=27056 3422 5838 4380 16491 1011 2635 18370 7260 1968 1972 35207 1064 963 2374
internal_value=-0.00271189 0.00314531 0.0042356 0.00192876 0.00255001 0.00316982 0.00367279 0.0045552 0.004138 0.00312861 0.00497101 0.00372295 0.00185322 -0.000243722
internal_weight=130011 102955 54268 48687 32196 26358 22973 49888 20338 11259 38629 9287 2027 3385
internal_count=130011 102955 54268 48687 32196 26358 22973 49888 20338 11259 38629 9287 2027 3385
cat_boundaries=0 1 2 3 4 5 6
cat_threshold=4225096 4 65825 4202560 1 1179906
is_linear=0
shrinkage=0.05


Tree=224
num_leaves=15
num_cat=4
split_feature=5 2 8 8 4 8 2 6 8 6 8 8 2 6
split_gain=6743.42 51.1431 27.0158 17.5991 19.6151 15.9888 13.5016 11.2687 9.28499 8.36428 6.77408 5.22709 5.79718 4.74551
threshold=1.5000000000000002 0 21.500000000000004 16.500000000000004 1 1.5000000000000002 2 7.5000000000000009 17.500000000000004 11.500000000000002 1.5000000000000002 15.500000000000002 3 10.500000000000002
decision_type=2 9 2 2 1 2 9 2 2 2 2 2 9 2
left_child=-1 2 7 4 -3 -6 -7 10 -9 11 -2 -8 13 -13
right_child=1 3 -4 -5 5 6 9 8 -10 -11 -12 12 -14 -15
leaf_value=-5.1174969095679756e-07 5.1174969095679756e-07 -1.3491085066430486e-06 5.3965749384765622e-07 4.8370362222271983e-07 -9.2889366198445351e-06 2.4703551726745766e-05 5.1174969095679756e-07 5.1174969095679756e-07 -2.7037501845406099e-06 9.5364390491070598e-07 5.1174969095679756e-07 1.0134362450786582e-06 -6.0115872562604979e-06 0.049993400381964918
leaf_weight=26986 3408 6204 4392 14428 3351 2778 18387 9354 1947 2088 35230 590 717 52
leaf_count=26986 3408 6204 4392 14428 3351 2778 18387 9354 1947 2088 35230 590 717 52
internal_value=-0.00275263 0.00308037 0.00413454 0.00190052 0.00251924 0.00308354 0.0035247 0.00446595 0.00307716 0.00394159 0.00487215 0.00426162 0.00126932 0.00467791
internal_weight=129912 102926 54331 48595 34167 27963 24612 49939 11301 21834 38638 19746 1359 642
internal_count=129912 102926 54331 48595 34167 27963 24612 49939 11301 21834 38638 19746 1359 642
cat_boundaries=0 1 2 3 4
cat_threshold=4225096 4 65825 1574018
is_linear=0
shrinkage=0.05


Tree=225
num_leaves=15
num_cat=8
split_feature=5 2 8 8 4 8 2 2 2 8 7 4 2 3
split_gain=6751.59 49.1136 28.4172 16.3823 22.5095 16.5794 15.4071 3.81872 3.62519 3.45097 5.38938 6.94063 5.44837 2.76736
threshold=1.5000000000000002 0 21.500000000000004 15.500000000000002 1 1.5000000000000002 2 3 4 1.5000000000000002 1.0000000180025095e-35 5 6 7
decision_type=2 9 2 2 1 2 9 9 9 2 2 1 9 9
left_child=-1 2 9 4 -3 8 -7 13 -6 10 -2 12 -12 -5
right_child=1 3 -4 7 5 6 -8 -9 -10 -11 11 -13 -14 -15
leaf_value=-4.8616220640340655e-07 -2.7810938396655163e-08 -3.5585957133932314e-06 5.1267461915749384e-07 -6.1785978346495802e-06 0.0006507201819960784 1.3124398443209451e-05 4.8616220640340655e-07 6.732845927284182e-05 -0.00010583706885185507 4.8616220640340655e-07 0.00049874058319132608 4.8616220640340655e-07 4.8616220640340655e-07 4.5951844112046559e-07
leaf_weight=27022 593 5791 4370 3679 2104 2619 20393 7614 1273 45391 411 2003 1477 5217
leaf_count=27022 593 5791 4370 3679 2104 2619 20393 7614 1273 45391 411 2003 1477 5217
internal_value=-0.00275687 0.00308228 0.00411713 0.00192813 0.00258546 0.00320493 0.00368503 0.000648092 -6.66272e-05 0.00445664 0.00313336 0.00381007 0.00598517 -5.61419e-05
internal_weight=129957 102935 54245 48690 32180 26389 23012 16510 3377 49875 4484 3891 1888 8896
internal_count=129957 102935 54245 48690 32180 26389 23012 16510 3377 49875 4484 3891 1888 8896
cat_boundaries=0 1 2 3 4 5 6 7 9
cat_threshold=4225096 4 65825 4064001 3310370 1 20480 1409549312 37888
is_linear=0
shrinkage=0.05


Tree=226
num_leaves=15
num_cat=7
split_feature=5 2 6 4 6 2 2 2 7 7 4 7 6 3
split_gain=6692.56 57.5942 14.5329 10.4766 7.82029 6.22007 5.43294 4.66228 3.89486 3.32105 2.81901 3.66821 4.53564 3.23265
threshold=1.5000000000000002 0 7.5000000000000009 1 10.500000000000002 2 3 4 4.5000000000000009 5.5000000000000009 5 2.5000000000000004 9.5000000000000018 6
decision_type=2 9 2 1 2 9 9 9 2 2 1 2 2 9
left_child=-1 2 -2 -3 5 8 -6 9 10 -4 11 12 13 -5
right_child=1 3 7 4 6 -7 -8 -9 -10 -11 -12 -13 -14 -15
leaf_value=-4.6185409607879535e-07 4.6185409607879535e-07 3.9573700669759404e-06 4.6185409607879535e-07 4.6185409607879535e-07 1.3473182434176057e-05 4.6185409607879535e-07 6.052518053412115e-09 4.6185409607879535e-07 4.6185409607879535e-07 4.6185409607879535e-07 4.6185409607879535e-07 -6.09725818818685e-06 -9.2050140851096535e-05 4.6185409607879535e-07
leaf_weight=26985 42059 8724 8256 1564 2540 16395 6472 2695 4426 1264 3838 2604 334 1770
leaf_count=26985 42059 8724 8256 1564 2540 16395 6472 2695 4426 1264 3838 2604 334 1770
internal_value=-0.00283585 0.00297428 0.00409421 0.00172412 0.00206732 0.00244496 0.000771194 0.00257675 0.00168775 0.00309549 0.00114738 0.00049426 0.00151309 0.00206959
internal_weight=129926 102941 54274 48667 39943 30931 9012 12215 14536 9520 10110 6272 3668 3334
internal_count=129926 102941 54274 48667 39943 30931 9012 12215 14536 9520 10110 6272 3668 3334
cat_boundaries=0 1 2 3 4 5 6 8
cat_threshold=4225096 4 2195751 33797 4202560 1 1032 53316
is_linear=0
shrinkage=0.05


Tree=227
num_leaves=15
num_cat=7
split_feature=0 2 8 8 4 6 8 6 2 8 8 3 2 4
split_gain=6680.38 65.2562 25.4425 19.1738 21.004 16.5034 17.6378 13.8768 12.1305 9.7059 6.47735 4.28642 4.20831 3.56567
threshold=0 1 21.500000000000004 15.500000000000002 2 10.500000000000002 1.5000000000000002 7.5000000000000009 3 17.500000000000004 1.5000000000000002 4 5 6
decision_type=1 9 2 2 1 2 2 2 9 2 2 9 9 1
left_child=1 2 7 4 -3 6 -6 10 -8 12 -1 -10 13 -9
right_child=-2 3 -4 -5 5 -7 8 9 11 -11 -12 -13 -14 -15
leaf_value=4.3876139126375336e-07 -4.3876139126375336e-07 -6.1266508574853169e-06 4.639481833823567e-07 5.1676545727019634e-07 -4.138359159346905e-05 4.6155147017667989e-07 -3.5788828427696373e-05 4.3876139126375336e-07 4.3876139126375336e-07 -2.7932479520043077e-06 4.3876139126375336e-07 4.3876139126375336e-07 4.3876139126375336e-07 4.3876139126375336e-07
leaf_weight=3416 27017 5802 4415 16499 2551 5881 1331 1337 10125 1968 35193 6513 2021 5974
leaf_count=3416 27017 5802 4415 16499 2551 5881 1331 1337 10125 1968 35193 6513 2021 5974
internal_value=-0.00286578 0.00293829 0.00413001 0.00160843 0.00231888 0.0029175 0.00358674 0.0044526 0.00413907 0.0029115 0.00490365 0.00450505 0.00358444 0.00414219
internal_weight=130043 103026 54324 48702 32203 26401 20520 49909 17969 11300 38609 16638 9332 7311
internal_count=130043 103026 54324 48702 32203 26401 20520 49909 17969 11300 38609 16638 9332 7311
cat_boundaries=0 1 2 3 4 6 7 8
cat_threshold=12 4225096 4 65824 1376126017 50240 4202560 4
is_linear=0
shrinkage=0.05


Tree=228
num_leaves=15
num_cat=9
split_feature=5 2 6 6 4 2 2 2 4 3 4 7 6 2
split_gain=6666.25 67.6802 12.6837 11.8674 11.4544 6.94529 5.26526 3.04741 5.83167 2.69115 2.45003 4.50869 6.61524 4.09517
threshold=1.5000000000000002 0 7.5000000000000009 10.500000000000002 1 2 3 4 5 6 7 2.5000000000000004 5.5000000000000009 8
decision_type=2 9 2 2 1 9 9 9 1 9 1 2 2 9
left_child=-1 2 -2 4 -3 -6 -4 8 9 -7 -9 12 -12 -13
right_child=1 3 6 -5 5 7 -8 10 -10 -11 11 13 -14 -15
leaf_value=-4.1682332170278617e-07 4.1682332170278617e-07 1.9360187429651176e-06 4.1682332170278617e-07 3.9251183654442916e-07 4.1682332170278617e-07 4.1682332170278617e-07 4.1682332170278617e-07 4.1682332170278617e-07 4.1682332170278617e-07 4.1682332170278617e-07 0.047500416823321602 -6.1503763221049115e-05 4.1682332170278617e-07 4.1682332170278617e-07
leaf_weight=26971 42087 6677 9490 11087 3143 2290 2672 9631 4802 5566 679 390 1877 2577
leaf_count=26971 42087 6677 9490 11087 3143 2290 2672 9631 4802 5566 679 390 1877 2577
internal_value=-0.00287192 0.00292421 0.00413894 0.00157042 0.00199431 0.00239945 0.00271748 0.00265078 0.00207215 0.00123473 0.00313242 0.00229495 0.00383412 0.000968992
internal_weight=129939 102968 54249 48719 37632 30955 12162 27812 12658 7856 15154 5523 2556 2967
internal_count=129939 102968 54249 48719 37632 30955 12162 27812 12658 7856 15154 5523 2556 2967
cat_boundaries=0 1 2 3 4 5 6 8 9 10
cat_threshold=4225096 4 65829 4202560 2654210 1 100663304 20548 1 128
is_linear=0
shrinkage=0.05


Tree=229
num_leaves=15
num_cat=6
split_feature=5 2 8 8 4 8 6 6 2 8 8 2 2 4
split_gain=6654.09 66.6565 28.5151 18.8 17.3818 14.5881 16.7078 13.4154 12.6053 6.40484 6.34651 5.74046 3.05823 3.72922
threshold=1.5000000000000002 0 21.500000000000004 15.500000000000002 1 1.5000000000000002 10.500000000000002 7.5000000000000009 2 1.5000000000000002 17.500000000000004 3 4 5
decision_type=2 9 2 2 1 2 2 2 9 2 2 9 9 1
left_child=-1 2 7 4 -3 -6 8 9 -7 12 11 -9 13 -2
right_child=1 3 -4 -5 5 6 -8 10 -10 -11 -12 -13 -14 -15
leaf_value=-3.9598215562097749e-07 3.9598215562097749e-07 -3.3323233188831127e-06 4.1990960812920975e-07 3.6212421350434454e-07 -4.1495001984159786e-05 -3.4020228172382264e-05 4.1884830483951422e-07 3.9598215562097749e-07 3.9598215562097749e-07 3.9598215562097749e-07 8.7126251049340917e-07 3.9598215562097749e-07 3.9598215562097749e-07 3.9598215562097749e-07
leaf_weight=26961 1032 5841 4396 16604 3387 1542 5106 7243 16320 35380 1960 2018 1311 1078
leaf_count=26961 1032 5841 4396 16604 3387 1542 5106 7243 16320 35380 1960 2018 1311 1078
internal_value=-0.00288161 0.00289581 0.00409899 0.00155296 0.00225804 0.00280497 0.0032567 0.00443905 0.00397772 0.00487938 0.00291641 0.00346345 0.0028135 0.00398585
internal_weight=130179 103218 54418 48800 32196 26355 22968 50022 17862 38801 11221 9261 3421 2110
internal_count=130179 103218 54418 48800 32196 26355 22968 50022 17862 38801 11221 9261 3421 2110
cat_boundaries=0 1 2 3 4 5 6
cat_threshold=4225096 4 65825 4202560 10312 1
is_linear=0
shrinkage=0.05


Tree=230
num_leaves=15
num_cat=8
split_feature=5 2 8 8 4 8 2 8 2 4 7 2 2 3
split_gain=6666.79 67.5289 24.8691 17.9578 19.8009 14.6172 15.5497 4.13026 4.73022 4.90326 4.33577 3.66137 3.39179 3.07161
threshold=1.5000000000000002 0 21.500000000000004 15.500000000000002 1 1.5000000000000002 2 1.5000000000000002 3 4 1.0000000180025095e-35 5 6 7
decision_type=2 9 2 2 1 2 9 2 9 1 2 9 9 9
left_child=-1 2 7 4 -3 11 13 8 -2 10 -10 -6 -5 -7
right_child=1 3 -4 12 5 6 -8 -9 9 -11 -12 -13 -14 -15
leaf_value=-3.7618304784547977e-07 -1.0646687282900302e-06 -5.7597708828183163e-06 3.9891412773052082e-07 0.0002665889711717995 0.00060646760273757043 1.1285763191515308e-05 3.7618304784547977e-07 3.7618304784547977e-07 -1.1209143973012204e-07 3.7618304784547977e-07 3.7618304784547977e-07 -0.00064659244689844195 -1.2219588414907891e-06 3.7618304784547977e-07
leaf_weight=27067 1001 5813 4404 2294 1961 1419 17236 45363 253 1781 1469 1409 14235 4261
leaf_count=27067 1001 5813 4404 2294 1961 1419 17236 45363 253 1781 1469 1409 14235 4261
internal_value=-0.00291999 0.00288803 0.00410042 0.00153378 0.00222359 0.00280758 0.00325973 0.00441926 0.00297513 0.00383575 0.00574913 -0.000267062 0.000195112 0.000984183
internal_weight=129966 102899 54271 48628 32099 26286 22916 49867 4504 3503 1722 3370 16529 5680
internal_count=129966 102899 54271 48628 32099 26286 22916 49867 4504 3503 1722 3370 16529 5680
cat_boundaries=0 1 2 3 4 5 6 7 9
cat_threshold=4225096 4 98597 20480 1 3309858 66593 262656 4160
is_linear=0
shrinkage=0.05


Tree=231
num_leaves=15
num_cat=5
split_feature=5 2 8 8 4 2 8 6 6 8 8 2 4 7
split_gain=6641.45 71.9437 28.7612 15.9069 17.7785 16.3753 17.3119 13.7464 10.0408 6.88562 5.6214 4.61728 4.03481 4.12886
threshold=1.5000000000000002 0 21.500000000000004 15.500000000000002 1 2 1.5000000000000002 7.5000000000000009 10.500000000000002 17.500000000000004 1.5000000000000002 3 4 1.5000000000000002
decision_type=2 9 2 2 1 9 2 2 2 2 2 9 1 2
left_child=-1 2 7 4 -3 -6 -7 10 -8 11 -2 12 13 -9
right_child=1 3 -4 -5 5 6 8 9 -10 -11 -12 -13 -14 -15
leaf_value=-3.5737389545431599e-07 3.5737389545431599e-07 -5.4625145416764557e-06 3.7896842135509702e-07 4.0605598907728083e-07 3.5737389545431599e-07 -4.8712026412189863e-05 3.5737389545431599e-07 5.3611286593646673e-06 3.7909673720193384e-07 8.0889023257313397e-07 3.5737389545431599e-07 3.5737389545431599e-07 3.5737389545431599e-07 -4.9015239396155157e-07
leaf_weight=26990 3424 5824 4373 16574 6464 2485 14616 340 2709 1969 35108 2027 5956 973
leaf_count=26990 3424 5824 4373 16574 6464 2485 14616 340 2709 1969 35108 2027 5956 973
internal_value=-0.00292532 0.00286799 0.00412145 0.0014718 0.00212163 0.00267565 0.00338799 0.00446362 0.00394949 0.00292721 0.0049128 0.00349613 0.00408367 0.00158035
internal_weight=129832 102842 54170 48672 32098 26274 19810 49797 17325 11265 38532 9296 7269 1313
internal_count=129832 102842 54170 48672 32098 26274 19810 49797 17325 11265 38532 9296 7269 1313
cat_boundaries=0 1 2 3 4 5
cat_threshold=4225096 4 98597 4202560 4
is_linear=0
shrinkage=0.05


Tree=232
num_leaves=15
num_cat=5
split_feature=5 2 8 8 4 2 8 6 6 8 8 2 7 2
split_gain=6635.21 69.8845 25.8859 17.4526 19.149 17.0595 16.9893 10.7229 10.2453 7.62851 7.06167 5.50594 3.74863 3.71546
threshold=1.5000000000000002 0 21.500000000000004 15.500000000000002 1 2 1.5000000000000002 10.500000000000002 7.5000000000000009 17.500000000000004 1.5000000000000002 3 5.5000000000000009 4
decision_type=2 9 2 2 1 9 2 2 2 2 2 9 2 9
left_child=-1 2 8 4 -3 -6 -7 -8 10 11 13 12 -10 -2
right_child=1 3 -4 -5 5 6 7 -9 9 -11 -12 -13 -14 -15
leaf_value=-3.3950520068604111e-07 3.3950520068604111e-07 -5.2168621810899658e-06 3.600200002784604e-07 3.4745063548502486e-07 3.3950520068604111e-07 -4.6283393202983808e-05 3.3950520068604111e-07 3.6014190034627803e-07 3.3950520068604111e-07 7.6844572094447727e-07 3.3950520068604111e-07 3.3950520068604111e-07 3.3950520068604111e-07 3.3950520068604111e-07
leaf_weight=26981 2125 5837 4383 16579 6478 2531 14606 2713 6280 1940 35201 2044 972 1316
leaf_count=26981 2125 5837 4383 16579 6478 2531 14606 2713 6280 1940 35201 2044 972 1316
internal_value=-0.00292762 0.00285399 0.00408828 0.00147885 0.0021584 0.00273283 0.00345921 0.00402015 0.00441277 0.00308384 0.00479918 0.003679 0.00432388 0.00263731
internal_weight=129986 103005 54261 48744 32165 26328 19850 17319 49878 11236 38642 9296 7252 3441
internal_count=129986 103005 54261 48744 32165 26328 19850 17319 49878 11236 38642 9296 7252 3441
cat_boundaries=0 1 2 3 4 5
cat_threshold=4225096 4 98597 4202560 10312
is_linear=0
shrinkage=0.05


Tree=233
num_leaves=15
num_cat=5
split_feature=5 6 8 8 6 8 4 1 8 8 1 7 1 3
split_gain=6652.34 36.4789 25.8276 12.1849 9.06834 8.12004 7.62267 4.26141 4.65777 3.57772 3.46632 3.52605 3.10896 2.89583
threshold=1.5000000000000002 10.500000000000002 17.500000000000004 1.5000000000000002 7.5000000000000009 21.500000000000004 0 1 15.500000000000002 10.500000000000002 2 1.5000000000000002 3 4
decision_type=2 2 2 2 2 2 1 1 2 2 1 2 1 9
left_child=-1 2 3 -2 5 13 12 -8 9 -9 11 -10 -5 -4
right_child=1 -3 4 6 -6 -7 7 8 10 -11 -12 -13 -14 -15
leaf_value=-3.2252994064396745e-07 3.2252994064396745e-07 3.2252994064396745e-07 -0.047781398035997548 3.2252994064396745e-07 3.7208677550193414e-07 3.4201900025454538e-07 3.2252994064396745e-07 3.2252994064396745e-07 3.2252994064396745e-07 3.2252994064396745e-07 3.2252994064396745e-07 3.2252994064396745e-07 3.2252994064396745e-07 3.2252994064396745e-07
leaf_weight=27019 7276 14962 131 3635 5600 5388 2538 26039 950 14062 2331 2297 6807 11001
leaf_count=27019 7276 14962 131 3635 5600 5388 2538 26039 950 14062 2331 2297 6807 11001
internal_value=-0.00291765 0.00287404 0.00326188 0.00375787 0.00178345 0.00237288 0.00399726 0.0042625 0.00437359 0.00456285 0.0030208 0.00407584 0.00277246 0.00314409
internal_weight=130036 103017 88055 65935 22120 16520 58659 48217 45679 40101 5578 3247 10442 11132
internal_count=130036 103017 88055 65935 22120 16520 58659 48217 45679 40101 5578 3247 10442 11132
cat_boundaries=0 1 2 3 4 5
cat_threshold=4 1 6 4 1
is_linear=0
shrinkage=0.05


Tree=234
num_leaves=15
num_cat=5
split_feature=5 2 8 8 6 4 2 8 6 8 8 2 3 7
split_gain=6638.48 72.1942 25.9288 18.5282 15.969 15.6629 18.2577 13.5142 8.16279 7.98528 6.03496 4.21766 3.15667 2.86341
threshold=1.5000000000000002 0 21.500000000000004 15.500000000000002 7.5000000000000009 1 2 1.5000000000000002 10.500000000000002 17.500000000000004 1.5000000000000002 3 4 1.0000000180025095e-35
decision_type=2 9 2 2 2 1 9 2 2 2 2 9 9 2
left_child=-1 2 4 5 10 -3 -7 -8 12 11 13 -6 -9 -2
right_child=1 3 -4 -5 9 6 7 8 -10 -11 -12 -13 -14 -15
leaf_value=-3.0640344361732019e-07 -1.5745731958283217e-07 -2.3296929883009909e-06 3.249180502429283e-07 3.0567018114435742e-07 3.0640344361732019e-07 3.0640344361732019e-07 9.4752799808528474e-07 3.0640344361732019e-07 3.329764196813301e-07 -2.6557467524668257e-06 3.0640344361732019e-07 3.0640344361732019e-07 3.0640344361732019e-07 3.0640344361732019e-07
leaf_weight=27040 466 5845 4377 16607 7191 6522 2545 5607 2747 1974 35134 2065 9006 2926
leaf_count=27040 466 5845 4377 16607 7191 6522 2545 5607 2747 1974 35134 2065 9006 2926
internal_value=-0.00295113 0.00283656 0.00409425 0.00144255 0.00441957 0.00214118 0.00265921 0.00341075 0.00391129 0.00276046 0.00490318 0.00337619 0.00438137 0.00288915
internal_weight=130052 103012 54133 48879 49756 32272 26427 19905 17360 11230 38526 9256 14613 3392
internal_count=130052 103012 54133 48879 49756 32272 26427 19905 17360 11230 38526 9256 14613 3392
cat_boundaries=0 1 2 3 4 6
cat_threshold=4225096 4 98597 4202560 90706440 1028
is_linear=0
shrinkage=0.05


Tree=235
num_leaves=15
num_cat=5
split_feature=5 2 8 8 4 2 8 8 7 4 2 7 5 7
split_gain=6620.97 70.6174 27.5784 19.6108 19.6078 19.758 15.687 3.05112 3.87485 5.44372 5.26451 3.68157 3.18887 9.16667
threshold=1.5000000000000002 0 21.500000000000004 15.500000000000002 1 2 1.5000000000000002 1.5000000000000002 1.0000000180025095e-35 3 4 2.5000000000000004 3.0000000000000004 1.5000000000000002
decision_type=2 9 2 2 1 9 2 2 2 1 9 2 2 2
left_child=-1 2 7 4 -3 -6 -7 8 -2 10 11 -10 13 -12
right_child=1 3 -4 -5 5 6 -8 -9 9 -11 12 -13 -14 -15
leaf_value=-2.9108327144200534e-07 -1.4958445362367457e-07 -4.8556609196559467e-06 3.0867214773078189e-07 2.2842091835784119e-07 2.9108327144200534e-07 -4.4025758328336553e-05 2.9108327144200534e-07 2.9108327144200534e-07 0.049982142496496774 2.9108327144200534e-07 0.050000291083271448 -0.00064703627881876899 2.9108327144200534e-07 -2.9728869544554118e-06
leaf_weight=26952 594 5790 4352 16519 6487 2526 17280 45381 120 2002 54 291 1115 330
leaf_count=26952 594 5790 4352 16519 6487 2526 17280 45381 120 2002 54 291 1115 330
internal_value=-0.00294064 0.00284055 0.00408072 0.0014554 0.00217639 0.00275644 0.00354007 0.00441448 0.00317355 0.00374489 0.00565445 0.000534442 0.00700795 0.003125
internal_weight=129793 102841 54239 48602 32083 26293 19806 49887 4506 3912 1910 411 1499 384
internal_count=129793 102841 54239 48602 32083 26293 19806 49887 4506 3912 1910 411 1499 384
cat_boundaries=0 1 2 3 4 5
cat_threshold=4225096 4 98597 1 20480
is_linear=0
shrinkage=0.05


Tree=236
num_leaves=15
num_cat=4
split_feature=5 2 8 8 6 4 2 8 6 4 8 8 6 8
split_gain=6620.18 67.9304 29.8939 14.5893 12.9782 12.4531 14.5081 13.041 7.51311 6.02063 7.20641 5.83915 4.93529 8.08077
threshold=1.5000000000000002 0 21.500000000000004 15.500000000000002 7.5000000000000009 1 2 1.5000000000000002 10.500000000000002 3 19.500000000000004 1.5000000000000002 11.500000000000002 1.0000000180025095e-35
decision_type=2 9 2 2 2 1 9 2 2 1 2 2 2 2
left_child=-1 2 4 5 11 -3 -7 -8 -9 -6 12 -2 -11 -14
right_child=1 3 -4 -5 9 6 7 8 -10 10 -12 -13 13 -15
leaf_value=-2.7652910787878683e-07 2.7652910787878683e-07 -2.5160992099149128e-06 2.9323854033869168e-07 2.7896562617701906e-07 2.6341369685489725e-08 2.7652910787878683e-07 -4.1829233888623918e-05 2.7652910787878683e-07 2.9480532375281144e-07 2.7652910787878683e-07 -2.7160369608036917e-06 2.7652910787878683e-07 -0.044888479414203264 7.900274755723303e-07
leaf_weight=27039 3514 5375 4732 15211 2387 6471 2353 12860 2675 8419 954 36533 80 1302
leaf_count=27039 3514 5375 4732 15211 2387 6471 2353 12860 2675 8419 954 36533 80 1302
internal_value=-0.0029843 0.00280268 0.00393442 0.00134301 0.00427391 0.00198762 0.00246829 0.00320148 0.00372868 0.00291052 0.00341469 0.00472133 0.00381849 0.0010492
internal_weight=129905 102866 57921 44945 53189 29734 24359 17888 15535 13142 10755 40047 9801 1382
internal_count=129905 102866 57921 44945 53189 29734 24359 17888 15535 13142 10755 40047 9801 1382
cat_boundaries=0 1 2 3 4
cat_threshold=4356168 4 98597 4
is_linear=0
shrinkage=0.05


Tree=237
num_leaves=15
num_cat=6
split_feature=5 2 8 8 4 2 8 6 6 8 8 2 4 3
split_gain=6625.18 66.2374 23.9229 19.3939 17.9564 16.0366 12.7594 11.2094 9.49863 8.44741 8.37415 5.81986 3.91683 3.2852
threshold=1.5000000000000002 0 21.500000000000004 15.500000000000002 1 2 1.5000000000000002 7.5000000000000009 10.500000000000002 17.500000000000004 1.5000000000000002 3 4 5
decision_type=2 9 2 2 1 9 2 2 2 2 2 9 1 9
left_child=-1 2 7 4 -3 -6 -7 10 13 11 -2 12 -9 -8
right_child=1 3 -4 -5 5 6 8 9 -10 -11 -12 -13 -14 -15
leaf_value=-2.6270265247596568e-07 2.6270265247596568e-07 -4.4805347253706889e-06 2.7857661333285932e-07 2.6501734486927834e-07 2.6270265247596568e-07 8.9652660101080531e-06 2.6270265247596568e-07 3.1758835385975462e-07 2.8006505756739133e-07 -2.4004728095050613e-06 2.6270265247596568e-07 2.6270265247596568e-07 2.6270265247596568e-07 2.6270265247596568e-07
leaf_weight=27028 3394 5816 4396 16559 6519 2551 5572 1301 2730 1956 35270 2039 5939 9039
leaf_count=27028 3394 5816 4396 16559 6519 2551 5572 1301 2730 1956 35270 2039 5939 9039
internal_value=-0.00296578 0.00281162 0.00401298 0.00147348 0.00218838 0.00274223 0.00344689 0.00432524 0.00393432 0.00293502 0.00472921 0.0035645 0.00422759 0.00444015
internal_weight=130109 103081 54295 48786 32227 26411 19892 49899 17341 11235 38664 9279 7240 14611
internal_count=130109 103081 54295 48786 32227 26411 19892 49899 17341 11235 38664 9279 7240 14611
cat_boundaries=0 1 2 3 4 5 7
cat_threshold=4225096 4 98597 4202560 4 90706440 1028
is_linear=0
shrinkage=0.05


Tree=238
num_leaves=15
num_cat=5
split_feature=5 2 8 8 6 2 8 8 6 8 2 7 2 3
split_gain=6646.21 68.7018 26.7583 19.7792 12.6744 11.4912 11.8739 8.19005 6.73858 6.65316 4.41937 3.68338 3.78742 3.63501
threshold=1.5000000000000002 0 21.500000000000004 15.500000000000002 7.5000000000000009 1 1.5000000000000002 1.5000000000000002 10.500000000000002 17.500000000000004 2 1.5000000000000002 3 4
decision_type=2 9 2 2 2 9 2 2 2 2 9 2 9 9
left_child=-1 2 4 5 7 -3 -7 11 13 10 -6 -2 -13 -8
right_child=1 3 -4 -5 9 6 8 -9 -10 -11 -12 12 -14 -15
leaf_value=-2.4956751984994698e-07 -1.6906681898909426e-07 2.4956751984994698e-07 2.6464778266621638e-07 2.5079202463640372e-07 2.4956751984994698e-07 -4.0181272018013915e-05 2.4956751984994698e-07 2.4956751984994698e-07 2.6606180469901375e-07 9.3584945524138876e-07 2.4956751984994698e-07 4.1276603113260535e-07 2.4956751984994698e-07 2.4956751984994698e-07
leaf_weight=27084 969 8079 4359 16528 7202 3087 10397 35280 3298 1967 2020 980 1468 7335
leaf_count=27084 969 8079 4359 16528 7202 3087 10397 35280 3298 1967 2020 980 1468 7335
internal_value=-0.00296091 0.00283605 0.00405999 0.00147228 0.00438901 0.00219437 0.00274071 0.00481756 0.0031669 0.00290687 0.00346996 0.00248025 0.00351307 0.0035529
internal_weight=130053 102969 54245 48724 49886 32196 24117 38697 21030 11189 9222 3417 2448 17732
internal_count=130053 102969 54245 48724 49886 32196 24117 38697 21030 11189 9222 3417 2448 17732
cat_boundaries=0 1 2 3 4 6
cat_threshold=4225096 98597 4202560 4214784 1107559489 53312
is_linear=0
shrinkage=0.05


Tree=239
num_leaves=15
num_cat=4
split_feature=5 6 8 8 4 8 6 6 8 1 8 7 1 3
split_gain=6648.18 31.0071 28.4197 15.4662 10.0226 8.67588 9.49442 6.88092 4.93631 4.81285 4.94575 4.33631 3.75922 4.16571
threshold=1.5000000000000002 10.500000000000002 17.500000000000004 1.5000000000000002 0 21.500000000000004 7.5000000000000009 7.5000000000000009 15.500000000000002 1 11.500000000000002 2.5000000000000004 2 3
decision_type=2 2 2 2 1 2 2 2 2 1 2 2 1 9
left_child=-1 2 3 -2 7 6 -4 -5 9 10 -6 -9 13 -10
right_child=1 -3 5 4 8 -7 -8 11 12 -11 -12 -13 -14 -15
leaf_value=-2.370891438507883e-07 2.370891438507883e-07 2.370891438507883e-07 2.370891438507883e-07 2.370891438507883e-07 2.370891438507883e-07 2.5141539352624423e-07 6.1894494578496057e-07 -8.5085978192012139e-07 2.370891438507883e-07 2.370891438507883e-07 -0.0298885082801887 2.892305601687184e-07 2.370891438507883e-07 2.370891438507883e-07
leaf_weight=27096 7315 14958 11107 7818 1560 7334 3702 1088 2239 39995 679 1465 2380 1282
leaf_count=27096 7315 14958 11107 7818 1560 7334 3702 1088 2239 39995 679 1465 2380 1282
internal_value=-0.00296459 0.00283661 0.00319449 0.00371576 0.00398677 0.00164499 0.00234148 0.0025769 0.00429054 0.0044798 0.00218986 0.000323149 0.00293594 0.00397196
internal_weight=130018 102922 87964 65821 58506 22143 14809 10371 48135 42234 2239 2553 5901 3521
internal_count=130018 102922 87964 65821 58506 22143 14809 10371 48135 42234 2239 2553 5901 3521
cat_boundaries=0 1 2 3 5
cat_threshold=4 1 7 1092883456 68
is_linear=0
shrinkage=0.05


Tree=240
num_leaves=15
num_cat=5
split_feature=5 2 8 8 4 2 8 6 6 8 8 7 2 3
split_gain=6636.14 68.0232 24.9009 18.3357 15.243 16.6783 14.8315 13.5935 11.3221 8.53366 7.46231 3.9846 5.87467 3.50835
threshold=1.5000000000000002 0 21.500000000000004 15.500000000000002 1 2 1.5000000000000002 7.5000000000000009 10.500000000000002 17.500000000000004 1.5000000000000002 1.5000000000000002 3 4
decision_type=2 9 2 2 1 9 2 2 2 2 2 2 9 9
left_child=-1 2 7 4 -3 -6 -7 10 13 -9 11 -2 -13 -8
right_child=1 3 -4 -5 5 6 8 9 -10 -11 -12 12 -14 -15
leaf_value=-2.2523468665713866e-07 -1.7246793522218697e-07 -3.4699215672784337e-06 2.3884462385659333e-07 2.339630792880243e-07 2.2523468665713866e-07 -3.8191030985723631e-05 2.2523468665713866e-07 2.2523468665713866e-07 2.0191030853933258e-07 -2.5379511923162568e-06 2.2523468665713866e-07 2.2523468665713866e-07 2.1707476109966707e-07 2.2523468665713866e-07
leaf_weight=27072 964 5808 4404 16510 6518 2492 3555 9296 2707 1969 35232 1471 982 11118
leaf_count=27072 964 5808 4404 16510 6518 2492 3555 9296 2707 1969 35232 1471 982 11118
internal_value=-0.00297045 0.00281822 0.00403475 0.00146045 0.00215541 0.00266578 0.00338497 0.00435349 0.00390391 0.00282512 0.00479896 0.00256804 0.0036384 0.00445205
internal_weight=130098 103026 54318 48708 32198 26390 19872 49914 17380 11265 38649 3417 2453 14673
internal_count=130098 103026 54318 48708 32198 26390 19872 49914 17380 11265 38649 3417 2453 14673
cat_boundaries=0 1 2 3 4 6
cat_threshold=4225096 4 98597 10312 90178056 1028
is_linear=0
shrinkage=0.05


Tree=241
num_leaves=15
num_cat=4
split_feature=5 2 8 8 6 2 8 8 6 8 7 2 7 2
split_gain=6628.74 70.5675 26.5437 15.2548 12.9885 10.5786 9.29326 7.28085 7.14458 7.05873 4.16103 4.11667 3.57161 4.43368
threshold=1.5000000000000002 0 21.500000000000004 15.500000000000002 7.5000000000000009 1 1.5000000000000002 1.5000000000000002 10.500000000000002 17.500000000000004 3.5000000000000004 2 1.5000000000000002 3
decision_type=2 9 2 2 2 9 2 2 2 2 2 9 2 9
left_child=-1 2 4 5 7 -3 -7 12 10 11 -8 -6 -2 -14
right_child=1 3 -4 -5 9 6 8 -9 -10 -11 -12 -13 13 -15
leaf_value=-2.1397295233427374e-07 2.5478980036908183e-07 2.1397295233427374e-07 2.2690239265266143e-07 2.1567426524704559e-07 2.1397295233427374e-07 -3.6274511325018465e-05 2.1397295233427374e-07 2.1397295233427374e-07 2.308087418523286e-07 1.1346355982322366e-06 2.1397295233427374e-07 2.1397295233427374e-07 3.6941953431846034e-07 2.1397295233427374e-07
leaf_weight=26968 1035 8037 4703 15322 7237 2838 8750 36620 3277 2296 6788 3633 978 1487
leaf_count=26968 1035 8037 4703 15322 7237 2838 8750 36620 3277 2296 6788 3633 978 1487
internal_value=-0.00293205 0.00284585 0.00399878 0.00135934 0.00431727 0.00202088 0.00259544 0.00476446 0.00299894 0.00295458 0.00344639 0.00348666 0.00258571 0.00362069
internal_weight=129969 103001 57989 45012 53286 29690 21653 40120 18815 13166 15538 10870 3500 2465
internal_count=129969 103001 57989 45012 53286 29690 21653 40120 18815 13166 15538 10870 3500 2465
cat_boundaries=0 1 2 3 4
cat_threshold=4356168 98597 4202560 4214784
is_linear=0
shrinkage=0.05


Tree=242
num_leaves=15
num_cat=6
split_feature=5 2 8 8 2 4 8 8 2 7 4 1 5 8
split_gain=6628.89 68.0034 24.9127 17.0778 14.5809 18.342 14.1388 5.272 4.25509 3.01227 6.11172 2.36207 2.34954 2.77012
threshold=1.5000000000000002 0 21.500000000000004 15.500000000000002 1 2 1.5000000000000002 1.5000000000000002 3 1.5000000000000002 4 5 3.0000000000000004 4.5000000000000009
decision_type=2 9 2 2 9 1 2 2 9 2 1 1 2 2
left_child=-1 2 7 4 12 -6 -7 8 -2 -10 -11 -9 13 -3
right_child=1 3 -4 -5 5 6 -8 11 9 10 -12 -13 -14 -15
leaf_value=-2.0327430472200092e-07 -1.1810591410199579e-06 3.6900503237702333e-05 2.1555727300892615e-07 2.2760202891269899e-07 -4.0701841330648136e-06 -3.4460785758749779e-05 2.0327430472200092e-07 2.0327430472200092e-07 2.4205031035062774e-07 -0.0001219201673902326 2.0327430472200092e-07 2.0327430472200092e-07 2.0327430472200092e-07 -9.1235650298471257e-05
leaf_weight=27036 984 565 4395 16503 4250 2529 17338 9217 1046 508 1957 36240 6134 1288
leaf_count=27036 984 565 4395 16503 4250 2529 17338 9217 1046 508 1957 36240 6134 1288
internal_value=-0.00296638 0.00281971 0.0040349 0.00145988 0.00213213 0.00274485 0.00338375 0.00435318 0.00271969 0.00352883 0.0044929 0.00451471 0.000278229 -0.00128171
internal_weight=129990 102954 54347 48607 32104 24117 19867 49952 4495 3511 2465 45457 7987 1853
internal_count=129990 102954 54347 48607 32104 24117 19867 49952 4495 3511 2465 45457 7987 1853
cat_boundaries=0 1 2 3 4 5 6
cat_threshold=4225096 98597 4 20480 4 8
is_linear=0
shrinkage=0.05


Tree=243
num_leaves=15
num_cat=4
split_feature=5 2 8 8 4 2 8 6 6 8 8 2 7 7
split_gain=6615.3 65.8907 24.6566 18.737 16.2124 16.1315 14.1399 10.9429 10.1982 7.31016 6.52142 4.69907 3.85996 3.05209
threshold=1.5000000000000002 0 21.500000000000004 15.500000000000002 1 2 1.5000000000000002 7.5000000000000009 10.500000000000002 17.500000000000004 1.5000000000000002 3 5.5000000000000009 1.5000000000000002
decision_type=2 9 2 2 1 9 2 2 2 2 2 9 2 2
left_child=-1 2 7 4 -3 -6 -7 10 -8 11 13 12 -9 -2
right_child=1 3 -4 -5 5 6 8 9 -10 -11 -12 -13 -14 -15
leaf_value=-1.9311058947479866e-07 2.2994779482754524e-07 -3.8935990061883533e-06 2.0477940936292073e-07 2.001011106367301e-07 1.9311058947479866e-07 -3.273774647079009e-05 1.9311058947479866e-07 1.9311058947479866e-07 2.0910458951028945e-07 9.1811179965262117e-07 1.9311058947479866e-07 1.9311058947479866e-07 1.9311058947479866e-07 1.9311058947479866e-07
leaf_weight=26995 970 5843 4390 16562 6478 2532 14565 6294 2730 1957 35328 2015 941 2450
leaf_count=26995 970 5843 4390 16562 6478 2532 14565 6294 2730 1957 35328 2015 941 2450
internal_value=-0.00296655 0.00280506 0.00400193 0.0014686 0.00217276 0.00270196 0.00340903 0.00431839 0.00392165 0.00294236 0.00471637 0.00352973 0.00412353 0.00263158
internal_weight=130050 103055 54345 48710 32148 26305 19827 49955 17295 11207 38748 9250 7235 3420
internal_count=130050 103055 54345 48710 32148 26305 19827 49955 17295 11207 38748 9250 7235 3420
cat_boundaries=0 1 2 3 4
cat_threshold=4225096 4 98597 4202560
is_linear=0
shrinkage=0.05


Tree=244
num_leaves=15
num_cat=10
split_feature=5 2 6 6 4 2 4 2 2 4 3 2 3 6
split_gain=6617.01 63.6782 13.7071 8.10569 8.17397 8.15818 4.78124 3.66377 2.99851 4.89351 2.85014 2.57649 3.27113 2.93169
threshold=1.5000000000000002 0 7.5000000000000009 10.500000000000002 1 2 3 4 5 6 7 8 9 9.5000000000000018
decision_type=2 9 2 2 1 9 1 9 9 1 9 9 9 2
left_child=-1 2 -2 4 11 -6 -4 -8 -7 -10 -11 13 -13 -3
right_child=1 3 6 -5 5 8 7 -9 9 10 -12 12 -14 -15
leaf_value=-1.8345506000994052e-07 1.8345506000994052e-07 1.3840391244346329e-05 2.3298940552418659e-07 1.9864936002811364e-07 1.8345506000994052e-07 1.8345506000994052e-07 1.8345506000994052e-07 1.8345506000994052e-07 1.8345506000994052e-07 -2.116218544334636e-05 1.8345506000994052e-07 -0.0020421313051917525 6.9659841493541215e-06 0.047457864979939271
leaf_weight=26974 42128 2732 2215 11075 5696 15607 7795 2223 6073 1233 2358 1072 2414 480
leaf_count=26974 42128 2732 2215 11075 5696 15607 7795 2223 6073 1233 2358 1072 2414 480
internal_value=-0.00295234 0.00281593 0.00399248 0.00150256 0.00185252 0.00219508 0.00251982 0.00298463 0.00258 0.00327682 0.00181704 0.000268737 -0.000672197 0.00128802
internal_weight=130075 103101 54361 48740 37665 30967 12233 10018 25271 9664 3591 6698 3486 3212
internal_count=130075 103101 54361 48740 37665 30967 12233 10018 25271 9664 3591 6698 3486 3212
cat_boundaries=0 1 2 3 4 5 6 7 9 10 12
cat_threshold=4225096 4 98597 4 4202560 2883714 1 268829704 4 1082278 36045321 4160
is_linear=0
shrinkage=0.05


Tree=245
num_leaves=15
num_cat=5
split_feature=5 2 8 8 4 2 8 6 6 8 8 4 2 6
split_gain=6646.97 65.8435 25.8262 20.1572 17.9705 15.068 16.1039 14.0325 9.93911 7.57461 7.49183 6.14646 5.04252 3.98411
threshold=1.5000000000000002 0 21.500000000000004 15.500000000000002 1 2 1.5000000000000002 7.5000000000000009 10.500000000000002 1.5000000000000002 17.500000000000004 3 4 11.500000000000002
decision_type=2 9 2 2 1 9 2 2 2 2 2 1 9 2
left_child=-1 2 7 4 -3 -6 -7 9 -8 -2 11 -9 13 -13
right_child=1 3 -4 -5 5 6 8 10 -10 -11 -12 12 -14 -15
leaf_value=-1.7428230700833327e-07 1.7428230700833327e-07 -4.3909386181262281e-06 1.8536768588983677e-07 1.8092330209551479e-07 1.7428230700833327e-07 -3.1117000011660066e-05 1.7428230700833327e-07 2.2133993524686704e-07 1.887168920244875e-07 1.7428230700833327e-07 8.1902713864323575e-07 1.7428230700833327e-07 1.7428230700833327e-07 1.4860738863919921e-07
leaf_weight=27027 3422 5806 4395 16583 6503 2521 14685 1660 2745 35206 1970 5273 1696 662
leaf_count=27027 3422 5806 4395 16583 6503 2521 14685 1660 2745 35206 1970 5273 1696 662
internal_value=-0.00292807 0.00285643 0.00405478 0.00152345 0.00225201 0.00280487 0.00348555 0.00437922 0.00402754 0.00483199 0.00282613 0.00341998 0.00401979 0.00470563
internal_weight=130154 103127 54284 48843 32260 26454 19951 49889 17430 38628 11261 9291 7631 5935
internal_count=130154 103127 54284 48843 32260 26454 19951 49889 17430 38628 11261 9291 7631 5935
cat_boundaries=0 1 2 3 4 5
cat_threshold=4225096 4 98597 4 4202560
is_linear=0
shrinkage=0.05


Tree=246
num_leaves=15
num_cat=5
split_feature=5 2 8 8 6 4 2 8 6 4 8 8 2 6
split_gain=6638.4 64.7209 26.9152 20.8801 15.3567 15.272 13.449 15.5666 10.0414 8.22973 7.45367 7.07688 3.82978 3.55991
threshold=1.5000000000000002 0 21.500000000000004 15.500000000000002 7.5000000000000009 1 2 1.5000000000000002 10.500000000000002 3 17.500000000000004 1.5000000000000002 4 11.500000000000002
decision_type=2 9 2 2 2 1 9 2 2 1 2 2 9 2
left_child=-1 2 4 5 11 -3 -7 -8 -9 -6 12 -2 13 -11
right_child=1 3 -4 -5 9 6 7 8 -10 10 -12 -13 -14 -15
leaf_value=-1.6556819166790861e-07 1.6556819166790861e-07 -1.2795549060751201e-06 1.7609930158535292e-07 1.6528647690527977e-07 -2.5286597038487457e-08 1.6556819166790861e-07 -2.9561150011092609e-05 1.6556819166790861e-07 1.7928104742992448e-07 1.6556819166790861e-07 8.220820997495438e-07 1.6556819166790861e-07 1.6556819166790861e-07 1.4117701920834947e-07
leaf_weight=27075 3404 5804 4388 16516 2048 6498 2523 14649 2705 5274 1594 35153 1678 631
leaf_count=27075 3404 5804 4388 16516 2048 6498 2523 14649 2705 5274 1594 35153 1678 631
internal_value=-0.00297176 0.00282628 0.00401532 0.00150241 0.00434695 0.00224448 0.00275545 0.00340046 0.00393569 0.00271938 0.00335894 0.00482078 0.00401226 0.00461116
internal_weight=129940 102865 54170 48695 49782 32179 26375 19877 17354 11225 9177 38557 7583 5905
internal_count=129940 102865 54170 48695 49782 32179 26375 19877 17354 11225 9177 38557 7583 5905
cat_boundaries=0 1 2 3 4 5
cat_threshold=4225096 4 98597 4 4202560
is_linear=0
shrinkage=0.05


Tree=247
num_leaves=15
num_cat=7
split_feature=0 2 8 8 4 2 8 6 6 8 4 8 2 3
split_gain=6616.51 65.6624 23.423 18.0479 16.7797 16.7684 15.8107 14.1831 9.6915 7.8824 6.41651 7.3628 3.87983 3.71227
threshold=0 1 21.500000000000004 15.500000000000002 2 3 1.5000000000000002 7.5000000000000009 10.500000000000002 1.5000000000000002 4 17.500000000000004 5 6
decision_type=1 9 2 2 1 9 2 2 2 2 1 2 9 9
left_child=1 2 7 4 -3 -6 -7 9 13 -1 -9 12 -12 -8
right_child=-2 3 -4 -5 5 6 8 10 -10 -11 11 -13 -14 -15
leaf_value=1.5728978208784383e-07 -1.5728978208784383e-07 -4.1074139419006174e-06 1.6729433651718751e-07 1.7973362997913966e-07 1.5728978208784383e-07 -2.8083092510522435e-05 1.5728978208784383e-07 2.115372683242356e-07 1.7031699506286913e-07 1.5728978208784383e-07 1.5728978208784383e-07 7.8097799476317682e-07 1.5728978208784383e-07 1.5728978208784383e-07
leaf_weight=3394 26996 5832 4381 16480 6534 2540 8937 2068 2742 35209 5365 1593 2207 5680
leaf_count=3394 26996 5832 4381 16480 6534 2540 8937 2068 2742 35209 5365 1593 2207 5680
internal_value=-0.00296288 0.00281484 0.0040123 0.00148241 0.00217031 0.0027059 0.00342684 0.00432117 0.00396768 0.00477618 0.0027575 0.00332515 0.00397517 0.00447937
internal_weight=129958 102962 54217 48745 32265 26433 19899 49836 17359 38603 11233 9165 7572 14617
internal_count=129958 102962 54217 48745 32265 26433 19899 49836 17359 38603 11233 9165 7572 14617
cat_boundaries=0 1 2 3 4 5 6 8
cat_threshold=12 4225096 4 98597 4 4202496 1376126017 53312
is_linear=0
shrinkage=0.05


Tree=248
num_leaves=15
num_cat=4
split_feature=5 2 8 8 4 2 6 8 6 8 4 8 6 8
split_gain=6611.34 64.1739 25.3927 20.5863 17.1899 15.7525 14.2425 14.0281 9.99539 7.23567 7.10793 7.07566 3.43546 7.49287
threshold=1.5000000000000002 0 21.500000000000004 15.500000000000002 1 2 7.5000000000000009 1.5000000000000002 10.500000000000002 17.500000000000004 3 1.5000000000000002 11.500000000000002 1.0000000180025095e-35
decision_type=2 9 2 2 1 9 2 2 2 2 1 2 2 2
left_child=-1 2 6 4 -3 -6 11 -7 -9 10 -8 -2 -12 -14
right_child=1 3 -4 -5 5 7 9 8 -10 -11 12 -13 13 -15
leaf_value=-1.4942529298345166e-07 1.4942529298345166e-07 -4.3918544648580141e-06 1.5892961968688724e-07 1.463447060867651e-07 1.4942529298345166e-07 -2.6671969773595096e-05 2.009604049169056e-07 1.4942529298345166e-07 1.6180114530417456e-07 -2.4552767391661235e-06 1.4942529298345166e-07 1.4942529298345166e-07 -0.042644166217548053 1.1242458026750057e-06
leaf_weight=27024 3408 5778 4408 16504 6494 2541 1672 14651 2732 1991 6365 35285 78 1145
leaf_count=27024 3408 5778 4408 16504 6494 2541 1672 14651 2732 1991 6365 35285 78 1145
internal_value=-0.00298748 0.002785 0.00396601 0.00146582 0.00220214 0.00274245 0.0042878 0.00343885 0.00394782 0.00272198 0.00330994 0.00474311 0.0039602 0.00153312
internal_weight=130076 103052 54352 48700 32196 26418 49944 19924 17383 11251 9260 38693 7588 1223
internal_count=130076 103052 54352 48700 32196 26418 49944 19924 17383 11251 9260 38693 7588 1223
cat_boundaries=0 1 2 3 4
cat_threshold=4225096 4 98597 4
is_linear=0
shrinkage=0.05


Tree=249
num_leaves=15
num_cat=5
split_feature=5 2 8 8 4 2 8 6 4 8 6 8 2 7
split_gain=6603.53 62.7437 29.9219 15.3898 12.8262 12.1416 12.0881 10.9517 9.92886 7.9428 7.85522 6.19708 3.99315 3.87004
threshold=1.5000000000000002 0 21.500000000000004 15.500000000000002 1 2 1.5000000000000002 7.5000000000000009 3 19.500000000000004 10.500000000000002 1.5000000000000002 4 3.5000000000000004
decision_type=2 9 2 2 1 9 2 2 1 2 2 2 9 2
left_child=-1 2 7 4 -3 -6 -7 11 -9 12 -8 -2 -10 -14
right_child=1 3 -4 -5 5 6 10 8 9 -11 -12 -13 13 -15
leaf_value=-1.4195402833205862e-07 1.4195402833205862e-07 -3.3662035332948649e-06 1.5098313870254288e-07 1.4071823626338186e-07 1.4195402833205862e-07 -2.5338371284933103e-05 1.4195402833205862e-07 1.9091238467883187e-07 1.4195402833205862e-07 -2.5313679955729641e-06 1.5371108803563517e-07 1.4195402833205862e-07 1.4195402833205862e-07 1.4195402833205862e-07
leaf_weight=27023 3513 5392 4711 15284 6488 2337 12837 2412 1872 970 2705 36678 4634 3219
leaf_count=27023 3513 5392 4711 15284 6488 2337 12837 2412 1872 970 2705 36678 4634 3219
internal_value=-0.003 0.00276899 0.00385606 0.00136783 0.00203048 0.00251878 0.00319051 0.00419434 0.00293927 0.0035928 0.00369644 0.00460364 0.00402314 0.004518
internal_weight=130075 103052 58009 45043 29759 24367 17879 53298 13107 10695 15542 40191 9725 7853
internal_count=130075 103052 58009 45043 29759 24367 17879 53298 13107 10695 15542 40191 9725 7853
cat_boundaries=0 1 2 3 4 5
cat_threshold=4356168 4 98597 4 18432
is_linear=0
shrinkage=0.05


end of trees

feature_importances:
hour=989
Order_Region=869
month=383
Category_Name=300
Days_for_shipment_(scheduled)=298
weekday=284
Customer_Segment=277
Market=72
Shipping_Mode=28

parameters:
[boosting: gbdt]
[objective: quantile]
[metric: quantile]
[tree_learner: serial]
[device_type: cpu]
[data_sample_strategy: bagging]
[data: ]
[valid: ]
[num_iterations: 250]
[learning_rate: 0.05]
[num_leaves: 15]
[num_threads: 8]
[seed: 7]
[deterministic: 0]
[force_col_wise: 0]
[force_row_wise: 0]
[histogram_pool_size: -1]
[max_depth: -1]
[min_data_in_leaf: 40]
[min_sum_hessian_in_leaf: 0.001]
[bagging_fraction: 0.9]
[pos_bagging_fraction: 1]
[neg_bagging_fraction: 1]
[bagging_freq: 1]
[bagging_seed: 17422]
[bagging_by_query: 0]
[feature_fraction: 0.9]
[feature_fraction_bynode: 1]
[feature_fraction_seed: 7040]
[extra_trees: 0]
[extra_seed: 6516]
[early_stopping_round: 0]
[early_stopping_min_delta: 0]
[first_metric_only: 0]
[max_delta_step: 0]
[lambda_l1: 0]
[lambda_l2: 0]
[linear_lambda: 0]
[min_gain_to_split: 0]
[drop_rate: 0.1]
[max_drop: 50]
[skip_drop: 0.5]
[xgboost_dart_mode: 0]
[uniform_drop: 0]
[drop_seed: 15215]
[top_rate: 0.2]
[other_rate: 0.1]
[min_data_per_group: 100]
[max_cat_threshold: 32]
[cat_l2: 10]
[cat_smooth: 10]
[max_cat_to_onehot: 4]
[top_k: 20]
[monotone_constraints: ]
[monotone_constraints_method: basic]
[monotone_penalty: 0]
[feature_contri: ]
[forcedsplits_filename: ]
[refit_decay_rate: 0.9]
[cegb_tradeoff: 1]
[cegb_penalty_split: 0]
[cegb_penalty_feature_lazy: ]
[cegb_penalty_feature_coupled: ]
[path_smooth: 0]
[interaction_constraints: ]
[verbosity: -1]
[saved_feature_importance_type: 0]
[use_quantized_grad: 0]
[num_grad_quant_bins: 4]
[quant_train_renew_leaf: 0]
[stochastic_rounding: 1]
[linear_tree: 0]
[max_bin: 255]
[max_bin_by_feature: ]
[min_data_in_bin: 3]
[bin_construct_sample_cnt: 200000]
[data_random_seed: 61]
[is_enable_sparse: 1]
[enable_bundle: 1]
[use_missing: 1]
[zero_as_missing: 0]
[feature_pre_filter: 1]
[pre_partition: 0]
[two_round: 0]
[header: 0]
[label_column: ]
[weight_column: ]
[group_column: ]
[ignore_column: ]
[categorical_feature: 0,1,2,3,4]
[forcedbins_filename: ]
[precise_float_parser: 0]
[parser_config_file: ]
[objective_seed: 15521]
[num_class: 1]
[is_unbalance: 0]
[scale_pos_weight: 1]
[sigmoid: 1]
[boost_from_average: 1]
[reg_sqrt: 0]
[alpha: 0.5]
[fair_c: 1]
[poisson_max_delta_step: 0.7]
[tweedie_variance_power: 1.5]
[lambdarank_truncation_level: 30]
[lambdarank_norm: 1]
[label_gain: ]
[lambdarank_position_bias_regularization: 0]
[eval_at: ]
[multi_error_top_k: 1]
[auc_mu_weights: ]
[num_machines: 1]
[local_listen_port: 12400]
[time_out: 120]
[machine_list_filename: ]
[machines: ]
[gpu_platform_id: -1]
[gpu_device_id: -1]
[gpu_device_id_list: ]
[gpu_use_dp: 0]
[num_gpu: 1]

end of parameters

pandas_categorical:[["First Class", "Same Day", "Second Class", "Standard Class"], ["Africa", "Europe", "LATAM", "Pacific Asia", "USCA"], ["Canada", "Caribbean", "Central Africa", "Central America", "Central Asia", "East Africa", "East of USA", "Eastern Asia", "Eastern Europe", "North Africa", "Northern Europe", "Oceania", "South America", "South Asia", "South of  USA ", "Southeast Asia", "Southern Africa", "Southern Europe", "US Center ", "West Africa", "West Asia", "West of USA ", "Western Europe"], ["Accessories", "As Seen on  TV!", "Baby ", "Baseball & Softball", "Basketball", "Books ", "Boxing & MMA", "CDs ", "Cameras ", "Camping & Hiking", "Cardio Equipment", "Children's Clothing", "Cleats", "Computers", "Consumer Electronics", "Crafts", "DVDs", "Electronics", "Fishing", "Fitness Accessories", "Garden", "Girls' Apparel", "Golf Apparel", "Golf Bags & Carts", "Golf Balls", "Golf Gloves", "Golf Shoes", "Health and Beauty", "Hockey", "Hunting & Shooting", "Indoor/Outdoor Games", "Kids' Golf Clubs", "Lacrosse", "Men's Clothing", "Men's Footwear", "Men's Golf Clubs", "Music", "Pet Supplies", "Shop By Sport", "Soccer", "Sporting Goods", "Strength Training", "Tennis & Racquet", "Toys", "Trade-In", "Video Games", "Water Sports", "Women's Apparel", "Women's Clothing", "Women's Golf Clubs"], ["Consumer", "Corporate", "Home Office"]]
