tree
version=v4
num_class=1
num_tree_per_iteration=1
label_index=0
max_feature_idx=7
objective=quantile
feature_names=Column_0 Column_1 Column_2 Column_3 Column_4 Column_5 Column_6 Column_7
feature_infos=-1:38:37:43:33:34:36:31:39:41:35:29:20:21:32:30:42:47:27:17:14:48:16:1:0:4:46:9:26:3:10:7 -1:0:1:2:3 [23.899999999999999:7208.8999999999996] [4.5999999999999996:349.30000000000001] [0:23.983333333333334] [0:6] [1:5.3980184264707525] [0:1]
tree_sizes=1388 1509 1503 1504 1503 1504 1480 1476 1498 1513 1513 1511 1515 1509 1497 1537 1512 1501 1509 1519 1521 1533 1532 1504 1516 1503 1539 1526 1505 1502 1499 1496 1525 1516 1514 1505 1519 1528 1541 1496 1511 1534 1506 1515 1519 1501 1519 1529 1535 1514 1501 1490 1520 1525 1518 1520 1481 1482 1533 1537 1509 1480 1526 1492 1525 1517 1539 1532 1523 1482 1504 1531 1523 1529 1519 1512 1514 1538 1516 1522 1538 1523 1543 1522 1521 1518 1552 1535 1502 1508 1559 1518 1511 1479 1509 1499 1547 1493 1515 1495 1491 1540 1538 1530 1536 1489 1541 1485 1536 1545 1525 1520 1549 1543 1519 1525 1502 1496 1536 1514 1501 1516 1494 1552 1522 1540 1534 1529 1521 1528 1520 1519 1507 1515 1506 1515 1521 1515 1522 1533 1542 1519 1519 1522 1526 1520 1520 1534 1512 1531 1534 1510 1550 1518 1539 1542 1493 1523 1515 1513 1504 1514 1517 1530 1530 1527 1528 1507 1518 1525 1517 1507 1543 1505 1523 1522 1524 1532 1517 1532 1522 1496 1517 1506 1534 1493 1542 1540 1522 1522 1526 1508 1503 1559 1528 1523 1529 1531 1531 1501 1514 1484 1530 1520 1513 1506 1524 1534 1527 1511 1514 1494 1512 1538 1521 1535 1538 1503 1521 1513 1534 1508 1527 1522 1512 1524 1505 1524 1509 1550 1513 1497 1513 1505 1526 1519 1533 1518 1501 1514 1482 1523 1536 1513 1500 1524 1522 1510 1526 1505

Tree=0
num_leaves=15
num_cat=5
split_feature=6 0 3 6 0 0 4 6 4 0 4 0 4 4
split_gain=161.323 9.18152 7.31948 4.25705 3.11516 1.11095 1.0768 1.33629 0.442672 0.801865 0.503447 0.487247 0.595363 0.423807
threshold=1.4874286478830445 0 42.300000000000004 2.2409863868481232 1 2 8.8416666666666686 1.7981909629808028 8.2583333333333346 3 23.125000000000004 4 7.8583333333333343 20.775000000000002
decision_type=2 9 2 2 9 9 2 2 2 9 2 9 2 2
left_child=1 5 3 6 -3 13 -2 -8 11 -10 -11 -6 -13 -1
right_child=2 4 -4 -5 8 -7 7 -9 9 10 -12 12 -14 -15
leaf_value=1.465824715306431 1.4990207490023066 1.4440543241402524 1.5020176003571748 1.5677033145024553 1.4640320424789521 1.462702372669979 1.4920668617446438 1.5295252350021316 1.4610334044957931 1.4570676273876053 1.4647921811679083 1.456651704507226 1.4696200777664075 1.4572720675980015
leaf_weight=2248 41 1408 42 125 350 4222 66 73 1724 2846 44 382 55 76
leaf_count=2248 41 1408 42 125 350 4222 66 73 1724 2846 44 382 55 76
internal_value=1.46291 1.46204 1.49657 1.49927 1.46076 1.46338 1.49434 1.49644 1.46131 1.46112 1.46061 1.4624 1.46131 1.46425
internal_weight=13702 13355 347 305 6809 6546 180 139 5401 4614 2890 787 437 2324
internal_count=13702 13355 347 305 6809 6546 180 139 5401 4614 2890 787 437 2324
cat_boundaries=0 2 4 6 8 10
cat_threshold=2352022659 99012 1610760192 16384 69206145 132 528 34 0 2065
is_linear=0
shrinkage=1


Tree=1
num_leaves=15
num_cat=1
split_feature=6 3 7 6 1 6 5 6 2 2 2 2 4 4
split_gain=151.15 7.55996 5.6497 4.39308 1.68746 1.53157 1.28342 0.920566 0.831907 0.786612 1.48054 1.23219 0.679045 0.595066
threshold=1.4903168760308272 42.300000000000004 1.0000000180025095e-35 2.2409863868481232 0 1.1557608829651618 2.5000000000000004 1.7981909629808028 26.300000000000004 304.90000000000003 189.85000000000002 576.55000000000007 9.8416666666666686 4.2750000000000012
decision_type=2 2 2 2 1 2 2 2 2 2 2 2 2 2
left_child=2 3 4 6 -1 8 -2 -8 12 10 13 -11 -6 -10
right_child=1 -3 -4 -5 5 -7 7 -9 9 11 -12 -13 -14 -15
leaf_value=-0.01250890714194235 0.043139053233465861 0.036725628948662749 -0.019052797979134728 0.099903791923978816 0.00053992386152948988 0.018113683339829014 0.025833784601651078 0.069389959665509759 -0.007476176880445275 -0.0052733845170974932 0.0018333300945517284 -0.000952228044625772 -0.0058529290491820879 -0.0011832737204663269
leaf_weight=242 60 43 1232 121 175 43 46 64 269 1285 2453 4311 637 2648
leaf_count=242 60 43 1232 121 175 43 46 64 269 1285 2453 4311 637 2648
internal_value=-4.73267e-05 0.0331737 -0.000881912 0.0360653 -0.000552517 -0.000465304 0.0308824 0.0340909 -0.000500086 -0.000385739 4.65537e-05 -0.000800573 -0.00204434 -0.000714777
internal_weight=13629 334 13295 291 12063 11821 170 110 11778 10966 5370 5596 812 2917
internal_count=13629 334 13295 291 12063 11821 170 110 11778 10966 5370 5596 812 2917
cat_boundaries=0 1
cat_threshold=8
is_linear=0
shrinkage=0.05


Tree=2
num_leaves=15
num_cat=2
split_feature=6 3 7 6 6 1 5 2 2 2 2 4 4 1
split_gain=137.063 9.38916 6.03277 3.99813 2.56824 1.68787 1.04891 0.656542 1.06261 1.36684 1.23947 0.558011 0.535603 0.491493
threshold=1.5022573144106934 42.300000000000004 1.0000000180025095e-35 2.2409863868481232 1.3225635810616778 0 1.5000000000000002 27.700000000000003 304.90000000000003 189.85000000000002 576.55000000000007 15.441666666666668 4.0083333333333337 1
decision_type=2 2 2 2 2 1 2 2 2 2 2 2 2 1
left_child=2 3 4 6 5 -1 -2 -7 9 12 -10 -8 -9 -12
right_child=1 -3 -4 -5 -6 7 11 8 10 -11 13 -13 -14 -15
leaf_value=-0.011502442879670416 0.035996364939425061 0.034505164479640582 -0.018008313056943927 0.094614188690996859 0.019058107996847741 -0.0032999661897988629 0.048924601493050737 -0.0069251657382131465 -0.0050845399979381201 0.0018441853220669637 0.00091984580879451723 0.04851292028094642 -0.0010682553315023659 -0.0023007133676425616
leaf_weight=240 40 44 1218 124 46 1701 87 193 1283 2462 1723 45 1833 2641
leaf_count=240 40 44 1218 124 46 1701 87 193 1283 2462 1723 45 1833 2641
internal_value=-2.5586e-05 0.0313235 -0.000824589 0.034527 -0.000487545 -0.000532462 0.029593 -0.000445721 -0.000293538 0.000280747 -0.000749957 0.0317424 -0.000681146 -0.000348306
internal_weight=13680 340 13340 296 12122 12076 172 11836 10135 4488 5647 132 2026 4364
internal_count=13680 340 13340 296 12122 12076 172 11836 10135 4488 5647 132 2026 4364
cat_boundaries=0 1 2
cat_threshold=8 2
is_linear=0
shrinkage=0.05


Tree=3
num_leaves=15
num_cat=4
split_feature=6 0 6 3 6 0 4 0 6 4 0 4 4 4
split_gain=123.5 8.41859 5.18581 4.14415 2.48524 2.47776 1.9358 1.91125 0.772401 0.631834 0.373505 0.495036 0.371011 1.35067
threshold=1.7292853869062212 0 1.3355396910605088 20.000000000000004 1.3560995056197489 1 7.8583333333333343 2 2.2312970028610066 8.408333333333335 3 1.7500000000000002 18.275000000000002 19.875000000000004
decision_type=2 9 2 2 2 9 2 9 2 2 9 2 2 2
left_child=1 2 5 6 7 -1 -2 12 -8 -7 -9 -12 -3 -14
right_child=3 4 -4 -5 -6 9 8 10 -10 -11 11 -13 13 -15
leaf_value=-0.016267516996902442 0.084635625028813721 0.0020074204513954477 0.0082233269057812516 0.049859959860646202 0.020188332051879938 -0.00058674409576440101 0.051317851355765366 0.00025249500850608851 0.088143193641867706 -0.005081187493956669 -0.010206377079474249 -0.0018549406530250835 0.01079791602065764 -0.0010950429741591135
leaf_weight=1412 41 2076 47 41 53 493 85 3282 113 2834 87 2758 188 118
leaf_count=1412 41 2076 47 41 53 493 85 3282 113 2834 87 2758 188 118
internal_value=-6.60524e-06 -0.000695986 -0.00237281 0.0328571 0.000243816 -0.00254168 0.0353766 0.00017687 0.0374242 -0.00177854 -0.00029086 -0.000709283 0.00137542 0.00300653
internal_weight=13628 13348 4786 280 8562 4739 239 8509 198 3327 6127 2845 2382 306
internal_count=13628 13348 4786 280 8562 4739 239 8509 198 3327 6127 2845 2382 306
cat_boundaries=0 2 4 6 8
cat_threshold=1610760712 19481 1610760192 16384 2162817 132 2215642112 576
is_linear=0
shrinkage=0.05


Tree=4
num_leaves=15
num_cat=3
split_feature=6 0 3 6 0 5 3 0 5 4 4 4 4 5
split_gain=117.199 8.2545 7.78311 3.82535 3.3165 1.43322 0.807357 0.74694 0.456315 0.510544 1.17583 0.746001 0.581649 0.523387
threshold=1.4874286478830445 0 20.000000000000004 2.2987267968673764 1 2.5000000000000004 12.550000000000002 2 1.5000000000000002 18.275000000000002 20.883333333333336 14.441666666666668 13.991666666666669 2.5000000000000004
decision_type=2 9 2 2 9 2 2 9 2 2 2 2 2 2
left_child=1 6 3 5 7 -2 -1 8 -3 11 -11 12 -10 -13
right_child=2 4 -4 -5 -6 -7 -8 -9 9 10 -12 13 -14 -15
leaf_value=-0.015467017655432092 0.039601570953321369 0.00048025303253941597 0.03951016403417168 0.086747599754981197 -0.0025975717513348632 0.044129122958657542 -0.0047571857818291879 0.00057664658724475109 0.0034258199428171317 0.0092507742007689603 -0.0047508184439490342 0.010016421443849233 0.0058447372709724008 -0.0021156690232410182
leaf_weight=1400 69 526 57 107 5299 117 769 3963 705 189 48 81 47 250
leaf_count=1400 69 526 57 107 5299 117 769 3963 705 189 48 81 47 250
internal_value=1.21071e-05 -0.000740756 0.0285714 0.0318601 -0.000187985 0.0275269 -0.00355438 0.000636706 0.00146552 0.0019697 0.00407173 0.00150969 0.00238032 -0.000468279
internal_weight=13627 13277 350 293 11108 186 2169 5809 1846 1320 237 1083 752 331
internal_count=13627 13277 350 293 11108 186 2169 5809 1846 1320 237 1083 752 331
cat_boundaries=0 2 4 6
cat_threshold=1610760192 16392 2217739393 33476 67108993 132
is_linear=0
shrinkage=0.05


Tree=5
num_leaves=15
num_cat=1
split_feature=6 7 3 6 6 4 1 3 2 2 4 2 5 4
split_gain=105.38 5.96217 4.32357 2.63474 2.35357 2.01937 1.51927 0.642222 0.481006 1.55591 0.834024 0.67672 0.581254 0.540581
threshold=1.686730441767643 1.0000000180025095e-35 20.000000000000004 1.3225635810616778 2.2987267968673764 10.658333333333335 0 11.050000000000002 304.90000000000003 189.85000000000002 8.0083333333333346 518.00000000000011 1.0000000180025095e-35 11.591666666666669
decision_type=2 2 2 2 2 2 1 2 2 2 2 2 2 2
left_child=1 3 4 6 5 -2 -1 -7 9 -8 -10 -12 -11 -14
right_child=2 -3 -4 -5 -6 7 8 -9 10 12 11 -13 13 -15
leaf_value=-0.010108680022199468 0.028326846893203774 -0.015352543445227518 0.04919941740928753 0.016799463180936041 0.082168245766558498 0.06361702281689556 -0.0016284809839640958 0.045286460895641964 0.0020865601795827943 -0.0021133309011245357 -0.005031886727582713 -0.0018535681060176919 0.00064893198677761703 0.0034383612660894292
leaf_weight=233 41 1228 45 81 103 40 3740 50 725 339 722 4185 766 1326
leaf_count=233 41 1228 45 81 103 40 3740 50 725 339 722 4185 766 1326
internal_value=-0.000107899 -0.000743725 0.0303047 -0.00040728 0.0330342 0.0285878 -0.000467765 0.0327778 -0.00038644 -8.18356e-05 -0.000720882 -0.00095476 0.000902919 0.00121415
internal_weight=13624 13345 279 12117 234 131 12036 90 11803 6171 5632 4907 2431 2092
internal_count=13624 13345 279 12117 234 131 12036 90 11803 6171 5632 4907 2431 2092
cat_boundaries=0 1
cat_threshold=8
is_linear=0
shrinkage=0.05


Tree=6
num_leaves=15
num_cat=4
split_feature=6 0 2 0 6 6 5 0 2 5 4 4 5 0
split_gain=97.6294 7.84506 3.73299 3.19471 2.3491 2.30462 1.72756 1.1062 0.507621 0.391552 0.576468 0.314708 0.523232 0.878622
threshold=1.7215724797947727 0 325.55000000000007 1 1.3560995056197489 2.2987267968673764 2.5000000000000004 2 102.90000000000002 4.5000000000000009 18.391666666666669 8.408333333333335 2.5000000000000004 3
decision_type=2 9 2 9 2 2 2 9 2 2 2 2 2 9
left_child=1 4 5 -3 7 8 -4 9 -2 -1 -11 12 -5 -14
right_child=2 3 6 11 -6 -7 -8 -9 -10 10 -12 -13 13 -15
leaf_value=0.0013449949158979549 0.042677920456990703 -0.013813937620000206 0.055150536634079352 -0.0024909814194733039 0.020676913106553785 0.07747417497635592 0.049249130861567354 -0.00027014865489649598 0.038181112271034129 0.0028981515591651359 0.0064978421116702826 -0.0034792289598174781 0.0049945619926529466 -0.0039662638476599217
leaf_weight=1722 50 1399 53 311 49 93 47 4944 44 573 80 3848 160 237
leaf_count=1722 50 1399 53 311 49 93 47 4944 44 573 80 3848 160 237
internal_value=-5.51077e-05 -0.000676651 0.0287979 -0.00202431 0.000414745 0.0329679 0.021 0.000342259 0.0274468 0.00122641 0.00227412 -0.00137538 -0.000409606 0.00079345
internal_weight=13610 13323 287 5955 7368 187 100 7319 94 2375 653 4556 708 397
internal_count=13610 13323 287 5955 7368 187 100 7319 94 2375 653 4556 708 397
cat_boundaries=0 2 4 6 8
cat_threshold=2352021633 99044 1610760192 16384 2162817 132 0 2049
is_linear=0
shrinkage=0.05


Tree=7
num_leaves=15
num_cat=3
split_feature=6 0 3 0 6 6 5 3 0 4 4 4 5 4
split_gain=79.776 7.18671 4.98285 3.1941 2.65107 1.99225 1.12597 0.666667 0.567689 0.542876 0.417049 0.747826 1.37006 0.559474
threshold=1.7292853869062212 0 12.550000000000002 1 2.2987267968673764 1.3560995056197489 2.5000000000000004 7.0000000000000009 2 16.208333333333336 20.775000000000002 18.925000000000004 1.5000000000000002 19.625000000000004
decision_type=2 9 2 9 2 2 2 2 9 2 2 2 2 2
left_child=1 -1 4 5 7 8 -4 -2 10 -6 11 -3 -13 -14
right_child=2 3 6 -5 9 -7 -8 -9 -10 -11 -12 12 13 -15
leaf_value=-0.013025948306324198 0.039875395571239383 0.0015824868975263312 0.043164256967157047 -0.0023375821893019465 0.080266525715937731 0.019728763957769277 0.052589499707348303 0.035402564976740443 0.00042021815863378572 0.068319487167310497 -0.0055211791584896088 -0.0077660448120444705 0.014469822054352778 0.0047451597299106793
leaf_weight=1427 48 1693 44 6112 53 43 40 48 3845 41 66 47 61 67
leaf_count=1427 48 1693 44 6112 53 43 40 48 3845 41 66 47 61 67
internal_value=-0.000137515 -0.000685204 0.0265693 -0.000282151 0.0310526 0.000555554 0.0164286 0.0252083 0.000476725 0.0370213 0.00117284 0.00131692 0.00442857 0.00710937
internal_weight=13635 13361 274 11934 190 5822 84 96 5779 94 1934 1868 175 128
internal_count=13635 13361 274 11934 190 5822 84 96 5779 94 1934 1868 175 128
cat_boundaries=0 2 4 6
cat_threshold=1610760192 16384 2150695057 66244 65665 132
is_linear=0
shrinkage=0.05


Tree=8
num_leaves=15
num_cat=2
split_feature=6 7 3 6 1 5 6 4 2 2 1 2 4 4
split_gain=70.1952 5.79505 3.50712 2.69614 1.68325 1.52718 1.25545 0.632511 0.395617 0.381247 0.796894 0.751245 0.662119 0.52276
threshold=1.7292853869062212 1.0000000180025095e-35 11.750000000000002 2.5708020820541093 0 3.5000000000000004 1.3225635810616778 12.075000000000001 26.300000000000004 325.55000000000007 1 189.85000000000002 9.158333333333335 7.8583333333333343
decision_type=2 2 2 2 1 2 2 2 2 2 1 2 2 2
left_child=1 4 3 7 -1 -4 8 -2 -6 11 -11 12 -10 -12
right_child=2 -3 5 -5 6 -7 -8 -9 9 10 13 -13 -14 -15
leaf_value=-0.0082612517248500158 0.063028158844994575 -0.013304448735778508 0.046945762881601405 0.074968722331416465 -0.0036469921843726677 0.037419932609885409 0.015284871070009188 0.049234473190777395 -0.0043702176444514801 0.00071607448455638929 0.002113952432409191 0.0014090519648124954 -0.0002759427690381178 -0.0027681781357626781
leaf_weight=243 40 1225 74 55 805 44 83 62 647 1985 403 2517 2263 3162
leaf_count=243 40 1225 74 55 805 44 83 62 647 1985 403 2517 2263 3162
internal_value=-0.000186656 -0.000702394 0.0248182 0.0297134 -0.00037083 0.0183051 -0.000284212 0.024902 -0.00032762 -0.000249159 -0.000540542 4.88287e-05 -0.000498283 -0.000986015
internal_weight=13608 13333 275 157 12108 118 11865 102 11782 10977 5550 5427 2910 3565
internal_count=13608 13333 275 157 12108 118 11865 102 11782 10977 5550 5427 2910 3565
cat_boundaries=0 1 2
cat_threshold=8 6
is_linear=0
shrinkage=0.05


Tree=9
num_leaves=15
num_cat=3
split_feature=6 0 3 0 6 4 6 0 4 4 5 4 4 4
split_gain=62.6778 8.04823 4.82422 2.86019 2.24044 2.05179 1.94642 1.42073 0.582567 0.679867 1.0265 0.584376 0.49526 0.469523
threshold=1.6160276926508292 0 20.000000000000004 1 2.5421628270873113 9.7750000000000021 1.3560995056197489 2 20.625000000000004 18.391666666666669 1.5000000000000002 0.67500000000000016 10.958333333333334 7.8583333333333343
decision_type=2 9 2 9 2 2 2 9 2 2 2 2 2 2
left_child=1 6 4 -3 5 -2 7 12 9 11 -11 -9 -1 -5
right_child=2 3 -4 13 -6 -7 -8 8 -10 10 -12 -13 -14 -15
leaf_value=-0.0029026673304006424 0.025334431012961484 -0.012105125301967246 0.035454436738028526 -0.00049221547568807536 0.066592158172298285 0.041070985181373434 0.018031040828194542 0.0073107250382021373 -0.0047464900177732142 -0.0026179308123781666 0.0086826478604686945 0.0014954776516630111 -0.0001997678003298233 -0.0038067733661278575
leaf_weight=1326 45 1415 52 465 81 124 40 49 144 94 243 3302 3054 3189
leaf_count=1326 45 1415 52 465 81 124 40 49 144 94 243 3302 3054 3189
internal_value=-0.000206637 -0.00071729 0.0223179 -0.00228293 0.0252 0.0219231 0.000246912 0.000193618 0.000895366 0.00101952 0.00316024 0.000804236 -0.000421413 -0.00153384
internal_weight=13623 13321 302 5069 250 169 8252 8212 3832 3688 337 3351 4380 3654
internal_count=13623 13321 302 5069 250 169 8252 8212 3832 3688 337 3351 4380 3654
cat_boundaries=0 2 4 6
cat_threshold=2352021633 99046 1610760192 16384 2281701376 98402
is_linear=0
shrinkage=0.05


Tree=10
num_leaves=15
num_cat=3
split_feature=6 0 3 0 6 6 0 4 5 4 4 4 4 4
split_gain=57.428 7.04223 3.52447 2.79849 2.58892 0.740284 0.698395 0.697609 0.954497 0.488872 0.479767 0.403914 0.394478 0.743737
threshold=1.686730441767643 0 12.550000000000002 1 2.5708020820541093 2.1641160589318189 2 8.0083333333333346 2.5000000000000004 2.1583333333333337 17.541666666666671 22.450000000000003 20.775000000000002 18.925000000000004
decision_type=2 9 2 9 2 2 9 2 2 2 2 2 2 2
left_child=1 -1 4 12 10 -4 9 8 -8 -5 -2 -9 13 -3
right_child=2 3 5 6 -6 -7 7 11 -10 -11 -12 -13 -14 -15
leaf_value=-0.011031570172903083 0.048449848369684301 0.00091949133710283884 0.017968449238658594 -0.0061016824550904694 0.06196657529362555 0.045013333430514071 -0.0018835176108677465 -0.004067058390859764 0.0036027412059520536 -0.00074109756047594563 0.035704535851465012 0.0017876432430216933 -0.0022332359298087522 0.0046413360052587286
leaf_weight=1441 97 4615 46 146 63 43 173 2937 241 3103 40 82 249 364
leaf_count=1441 97 4615 46 146 63 43 173 2937 241 3103 40 82 249 364
internal_value=-0.000234605 -0.000711933 0.0218166 -0.000310404 0.0255 0.0135393 -0.000987748 -0.00148562 0.000434781 -0.000458731 0.0216423 -0.00175389 0.000555554 0.000653745
internal_weight=13640 13351 289 11910 200 89 6682 3433 414 3249 137 3019 5228 4979
internal_count=13640 13351 289 11910 200 89 6682 3433 414 3249 137 3019 5228 4979
cat_boundaries=0 2 4 6
cat_threshold=1610760192 16384 2217804417 32964 134218768 66082
is_linear=0
shrinkage=0.05


Tree=11
num_leaves=15
num_cat=1
split_feature=6 7 2 6 6 1 5 2 2 2 2 4 2 4
split_gain=44.0897 5.726 2.29038 1.94366 1.93498 1.53547 0.893377 0.661134 0.357001 0.552063 0.842958 0.800018 0.454292 0.91951
threshold=1.7903978284912496 1.0000000180025095e-35 295.25000000000006 1.3225635810616778 2.3151687044779554 0 2.5000000000000004 325.55000000000007 26.300000000000004 325.55000000000007 560.05000000000007 3.2583333333333337 189.85000000000002 4.5666666666666673
decision_type=2 2 2 2 2 1 2 2 2 2 2 2 2 2
left_child=1 3 4 5 -2 -1 -4 -5 -7 11 -11 -10 -13 -14
right_child=2 -3 6 7 -6 8 -8 -9 9 10 -12 12 13 -15
leaf_value=-0.0058971383215039481 0.035555764459775395 -0.011429796063018461 0.037991666836154445 0.017281502696683503 0.068449757821998441 -0.0033121537443415398 0.029644232777334217 0.0078030032502541431 -0.0040701769243697093 -0.0041826057954135968 -0.00052933023582064031 -0.00043710499616615999 0.0098397318755395671 0.0012042344393895061
leaf_weight=249 76 1229 61 43 68 808 60 56 344 916 4622 2714 53 2364
leaf_count=249 76 1229 61 43 68 808 60 56 344 916 4622 2714 53 2364
internal_value=-0.000290201 -0.000689656 0.0199057 -0.000361165 0.0241667 -0.000418394 0.0148347 0.00661616 -0.000334292 -0.000260148 -0.000612136 9.58892e-05 0.000252386 0.00075093
internal_weight=13663 13398 265 12169 144 12070 121 99 11821 11013 5538 5475 5131 2417
internal_count=13663 13398 265 12169 144 12070 121 99 11821 11013 5538 5475 5131 2417
cat_boundaries=0 1
cat_threshold=8
is_linear=0
shrinkage=0.05


Tree=12
num_leaves=15
num_cat=4
split_feature=6 0 0 6 5 3 6 6 0 4 0 4 5 4
split_gain=41.8414 7.03485 3.03279 1.91413 2.0344 1.49756 0.824176 0.728685 0.468204 0.613599 0.415467 0.87681 1.08866 0.490292
threshold=1.7981909629808028 0 1 2.5421628270873113 2.5000000000000004 11.750000000000002 1.3225635810616778 1.3560995056197489 2 2.0166666666666671 3 7.8583333333333343 2.5000000000000004 10.008333333333335
decision_type=2 9 9 2 2 2 2 2 9 2 9 2 2 2
left_child=1 -1 7 4 -2 -5 10 8 9 -3 13 12 -12 -4
right_child=3 2 6 5 -6 -7 -8 -9 -10 -11 11 -13 -14 -15
leaf_value=-0.010010544555614235 0.021992465403681376 -0.0047523566810799694 -0.0038634908765665336 0.056979118052150772 0.034304988138691775 0.040936718649270218 0.0091871083719697079 0.016250641151911403 0.0022901601256690293 0.00070228378883781088 -0.0028857847970900265 -0.0037634259462368362 0.0041846048606034728 -0.0004395677049220054
leaf_weight=1460 53 138 547 65 90 46 48 59 2399 3619 164 3155 262 1579
leaf_count=1460 53 138 547 65 90 46 48 59 2399 3619 164 3155 262 1579
internal_value=-0.000301083 -0.000681312 -0.000279634 0.0198031 0.015979 0.0247297 -0.00110581 0.000485943 0.000433722 8.36197e-05 -0.00116261 -0.00149123 0.000633802 -0.000599252
internal_weight=13684 13430 11970 254 143 111 5755 6215 6156 3757 5707 3581 426 2126
internal_count=13684 13430 11970 254 143 111 5755 6215 6156 3757 5707 3581 426 2126
cat_boundaries=0 2 4 6 8
cat_threshold=1610760192 16384 2352021633 33476 2283864064 33344 1538 34
is_linear=0
shrinkage=0.05


Tree=13
num_leaves=15
num_cat=5
split_feature=6 0 6 0 2 3 5 0 5 0 2 2 5 0
split_gain=43.1948 8.08938 4.02846 3.01705 2.37866 1.91563 0.54723 0.519162 0.352355 0.325242 0.264117 0.325328 0.192389 0.223573
threshold=1.4874286478830445 0 2.4586944599067744 1 585.60000000000002 11.750000000000002 2.5000000000000004 2 1.0000000180025095e-35 3 41.350000000000009 29.450000000000003 1.5000000000000002 4
decision_type=2 9 2 9 2 2 2 9 2 9 2 2 2 9
left_child=1 8 4 9 6 -4 -2 12 10 -3 11 -1 13 -5
right_child=2 3 5 7 -6 -7 -8 -9 -10 -11 -12 -13 -14 -15
leaf_value=-0.011320268124381128 0.025991312806900497 0.0022360869041467648 0.058893203895118963 0.0021421872384227328 0.0043422836134048457 0.042924468900451603 0.02368824905838527 -0.003009190667395112 -0.0098518067788808117 0.0005752735497818772 -0.011131115150573035 0.019651977669308852 -0.0015157555457085319 -0.0023934864297376515
leaf_weight=50 56 2403 75 362 44 48 113 3442 1224 3544 58 72 1789 361
leaf_count=50 56 2403 75 362 44 48 113 3442 1224 3544 58 72 1789 361
internal_value=-0.000234955 -0.000682076 0.0174702 -0.000256487 0.0133099 0.0246748 0.0160059 -0.00105131 -0.00425743 0.0005397 -0.00222222 -0.000901641 -0.000499605 0.000186721
internal_weight=13641 13305 336 11901 213 123 169 5954 1404 5947 180 122 2512 723
internal_count=13641 13305 336 11901 213 123 169 5954 1404 5947 180 122 2512 723
cat_boundaries=0 2 4 6 8 10
cat_threshold=1610760192 16384 2217803905 33476 134219280 65570 69271680 132 134219264 2
is_linear=0
shrinkage=0.05


Tree=14
num_leaves=15
num_cat=4
split_feature=6 0 6 0 3 3 0 4 4 5 0 4 5 4
split_gain=34.884 8.03629 4.58683 2.49363 2.11101 1.86827 0.710581 0.632271 0.58143 1.12893 0.621837 0.528915 0.567122 0.468353
threshold=1.4599319601943472 0 2.4586944599067744 1 19.400000000000002 11.750000000000002 2 20.625000000000004 18.925000000000004 5.5000000000000009 3 15.091666666666669 2.5000000000000004 8.0083333333333346
decision_type=2 9 2 9 2 2 9 2 2 2 9 2 2 2
left_child=1 -1 4 7 11 -4 -5 8 -3 10 -10 12 -2 -8
right_child=2 3 5 6 -6 -7 13 -9 9 -11 -12 -13 -14 -15
leaf_value=-0.0094115095917139194 0.01441404558344239 0.0012442445876504823 0.052354760966913896 -0.0006001692260998834 0.0015160346061614096 0.042117646424941479 0.00042680482497410013 -0.002245663344707416 -0.0017767804561416658 0.008647661983100241 0.0050100118682967765 0.023659753897475089 0.022061748993077595 -0.0032415654504012468
leaf_weight=1428 41 3735 76 4053 42 47 428 189 131 46 109 76 71 3162
leaf_count=1428 41 3735 76 4053 42 47 428 189 131 46 109 76 71 3162
internal_value=-0.000258179 -0.000670508 0.015255 -0.000241508 0.011087 0.0230488 -0.000779434 0.000734596 0.000869186 0.00304196 0.00166667 0.0133511 0.0155357 -0.00129167
internal_weight=13634 13281 353 11853 230 123 7643 4210 4021 286 240 188 112 3590
internal_count=13634 13281 353 11853 230 123 7643 4210 4021 286 240 188 112 3590
cat_boundaries=0 2 4 6 8
cat_threshold=1610760192 16384 2217804417 32900 134217730 610 2147483648 4
is_linear=0
shrinkage=0.05


Tree=15
num_leaves=15
num_cat=4
split_feature=0 0 0 4 5 4 4 5 5 4 4 4 4 0
split_gain=7.11333 2.64754 0.423202 0.559847 1.07983 0.595419 0.933239 0.417705 0.430248 0.406607 0.402038 0.432454 0.564863 0.570426
threshold=0 1 2 8.4916666666666689 2.5000000000000004 18.125000000000004 18.625000000000004 4.5000000000000009 1.5000000000000002 19.358333333333338 0.67500000000000016 3.2583333333333337 6.1250000000000009 3
decision_type=9 9 9 2 2 2 2 2 2 2 2 2 2 9
left_child=-1 10 7 4 -4 -5 -7 8 -3 -8 -2 -12 13 -13
right_child=1 2 3 5 -6 6 9 -9 -10 -11 11 12 -14 -15
leaf_value=-0.0081391247481067165 0.0056453471719520639 0.00053467352346272363 -0.0023688764525949231 -0.0036304448085040034 0.0041410492821585604 0.0053214426374881682 -0.0057253676210081749 0.0014392733595964269 -0.0024049028008673919 0.0004155279751918207 -0.0020500042810476971 0.00094118143431961275 0.0017832070547743545 0.012472056693593837
leaf_weight=1477 80 1084 186 1712 238 59 114 1022 1648 294 272 118 5153 124
leaf_count=1477 80 1084 186 1712 238 59 114 1022 1648 294 272 118 5153 124
internal_value=-0.000324351 7.67695e-05 -0.000625885 -0.00111558 0.000542452 -0.00144332 0.000139185 -0.000284273 -0.000607615 -0.000710786 0.000853742 0.00080554 0.000903613 0.00326446
internal_weight=13581 12104 6357 2603 424 2179 467 3754 2732 408 5747 5667 5395 242
internal_count=13581 12104 6357 2603 424 2179 467 3754 2732 408 5747 5667 5395 242
cat_boundaries=0 2 4 6 8
cat_threshold=1610760192 16384 2217804816 708 134217857 33842 16 68
is_linear=0
shrinkage=0.05


Tree=16
num_leaves=15
num_cat=2
split_feature=6 0 6 4 0 3 6 4 4 5 2 4 4 4
split_gain=33.8069 7.02285 3.71273 2.88541 1.97742 1.14239 1.10275 0.617596 0.763801 1.71981 0.435331 0.418009 0.601999 0.598336
threshold=1.5140896295432389 0 2.4846656714227131 8.0916666666666686 1 11.750000000000002 1.3225635810616778 20.625000000000004 18.925000000000004 4.5000000000000009 267.85000000000008 0.67500000000000016 2.6583333333333337 9.158333333333335
decision_type=2 9 2 2 9 2 2 2 2 2 2 2 2 2
left_child=1 -1 3 -2 7 -4 -6 8 11 10 -10 -3 -13 -14
right_child=2 4 5 -5 6 -7 -8 -9 9 -11 -12 12 13 -15
leaf_value=-0.0083199649121641472 -0.00028654003292502057 0.0042828338881905764 0.049208789716571791 0.024314088137681523 -0.0016955342133037682 0.034580625387529332 0.01034158104253005 -0.0027046404757910358 0.0042554218106293116 0.0056553101237305468 -0.0012454250414962998 -0.0041391518149812975 0.0029671667640382179 0.00025621762462684947
leaf_weight=1418 42 57 77 159 6752 47 53 237 51 91 195 167 691 3543
leaf_count=1418 42 57 77 159 6752 47 53 237 51 91 195 167 691 3543
internal_value=-0.000316643 -0.000707281 0.0156154 0.0114179 -0.00030683 0.0224194 -0.00086207 0.000444267 0.000568299 0.0028635 0.000691056 0.000394795 0.000339694 0.000455833
internal_weight=13580 13255 325 201 11837 124 6805 5032 4795 337 246 4458 4401 4234
internal_count=13580 13255 325 201 11837 124 6805 5032 4795 337 246 4458 4401 4234
cat_boundaries=0 2 4
cat_threshold=1610760192 16384 2217804433 33412
is_linear=0
shrinkage=0.05


Tree=17
num_leaves=15
num_cat=2
split_feature=6 0 0 6 3 3 2 6 4 4 4 4 4 4
split_gain=27.6486 7.10437 2.19629 1.81007 1.88205 0.673712 0.655838 0.557822 0.514286 0.349159 0.339011 0.591855 0.322815 0.420323
threshold=1.7903978284912496 0 1 2.4846656714227131 11.750000000000002 12.550000000000002 29.450000000000003 1.3560995056197489 16.541666666666671 9.158333333333335 1.0000000180025095e-35 2.1583333333333337 23.375000000000004 22.908333333333335
decision_type=2 9 9 2 2 2 2 2 2 2 2 2 2 2
left_child=1 5 -3 6 -5 -1 -2 10 -8 -7 -4 -12 13 -13
right_child=3 2 7 4 -6 9 8 -9 -10 -11 11 12 -14 -15
leaf_value=-0.0078546753982469651 0.036802291363379161 -0.0019848445120845938 0.0040686925741459474 0.051924296834332612 0.032473932564761512 -0.00015726221225553381 0.011824382348545263 0.01222292975744314 0.025787788131436423 -0.0040057438741132332 -0.003496996921728716 0.00086363743591289259 -0.0051657486176370981 0.0076268577945256908
leaf_weight=1479 43 4641 47 73 44 148 63 46 42 671 218 6013 44 50
leaf_count=1479 43 4641 47 73 44 148 63 46 42 671 218 6013 44 50
internal_value=-0.000426517 -0.000743806 -0.000216371 0.015566 0.0202137 -0.0032669 0.0118919 0.000382699 0.0097619 -0.00213065 0.00034369 0.000312252 0.000403634 0.000434602
internal_weight=13622 13357 11059 265 117 2298 148 6418 105 819 6372 6325 6107 6063
internal_count=13622 13357 11059 265 117 2298 148 6418 105 819 6372 6325 6107 6063
cat_boundaries=0 2 4
cat_threshold=1610761224 16392 530 3123
is_linear=0
shrinkage=0.05


Tree=18
num_leaves=15
num_cat=4
split_feature=6 0 6 0 2 3 5 0 0 5 2 5 2 5
split_gain=27.0774 7.10363 3.29741 2.08992 2.03559 1.56753 0.368625 0.338016 0.280979 0.240756 0.244656 0.205962 0.210603 0.195076
threshold=1.4599319601943472 0 2.4586944599067744 1 585.60000000000002 11.750000000000002 2.5000000000000004 2 3 5.5000000000000009 578.90000000000009 1.0000000180025095e-35 41.350000000000009 1.5000000000000002
decision_type=2 9 2 9 2 2 2 9 9 2 2 2 2 2
left_child=1 11 4 7 6 -4 -2 9 -5 -3 -11 12 -1 -10
right_child=2 3 5 8 -6 -7 -8 -9 13 10 -12 -13 -14 -15
leaf_value=-0.0061314956512205426 0.016518430921485427 0.0024142076069618595 0.044649163799192954 -0.0027722111707939594 -0.00029092050351227838 0.035238806126073184 0.018430333763717412 0.00033406801200476879 -0.00038256346976853065 0.0064058815948766284 -0.00078719048178516483 -0.0078275904390745724 -0.0093764609236661085 -0.0017790233976356061
leaf_weight=124 71 983 77 1972 42 48 118 4762 1141 108 42 1213 59 2818
leaf_count=124 71 983 77 1972 42 48 118 4762 1141 108 42 1213 59 2818
internal_value=-0.000349095 -0.000715475 0.0132584 -0.000315141 0.00971861 0.0198 0.0119312 0.000351396 -0.000977109 0.00112423 0.003 -0.00407539 -0.00254098 -0.000729404
internal_weight=13578 13222 356 11826 231 125 189 5895 5931 1133 150 1396 183 3959
internal_count=13578 13222 356 11826 231 125 189 5895 5931 1133 150 1396 183 3959
cat_boundaries=0 2 4 6 8
cat_threshold=1610760192 16384 2217803905 33476 67174528 4 8 3080
is_linear=0
shrinkage=0.05


Tree=19
num_leaves=15
num_cat=4
split_feature=6 0 6 3 6 0 3 5 0 5 5 5 0 5
split_gain=24.5774 7.41786 3.26285 1.57086 1.3951 1.25091 0.867467 0.467586 0.332451 0.31746 0.301308 0.236722 0.342433 0.273253
threshold=1.7981909629808028 0 2.5034626708777576 11.750000000000002 1.3560995056197489 1 12.550000000000002 2.5000000000000004 2 2.5000000000000004 5.5000000000000009 1.5000000000000002 3 1.0000000180025095e-35
decision_type=2 9 2 2 2 9 2 2 9 2 2 2 9 2
left_child=1 6 7 -4 5 -3 -1 -2 11 -6 -8 12 13 -7
right_child=2 4 3 -5 9 8 10 -9 -10 -11 -12 -13 -14 -15
leaf_value=-0.0071208216158826889 0.015575493921368722 0.0010426393218225911 0.044341728526436468 0.029473760026015879 0.014320615312495996 0.0045796307551648555 -0.0024451601042632283 0.028202034637075653 -0.0021446236387665557 0.0067912974216644334 -0.0047420214661903545 -0.00094010150011166957 -0.00043280823287212227 0.00094606390312904423
leaf_weight=1411 51 4327 78 46 42 158 722 83 2860 48 102 2749 736 177
leaf_count=1411 51 4327 78 46 42 158 722 83 2860 48 102 2749 736 177
internal_value=-0.000323769 -0.000619563 0.0149612 0.0208065 -8.8684e-05 -0.000139458 -0.00324054 0.00955224 -0.000568013 0.00611111 -0.00196602 -0.000261098 0.000368813 0.00166667
internal_weight=13590 13332 258 124 11097 11007 2235 134 6680 90 824 3820 1071 335
internal_count=13590 13332 258 124 11097 11007 2235 134 6680 90 824 3820 1071 335
cat_boundaries=0 2 4 6 8
cat_threshold=1610760200 16392 2216755329 33412 135267840 98 134218240 64
is_linear=0
shrinkage=0.05


Tree=20
num_leaves=15
num_cat=5
split_feature=6 0 6 0 3 2 0 2 5 2 5 5 0 0
split_gain=21.4776 6.91321 4.17303 2.07738 1.26688 1.04575 0.302427 0.282942 0.32771 0.22044 0.204435 0.187241 0.16625 0.111365
threshold=1.3225635810616778 0 2.5034626708777576 1 11.750000000000002 608.50000000000011 2 1189.6500000000003 1.0000000180025095e-35 29.450000000000003 5.5000000000000009 1.0000000180025095e-35 3 4
decision_type=2 9 2 9 2 2 9 2 2 2 2 2 9 9
left_child=1 7 5 6 -4 -2 11 8 9 -1 -8 -3 -12 -5
right_child=2 3 4 13 -6 -7 10 -9 -10 -11 12 -13 -14 -15
leaf_value=-0.0084538306680620786 0.015638512904667053 -0.00098369530506857319 0.039990532983051635 -0.0021309032293586904 0.028007874867119833 0.00058725171750198199 0.00041641624683845031 -0.0029696955468813458 -0.0078902408402511167 -0.0049375088002661886 0.00013684205243130873 0.0030452628155180732 -0.0033767948652097864 -0.0012756750992137609
leaf_weight=47 205 185 72 2164 45 43 4026 253 1071 110 439 1020 279 3663
leaf_count=47 205 185 72 2164 45 43 4026 253 1071 110 439 1020 279 3663
internal_value=-0.000389812 -0.000719244 0.0115753 -0.000312236 0.019359 0.00790322 0.000344855 -0.0039269 -0.0042671 -0.00213376 0.000164071 0.00104938 -0.000612815 -0.000982526
internal_weight=13622 13257 365 11776 117 248 5949 1481 1228 157 4744 1205 718 5827
internal_count=13622 13257 365 11776 117 248 5949 1481 1228 157 4744 1205 718 5827
cat_boundaries=0 2 4 6 8 10
cat_threshold=1610760200 16384 2217804929 33476 66689 4 2149580800 640 2 25
is_linear=0
shrinkage=0.05


Tree=21
num_leaves=15
num_cat=3
split_feature=7 0 0 4 5 4 4 4 3 4 0 5 5 4
split_gain=7.13694 2.17501 0.318497 0.620822 0.377779 0.637873 0.370745 0.343479 0.341406 0.483516 0.31431 0.292692 0.520947 0.512607
threshold=1.0000000180025095e-35 0 1 9.3750000000000018 2.5000000000000004 7.2833333333333341 17.591666666666672 1.7500000000000002 19.400000000000002 8.408333333333335 2 4.5000000000000009 1.5000000000000002 20.358333333333338
decision_type=2 9 9 2 2 2 2 2 2 2 9 2 2 2
left_child=1 -1 7 4 5 -4 -5 -3 -6 -10 -8 12 -9 -13
right_child=-2 2 3 6 8 -7 10 11 9 -11 -12 13 -14 -15
leaf_value=0.0016210044226772722 -0.0070252286100767726 -0.0051518488048112546 -0.0042143618734299445 -0.0034409584922123651 -0.006196476660041317 0.00098666770483749554 0.00048770714294782739 0.00089648198296090199 0.0045952429182882452 -0.0046216041810692027 -0.0018509830877739099 0.00045292965063523219 -0.0024170921124054539 0.010208171046964131
leaf_weight=6338 1262 107 128 1350 88 102 364 950 168 47 369 866 1450 41
leaf_count=6338 1262 107 128 1350 88 102 364 950 168 47 369 866 1450 41
internal_value=-0.000348497 1.69781e-05 -0.000662253 -0.00107769 0.000440899 -0.00108696 -0.00147144 -0.000341707 0.00160066 0.00267442 -0.000566168 -0.000252496 -0.000541668 0.000512678
internal_weight=13630 12368 6030 2616 533 230 2083 3414 303 215 733 3307 2400 907
internal_count=13630 12368 6030 2616 533 230 2083 3414 303 215 733 3307 2400 907
cat_boundaries=0 2 4 6
cat_threshold=2217803921 99012 134218240 1074 0 2056
is_linear=0
shrinkage=0.05


Tree=22
num_leaves=15
num_cat=4
split_feature=7 0 0 4 4 4 5 4 0 5 0 4 5 4
split_gain=6.60823 1.3536 0.344885 0.661453 0.631549 0.461902 0.29638 0.291351 0.587676 0.43748 0.389043 0.353141 0.589558 0.383023
threshold=1.0000000180025095e-35 0 1 9.3750000000000018 10.958333333333334 17.308333333333337 1.5000000000000002 9.0083333333333346 2 1.0000000180025095e-35 3 15.675000000000002 5.5000000000000009 20.991666666666671
decision_type=2 9 9 2 2 2 2 2 9 2 9 2 2 2
left_child=1 7 3 -3 -4 6 -5 8 9 -1 11 -9 13 -13
right_child=-2 2 4 5 -6 -7 -8 10 -10 -11 -12 12 -14 -15
leaf_value=0.0096878867060671749 -0.0065023345516336487 0.00090388006466489532 -0.0019724174106477794 -0.0048415079536210017 0.00069584117150470757 -0.00012722455024389529 -0.0025283209007478246 -0.0012990108768343547 0.0069199179327239062 -0.00025468297150440882 0.0029164606381508118 0.004757263502906668 -0.0053833487935512122 -0.008086098354376639
leaf_weight=57 1241 523 1731 349 4452 771 900 432 312 393 1683 587 111 50
leaf_count=57 1241 523 1731 349 4452 771 900 432 312 393 1683 587 111 50
internal_value=-0.000272956 7.65108e-05 -0.00026099 -0.000750099 -5.89387e-05 -0.00116337 -0.00175741 0.000887207 0.00175853 0.000543477 0.000658399 -4.2018e-05 0.000614972 0.00120094
internal_weight=13592 12351 8726 2543 6183 2020 1249 3625 762 450 2863 1180 748 637
internal_count=13592 12351 8726 2543 6183 2020 1249 3625 762 450 2863 1180 748 637
cat_boundaries=0 2 4 6 8
cat_threshold=68224128 196 131082 2057 1024 68 68157440 128
is_linear=0
shrinkage=0.05


Tree=23
num_leaves=15
num_cat=1
split_feature=6 7 6 4 0 2 2 4 4 4 5 4 4 4
split_gain=19.7944 6.76414 3.85524 1.74033 1.28052 0.807382 0.717208 0.565938 0.800978 0.417857 0.378615 0.565476 0.428571 0.373272
threshold=1.3225635810616778 1.0000000180025095e-35 2.5034626708777576 8.0916666666666686 0 325.55000000000007 295.25000000000006 20.625000000000004 20.141666666666669 15.091666666666669 1.0000000180025095e-35 13.591666666666669 10.958333333333334 22.975000000000005
decision_type=2 2 2 2 9 2 2 2 2 2 2 2 2 2
left_child=1 4 3 -2 7 9 -4 8 -1 -5 11 12 -3 -6
right_child=2 10 6 5 13 -7 -8 -9 -10 -11 -12 -13 -14 -15
leaf_value=0.00067560130456261261 -0.0012380052091294832 -0.0074421643175749622 0.044288394885614077 0.022036037718456639 -0.0013078824280331222 0.0065027457153338172 0.034078533280453648 -0.0029797532204225772 0.014136722759997665 0.018103879016330992 -0.0066807617028646687 -0.0078755046810060955 0.023852869694475178 0.0036486770145944523
leaf_weight=5031 42 42 70 65 6556 79 40 261 40 63 1065 76 42 103
leaf_count=5031 42 42 70 65 6556 79 40 261 40 63 1065 76 42 103
internal_value=-0.000289136 -0.000603815 0.0112953 0.0078514 -0.000242266 0.0097343 0.0190909 0.000335079 0.000452572 0.0121875 -0.00414286 -0.001875 0.00095238 -0.000704005
internal_weight=13575 13216 359 249 11991 207 110 5332 5071 128 1225 160 84 6659
internal_count=13575 13216 359 249 11991 207 110 5332 5071 128 1225 160 84 6659
cat_boundaries=0 2
cat_threshold=2352023169 33412
is_linear=0
shrinkage=0.05


Tree=24
num_leaves=15
num_cat=6
split_feature=0 0 4 0 4 4 4 5 0 5 0 4 0 2
split_gain=6.42117 1.32108 0.373723 0.340639 0.460165 0.404213 0.269513 0.658075 0.78139 0.546813 0.66397 0.412975 0.38956 0.372476
threshold=0 1 22.975000000000005 2 3.5666666666666669 5.4583333333333348 18.925000000000004 4.5000000000000009 3 5.5000000000000009 4 20.883333333333336 5 267.85000000000008
decision_type=9 9 2 9 2 2 2 2 9 2 9 2 9 2
left_child=-1 6 3 4 -3 -6 9 8 -8 12 -11 13 -2 -9
right_child=1 2 -4 -5 5 -7 7 11 -10 10 -12 -13 -14 -15
leaf_value=-0.0054159020367734699 0.0034073885574324499 -0.0063449787235425551 0.0036213075171490638 -0.0014646941286262779 0.010516384619235064 -1.2615087076576435e-05 0.0040694984255143854 0.00062002126415733327 -0.0032557516479578084 0.0017417598315988055 -0.0053125929253777281 0.0014928477568540621 0.00082766565736242144 0.010418902428482119
leaf_weight=1450 763 125 91 3889 60 2108 302 47 237 390 363 74 3633 68
leaf_count=1450 763 125 91 3889 60 2108 302 47 237 390 363 74 3633 68
internal_value=-0.000360295 1.64462e-05 -0.000487825 -0.000535427 -4.99361e-05 0.000119925 0.000554611 0.00145604 0.000565862 0.000428237 -0.000816734 0.00399471 0.000641491 0.00586956
internal_weight=13600 12150 6273 6182 2293 2168 5877 728 539 5149 753 189 4396 115
internal_count=13600 12150 6273 6182 2293 2168 5877 728 539 5149 753 189 4396 115
cat_boundaries=0 2 4 6 8 10 11
cat_threshold=1610760192 16384 2217805456 708 134217729 98337 528 196 2162688 644 68224640
is_linear=0
shrinkage=0.05


Tree=25
num_leaves=15
num_cat=2
split_feature=6 7 6 4 3 2 4 0 4 4 5 4 0 4
split_gain=17.9958 6.63845 3.31316 1.93621 1.20718 1.05239 1.08025 0.982324 0.491108 0.580917 0.675919 0.505474 0.336582 0.331259
threshold=1.3355396910605088 1.0000000180025095e-35 2.5034626708777576 8.0916666666666686 11.750000000000002 295.25000000000006 15.308333333333335 0 20.625000000000004 19.425000000000004 4.5000000000000009 19.675000000000004 1 22.975000000000005
decision_type=2 2 2 2 2 2 2 9 2 2 2 2 9 2
left_child=1 7 3 -2 -4 6 -5 8 9 12 11 -11 -1 -9
right_child=2 -3 4 5 -6 -7 -8 13 -10 10 -12 -13 -14 -15
leaf_value=-0.00015131752752116931 -0.001327664531821359 -0.0060619800721472663 0.035276209629865954 0.022093195515189248 0.024865325292314982 0.0061622671515068148 0.014047051388909222 -0.0011664453139211735 -0.0028443702980243337 0.0075315434790592306 0.012061642933535436 -0.0015082080949586629 0.0018946253171490701 0.003979673579793919
leaf_weight=2678 41 1219 76 64 44 95 43 6646 266 52 50 127 2074 96
leaf_count=2678 41 1219 76 64 44 95 43 6646 266 52 50 127 2074 96
internal_value=-0.000280378 -0.000582224 0.0107025 0.00734568 0.0175 0.00935643 0.012757 -0.000224791 0.000288186 0.000400521 0.00286026 0.00142458 0.000281985 -0.00062352
internal_weight=13571 13208 363 243 120 202 107 11989 5247 4981 229 179 4752 6742
internal_count=13571 13208 363 243 120 202 107 11989 5247 4981 229 179 4752 6742
cat_boundaries=0 2 4
cat_threshold=2352023169 33412 2281701377 33408
is_linear=0
shrinkage=0.05


Tree=26
num_leaves=15
num_cat=3
split_feature=7 0 0 4 4 4 4 4 4 4 0 4 5 4
split_gain=6.37164 1.06885 0.37066 0.40241 0.622627 0.454398 0.727904 0.515798 0.801192 0.423813 0.409307 0.884902 0.404069 0.37119
threshold=1.0000000180025095e-35 0 1 0.23333333333333336 2.6583333333333337 6.1250000000000009 11.075000000000001 17.408333333333335 17.991666666666671 4.0083333333333337 2 15.675000000000002 5.5000000000000009 13.241666666666669
decision_type=2 9 9 2 2 2 2 2 2 2 9 2 2 2
left_child=1 2 -1 -4 -5 9 -7 10 -9 -6 13 12 -12 -8
right_child=-2 -3 3 4 5 6 7 8 -10 -11 11 -13 -14 -15
leaf_value=0.0028621988666542543 -0.0054823753006293515 -0.00067928506149183177 0.005622665184170525 -0.0044663838983088006 0.0012717050928881053 -0.0021012516731065451 0.0039556191559838123 -0.0071744337866966185 0.00069535286404405342 0.0097354815317866397 -0.0027486859570718123 0.008259631613883392 0.0055668093637937614 0.0014111494674124377
leaf_weight=2375 1267 4942 52 176 122 906 377 145 1881 121 327 137 51 801
leaf_count=2375 1267 4942 52 176 122 906 377 145 1881 121 327 137 51 801
internal_value=-0.000241229 0.000103519 0.00048055 0.000238933 0.000194289 0.000299917 0.000189188 0.000498789 -3.94879e-05 0.00240741 0.00114294 -4.76202e-05 -0.0012963 0.00164983
internal_weight=13680 12413 7471 5096 5044 4868 4625 3719 2026 243 1693 515 378 1178
internal_count=13680 12413 7471 5096 5044 4868 4625 3719 2026 243 1693 515 378 1178
cat_boundaries=0 2 4 6
cat_threshold=2352021632 99044 67174528 65604 2147483648 544
is_linear=0
shrinkage=0.05


Tree=27
num_leaves=15
num_cat=2
split_feature=6 7 6 3 6 0 3 2 6 0 5 5 5 5
split_gain=17.5742 5.51463 1.76046 1.0617 0.98903 0.961497 0.476025 0.468874 0.378117 0.265115 0.327641 0.290083 0.176026 0.151735
threshold=1.7903978284912496 1.0000000180025095e-35 2.5421628270873113 11.050000000000002 1.3225635810616778 0 7.0000000000000009 325.55000000000007 1.5405688038045207 1 1.0000000180025095e-35 5.5000000000000009 1.0000000180025095e-35 4.5000000000000009
decision_type=2 2 2 2 2 9 2 2 2 9 2 2 2 2
left_child=1 4 6 -4 5 13 -2 -8 -6 -7 -11 -12 -3 -1
right_child=2 12 3 -5 8 9 7 -9 -10 10 11 -13 -14 -15
leaf_value=1.7206145200135702e-05 0.025015154338144593 -0.0051310270197224457 0.03391654200898786 0.02373492963495458 0.0088218951625456364 -0.00090851789383514757 0.018453982769343534 0.013286289877594386 0.00071723587755386637 -0.0050710479686436006 -0.00096556219075457814 -0.0041275008389517883 -0.0054336696654598837 0.0010810093521033089
leaf_weight=4070 61 163 55 52 62 4910 48 47 42 196 1044 185 1055 1654
leaf_count=4070 61 163 55 52 62 4910 48 47 42 196 1044 185 1055 1654
internal_value=-0.000309295 -0.000560871 0.0124905 0.0174299 -0.000239662 -0.000281534 0.00910256 0.0113158 0.00461538 -0.000705281 -0.00130662 -0.00101302 -0.00376847 0.000188349
internal_weight=13644 13381 263 107 12163 12059 156 95 104 6335 1425 1229 1218 5724
internal_count=13644 13381 263 107 12163 12059 156 95 104 6335 1425 1229 1218 5724
cat_boundaries=0 2 4
cat_threshold=2352022145 33413 1024 3186
is_linear=0
shrinkage=0.05


Tree=28
num_leaves=15
num_cat=4
split_feature=6 0 6 2 3 0 5 6 0 5 2 5 0 5
split_gain=14.3469 5.77456 2.45084 1.83883 0.759922 0.666291 0.329159 0.219648 0.186493 0.185792 0.211341 0.339568 0.182577 0.37448
threshold=1.3225635810616778 0 2.4586944599067744 608.50000000000011 9.2500000000000018 1 3.5000000000000004 1.8196118850109693 2 1.5000000000000002 1189.6500000000003 3.5000000000000004 3 1.0000000180025095e-35
decision_type=2 9 2 2 2 9 2 2 9 2 2 2 9 2
left_child=1 9 3 6 -4 -3 -2 -8 -7 12 -11 -12 13 -1
right_child=2 5 4 -5 -6 8 7 -9 -10 10 11 -13 -14 -15
leaf_value=0.015948485513580579 0.011268346975192611 0.00095784031968023829 0.031698985778823706 -0.0084276879244928812 0.036925016006852537 -0.00039191549503101011 0.0050067361756107563 0.023187902965676931 -0.0015828344997011854 -0.0053654835459318708 -0.004595211092970175 -5.4123022411456395e-05 -0.0057403468981945928 -0.0038879454737716702
leaf_weight=80 107 3353 55 44 69 4872 42 50 3569 895 59 80 235 94
leaf_count=80 107 3353 55 44 69 4872 42 50 3569 895 59 80 235 94
internal_value=-0.000310204 -0.000580571 0.00944142 0.00652263 0.0151613 -0.000213488 0.00856784 0.0107609 -0.000450244 -0.00355472 -0.00393617 -0.0021223 -0.00267726 -0.00119565
internal_weight=13604 13237 367 243 124 11794 199 92 8441 1443 1034 139 409 174
internal_count=13604 13237 367 243 124 11794 199 92 8441 1443 1034 139 409 174
cat_boundaries=0 2 4 6 7
cat_threshold=1610760192 16384 204538497 516 2147484688 32994 536870912
is_linear=0
shrinkage=0.05


Tree=29
num_leaves=15
num_cat=2
split_feature=6 0 3 6 4 0 4 4 4 3 2 4 4 4
split_gain=14.8843 4.99404 2.58395 2.16212 0.708064 0.6514 0.493312 0.550706 0.481364 0.701474 0.688066 0.422226 0.323 0.307267
threshold=1.3225635810616778 0 42.300000000000004 2.5421628270873113 8.1916666666666682 1 1.0000000180025095e-35 2.1583333333333337 14.141666666666667 9.2500000000000018 189.85000000000002 9.8416666666666686 8.4916666666666689 17.308333333333337
decision_type=2 9 2 2 2 9 2 2 2 2 2 2 2 2
left_child=1 -1 3 4 -2 11 -7 -8 10 -10 -6 12 -3 -13
right_child=2 5 -4 -5 8 6 7 -9 9 -11 -12 13 -14 -15
leaf_value=-0.0049523177250781932 0.0010085729253298662 -0.00059192376545890097 -0.0025492843924554555 0.032035826901668438 0.02646733686274369 0.0044213185234988376 -0.0034003659614952977 -8.8596091256848287e-05 0.0082478141492711519 0.031687779412403506 0.0069233952672860593 -0.0026480327725247649 0.0010059698128822259 -0.00098940705069196547
leaf_weight=1362 40 274 51 88 43 58 358 9461 65 53 42 947 128 678
leaf_count=1362 40 274 51 88 43 58 358 9461 65 53 42 947 128 678
internal_value=-0.000332651 -0.000612846 0.0093979 0.0110121 0.00858025 -0.000282862 -0.000114798 -0.000142073 0.00977832 0.00771186 0.0126471 -0.0010972 0.000348258 -0.00146154
internal_weight=13648 13266 382 331 243 11904 9877 9819 203 118 85 2027 402 1625
internal_count=13648 13266 382 331 243 11904 9877 9819 203 118 85 2027 402 1625
cat_boundaries=0 2 4
cat_threshold=1610629120 81920 131594 24
is_linear=0
shrinkage=0.05


Tree=30
num_leaves=15
num_cat=1
split_feature=6 7 3 7 6 3 6 1 4 4 4 3 5 4
split_gain=12.1921 5.49442 2.23214 1.18295 0.942947 0.676782 0.522574 0.378375 0.404026 0.355662 0.286704 0.523295 0.261376 0.302883
threshold=1.4599319601943472 1.0000000180025095e-35 42.300000000000004 1.0000000180025095e-35 2.1144066871268676 11.050000000000002 2.5421628270873113 0 20.625000000000004 19.241666666666671 0.23333333333333336 9.2500000000000018 1.0000000180025095e-35 13.591666666666669
decision_type=2 2 2 2 2 2 2 1 2 2 2 2 2 2
left_child=1 7 3 4 -2 6 -6 8 9 -1 11 -9 13 -3
right_child=2 12 -4 -5 5 -7 -8 10 -10 -11 -12 -13 -14 -15
leaf_value=0.00094726470452915308 0.0092962371189484177 0.00083236036372287276 -0.0044929849171643872 0.00091600270562196555 0.031968769949918527 0.025056903154284462 0.036017740205702649 -0.0014185545775934052 -0.0051436368472942244 0.0055930270595121317 -0.00065725134719581222 0.0053165964038203667 -0.0047514815890195919 -0.0058720597722849328
leaf_weight=1567 131 89 45 41 42 54 47 51 78 65 10241 44 1060 72
leaf_count=1567 131 89 45 41 42 54 47 51 78 65 10241 44 1060 72
internal_value=-0.000329127 -0.000575489 0.00875 0.0102381 0.0114234 0.0142308 0.0169101 -0.000251537 0.000436045 0.000606616 -0.00036536 0.00236842 -0.0037715 -0.00189441
internal_weight=13627 13267 360 315 274 143 89 12046 1710 1632 10336 95 1221 161
internal_count=13627 13267 360 315 274 143 89 12046 1710 1632 10336 95 1221 161
cat_boundaries=0 1
cat_threshold=2
is_linear=0
shrinkage=0.05


Tree=31
num_leaves=15
num_cat=1
split_feature=6 7 3 6 0 4 4 4 2 5 5 4 4 4
split_gain=9.95619 4.7045 1.35933 1.13097 0.67781 0.595535 0.594128 0.530454 0.389226 0.342806 0.298459 0.402964 0.509718 0.293776
threshold=1.3355396910605088 1.0000000180025095e-35 42.300000000000004 2.4586944599067744 0 8.1916666666666682 15.091666666666669 18.225000000000005 267.85000000000008 3.5000000000000004 1.0000000180025095e-35 13.641666666666667 11.008333333333335 22.166666666666668
decision_type=2 2 2 2 9 2 2 2 2 2 2 2 2 2
left_child=1 4 3 5 -1 -2 8 -8 -7 -5 11 12 -3 -6
right_child=2 10 -4 9 13 6 7 -9 -10 -11 -12 -13 -14 -15
leaf_value=-2.5876709829323362e-05 0.00015203039679239085 -0.0065151575210357056 -0.0036203535171672931 0.026660311090312014 -0.0014713960708982118 0.025186020713152076 0.0048967935337242792 0.0094951908008275611 0.0054637572797415178 0.035144543413582752 -0.0044816898247761056 -0.0050473347483322552 0.023253212808968127 0.0023265151496429811
leaf_weight=6741 40 47 45 47 5116 54 52 42 45 52 1055 74 41 129
leaf_count=6741 40 47 45 47 5116 54 52 42 45 52 1055 74 41 129
internal_value=-0.000412372 -0.000641143 0.00759947 0.00870482 -0.000340398 0.00680257 0.00795337 0.00510638 0.0106566 0.0131818 -0.00360312 -0.00160494 0.000681817 -0.000765938
internal_weight=13580 13203 377 332 11986 233 193 94 99 99 1217 162 88 5245
internal_count=13580 13203 377 332 11986 233 193 94 99 99 1217 162 88 5245
cat_boundaries=0 2
cat_threshold=2352021633 678
is_linear=0
shrinkage=0.05


Tree=32
num_leaves=15
num_cat=2
split_feature=6 7 2 0 6 6 5 2 2 2 2 0 5 5
split_gain=7.96875 4.53698 1.70884 0.824643 0.621739 0.434752 0.304244 0.289659 0.260982 0.257606 0.191736 0.185729 0.159334 0.16771
threshold=1.3355396910605088 1.0000000180025095e-35 304.90000000000003 0 2.4846656714227131 2.5421628270873113 1.0000000180025095e-35 608.50000000000011 189.85000000000002 29.450000000000003 29.450000000000003 1 1.0000000180025095e-35 5.5000000000000009
decision_type=2 2 2 9 2 2 2 2 2 2 2 9 2 2
left_child=1 3 5 -1 7 8 10 -4 9 -2 -3 -5 -13 -14
right_child=2 6 4 11 -6 -7 -8 -9 -10 -11 -12 12 13 -15
leaf_value=0.00016536538216057868 0.018262376917196951 -0.004955776276617108 0.010370300185949182 -0.00067950197000009598 0.024729186577198064 0.025893439789570417 -0.0041847980541280033 -0.0050348937550836947 0.015124575222595317 0.00081550477488172811 -0.0024973615729409985 -0.0031573537490375615 -0.00098849172503878637 -0.0021984561437038545
leaf_weight=5386 73 50 49 2813 49 64 1062 53 46 45 105 547 2784 504
leaf_count=5386 73 50 49 2813 49 64 1062 53 46 45 105 547 2784 504
internal_value=-0.000407191 -0.000611653 0.00674142 -0.000317435 0.00261589 0.00947368 -0.00352095 0.000392156 0.00810975 0.00686441 -0.00145161 -0.000689397 -0.000916776 -0.000787714
internal_weight=13630 13251 379 12034 151 228 1217 102 164 118 155 6648 3835 3288
internal_count=13630 13251 379 12034 151 228 1217 102 164 118 155 6648 3835 3288
cat_boundaries=0 2 4
cat_threshold=2352023169 32902 2 67137
is_linear=0
shrinkage=0.05


Tree=33
num_leaves=15
num_cat=2
split_feature=6 7 2 0 6 4 4 6 2 4 4 4 0 4
split_gain=8.4422 4.1622 0.816289 0.730204 0.335897 0.309975 0.27596 0.264298 0.739447 0.467117 0.255321 0.459427 0.241428 0.457844
threshold=1.7903978284912496 1.0000000180025095e-35 29.450000000000003 0 1.3560995056197489 23.375000000000004 0.23333333333333336 2.7372128119842878 560.05000000000007 13.758333333333335 0.67500000000000016 2.0166666666666671 1 10.141666666666667
decision_type=2 2 2 9 2 2 2 2 2 2 2 2 9 2
left_child=1 3 -2 4 5 10 -5 8 9 -4 -1 -12 -13 -14
right_child=2 -3 7 6 -6 -7 -8 -9 -10 -11 11 12 13 -15
leaf_value=0.0024796039072250576 0.024815217027904957 -0.0039747935338419913 0.0021423787607588538 0.0035786749677828274 0.0041599642399017108 -0.0057743932239903125 -0.0011213684781669847 0.018050934234116561 0.0017391732332635882 0.023274874817761193 -0.0033499264203071481 6.6700250431763876e-05 0.0046164509851906099 0.0015693432771776929
leaf_weight=89 82 1223 43 57 48 46 6035 43 46 52 146 4544 228 927
leaf_count=89 82 1223 43 57 48 46 6035 43 46 52 146 4544 228 927
internal_value=-0.000286209 -0.000462041 0.00853383 -0.000181519 0.000208677 0.000175584 -0.000567028 0.00668478 0.0056383 0.00815789 0.000207279 0.000166808 0.00023776 0.000879827
internal_weight=13609 13343 266 12120 6028 5980 6092 184 141 95 5934 5845 5699 1155
internal_count=13609 13343 266 12120 6028 5980 6092 184 141 95 5934 5845 5699 1155
cat_boundaries=0 2 4
cat_threshold=2352023184 708 2148532224 708
is_linear=0
shrinkage=0.05


Tree=34
num_leaves=15
num_cat=6
split_feature=0 0 0 5 0 4 5 4 4 2 0 4 0 5
split_gain=5.05757 0.841083 0.208749 0.548422 0.184574 1.0437 0.255649 0.189875 0.261763 0.222815 0.178532 0.454208 0.446082 0.450366
threshold=0 1 2 1.0000000180025095e-35 3 13.175000000000002 1.5000000000000002 0.67500000000000016 2.3833333333333337 189.85000000000002 4 18.508333333333336 5 3.5000000000000004
decision_type=9 9 9 2 9 2 2 2 2 2 9 2 9 2
left_child=2 4 3 -1 5 6 -2 -6 9 -9 -3 -12 13 -13
right_child=1 10 -4 -5 7 -7 -8 8 -10 -11 11 12 -14 -15
leaf_value=0.01655254884904217 0.016115967554004285 -0.00043315648476895184 -0.0050082899593744748 -0.0028588218271446311 0.0023640334080899991 -0.0020180944148180417 0.0042783781152558554 0.0062979294183410101 0.00056120504885089572 -0.0034914842752351649 -0.001842683619435619 0.0050966950215185639 -0.0026623047727884017 -0.0012220637200303613
leaf_weight=78 48 3526 666 590 77 132 105 58 5697 130 2132 154 166 118
leaf_count=78 48 3526 666 590 77 132 105 58 5697 130 2132 154 166 118
internal_value=-0.000338891 -2.14535e-05 -0.00325149 -0.00249263 0.000385967 0.00161017 0.00447712 0.000324848 0.000293117 -0.00154255 -0.000438914 -0.000755815 0.000707761 0.00191489
internal_weight=13677 12343 1334 668 6247 285 153 5962 5885 188 6096 2570 438 272
internal_count=13677 12343 1334 668 6247 285 153 5962 5885 188 6096 2570 438 272
cat_boundaries=0 2 4 5 6 8 10
cat_threshold=1610629128 16384 2217803905 99012 536870912 67174528 134217728 51 0 2056
is_linear=0
shrinkage=0.05


Tree=35
num_leaves=15
num_cat=4
split_feature=0 0 0 5 4 4 0 5 4 4 5 2 4 5
split_gain=5.27428 0.726145 0.199489 0.291442 0.909875 0.177922 0.180913 0.293662 0.452857 0.654688 0.825955 0.354622 0.268451 0.162624
threshold=0 1 2 1.0000000180025095e-35 13.641666666666667 0.67500000000000016 3 3.5000000000000004 14.441666666666668 10.141666666666667 4.5000000000000009 643.9000000000002 18.391666666666669 4.5000000000000009
decision_type=9 9 9 2 2 2 9 2 2 2 2 2 2 2
left_child=2 5 3 4 -1 -2 7 11 9 -9 -11 -7 -10 -3
right_child=1 13 -4 -5 -6 6 -8 8 12 10 -12 -13 -14 -15
leaf_value=0.020717919879368142 0.0036852661236681399 -0.00047569117327557692 -0.004733824458628866 -0.0028667882525955919 -0.0074265103460674393 -1.3854764317868627e-05 0.00059385955726658744 0.00058289713343044223 -0.0026798385751157006 0.007467820732160152 0.00363166174988707 0.013508819195539666 0.006831275196042339 0.00012710421700510739
leaf_weight=44 68 5166 608 668 43 512 4036 95 106 41 68 68 71 2011
leaf_count=44 68 5166 608 668 43 512 4036 95 106 41 68 68 71 2011
internal_value=-0.000240722 8.89639e-05 -0.00317917 -0.00251634 0.000172413 0.000546797 0.000513307 0.0011277 0.00221785 0.00382353 0.00646789 0.000431033 0.00036723 -0.000234452
internal_weight=13605 12242 1363 755 87 5065 4997 961 381 204 109 580 177 7177
internal_count=13605 12242 1363 755 87 5065 4997 961 381 204 109 580 177 7177
cat_boundaries=0 2 4 5 7
cat_threshold=1610630152 16384 2217803904 65732 536871944 67108992 4
is_linear=0
shrinkage=0.05


Tree=36
num_leaves=15
num_cat=2
split_feature=6 7 2 7 2 0 2 4 4 4 0 4 6 4
split_gain=7.78684 4.54878 1.38796 1.05065 1.03188 0.565407 0.479643 0.473785 0.745418 0.52115 0.679001 0.509192 0.40087 0.381426
threshold=1.5140896295432389 1.0000000180025095e-35 709.9000000000002 1.0000000180025095e-35 267.85000000000008 0 518.00000000000011 14.775000000000002 12.008333333333335 6.9750000000000005 1 2.6583333333333337 1.3355396910605088 11.075000000000001
decision_type=2 2 2 2 2 9 2 2 2 2 9 2 2 2
left_child=1 5 3 4 -2 7 -6 8 9 11 -11 -1 -7 -12
right_child=2 -3 -4 -5 6 12 -8 -9 -10 10 13 -13 -14 -15
leaf_value=-0.0013774241692389555 0.026298828329836429 -0.0035023162007675845 -0.0012024991366694556 0.00051144298371100401 0.0090433611913205685 -0.00075555985570863659 0.034507619540909272 -0.00075164929688031521 0.0023862077165389892 0.0024895495421014147 -0.0060740065540508606 0.0091254206115101971 0.0055295307758720554 0.0043978317931416995
leaf_weight=157 114 1216 46 40 75 8183 44 2080 523 378 421 185 50 107
leaf_count=157 114 1216 46 40 75 8183 44 2080 523 378 421 185 50 107
internal_value=-0.000337397 -0.000522558 0.00738244 0.00873626 0.0100215 -0.00022923 0.0067647 0.000270654 0.000872387 0.000208332 -0.000419427 0.00187134 -0.000462818 -0.00156134
internal_weight=13619 13300 319 273 233 12084 119 3851 1771 1248 906 342 8233 528
internal_count=13619 13300 319 273 233 12084 119 3851 1771 1248 906 342 8233 528
cat_boundaries=0 2 4
cat_threshold=2217803905 516 67174401 4
is_linear=0
shrinkage=0.05


Tree=37
num_leaves=15
num_cat=5
split_feature=7 0 0 4 0 4 0 0 5 4 4 5 5 5
split_gain=4.4589 0.649186 0.232853 0.374704 0.625981 0.564132 0.411077 0.277122 0.259862 0.269502 0.547471 0.259275 0.290555 0.311708
threshold=1.0000000180025095e-35 0 1 8.8416666666666686 2 17.308333333333337 3 4 4.5000000000000009 14.491666666666669 13.641666666666667 1.5000000000000002 5.5000000000000009 4.5000000000000009
decision_type=2 9 9 2 9 2 9 9 2 2 2 2 2 2
left_child=1 -1 -3 4 -4 6 8 -7 9 10 -5 -8 13 -13
right_child=-2 2 3 5 -6 7 11 -9 -10 -11 -12 12 -14 -15
leaf_value=0.0012095044878124893 -0.0033811106817350821 -0.00022159254528307293 0.0015992485994576564 0.00073295075327551207 -0.0058719112236134512 0.00040735705189739389 -0.0039631561504422192 -0.0041315841656314077 -0.0034027404416166309 -0.0026745758338641169 0.012287284217038343 -0.0028507954988380327 -0.0074955442309452176 0.00016473180584650107
leaf_weight=3785 1249 5619 331 155 109 832 299 186 138 134 49 434 143 154
leaf_count=3785 1249 5619 331 155 109 832 299 186 138 134 49 434 143 154
internal_value=-0.0003514 -6.38757e-05 -0.000304319 -0.000662409 0.000681817 -0.000899367 -0.00151395 9.82199e-06 -0.000267491 0.000473372 0.00161765 -0.00206731 -0.00158003 -0.00108844
internal_weight=13617 12368 8583 2964 440 2524 1506 1018 476 338 204 1030 731 588
internal_count=13617 12368 8583 2964 440 2524 1506 1018 476 338 204 1030 731 588
cat_boundaries=0 2 4 6 8 10
cat_threshold=203490432 196 2148532737 563 0 2056 26 66560 131088 34824
is_linear=0
shrinkage=0.05


Tree=38
num_leaves=15
num_cat=3
split_feature=6 7 6 5 4 0 4 5 0 4 4 0 4 4
split_gain=6.26404 4.15552 0.73894 0.473677 1.12907 0.402187 0.262804 0.242031 0.385964 0.424519 0.462827 0.349541 0.400086 0.623829
threshold=1.7981909629808028 1.0000000180025095e-35 2.7719155450922139 2.5000000000000004 15.441666666666668 0 0.67500000000000016 3.5000000000000004 1 17.308333333333337 14.958333333333334 2 1.5083333333333335 8.0916666666666686
decision_type=2 2 2 2 2 9 2 2 9 2 2 9 2 2
left_child=1 5 3 -2 -5 6 -1 8 -7 10 -10 -9 -13 -14
right_child=2 -3 -4 4 -6 7 -8 11 9 -11 -12 12 13 -15
leaf_value=0.0020063169753775966 0.013702060196271008 -0.0031562781188972052 0.026365493154174875 0.037869939333344899 0.0040675979546559984 0.00090530474453173629 0.00042145520264883158 -0.0022675071702216755 -0.0011686218151268576 0.00061939604523523215 -0.0023543173071623683 -0.0027441777149270225 0.0059018176318587556 -0.0010191022145422297
leaf_weight=44 78 1235 43 72 52 1716 4388 795 1357 928 448 83 263 2155
leaf_count=44 78 1235 43 72 52 1716 4388 795 1357 928 448 83 263 2155
internal_value=-0.000269826 -0.000414555 0.00765306 0.00638614 0.00830645 -0.000134271 0.000245384 -0.000351387 -0.000111262 -0.000479403 -0.000927979 -0.000676579 -0.000380328 -0.000264683
internal_weight=13657 13412 245 202 124 12177 4432 7745 4449 2733 1805 3296 2501 2418
internal_count=13657 13412 245 202 124 12177 4432 7745 4449 2733 1805 3296 2501 2418
cat_boundaries=0 2 4 6
cat_threshold=2282816641 33285 67109386 162 67109386 136
is_linear=0
shrinkage=0.05


Tree=39
num_leaves=15
num_cat=0
split_feature=6 7 4 4 6 4 4 3 5 4 5 3 4 4
split_gain=4.33999 3.71719 0.638328 0.426999 0.421826 0.26528 0.246265 0.321661 0.256202 0.244659 0.235029 0.213771 0.211847 0.418343
threshold=2.0976724615461966 1.0000000180025095e-35 11.341666666666669 17.675000000000004 1.7981909629808028 0.23333333333333336 2.1583333333333337 11.750000000000002 2.5000000000000004 2.3833333333333337 2.5000000000000004 9.2500000000000018 8.9916666666666689 13.808333333333335
decision_type=2 2 2 2 2 2 2 2 2 2 2 2 2 2
left_child=1 4 -2 -4 5 11 7 -7 -9 -8 12 -1 -3 -14
right_child=2 10 3 -5 -6 6 9 8 -10 -11 -12 -13 13 -15
leaf_value=-0.00066850686303471349 0.035855143788705149 -0.0031813572296856443 0.0052207488730086522 0.016733657712031148 0.0049819716453304245 -0.0045715657697808169 0.0058067682518981277 -0.0028866784189518751 0.0022210138774340872 -0.00025705074569879719 -0.003060460782777752 0.0030550847170364519 -0.00079782784152396366 -0.003019447727286633
leaf_weight=51 65 89 68 61 47 176 40 75 117 11608 720 59 205 227
leaf_count=51 65 89 68 61 47 176 40 75 117 11608 720 59 205 227
internal_value=-0.000311583 -0.000418966 0.0071134 0.00507752 -0.000153209 -0.000171533 -0.000193909 -0.00146739 -5.20845e-05 -0.000153676 -0.00302579 0.00227273 -0.00221689 -0.00175926
internal_weight=13608 13414 194 129 12173 12126 12016 368 192 11648 1241 110 521 432
internal_count=13608 13414 194 129 12173 12126 12016 368 192 11648 1241 110 521 432
is_linear=0
shrinkage=0.05


Tree=40
num_leaves=15
num_cat=5
split_feature=0 6 3 6 0 6 0 5 0 5 5 2 0 5
split_gain=4.56998 4.36206 0.773581 0.514184 0.438576 0.562292 0.295409 0.245857 0.176388 0.312214 0.23567 0.167408 0.152664 0.248007
threshold=0 2.2013955467436794 11.050000000000002 2.5421628270873113 1 1.3560995056197489 2 1.0000000180025095e-35 3 5.5000000000000009 4.5000000000000009 295.25000000000006 4 1.5000000000000002
decision_type=9 2 2 2 9 2 9 2 9 2 2 2 9 2
left_child=6 4 3 -3 5 12 7 -1 10 -10 -6 -7 13 -2
right_child=1 2 -4 -5 8 11 -8 -9 9 -11 -12 -13 -14 -15
leaf_value=-0.0010610672624497186 0.0077644407468767029 0.025643722515534057 0.010169840755178758 0.026423192423503251 -0.00098446664101635916 0.008179442711629065 -0.0038952849812672291 -0.0022305023962403288 -0.00080739986300227022 -0.0031712798824795069 0.0013246753429709836 0.0031927235844013673 0.00014490227913508742 0.00015417346299588077
leaf_weight=99 103 40 55 47 2538 44 608 711 1917 307 956 43 5963 218
leaf_count=99 103 40 55 47 2538 44 608 711 1917 307 956 43 5963 218
internal_value=-0.000292697 2.00135e-05 0.00873239 0.0116667 -8.23074e-05 0.000202945 -0.00296919 -0.0022561 -0.000399792 -0.000747539 -0.000176942 0.0041954 0.000147994 0.00119335
internal_weight=13649 12231 142 87 12089 6371 1418 810 5718 2224 3494 87 6284 321
internal_count=13649 12231 142 87 12089 6371 1418 810 5718 2224 3494 87 6284 321
cat_boundaries=0 2 4 5 7 8
cat_threshold=1610629144 16384 2349924482 32967 536870936 2228224 66096 65666
is_linear=0
shrinkage=0.05


Tree=41
num_leaves=15
num_cat=3
split_feature=7 0 0 5 4 2 4 5 4 4 4 4 4 0
split_gain=3.53856 0.449943 0.431557 0.560884 0.237989 0.217133 0.213365 0.617326 0.663236 0.458381 0.436669 0.403842 0.301704 0.283195
threshold=1.0000000180025095e-35 0 1 1.0000000180025095e-35 0.67500000000000016 189.85000000000002 12.141666666666667 1.0000000180025095e-35 9.0916666666666686 8.2583333333333346 12.441666666666668 5.0750000000000002 11.658333333333335 2
decision_type=2 9 9 2 2 2 2 2 2 2 2 2 2 9
left_child=1 4 3 -2 5 -1 7 8 9 11 -8 -6 13 -9
right_child=2 -3 -4 -5 6 -7 10 12 -10 -11 -12 -13 -14 -15
leaf_value=-0.00064232656505762648 0.018323104458464086 -0.00056753296228499023 -0.0036525128502266305 -0.0017147213895953124 0.010010733327590504 0.0034850103443004547 0.0044236591516853994 -0.0015795962908412065 -0.0017411569195858031 0.012886911543196922 0.00085327042674959285 -0.00099571329983677266 -0.005474184817812369 0.0011459447343465641
leaf_weight=41 77 5341 614 577 70 57 98 1257 146 40 4444 49 165 634
leaf_count=41 77 5341 614 577 70 57 98 1257 146 40 4444 49 165 634
internal_value=-0.000315945 -5.75283e-05 -0.00283123 -0.00183735 0.000206104 0.00265306 0.000171663 -0.000213894 0.00188524 0.0041195 0.000372082 0.00256302 -0.000525293 -0.000346379
internal_weight=13610 12342 1268 654 7001 98 6903 2361 305 159 4542 119 2056 1891
internal_count=13610 12342 1268 654 7001 98 6903 2361 305 159 4542 119 2056 1891
cat_boundaries=0 2 3 5
cat_threshold=2284848258 33492 536870912 2281701504 33472
is_linear=0
shrinkage=0.05


Tree=42
num_leaves=15
num_cat=2
split_feature=6 0 6 4 4 2 0 4 4 4 2 5 4 2
split_gain=4.43704 3.47161 1.11943 2.09015 1.04824 0.72973 0.522068 0.471559 0.608422 0.326688 0.308455 0.286378 0.420063 0.639055
threshold=1.3355396910605088 0 2.5421628270873113 11.341666666666669 18.225000000000005 41.350000000000009 1 20.991666666666671 18.275000000000002 19.675000000000004 585.60000000000002 3.5000000000000004 19.075000000000003 295.25000000000006
decision_type=2 9 2 2 2 2 9 2 2 2 2 2 2 2
left_child=1 -1 4 -4 5 -2 7 8 -3 11 -7 12 -10 -14
right_child=2 6 3 -5 -6 10 -8 -9 9 -11 -12 -13 13 -15
leaf_value=-0.0026043759395346748 0.012603864401514692 0.00013961953712777822 0.041636882977774951 0.0068014077174722706 0.0096182515563114131 0.0024161375076935574 -0.00093629517741203273 -0.0032243915453111951 0.0057932363383274496 0.00041870159498812545 -0.0073786233807673664 0.0014528549812872485 0.012868705816877475 0.0034911475570261839
leaf_weight=1215 74 4610 41 72 51 105 6648 211 108 210 43 162 40 46
leaf_count=1215 74 4610 41 72 51 105 6648 211 108 210 43 162 40 46
internal_value=-0.000310209 -0.000464152 0.00497409 0.00915929 0.00324176 0.00175676 -0.000205481 0.000160273 0.000255022 0.00180212 -0.000270271 0.00272472 0.00402062 0.00662791
internal_weight=13636 13250 386 113 273 222 12035 5387 5176 566 148 356 194 86
internal_count=13636 13250 386 113 273 222 12035 5387 5176 566 148 356 194 86
cat_boundaries=0 2 4
cat_threshold=1610629120 16384 204539522 33414
is_linear=0
shrinkage=0.05


Tree=43
num_leaves=15
num_cat=3
split_feature=6 7 6 2 2 0 5 0 3 6 0 5 5 5
split_gain=4.25648 3.48705 0.833525 1.10313 0.501928 0.42942 0.364518 0.330682 0.283092 0.259531 0.115602 0.176571 0.0861545 0.0860367
threshold=1.7981909629808028 1.0000000180025095e-35 2.7719155450922139 585.60000000000002 29.450000000000003 0 1.0000000180025095e-35 1 11.750000000000002 1.3355396910605088 2 1.0000000180025095e-35 2.5000000000000004 5.5000000000000009
decision_type=2 2 2 2 2 9 2 9 2 2 9 2 2 2
left_child=1 7 3 4 -2 6 -3 10 -6 13 11 -1 -8 -9
right_child=2 5 -4 -5 8 -7 12 9 -10 -11 -12 -13 -14 -15
leaf_value=-0.0017112148550471021 0.018024208693894511 0.016409452731800122 0.02170072122527595 -0.0052498920079341567 0.008322869217041352 -0.0033255252255464281 -0.0018701648865453195 -0.00056895315720915766 0.017052303886072939 0.0040273212229858307 -1.4015418914319463e-05 0.0024303315122944005 -0.00162065534321163 -0.001586808319965697
leaf_weight=150 71 81 43 41 52 594 188 4274 50 57 6143 827 373 702
leaf_count=150 71 81 43 41 52 594 188 4274 50 57 6143 827 373 702
internal_value=-0.000284334 -0.000406678 0.00608949 0.00481308 0.00656069 -0.00293689 -0.00193252 -0.000149347 0.00431372 -0.000459053 7.0125e-05 0.000572441 -0.00241533 -0.000498393
internal_weight=13646 13389 257 214 173 1236 642 12153 102 5033 7120 977 561 4976
internal_count=13646 13389 257 214 173 1236 642 12153 102 5033 7120 977 561 4976
cat_boundaries=0 1 3 5
cat_threshold=536870912 2352087170 655 67108992 4
is_linear=0
shrinkage=0.05


Tree=44
num_leaves=15
num_cat=4
split_feature=6 7 2 6 3 0 5 2 0 5 0 0 5 5
split_gain=3.8496 2.92103 0.799104 0.672399 0.524926 0.373781 0.343772 0.304878 0.274534 0.215099 0.805682 0.259484 0.208043 0.184463
threshold=1.7981909629808028 1.0000000180025095e-35 29.450000000000003 2.6746039791475802 11.050000000000002 0 1.5000000000000002 560.05000000000007 1 1.5000000000000002 2 3 2.5000000000000004 1.0000000180025095e-35
decision_type=2 2 2 2 2 9 2 2 9 2 9 9 2 2
left_child=1 8 -2 4 -4 6 -3 -6 9 10 -1 12 -11 -10
right_child=2 5 3 -5 7 -7 -8 -9 13 11 -12 -13 -14 -15
leaf_value=-0.00071099303007219358 0.015211292871552831 -0.00030828168932615745 -0.0038913766660009005 0.01756461497184432 0.014647388170492643 -0.003186859050448289 -0.0016300277057580415 0.0032324217398955672 -0.0023052792205049627 -0.0041019062650408979 0.005181205369632999 0.00047249571575607059 -0.00043275619351524665 -0.00045579597639047715
leaf_weight=964 81 165 43 56 41 611 479 41 983 239 463 2559 848 6067
leaf_count=964 81 165 43 56 41 611 479 41 983 239 463 2559 848 6067
internal_value=-0.00031525 -0.000432801 0.00568702 0.00383978 0.0018 -0.00272908 -0.00178899 0.00414634 -0.000195085 8.55782e-05 0.000606166 -0.000117939 -0.000761168 -0.000396602
internal_weight=13640 13378 262 181 125 1255 644 82 12123 5073 1427 3646 1087 7050
internal_count=13640 13378 262 181 125 1255 644 82 12123 5073 1427 3646 1087 7050
cat_boundaries=0 1 3 5 7
cat_threshold=536870912 2352023171 69 2150694912 5 134217731 64
is_linear=0
shrinkage=0.05


Tree=45
num_leaves=15
num_cat=4
split_feature=6 7 4 0 4 0 6 5 4 4 4 5 0 0
split_gain=4.24452 3.51332 0.619132 0.431895 0.428063 0.322411 0.262647 0.228617 0.349144 0.777042 0.249719 0.190881 0.26016 0.266643
threshold=2.0976724615461966 1.0000000180025095e-35 11.341666666666669 0 17.675000000000004 1 1.3560995056197489 1.5000000000000002 9.0916666666666686 13.808333333333335 4.8750000000000009 1.0000000180025095e-35 2 3
decision_type=2 2 2 9 2 9 2 2 2 2 2 2 9 9
left_child=1 5 -2 7 -4 6 -1 8 -3 -10 -9 12 -7 -14
right_child=2 3 4 -5 -6 11 -8 10 9 -11 -12 -13 13 -15
leaf_value=0.00016446699497801463 0.030094267306861579 -0.0032237807111147321 0.0047962401222599533 -0.0030548859977221981 0.013350793645532592 0.0021071052734552356 0.0059663481563704468 0.00034531690213771747 0.018443416391356725 -0.0025763766020593382 -0.0016741143831132234 -0.00054243367610352304 -0.0019150574674427563 -0.005904589612739721
leaf_weight=6497 66 49 69 591 66 124 82 40 59 66 425 4843 543 143
leaf_count=6497 66 49 69 591 66 124 82 40 59 66 425 4843 543 143
internal_value=-0.000271903 -0.000379588 0.0069403 -0.00292683 0.005 -0.000123448 0.000114584 -0.00191834 -0.0004023 0.000999999 -0.00252688 -0.000399966 -0.00111111 -0.00147989
internal_weight=13663 13462 201 1230 135 12232 6579 639 174 125 465 5653 810 686
internal_count=13663 13462 201 1230 135 12232 6579 639 174 125 465 5653 810 686
cat_boundaries=0 1 3 5 7
cat_threshold=536870912 2349924499 710 2097664 32768 0 3128
is_linear=0
shrinkage=0.05


Tree=46
num_leaves=15
num_cat=5
split_feature=7 6 2 6 2 0 0 5 5 0 5 0 0 5
split_gain=3.47841 3.32954 0.917503 0.388875 0.341644 0.297517 0.270492 0.272737 0.206788 0.33684 0.18406 0.581737 0.122971 0.191481
threshold=1.0000000180025095e-35 1.7981909629808028 102.90000000000002 2.6746039791475802 585.60000000000002 0 1 1.0000000180025095e-35 1.5000000000000002 2 1.5000000000000002 3 4 2.5000000000000004
decision_type=2 2 2 2 2 9 9 2 2 9 2 9 9 2
left_child=1 5 -3 4 -4 8 7 -2 9 -1 11 -7 13 -10
right_child=6 2 3 -5 -6 10 -8 -9 12 -11 -12 -13 -14 -15
leaf_value=-0.00239338973721299 0.012770789620252333 0.020554446373517169 0.012015370724670541 0.0077385991610783127 -0.0049199622699670339 0.0027347384215882882 -0.0028673283622364498 -0.001582315688076652 -0.0017520383421416423 0.00048170947539693577 -0.00094751218946300449 -0.0012273786949519971 0.0012505208169766126 0.00017831349741865792
leaf_weight=824 78 74 64 48 42 781 595 573 154 562 5247 1272 2662 653
leaf_count=824 78 74 64 48 42 781 595 573 154 562 5247 1272 2662 653
internal_value=-0.000274783 -2.14015e-05 0.00596491 0.00376623 0.00207547 -0.000133691 -0.00279294 -0.00197428 0.000169577 -0.000346322 -0.000335159 6.57562e-05 0.000376188 -0.00016524
internal_weight=13629 12383 228 154 106 12155 1246 651 4855 1386 7300 2053 3469 807
internal_count=13629 12383 228 154 106 12155 1246 651 4855 1386 7300 2053 3469 807
cat_boundaries=0 2 3 5 7 9
cat_threshold=2215706752 1669 536870912 0 645 136315906 66 2147483648 1024
is_linear=0
shrinkage=0.05


Tree=47
num_leaves=15
num_cat=5
split_feature=6 0 4 0 6 0 4 0 5 4 5 4 0 4
split_gain=3.25305 2.80658 1.44366 0.531259 0.523815 0.383617 0.359649 0.391479 0.468602 0.332326 0.433755 0.303664 0.449353 0.66706
threshold=2.2013955467436794 0 11.341666666666669 1 1.7513494864480113 2 11.075000000000001 3 1.0000000180025095e-35 9.0916666666666686 3.5000000000000004 13.641666666666667 4 13.375000000000002
decision_type=2 9 2 9 2 9 2 9 2 2 2 2 9 2
left_child=1 5 -2 4 6 -1 7 9 -9 -3 -11 12 13 -8
right_child=2 3 -4 -5 -6 -7 11 8 -10 10 -12 -13 -14 -15
leaf_value=-0.0026506006844076225 0.031261000035680456 0.0022907965202669969 0.0070773226560591068 -0.0010270424190937614 0.02244277587571869 -0.0012121039439682902 0.00331025278599571 0.0023159593024901187 -0.0021043925251852821 -0.0044256382320918986 0.0004886424524614294 0.00026646975621601643 0.00013639243148201181 0.0045853665947741566
leaf_weight=608 51 567 117 5586 42 691 383 135 952 210 215 3513 507 51
leaf_count=608 51 567 117 5586 42 691 383 135 952 210 215 3513 507 51
internal_value=-0.000307456 -0.00039376 0.00660714 -0.000156521 0.000148063 -0.00259358 0.000112505 -0.000430497 -0.00108022 0.00028942 -0.000764707 0.000365962 0.00116365 0.00231982
internal_weight=13628 13460 168 12161 6575 1299 6533 2079 1087 992 425 4454 941 434
internal_count=13628 13460 168 12161 6575 1299 6533 2079 1087 992 425 4454 941 434
cat_boundaries=0 2 4 6 8 10
cat_threshold=1610629128 16384 2283864706 33478 1073758208 16384 66178 644 2147484160 514
is_linear=0
shrinkage=0.05


Tree=48
num_leaves=15
num_cat=6
split_feature=7 6 3 0 5 0 5 0 0 5 3 5 0 0
split_gain=3.72033 3.5618 0.377607 0.242834 0.182337 0.177448 0.191203 0.400921 0.37014 0.161503 0.276719 0.18648 0.19426 0.173328
threshold=1.0000000180025095e-35 2.2013955467436794 9.2500000000000018 0 1.0000000180025095e-35 1 3.5000000000000004 2 3 3.5000000000000004 44.050000000000004 4.5000000000000009 4 5
decision_type=2 2 2 9 2 9 2 9 9 2 2 2 9 9
left_child=1 5 -3 4 -2 6 8 -8 -1 13 11 12 -11 -7
right_child=3 2 -4 -5 -6 9 7 -9 -10 10 -12 -13 -14 -15
leaf_value=-0.0018573338726582929 0.0048963952051884222 0.019479443582555392 0.0083081278661765335 -0.0025605429819694154 -0.0014834664846823387 0.00043319576893700775 0.0023629795963149105 2.8461474798893884e-05 0.00064514139684103324 0.00055126392058027116 -0.0026535677708461906 -0.00027487873003490275 -0.0022301196667477517 -0.00087368085080609186
leaf_weight=907 77 72 78 602 576 2076 667 1605 2050 149 54 1915 889 1866
leaf_count=907 77 72 78 602 576 2076 667 1605 2050 149 54 1915 889 1866
internal_value=-0.000255099 8.92159e-06 0.00766667 -0.00284861 -0.00205882 -8.54011e-05 0.000134566 0.000479752 -0.000130201 -0.000250756 -0.000527105 -0.000462243 -0.00100193 -4.05897e-05
internal_weight=13583 12328 150 1255 653 12178 5229 2272 2957 6949 3007 2953 1038 3942
internal_count=13583 12328 150 1255 653 12178 5229 2272 2957 6949 3007 2953 1038 3942
cat_boundaries=0 1 3 5 7 9 11
cat_threshold=536870912 70451347 33349 131200 5 131088 5 2147483648 65536 1544 170
is_linear=0
shrinkage=0.05


Tree=49
num_leaves=15
num_cat=5
split_feature=0 6 2 0 0 2 4 4 5 4 4 4 0 0
split_gain=3.36813 2.07873 0.48652 0.44072 0.352861 0.334147 0.268445 1.00953 0.345167 0.892826 0.312813 0.261739 0.630363 0.453139
threshold=0 2.2013955467436794 128.05000000000004 1 2 560.05000000000007 9.3083333333333353 11.525000000000002 1.5000000000000002 14.008333333333335 4.2750000000000012 11.075000000000001 3 4
decision_type=9 2 2 9 9 2 2 2 2 2 2 2 9 9
left_child=3 4 -3 -1 -2 -4 10 -8 9 -9 -5 12 -6 -14
right_child=1 2 5 6 11 -7 7 8 -10 -11 -12 -13 13 -15
leaf_value=-0.0024414048034130395 -0.00092627310468003279 0.019274172881906082 0.00054900834523122124 -0.00079892158791706937 -0.0029817288476580179 0.0039251511885597242 0.0012693521531535155 0.017464453626199174 -0.0022405395136381487 -0.002021306484218055 -0.001815940406481964 0.00052813323916998283 0.0046950168772078079 -0.00016647508262653554
leaf_weight=590 3641 59 51 50 663 42 85 40 321 75 135 5729 152 1964
leaf_count=590 3641 59 51 50 663 42 85 40 321 75 135 5729 152 1964
internal_value=-0.00021218 4.42682e-05 0.00585526 -0.00262634 -2.83986e-05 0.00360215 -0.00171788 -0.00116123 -0.00213303 0.00021739 -0.00337838 0.000147921 -0.000250091 0.000174035
internal_weight=13597 12301 152 1296 12149 93 706 521 436 115 185 8508 2779 2116
internal_count=13597 12301 152 1296 12149 93 706 521 436 115 185 8508 2779 2116
cat_boundaries=0 2 4 6 8 9
cat_threshold=1610630144 16384 1073758208 16384 2228232 32824 2147483649 1026 68157568
is_linear=0
shrinkage=0.05


Tree=50
num_leaves=15
num_cat=3
split_feature=7 6 6 6 0 4 4 0 4 4 4 4 4 0
split_gain=3.15451 1.79194 0.405123 0.491039 0.358186 0.364995 1.16726 0.32254 0.295482 0.877659 0.496778 0.3494 0.217248 0.42079
threshold=1.0000000180025095e-35 2.2013955467436794 2.7372128119842878 2.5784757249888215 0 13.808333333333335 12.858333333333336 1 9.0916666666666686 11.525000000000002 10.141666666666667 4.2750000000000012 14.708333333333334 2
decision_type=2 2 2 2 9 2 2 9 2 2 2 2 2 9
left_child=1 7 3 -3 5 6 8 12 11 10 -10 -2 13 -1
right_child=4 2 -4 -5 -6 -7 -8 -9 9 -11 -12 -13 -14 -15
leaf_value=0.0010554578373892641 -3.5499550021744492e-05 0.012532793293921147 0.019205589131650026 -7.1822830378427631e-05 -0.0023530213917851953 -0.0019407924084554606 0.016137936844990743 -0.00042502808485337805 -0.00038947053604435956 -0.0028672491221337026 0.0012151049386366004 -0.0023177309549926696 -0.00030518202663197184 0.0042785426994259917
leaf_weight=580 45 65 41 43 593 293 41 10655 44 71 41 123 823 201
leaf_count=580 45 65 41 43 593 293 41 10655 44 71 41 123 823 201
internal_value=-0.000288822 -4.75512e-05 0.00540268 0.0037963 -0.00268186 -0.00178144 -0.000753426 -0.000113795 -0.00175926 -0.000192309 0.00323529 -0.00321429 0.000545228 0.00114597
internal_weight=13659 12408 149 108 1251 658 365 12259 324 156 85 168 1604 781
internal_count=13659 12408 149 108 1251 658 365 12259 324 156 85 168 1604 781
cat_boundaries=0 1 3 5
cat_threshold=536870912 67175554 32772 2 32772
is_linear=0
shrinkage=0.05


Tree=51
num_leaves=15
num_cat=0
split_feature=7 6 6 2 2 4 4 4 4 4 4 2 4 3
split_gain=2.7344 0.953242 0.584348 0.371505 0.25242 0.277197 0.722778 0.583333 0.337711 0.661846 0.209335 0.353226 0.314817 0.362797
threshold=1.0000000180025095e-35 1.7981909629808028 1.4874286478830445 102.90000000000002 41.350000000000009 14.641666666666667 13.29166666666667 13.941666666666668 11.725000000000001 9.2416666666666689 0.23333333333333336 608.50000000000011 3.2583333333333337 11.750000000000002
decision_type=2 2 2 2 2 2 2 2 2 2 2 2 2 2
left_child=1 10 4 -3 5 6 8 -8 9 -2 11 -1 13 -12
right_child=2 3 -4 -5 -6 -7 7 -9 -10 -11 12 -13 -14 -15
leaf_value=-0.00037162029792155572 -0.0015788178067768798 0.017774151353453168 0.0011957229384834526 0.0098757237714560738 -0.0056094800938811806 -0.0016090755061903491 0.016049678342071574 -0.001857915496836492 -0.0027462772106722957 5.341453728914628e-05 -0.0041746994411458026 0.0051895900288127742 -3.5878848279316674e-05 -0.00016890903955056071
leaf_weight=71 183 77 42 148 261 424 42 42 93 155 281 42 11405 312
leaf_count=71 183 77 42 148 261 424 42 42 93 155 281 42 11405 312
internal_value=-0.000227575 -2.4331e-06 -0.00246377 0.00322222 -0.00266667 -0.00228435 -0.00150486 0.00273809 -0.00233179 -0.00159763 -6.23412e-05 0.00207964 -8.25149e-05 -0.00120573
internal_weight=13578 12336 1242 225 1200 939 515 84 431 338 12111 113 11998 593
internal_count=13578 12336 1242 225 1200 939 515 84 431 338 12111 113 11998 593
is_linear=0
shrinkage=0.05


Tree=52
num_leaves=15
num_cat=3
split_feature=7 6 6 0 4 4 4 0 4 4 0 4 4 4
split_gain=2.45366 0.616649 0.542986 0.23029 0.22995 0.377421 0.284241 0.251521 0.339406 0.275918 0.405006 0.372741 0.320249 0.273718
threshold=1.0000000180025095e-35 1.4874286478830445 2.2164971291935474 0 19.591666666666672 18.575000000000003 20.525000000000002 1 9.8416666666666686 9.9916666666666689 2 10.575000000000001 11.008333333333335 11.591666666666669
decision_type=2 2 2 9 2 2 2 9 2 2 9 2 2 2
left_child=2 -2 3 4 5 7 -6 8 -1 10 -9 -11 -13 -14
right_child=1 -3 -4 -5 6 -7 -8 9 -10 11 -12 12 13 -15
leaf_value=0.0050513736517110233 -0.001679225467832785 0.0012157335205722237 0.016528897742364861 -0.000393464171864478 -0.0038076249041900999 0.0045829840164441525 2.237106755678591e-05 0.0031898771929538862 0.00023114317877861109 0.0037856260482941905 -0.0019239419007677262 -0.0063490667421275951 0.011348638975574617 0.00065967595882004742
leaf_weight=65 1209 40 151 8842 107 169 142 124 134 109 515 74 64 1926
leaf_count=65 1209 40 151 8842 107 169 142 124 134 109 515 74 64 1926
internal_value=-0.000245411 -0.00235789 -3.30071e-05 -6.96777e-05 0.000277696 0.000393081 -0.00118474 0.000264031 0.0019378 0.000138199 -0.000774649 0.00040727 0.000256782 0.000376883
internal_weight=13671 1249 12422 12271 3429 3180 249 3011 199 2812 639 2173 2064 1990
internal_count=13671 1249 12422 12271 3429 3180 249 3011 199 2812 639 2173 2064 1990
cat_boundaries=0 2 3 4
cat_threshold=70254723 1030 67108994 1048577
is_linear=0
shrinkage=0.05


Tree=53
num_leaves=15
num_cat=6
split_feature=0 6 0 6 4 0 4 4 0 5 5 0 0 4
split_gain=2.35586 0.63423 0.592912 0.369143 0.286378 0.285938 0.237508 0.324073 0.357486 0.446479 0.311058 0.264692 0.235872 0.450086
threshold=0 1.7981909629808028 1 1.4874286478830445 12.375000000000002 2 18.275000000000002 19.875000000000004 3 3.5000000000000004 1.0000000180025095e-35 4 5 13.808333333333335
decision_type=9 2 9 2 2 9 2 2 9 2 2 9 9 2
left_child=3 5 -3 12 -4 6 -2 8 9 -8 -10 -9 13 -1
right_child=1 2 4 -5 -6 -7 7 11 10 -11 -12 -13 -14 -15
leaf_value=-0.0004069305297672566 -1.1415978756224085e-05 0.015732160412486998 0.015635671479707083 0.00081057605153912792 -0.0013687120637605361 -0.00068459571776292253 0.0070090699896043374 0.0053458953690051656 -0.0029084103846295692 0.0013088886329965721 0.0026177581985047252 -0.0015599851346321065 -0.0020521307218529564 -0.0016407114606163062
leaf_weight=349 5070 104 50 41 79 6095 61 132 59 57 364 341 590 284
leaf_count=349 5070 104 50 41 79 6095 61 132 59 57 364 341 590 284
internal_value=-0.00028371 -7.32583e-05 0.00251073 -0.00233124 3.59701e-05 -0.000122753 0.000119789 0.000818539 0.00165434 0.00398437 0.000889144 -0.000137422 -0.00250613 -0.00173406
internal_weight=13676 12412 233 1264 129 12179 6084 1014 541 118 423 473 1223 633
internal_count=13676 12412 233 1264 129 12179 6084 1014 541 118 423 473 1223 633
cat_boundaries=0 2 4 6 8 10 11
cat_threshold=1610629120 16384 2148532224 80 202506371 33508 134217728 128 134217728 32832 536870912
is_linear=0
shrinkage=0.05


Tree=54
num_leaves=15
num_cat=4
split_feature=7 6 2 0 4 0 4 4 0 0 4 4 4 4
split_gain=2.46076 0.707473 0.492967 0.339642 0.308329 0.277252 0.398021 0.391055 0.334687 0.311995 0.275086 0.794856 0.298819 0.61124
threshold=1.0000000180025095e-35 2.0447484484576397 102.90000000000002 0 0.23333333333333336 1 18.508333333333336 19.758333333333336 2 3 13.808333333333335 12.858333333333336 9.0916666666666686 11.525000000000002
decision_type=2 2 2 9 2 9 2 2 9 9 2 2 2 2
left_child=1 4 -3 10 -1 -6 -7 9 -9 -8 11 12 -2 -14
right_child=3 2 -4 -5 5 6 7 8 -10 -11 -12 -13 13 -15
leaf_value=0.0040349058008969227 -0.0014495014925650753 0.015429445717058341 0.0088636058116332763 -0.0019104855525563975 0.00024175569696373951 -0.0010501322897508679 0.0028978317591235765 -0.0061892204869856936 0.00066858646471191184 0.00075702954332374081 -0.0015232073724605346 0.014632863885517622 0.0011069080457755415 -0.002778609392882235
leaf_weight=113 166 65 122 605 6904 4415 163 127 248 219 296 41 89 66
leaf_count=113 166 65 122 605 6904 4415 163 127 248 219 296 41 89 66
internal_value=-0.000245254 -3.07058e-05 0.00302139 -0.00234759 -7.75301e-05 -0.000101856 -0.000378234 0.000680316 -0.000466668 0.00180628 -0.00148204 -0.000580112 -0.00141745 0.000161289
internal_weight=13639 12376 187 1263 12189 12076 5172 757 375 382 658 362 321 155
internal_count=13639 12376 187 1263 12189 12076 5172 757 375 382 658 362 321 155
cat_boundaries=0 1 3 5 7
cat_threshold=536870912 2350973570 621 8 3200 1048576 2176
is_linear=0
shrinkage=0.05


Tree=55
num_leaves=15
num_cat=1
split_feature=0 6 6 4 6 2 4 4 5 4 4 3 4 4
split_gain=2.12629 0.742283 0.460887 0.298401 0.365738 0.295579 0.301345 0.712273 0.544785 0.898763 0.26065 0.331183 0.388172 0.326171
threshold=0 1.957231865133048 1.4874286478830445 11.341666666666669 2.5784757249888215 41.350000000000009 13.491666666666669 9.0916666666666686 1.0000000180025095e-35 11.525000000000002 22.741666666666671 7.3500000000000005 23.375000000000004 20.625000000000004
decision_type=9 2 2 2 2 2 2 2 2 2 2 2 2 2
left_child=2 10 5 -3 -5 6 7 -1 -9 -10 13 -12 -13 -2
right_child=1 3 -4 4 -6 -7 -8 8 9 -11 11 12 -14 -15
leaf_value=-0.0016647095512321163 -0.00011237429028641301 0.021318543887994368 0.0010211163370899847 0.0091076137736045282 -0.0017799170779905012 -0.0050659845235683457 -0.0013895730859429481 0.013889253039802997 0.00024998837663267988 -0.0020609881005275474 0.0076003734083460494 0.000816136704416094 -0.0030729283498385513 -0.0022960762093452744
leaf_weight=176 11549 71 45 80 57 263 486 42 137 115 55 93 62 425
leaf_count=176 11549 71 45 80 57 263 486 42 137 115 55 93 62 425
internal_value=-0.000229204 -2.90288e-05 -0.00217426 0.00293269 0.00156934 -0.0023749 -0.00196653 -0.00106383 0.000442176 -0.000436509 -7.96138e-05 0.00166667 0.00048387 -0.00011024
internal_weight=13656 12392 1264 208 137 1219 956 470 294 252 12184 210 155 11974
internal_count=13656 12392 1264 208 137 1219 956 470 294 252 12184 210 155 11974
cat_boundaries=0 2
cat_threshold=1610629120 16384
is_linear=0
shrinkage=0.05


Tree=56
num_leaves=15
num_cat=0
split_feature=7 6 2 4 4 5 4 4 2 4 5 4 4 4
split_gain=1.71456 0.783849 0.423691 0.357358 0.577663 0.542531 1.0345 0.320832 0.465739 0.29548 0.275135 0.218014 0.202056 0.179154
threshold=1.0000000180025095e-35 2.0447484484576397 41.350000000000009 13.491666666666669 9.0916666666666686 1.0000000180025095e-35 11.525000000000002 9.3750000000000018 102.90000000000002 6.9750000000000005 3.5000000000000004 10.208333333333334 17.675000000000004 19.908333333333335
decision_type=2 2 2 2 2 2 2 2 2 2 2 2 2 2
left_child=1 13 3 4 9 -6 11 -3 -9 10 -2 -7 -10 -1
right_child=2 7 -4 -5 5 6 -8 8 12 -11 -12 -13 -14 -15
leaf_value=-0.00014569697784497655 -0.0010673082318184424 0.018445885834014835 -0.0048145807232861659 -0.0012162885001058344 0.013286606286041593 0.000581580918587968 -0.0017086716929770086 0.0150610781269747 -0.0045622791231032167 -0.0018503787953249142 0.00038730827540766141 0.00012316025554984819 0.0096200509598116379 -0.0012648050464615038
leaf_weight=11316 51 47 255 512 40 64 121 51 43 103 40 66 50 859
leaf_count=11316 51 47 255 512 40 64 121 51 43 103 40 66 50 859
internal_value=-0.000241593 -6.30774e-05 -0.00200479 -0.00153962 -0.000567012 0.000841923 -1.99215e-05 0.00311518 0.00194444 -0.00268041 -0.000604397 0.00307692 -0.000161292 -0.000112938
internal_weight=13618 12366 1252 997 485 291 251 191 144 194 91 130 93 12175
internal_count=13618 12366 1252 997 485 291 251 191 144 194 91 130 93 12175
is_linear=0
shrinkage=0.05


Tree=57
num_leaves=15
num_cat=0
split_feature=7 2 6 5 4 2 4 4 4 4 2 5 5 2
split_gain=1.85231 0.439501 0.316447 0.374383 0.646368 0.335417 0.302083 0.638779 0.352136 0.315038 0.390052 0.396169 0.786414 0.706535
threshold=1.0000000180025095e-35 41.350000000000009 2.0447484484576397 1.5000000000000002 12.375000000000002 267.85000000000008 22.908333333333335 23.375000000000004 19.908333333333335 19.425000000000004 128.05000000000004 4.5000000000000009 3.5000000000000004 267.85000000000008
decision_type=2 2 2 2 2 2 2 2 2 2 2 2 2 2
left_child=2 -2 6 -4 -5 -6 8 -8 9 -1 -11 12 13 -12
right_child=1 -3 3 4 5 -7 7 -9 -10 10 11 -13 -14 -15
leaf_value=-0.0001935339391619806 -0.00080619479742379679 -0.0045571254191259626 -0.0012380227779327053 0.035748028944835301 0.011888548277022255 -0.0047490579810877502 0.004744183427579934 -0.0022972692020885475 -0.0016670833228509313 -0.0022027127793392289 0.0044057788945587144 0.008918039916616714 -0.0044754415994847849 0.0011264697638543057
leaf_weight=11003 982 267 56 40 43 47 91 89 676 96 41 77 41 113
leaf_count=11003 982 267 56 40 43 47 91 89 676 96 41 77 41 113
internal_value=-0.000242279 -0.00207766 -5.76021e-05 0.00198925 0.00346154 0.00111111 -8.87392e-05 0.00194444 -0.000119118 -5.32067e-05 0.00138587 0.00235294 0.00115384 0.00279221
internal_weight=13662 1249 12413 186 130 90 12227 180 12047 11371 368 272 195 154
internal_count=13662 1249 12413 186 130 90 12227 180 12047 11371 368 272 195 154
is_linear=0
shrinkage=0.05


Tree=58
num_leaves=15
num_cat=1
split_feature=7 6 6 2 2 0 4 4 5 4 4 2 4 4
split_gain=1.876 0.484583 0.446616 0.367391 0.325011 0.307246 0.280709 0.538748 0.559246 0.806907 0.23071 0.218933 0.208547 0.373182
threshold=1.0000000180025095e-35 1.4874286478830445 1.957231865133048 295.25000000000006 41.350000000000009 0 13.491666666666669 9.0916666666666686 1.0000000180025095e-35 11.525000000000002 22.975000000000005 29.450000000000003 0.23333333333333336 2.1583333333333337
decision_type=2 2 2 2 2 9 2 2 2 2 2 2 2 2
left_child=2 4 5 -4 6 10 7 -2 -9 11 -1 -10 -7 -14
right_child=1 -3 3 -5 -6 12 -8 8 9 -11 -12 -13 13 -15
leaf_value=0.00033800807779442953 -0.0010477597102398677 0.0011146798447246792 0.011377384770186211 -0.00022378178086110867 -0.0043240236171368405 0.0035744728329139969 -0.0012351010119749529 0.013289407929789498 -0.00039170844120442493 -0.0015992642154214261 0.0031767839976034615 0.0010675493617936134 -0.0063302868092023692 -0.00043118337193710711
leaf_weight=5139 183 43 115 92 258 67 494 42 54 112 68 80 212 6677
leaf_count=5139 183 43 115 92 258 67 494 42 54 112 68 80 212 6677
internal_value=-0.000244208 -0.00207741 -5.65897e-05 0.00224638 -0.00226084 -9.57835e-05 -0.00183938 -0.000966031 0.000381943 -0.000528456 0.000194555 0.00208955 -0.00031295 -0.000340399
internal_weight=13636 1266 12370 207 1223 12163 965 471 288 246 5207 134 6956 6889
internal_count=13636 1266 12370 207 1223 12163 965 471 288 246 5207 134 6956 6889
cat_boundaries=0 2
cat_threshold=68223121 33357
is_linear=0
shrinkage=0.05


Tree=59
num_leaves=15
num_cat=5
split_feature=0 6 4 0 4 0 4 4 0 6 4 0 4 4
split_gain=1.93114 0.720102 0.399373 0.370131 0.26592 0.28145 0.516547 0.33599 0.643325 0.258662 0.242881 0.800184 1.00715 0.626819
threshold=0 2.0447484484576397 11.341666666666669 1 0.23333333333333336 2 19.591666666666672 3.2583333333333337 3 2.5784757249888215 8.2583333333333346 4 4.8750000000000009 7.5750000000000002
decision_type=9 2 2 9 2 9 2 2 9 2 2 9 2 2
left_child=3 4 -3 -1 -2 6 -6 8 -7 -4 11 12 -9 -13
right_child=1 2 9 -5 5 7 -8 10 -10 -11 -12 13 -14 -15
leaf_value=-0.0017144299571950036 0.0038873453223664772 0.018744755414843554 0.011795309484389879 -0.00069533864958100074 0.0019449729361901435 0.0004040068872125365 -0.0022651319639439573 0.0084064447730998974 -0.0050783812696953128 -0.0016888546646161113 -0.00035258334699102831 -0.0041636751548712958 0.00031369984773448327 0.0036101909868526366
leaf_weight=599 109 56 64 907 1174 262 122 122 261 52 9185 317 284 108
leaf_count=599 109 56 64 907 1174 262 122 122 261 52 9185 317 284 108
internal_value=-0.000283366 -7.25725e-05 0.00313953 -0.0019657 -0.000118889 -0.000141531 0.000551301 -0.000227037 -0.00146272 0.00146552 -0.000162741 0.000655835 0.00221154 -0.00086207
internal_weight=13622 12116 172 1506 11944 11835 1296 10539 523 116 10016 831 406 425
internal_count=13622 12116 172 1506 11944 11835 1296 10539 523 116 10016 831 406 425
cat_boundaries=0 2 4 6 8 10
cat_threshold=1610629145 16384 1073758208 16384 67175554 4 135266304 2625 2147483648 2721
is_linear=0
shrinkage=0.05


Tree=60
num_leaves=15
num_cat=3
split_feature=0 6 0 6 0 4 4 4 4 4 5 4 4 2
split_gain=1.6383 0.515376 0.444275 0.443525 0.322907 0.288449 0.603494 0.729076 0.943343 0.394297 0.389352 0.273777 0.299485 0.232906
threshold=0 1.3766220136373084 1 2.1045847118018899 2 15.008333333333335 8.9916666666666689 11.275000000000002 13.29166666666667 13.941666666666668 2.5000000000000004 16.008333333333336 16.758333333333336 102.90000000000002
decision_type=9 2 9 2 9 2 2 2 2 2 2 2 2 2
left_child=1 2 -1 4 -2 6 -4 -8 -9 -10 -11 -7 -13 -5
right_child=3 -3 5 13 -6 11 7 8 9 10 -12 12 -14 -15
leaf_value=-0.0040311838345759802 0.0005899922819034535 0.0013793464219969227 -0.001294253843209907 0.013590685064452063 -0.00035090476434917973 -0.0015916575294244791 0.00067455620826938935 -0.0019286133316812303 0.01267167234014065 -0.0022970138505583495 0.0039546195537397992 0.00026615069087798535 -0.0013600155154466795 0.0077577877076343716
leaf_weight=262 4324 56 222 59 7565 110 148 181 42 54 90 41 373 97
leaf_count=262 4324 56 222 59 7565 110 148 181 42 54 90 41 373 97
internal_value=-0.000155609 -0.00166457 -0.00184833 4.35492e-05 8.8305e-06 -0.00142014 -0.00079376 0.00014563 -0.00104905 0.00145161 0.000208332 -0.00232825 -0.00173913 0.00269231
internal_weight=13624 1579 1523 12045 11889 1261 737 515 367 186 144 524 414 156
internal_count=13624 1579 1523 12045 11889 1261 737 515 367 186 144 524 414 156
cat_boundaries=0 2 4 6
cat_threshold=1610629144 81920 16384 16384 67240579 1732
is_linear=0
shrinkage=0.05


Tree=61
num_leaves=15
num_cat=0
split_feature=7 6 2 4 4 5 4 6 2 4 6 5 4 2
split_gain=1.63263 0.503224 0.421389 0.262731 0.588654 0.579745 0.761425 0.248202 0.547387 0.519503 0.319527 0.242268 0.302788 0.457034
threshold=1.0000000180025095e-35 1.4874286478830445 41.350000000000009 13.491666666666669 9.0916666666666686 1.0000000180025095e-35 11.275000000000002 1.3355396910605088 709.9000000000002 8.7250000000000014 2.6428606030466071 4.5000000000000009 17.758333333333336 267.85000000000008
decision_type=2 2 2 2 2 2 2 2 2 2 2 2 2 2
left_child=7 2 3 4 -2 -6 -7 -1 9 -9 11 12 13 -11
right_child=1 -3 -4 -5 5 6 -8 8 -10 10 -12 -13 -14 -15
leaf_value=-9.5677457869766189e-05 -0.00090228829884634253 0.0011003126431026232 -0.0038415658339018169 -0.0010818662599397959 0.011831459486639381 0.00024125199509608902 -0.0011822904898358649 -0.0022584485314141511 -0.0079049580737666474 0.017034605698747787 -0.0012822164172969185 0.002724906516295725 0.0067080976708539025 0.00010630338176381461
leaf_weight=12092 176 41 264 500 40 118 124 54 56 45 45 49 44 48
leaf_count=12092 176 41 264 500 40 118 124 54 56 45 45 49 44 48
internal_value=-0.000199329 -0.00191212 -0.00209493 -0.00160752 -0.000742359 0.000673758 -0.000247935 -2.5337e-05 0.00130498 0.00219298 0.00322511 0.00413978 0.00521898 0.00360215
internal_weight=13696 1263 1222 958 458 282 242 12433 341 285 231 186 137 93
internal_count=13696 1263 1222 958 458 282 242 12433 341 285 231 186 137 93
is_linear=0
shrinkage=0.05


Tree=62
num_leaves=15
num_cat=3
split_feature=0 6 2 7 4 4 4 4 4 2 2 0 0 4
split_gain=1.41122 0.464081 0.580081 0.339882 0.422236 0.864268 0.342407 1.03899 0.311514 0.196671 0.192575 0.177588 0.170313 0.421467
threshold=0 1.3355396910605088 295.25000000000006 1.0000000180025095e-35 13.491666666666669 9.3083333333333353 12.641666666666667 11.525000000000002 9.5750000000000011 67.300000000000026 867.75000000000011 1 2 19.591666666666672
decision_type=9 2 2 2 2 2 2 2 2 2 2 9 9 2
left_child=8 3 -3 12 5 -5 7 -7 9 -1 -4 -10 13 -2
right_child=1 2 10 4 -6 6 -8 -9 11 -11 -12 -13 -14 -15
leaf_value=0.0002015108181446356 0.0016926502883847436 0.0047205912074185273 0.0019790363717813041 -0.00086570215060912151 -0.0012097885862913593 0.0012470347675227541 0.011206969392708654 -0.0016601389217929603 -0.0036344155925226887 -0.0059644686112294244 -0.0071215924720731474 -0.001107003807071044 -0.0002619358635127005 -0.0019303114876261602
leaf_weight=46 1287 193 115 170 283 76 45 56 228 61 51 402 10531 129
leaf_count=46 1287 193 115 170 283 76 45 56 228 61 51 402 10531 129
internal_value=-0.000209538 -8.72868e-05 0.00168524 -0.000137951 -0.00126984 -0.000100866 0.00234463 0.0010606 -0.00232263 0.000140186 -0.000481929 -0.00277778 -7.82635e-05 0.000434781
internal_weight=13673 12936 359 12577 630 347 177 132 737 107 166 630 11947 1416
internal_count=13673 12936 359 12577 630 347 177 132 737 107 166 630 11947 1416
cat_boundaries=0 2 4 6
cat_threshold=1073758728 16384 16384 16384 67110018 32772
is_linear=0
shrinkage=0.05


Tree=63
num_leaves=15
num_cat=0
split_feature=7 2 4 4 4 4 4 5 4 3 4 4 4 4
split_gain=1.40902 0.556319 0.248439 0.427771 0.424946 0.30486 0.360198 0.219774 0.195967 0.400861 0.421289 0.212957 0.485099 0.459373
threshold=1.0000000180025095e-35 41.350000000000009 11.525000000000002 9.2416666666666689 6.9750000000000005 13.441666666666668 14.375000000000002 3.5000000000000004 22.975000000000005 7.3500000000000005 23.375000000000004 20.883333333333336 19.425000000000004 19.708333333333336
decision_type=2 2 2 2 2 2 2 2 2 2 2 2 2 2
left_child=8 2 3 4 7 -4 -7 -2 11 -10 -11 12 -1 -14
right_child=1 -3 5 -5 -6 6 -8 -9 9 10 -12 -13 13 -15
leaf_value=-0.00018452889108835623 -0.00079353135559138152 -0.0034639875779115372 -0.0017290595289045135 0.00039954727824433435 -0.0014764449425568428 0.010144153724990513 -0.00071812565440612696 0.00044865000874703661 0.0092058346196833424 0.0038783059211561985 -0.0026757160535988964 -0.0012223528556334902 0.004221614156725919 0.0004221943645102541
leaf_weight=11045 42 260 137 135 111 52 483 40 41 53 62 417 228 448
leaf_count=11045 42 260 137 135 111 52 483 40 41 53 62 417 228 448
internal_value=-0.000193302 -0.00178572 -0.00125 -0.000121952 -0.00163213 -0.0018006 -0.00126168 0.00109756 -3.00972e-05 0.00173077 0.00021739 -5.27282e-05 -1.32253e-05 0.00128698
internal_weight=13554 1260 1000 328 193 672 535 82 12294 156 115 12138 11721 676
internal_count=13554 1260 1000 328 193 672 535 82 12294 156 115 12138 11721 676
is_linear=0
shrinkage=0.05


Tree=64
num_leaves=15
num_cat=3
split_feature=0 0 2 4 4 6 4 0 4 4 4 4 5 4
split_gain=1.5768 0.391617 0.299174 0.305242 0.276844 0.26983 0.246383 1.00871 0.394949 0.377079 0.613721 0.26798 0.258195 0.242624
threshold=0 1 41.350000000000009 10.141666666666667 0.23333333333333336 2.1045847118018899 8.7250000000000014 2 8.8416666666666686 0.82500000000000007 2.1583333333333337 4.8750000000000009 1.0000000180025095e-35 1.0083333333333335
decision_type=9 9 2 2 2 2 2 9 2 2 2 2 2 2
left_child=2 6 3 -1 -3 13 7 9 -8 -2 -11 -12 -9 -6
right_child=1 4 -4 -5 5 -7 8 12 -10 10 11 -13 -14 -15
leaf_value=0.00010382359316871964 0.0044067602765969459 0.003456360873374067 -0.0032879800895022761 -0.00085623347565690923 -0.0041382247353862157 0.0080570939506829208 0.01476117783511105 0.0005281244181904052 0.00061765076964126529 -0.0060717993283030073 0.011467092131572692 0.0020743928425822952 -0.0032563710714693822 -0.00043660080310870474
leaf_weight=49 46 55 327 295 65 80 45 115 6096 63 105 179 649 5443
leaf_count=49 46 55 327 295 65 80 45 115 6096 63 105 179 649 5443
internal_value=-0.000158685 -3.51336e-05 -0.00250367 -0.00151163 -0.000347604 -0.000382965 0.000206622 -0.000462404 0.000333006 0.00157568 0.00105187 0.00204225 -0.00151163 -0.000424838
internal_weight=13612 12941 671 344 5643 5588 7298 1157 6141 393 347 284 764 5508
internal_count=13612 12941 671 344 5643 5588 7298 1157 6141 393 347 284 764 5508
cat_boundaries=0 2 4 6
cat_threshold=1073758216 16384 2352152704 33478 68157568 640
is_linear=0
shrinkage=0.05


Tree=65
num_leaves=15
num_cat=5
split_feature=0 0 4 4 0 4 4 0 0 4 4 4 4 4
split_gain=1.31915 0.596707 0.900228 0.209134 0.399195 0.25943 0.222883 0.710758 0.314559 0.48238 0.339436 0.39558 0.253806 0.453407
threshold=0 1 1.5083333333333335 2.1583333333333337 2 0.82500000000000007 6.1250000000000009 3 4 9.9916666666666689 10.575000000000001 10.441666666666668 3.2583333333333337 4.8750000000000009
decision_type=9 9 2 2 9 2 2 9 9 2 2 2 2 2
left_child=-1 2 -2 4 5 -3 7 -5 9 -8 11 -11 -9 -14
right_child=1 3 -4 6 -6 -7 8 12 -10 10 -12 -13 13 -15
leaf_value=-0.003126389194540852 0.0016663119676194515 0.0040870761387871045 -0.00079119129672870997 -0.0027068669003171182 -0.0015410566058846661 -0.0016002316252632994 -0.0011738349674159656 0.0018202516896184487 -0.00037634452871123742 0.000669192146960655 0.00080767245101300087 0.0058657443817941041 0.010710592804730364 0.00011079423636936913
leaf_weight=260 58 48 2765 288 317 57 554 105 5653 98 3152 47 116 84
leaf_count=260 58 48 2765 288 317 57 554 105 5653 98 3152 47 116 84
internal_value=-0.000243348 -0.000173009 -0.000817156 4.73688e-07 -0.00109005 0.00152174 4.60521e-05 0.000986508 -1.26275e-05 0.000335404 0.000565665 0.00293103 0.00261905 0.00375
internal_weight=13602 13342 2823 10519 422 105 10097 593 9504 3851 3297 145 305 200
internal_count=13602 13342 2823 10519 422 105 10097 593 9504 3851 3297 145 305 200
cat_boundaries=0 2 4 6 8 10
cat_threshold=16384 16384 1610613784 24 135266304 132 134217728 102 2228737 33862
is_linear=0
shrinkage=0.05


Tree=66
num_leaves=15
num_cat=3
split_feature=0 0 6 4 3 4 4 2 5 4 4 4 4 0
split_gain=1.28737 0.499319 0.344811 0.24552 0.232031 0.263828 0.514099 0.573329 0.33206 0.23397 0.670243 0.198241 0.163628 0.36784
threshold=0 1 2.5708020820541093 0.23333333333333336 7.0000000000000009 8.408333333333335 3.2583333333333337 585.60000000000002 3.5000000000000004 9.0916666666666686 11.008333333333335 8.7750000000000021 12.008333333333335 2
decision_type=9 9 2 2 2 2 2 2 2 2 2 2 2 9
left_child=-1 2 12 -3 9 6 7 -6 -8 -5 -11 -7 13 -2
right_child=1 3 -4 4 5 11 8 -9 -10 10 -12 -13 -14 -15
leaf_value=-0.0029766920617165129 -0.0012580244953535194 0.0015007352353068103 0.013215303742150417 -0.0011594699161394263 -0.0047326009727838708 -0.0035616320518963825 0.00010287931153675728 0.001201604158689854 0.006574766124256462 0.00048578422278825118 -0.0006939994159192971 -0.00054263299573332861 0.00062601675544349418 0.0008593950161737172
leaf_weight=267 1289 42 55 198 102 76 203 114 166 117 707 3822 4952 1516
leaf_count=267 1289 42 55 198 102 76 203 114 166 117 707 3822 4952 1516
internal_value=-0.000182006 -0.000111827 0.000145742 -0.000474178 -0.000504088 -0.000349098 0.000641024 -0.0012963 0.00177507 -0.00118395 -0.000813108 -0.000497692 0.000117957 -0.000187167
internal_weight=13626 13359 7812 5547 5505 4483 585 216 369 1022 824 3898 7757 2805
internal_count=13626 13359 7812 5547 5505 4483 585 216 369 1022 824 3898 7757 2805
cat_boundaries=0 2 4 6
cat_threshold=16384 16384 2350055553 33494 2281701377 32834
is_linear=0
shrinkage=0.05


Tree=67
num_leaves=15
num_cat=5
split_feature=0 6 0 5 5 4 5 4 0 4 0 5 0 4
split_gain=1.61258 0.346503 0.268518 0.464216 0.281795 0.261652 0.553605 0.289222 0.423059 0.362843 1.0448 0.362969 0.26799 0.428773
threshold=0 2.7077599053781731 1 3.5000000000000004 4.5000000000000009 0.23333333333333336 2.5000000000000004 3.2583333333333337 2 6.4166666666666679 3 3.5000000000000004 4 7.0250000000000012
decision_type=9 2 9 2 2 2 2 2 9 2 9 2 9 2
left_child=-1 2 3 -2 -5 6 -4 8 -7 10 11 -9 13 -11
right_child=1 -3 5 4 -6 7 -8 9 -10 12 -12 -13 -14 -15
leaf_value=-0.0014740523692901954 0.0024692269544851751 0.011806103237398226 -0.00054888422080543277 -0.0066965220598104395 0.00061890569681108463 0.00070488849185450773 0.0034878924179329411 -0.0045304497583302326 -0.002749647229964279 -0.015294194688636921 0.0061613984897996707 0.00058622196441482366 -0.00064885807821843389 6.5503724838090861e-05
leaf_weight=650 413 57 41 96 205 281 78 121 312 42 295 106 5597 5373
leaf_count=650 413 57 41 96 205 281 78 121 312 42 295 106 5597 5373
internal_value=-0.000240361 -0.000117833 -0.000135032 0.000801104 -0.000681064 -0.000190112 0.00214286 -0.000213162 -0.00129005 -0.000157796 0.00113027 -0.0014135 -0.000218853 3.22569e-05
internal_weight=13667 13017 12960 714 301 12246 119 12127 593 11534 522 227 11012 5415
internal_count=13667 13017 12960 714 301 12246 119 12127 593 11534 522 227 11012 5415
cat_boundaries=0 2 3 5 7 9
cat_threshold=1073758216 16384 134284929 1048576 2641 537919504 83 67108864 34414
is_linear=0
shrinkage=0.05


Tree=68
num_leaves=15
num_cat=5
split_feature=0 6 0 4 6 4 0 4 4 4 0 4 0 4
split_gain=1.21103 0.375818 0.326074 0.351098 0.327838 0.23821 0.699305 0.277114 0.398902 0.320279 0.708929 0.491268 0.229425 0.577321
threshold=0 2.7077599053781731 1 0.23333333333333336 1.7981909629808028 20.625000000000004 2 20.141666666666669 19.908333333333335 19.425000000000004 3 19.625000000000004 4 17.508333333333336
decision_type=9 2 9 2 2 2 9 2 2 2 9 2 9 2
left_child=-1 2 4 -4 5 7 -7 8 9 12 11 -11 13 -2
right_child=1 -3 3 -5 -6 6 -8 -9 -10 10 -12 -13 -14 -15
leaf_value=-0.0027400441818003296 -0.00025191112860974992 0.011326603026501493 0.003155286899453302 -0.00051046852614296571 0.0074224109818478053 0.0031151538250827216 -0.0020375358927126508 0.0036609306990160934 -0.0084354476641845446 0.0052760445899348689 0.0077735035489810414 -0.0029014515802566524 0.00028479098148106985 -0.0038588850411927882
leaf_weight=262 2335 56 45 4740 118 118 313 82 74 44 147 76 4820 376
leaf_count=262 2335 56 45 4740 118 118 313 82 74 44 147 76 4820 376
internal_value=-0.000226372 -0.000158755 -0.0001761 -0.000505736 9.98354e-06 -2.68348e-05 -0.00117169 3.52012e-05 5.08011e-06 3.97526e-05 0.00174157 -0.00115385 -2.05828e-05 -0.000387726
internal_weight=13606 13344 13288 4785 8503 8385 431 7954 7872 7798 267 120 7531 2711
internal_count=13606 13344 13288 4785 8503 8385 431 7954 7872 7798 267 120 7531 2711
cat_boundaries=0 2 4 6 8 10
cat_threshold=16384 16384 2284913280 1773 134217728 72 0 197 2281766912 40
is_linear=0
shrinkage=0.05


Tree=69
num_leaves=15
num_cat=0
split_feature=7 2 4 4 5 4 4 6 4 4 4 4 4 4
split_gain=1.06922 0.610219 0.225893 0.936365 0.291057 0.23716 0.675349 0.171594 0.170517 0.552552 0.277818 0.295865 0.17787 0.13277
threshold=1.0000000180025095e-35 41.350000000000009 13.491666666666669 13.008333333333335 3.5000000000000004 9.0916666666666686 11.525000000000002 2.7077599053781731 15.741666666666669 17.058333333333337 17.891666666666669 19.475000000000005 18.808333333333337 11.008333333333335
decision_type=2 2 2 2 2 2 2 2 2 2 2 2 2 2
left_child=7 2 3 4 5 -2 -7 -1 -4 -10 -11 12 -12 -6
right_child=1 -3 8 -5 13 6 -8 -9 9 10 11 -13 -14 -15
leaf_value=-0.0001024456856975208 -0.0016830562579563668 -0.0026018813178792155 -0.0012078467934354439 0.010533015498922604 0.00014562286443123428 0.00056763781933141604 -0.0022021311891994365 0.010206246500976795 0.00055849221785048023 -0.0013976588245753147 -0.00063611692814097482 -0.0011664421117718044 0.0019083256808806841 -0.00072370634618384782
leaf_weight=12275 99 268 158 42 143 75 54 51 70 64 63 122 43 69
leaf_count=12275 99 268 158 42 143 75 54 51 70 64 63 122 43 69
internal_value=-0.00019344 -0.0015748 -0.00100799 -0.000228217 -0.000909092 -0.00214912 -0.000736435 -5.11127e-05 -0.00173077 -0.0011326 -0.00208904 -0.00127193 0.000660376 0.000424527
internal_weight=13596 1270 1002 482 440 228 129 12326 520 362 292 228 106 212
internal_count=13596 1270 1002 482 440 228 129 12326 520 362 292 228 106 212
is_linear=0
shrinkage=0.05


Tree=70
num_leaves=15
num_cat=0
split_feature=7 2 6 5 4 4 4 5 4 4 5 5 5 4
split_gain=1.09989 0.610566 0.349935 0.53186 0.762195 0.284463 0.425721 0.303293 0.239362 0.59816 0.185084 0.158737 0.153682 0.406657
threshold=1.0000000180025095e-35 41.350000000000009 2.0447484484576397 1.5000000000000002 12.375000000000002 13.491666666666669 13.008333333333335 3.5000000000000004 11.725000000000001 10.075000000000001 1.0000000180025095e-35 5.5000000000000009 1.0000000180025095e-35 11.808333333333335
decision_type=2 2 2 2 2 2 2 2 2 2 2 2 2 2
left_child=2 5 12 -4 -5 6 7 8 9 -2 -7 -9 13 -1
right_child=1 -3 3 4 -6 10 -8 11 -10 -11 -12 -13 -14 -15
leaf_value=0.00094116632603005149 -0.00089319278880228023 -0.0024851631370264361 -0.0026705433463454047 0.03020737125691051 0.0033040193301795218 -0.001034299152358186 0.009287726384646101 0.00027932809603443021 -0.0027486593191899094 0.00087498579213097236 -0.00057328971900709273 -0.00038951531968698348 5.3465380665954505e-05 -0.0017170234311186167
leaf_weight=549 135 265 60 41 80 67 41 140 47 53 449 76 10468 1152
leaf_count=549 135 265 60 41 80 67 41 140 47 53 449 76 10468 1152
internal_value=-0.000144243 -0.0015436 -1.19209e-09 0.00218232 0.00409091 -0.000982144 -0.000121952 -0.000565411 -0.00180851 -0.00101064 -0.00180233 0.000787036 -3.24607e-05 -0.000473252
internal_weight=13623 1273 12350 181 121 1008 492 451 235 188 516 216 12169 1701
internal_count=13623 1273 12350 181 121 1008 492 451 235 188 516 216 12169 1701
is_linear=0
shrinkage=0.05


Tree=71
num_leaves=15
num_cat=4
split_feature=0 0 4 4 4 4 4 4 0 4 4 0 4 6
split_gain=1.36603 0.362146 0.226639 0.473811 0.460254 0.694351 0.245723 0.219484 0.202705 0.331427 0.266043 0.374152 0.820827 0.277532
threshold=0 1 11.975000000000001 9.0916666666666686 13.29166666666667 13.991666666666669 7.2833333333333341 9.7083333333333339 2 20.625000000000004 3.2583333333333337 3 0.67500000000000016 1.3355396910605088
decision_type=9 9 2 2 2 2 2 2 9 2 2 9 2 2
left_child=-1 2 3 6 -4 -6 -2 -5 9 -3 11 12 -10 -12
right_child=1 8 4 7 5 -7 -8 -9 10 -11 13 -13 -14 -15
leaf_value=-0.0023860289233531341 -4.7734234988932109e-05 0.00094879233710708883 -0.0020130916860328853 0.00051499648855482776 0.0093024320486511658 -0.00057983052510734274 -0.0013006886509659508 0.00016649038219772349 0.0035675322975270308 -0.0015248964174520482 -0.00010996617174235138 -0.0031374396842497941 -0.0048326386971450086 0.0030387352645944712
leaf_weight=276 116 2111 107 40 45 564 84 162 63 110 9201 358 199 242
leaf_count=276 116 2111 107 40 45 564 84 162 63 110 9201 358 199 242
internal_value=-0.000182045 -0.000108859 -0.000966313 -2.48768e-05 -0.00150838 -0.000977013 -0.00175 0.00168317 -3.00972e-05 0.000401164 -0.000125584 -0.00112903 0.000330881 -5.98339e-05
internal_weight=13678 13402 1118 402 716 609 200 202 12284 2221 10063 620 262 9443
internal_count=13678 13402 1118 402 716 609 200 202 12284 2221 10063 620 262 9443
cat_boundaries=0 2 3 5 7
cat_threshold=16384 16384 1610612738 1049216 65541 134217728 2200
is_linear=0
shrinkage=0.05


Tree=72
num_leaves=15
num_cat=4
split_feature=0 6 3 0 4 0 4 4 4 4 0 3 6 4
split_gain=1.38248 0.483902 0.457546 0.444705 0.4874 0.464786 0.774629 0.466426 0.378612 0.372085 0.578288 0.286835 0.282332 0.265019
threshold=0 1.3355396910605088 42.300000000000004 1 9.8416666666666686 2 9.3083333333333353 0.67500000000000016 3.058333333333334 17.958333333333336 3 9.2500000000000018 1.6821438309044103 5.6750000000000016
decision_type=9 2 2 9 2 9 2 2 2 2 9 2 2 2
left_child=-1 3 12 -2 5 6 8 -7 -5 -6 -11 13 -3 -9
right_child=1 2 -4 4 9 7 -8 11 -10 10 -12 -13 -14 -15
leaf_value=-0.0022453944219523515 1.2199609957291603e-05 0.0039498345561663753 -0.0079617016735919945 0.0050188724508308099 -0.0011707563892431481 0.0017334091927844249 0.0069311929322605596 -0.0008342715840242628 0.0003422177826099467 0.0008509430099230453 -0.0010226077269178287 -0.00013369550153691261 0.0059297283685468116 -0.00047484799300812031
leaf_weight=409 7704 63 48 57 2591 41 47 63 289 883 553 476 251 141
leaf_count=409 7704 63 48 57 2591 41 47 63 289 883 553 476 251 141
internal_value=-0.000262927 -0.000172885 0.00162983 -0.000223824 -0.000583383 0.000341112 0.00169975 -0.000417238 0.000924854 -0.000840577 -0.000194987 -0.000735295 0.00232484 -0.00230392
internal_weight=13616 13207 362 12845 5141 1114 393 721 346 4027 1436 680 314 204
internal_count=13616 13207 362 12845 5141 1114 393 721 346 4027 1436 680 314 204
cat_boundaries=0 2 4 6 8
cat_threshold=17424 16384 2282750594 34414 1140916224 17 2228225 2176
is_linear=0
shrinkage=0.05


Tree=73
num_leaves=15
num_cat=5
split_feature=0 0 6 4 4 5 0 4 4 5 0 0 2 4
split_gain=1.25901 0.324214 0.382973 0.374036 0.646293 0.601215 0.330987 0.290835 0.564318 0.460104 0.370322 0.262532 0.260888 0.239596
threshold=0 1 2.140466066169008 19.908333333333335 19.425000000000004 4.5000000000000009 2 8.0083333333333346 8.3250000000000011 3.5000000000000004 3 4 867.75000000000011 19.708333333333336
decision_type=9 9 2 2 2 2 9 2 2 2 9 9 2 2
left_child=-1 2 -2 4 7 12 -5 9 -9 10 -3 -10 13 -6
right_child=1 3 -4 6 5 -7 -8 8 11 -11 -12 -13 -14 -15
leaf_value=-0.002115883074564119 1.3098623722739654e-05 -0.0024260631888809539 0.008836108468281454 0.00035912218902506564 0.0010592114290109368 0.0088575565530611012 -0.0038201433430914166 -0.0024072858126065401 -9.1728217182802924e-05 0.0018385317324735647 0.00054080566178187431 -0.00092133558053946103 0.0021807592063492818 -0.0030346618942753991
leaf_weight=267 7136 136 113 119 56 66 296 128 2110 308 231 2585 46 41
leaf_count=267 7136 136 113 119 56 66 296 128 2110 308 231 2585 46 41
internal_value=-0.000219242 -0.000149841 7.64556e-05 -0.000417483 -0.000312775 0.00241627 -0.00186747 -0.000416516 -0.000552562 0.000555554 -0.000640328 -0.00046326 0.000594404 -0.00087629
internal_weight=13638 13371 7249 6122 5707 209 415 5498 4823 675 367 4695 143 97
internal_count=13638 13371 7249 6122 5707 209 415 5498 4823 675 367 4695 143 97
cat_boundaries=0 2 4 6 8 10
cat_threshold=16384 16384 135399041 98550 536870928 8 538968080 512 2753626114 1024
is_linear=0
shrinkage=0.05


Tree=74
num_leaves=15
num_cat=2
split_feature=0 0 4 4 4 4 5 5 4 5 4 5 5 4
split_gain=1.28655 0.34202 0.215539 0.498288 0.422986 0.682012 0.295764 0.243303 0.239911 0.229567 0.343287 0.216928 0.195606 0.175821
threshold=0 1 11.975000000000001 8.9916666666666689 13.441666666666668 14.075000000000001 1.0000000180025095e-35 3.5000000000000004 10.658333333333335 1.5000000000000002 18.175000000000004 3.5000000000000004 3.5000000000000004 0.67500000000000016
decision_type=9 9 2 2 2 2 2 2 2 2 2 2 2 2
left_child=-1 2 3 12 -4 7 -7 -6 11 10 -8 -5 -2 -3
right_child=1 13 4 8 5 6 9 -9 -10 -11 -12 -13 -14 -15
leaf_value=-0.00203355304618375 -0.0007378502544173887 0.0020481326007864079 -0.0016931989604565775 0.00031980756055729841 0.0091399808422586108 -0.0010124104365436615 0.00076958913885503315 0.00015053830584141903 1.1309099415529035e-05 -0.0005574333506063665 -0.0016276872889790237 0.00148745302861835 -2.7655406409060148e-05 6.2536794983675122e-06
leaf_weight=263 143 157 164 61 52 126 89 45 97 618 42 50 115 11652
leaf_count=263 143 157 164 61 52 126 89 45 97 618 42 50 115 11652
internal_value=-0.000136757 -6.74328e-05 -0.000750622 0.000150213 -0.00112676 -0.000730454 -0.00117143 0.00324742 0.00197115 -0.000794394 0.00110687 0.00355856 -0.00131783 2.58047e-05
internal_weight=13674 13411 1602 466 1136 972 875 97 208 749 131 111 258 11809
internal_count=13674 13411 1602 466 1136 972 875 97 208 749 131 111 258 11809
cat_boundaries=0 2 4
cat_threshold=16384 16384 1677852696 65536
is_linear=0
shrinkage=0.05


Tree=75
num_leaves=15
num_cat=0
split_feature=7 2 4 4 4 3 4 4 6 3 4 4 5 4
split_gain=0.920155 0.690075 0.241474 0.287389 0.227075 0.377732 0.384653 0.269472 0.321008 0.247123 0.222625 0.206242 0.410862 0.485225
threshold=1.0000000180025095e-35 41.350000000000009 19.475000000000005 18.758333333333336 22.975000000000005 7.3500000000000005 23.375000000000004 20.625000000000004 2.7077599053781731 44.050000000000004 3.2583333333333337 8.2583333333333346 2.5000000000000004 7.0250000000000012
decision_type=2 2 2 2 2 2 2 2 2 2 2 2 2 2
left_child=4 2 3 -2 7 -6 -7 8 10 -9 -1 12 -12 -14
right_child=1 -3 -4 -5 5 6 -8 9 -10 -11 11 -13 13 -15
leaf_value=-0.00085451342004045554 -0.0002041977639918243 -0.0019256528631839799 -0.00097081118460453492 0.0018009772853553069 0.0089802320545257774 0.0036434978335970255 -0.0038892316621480663 -0.00027721155274995223 0.0099952189196337322 -0.0068984727256365813 -0.00027392317818994048 -9.9761997634583094e-05 0.00081893860196955619 0.0070412228797081325
leaf_weight=716 824 269 121 41 41 52 68 408 43 80 430 9928 409 177
leaf_count=716 824 269 121 41 41 52 68 408 43 80 430 9928 409 177
internal_value=-0.000164255 -0.00145418 -0.000841786 -0.000549134 -3.31942e-05 0.0018323 0.000416665 -5.78307e-05 -9.82773e-06 -0.00120902 -2.57302e-05 3.01523e-05 0.00070866 0.00156996
internal_weight=13607 1255 986 865 12352 161 120 12191 11703 488 11660 10944 1016 586
internal_count=13607 1255 986 865 12352 161 120 12191 11703 488 11660 10944 1016 586
is_linear=0
shrinkage=0.05


Tree=76
num_leaves=15
num_cat=4
split_feature=0 0 6 2 4 4 6 5 0 4 4 4 5 0
split_gain=1.28098 0.42715 0.162951 0.401802 0.475338 0.410468 0.446429 0.205882 0.185755 0.566554 0.350971 0.308685 0.249555 0.388626
threshold=0 1 1.3355396910605088 608.50000000000011 8.7250000000000014 11.341666666666669 2.5421628270873113 2.5000000000000004 2 21.008333333333336 18.275000000000002 22.908333333333335 4.5000000000000009 3
decision_type=9 9 2 2 2 2 2 2 9 2 2 2 2 9
left_child=-1 -2 8 4 -4 -6 7 -7 9 10 -3 -10 13 -12
right_child=1 2 3 -5 5 6 -8 -9 11 -11 12 -13 -14 -15
leaf_value=-0.0018081464802255588 -0.00042395211690333408 0.00010483230193728702 -0.0035582307010108764 -0.003988983658319901 0.016320523896933625 0.007430198321919353 -0.0098606941387116773 0.0068808633293530848 -0.00042099720841103734 -0.0029604705438339043 -0.0029530324589591194 0.0028311268571013727 0.0038783589207784285 0.0017364237851278984
leaf_weight=266 1237 4519 44 72 45 51 42 75 6381 171 141 116 161 317
leaf_count=266 1237 4519 44 72 45 51 42 75 6381 171 141 116 161 317
internal_value=-0.000178913 -0.000109103 -1.85273e-05 0.00107903 0.00200389 0.00298122 0.00184524 0.00333333 -4.91288e-05 0.000170144 0.000264693 -0.000228217 0.00138126 0.000786025
internal_weight=13638 13372 12135 329 257 213 168 126 11806 5309 5138 6497 619 458
internal_count=13638 13372 12135 329 257 213 168 126 11806 5309 5138 6497 619 458
cat_boundaries=0 2 3 5 7
cat_threshold=16384 16384 1610612761 3277442 34438 2097152 1028
is_linear=0
shrinkage=0.05


Tree=77
num_leaves=15
num_cat=4
split_feature=0 6 4 0 4 4 4 4 4 4 0 4 4 0
split_gain=1.39393 0.440314 0.447576 0.265093 0.379808 0.410124 0.271886 0.946734 0.246519 0.518627 0.42263 0.48075 0.411229 0.675204
threshold=0 2.4846656714227131 11.341666666666669 1 11.275000000000002 8.5750000000000011 13.29166666666667 13.691666666666668 11.075000000000001 10.575000000000001 2 10.208333333333334 13.641666666666667 3
decision_type=9 2 2 9 2 2 2 2 2 2 9 2 2 9
left_child=-1 3 -3 4 5 -2 -6 -8 9 10 11 -5 13 -10
right_child=1 2 -4 8 6 -7 7 -9 12 -11 -12 -13 -14 -15
leaf_value=-0.0017523730298062978 -7.519488113302551e-05 0.015999077241844375 0.0026742462520787723 0.0005829672533103087 -0.0015559473850597525 0.00079195522545106472 0.0077853747132026422 -0.00063811949774335091 0.0035373005184760526 -0.0046973993732954723 -0.0008718161149223263 0.0039160748653712281 -6.7377832513135878e-05 -0.00012695679601832031
leaf_weight=261 324 41 71 840 277 305 50 1170 696 315 2180 66 6133 882
leaf_count=261 324 41 71 840 277 305 50 1170 696 315 2180 66 6133 882
internal_value=-0.000158329 -8.6079e-05 0.00303571 -0.000112556 -0.00062266 0.000405404 -0.00105879 -0.000737706 -1.43871e-05 -0.00036901 -0.000171745 0.00073144 0.000142004 0.000861849
internal_weight=13611 13350 112 13238 2126 629 1497 1220 11112 3401 3086 906 7711 1578
internal_count=13611 13350 112 13238 2126 629 1497 1220 11112 3401 3086 906 7711 1578
cat_boundaries=0 2 4 6 8
cat_threshold=16384 16384 1677721608 65552 1114259 133 2147549696 1570
is_linear=0
shrinkage=0.05


Tree=78
num_leaves=15
num_cat=5
split_feature=0 0 4 6 1 4 4 4 0 0 4 4 5 3
split_gain=1.44205 0.421493 0.443653 0.389023 0.241346 0.199642 0.17333 0.290516 0.300653 0.217613 1.16768 0.223883 0.44067 0.226651
threshold=0 1 0.23333333333333336 1.4647778729936263 2 1.0083333333333335 11.975000000000001 12.925000000000002 3 4 9.0916666666666686 7.8583333333333343 3.5000000000000004 19.400000000000002
decision_type=9 9 2 2 1 2 2 2 9 9 2 2 2 2
left_child=-1 3 -3 -2 5 -4 9 8 -8 10 -7 12 -11 -14
right_child=1 2 4 -5 -6 6 7 -9 -10 11 -12 -13 13 -15
leaf_value=-0.0016513442445231898 0.00010052572225560854 0.0038598754341690241 -0.003504961238591633 0.0058410988560944621 -0.0062907477373660356 -0.0011996257446848261 -0.0011640466740083326 -0.00048835200699351336 -0.002184344517790815 -0.00037571373591496478 0.0010522162617065637 -0.00022447892354249011 0.00042418576178709656 0.0072678769621783851
leaf_weight=269 6392 70 74 181 101 228 214 4282 154 245 130 1093 81 159
leaf_count=269 6392 70 74 181 101 228 214 4282 154 245 130 1093 81 159
internal_value=-0.000187597 -0.000113316 -0.000388102 0.000172413 -0.000429671 -0.000389806 -0.000361374 -0.000526883 -0.001875 3.61558e-05 -0.00105978 0.000289671 0.00118557 0.00270833
internal_weight=13673 13404 6831 6573 6761 6660 6586 4650 368 1936 358 1578 485 240
internal_count=13673 13404 6831 6573 6761 6660 6586 4650 368 1936 358 1578 485 240
cat_boundaries=0 2 4 5 7 9
cat_threshold=16384 16384 2349007491 1230 3 0 561 538968080 32768
is_linear=0
shrinkage=0.05


Tree=79
num_leaves=15
num_cat=4
split_feature=0 6 0 4 4 4 4 4 4 4 4 0 4 0
split_gain=1.65542 0.333416 0.330153 0.326906 0.270279 0.253121 0.223021 0.234595 0.692161 0.638883 0.405736 0.358107 0.319523 0.289426
threshold=0 2.7077599053781731 1 23.125000000000004 0.23333333333333336 23.375000000000004 2.6583333333333337 17.408333333333335 17.008333333333336 17.991666666666671 17.241666666666671 2 22.575000000000003 3
decision_type=9 2 9 2 2 2 2 2 2 2 2 9 2 9
left_child=-1 2 5 4 -4 6 -2 8 13 -9 -10 -11 -13 -8
right_child=1 -3 3 -5 -6 -7 7 9 10 11 -12 12 -14 -15
leaf_value=-0.0015955500873189158 -0.0024399910388497332 0.0078653245925051664 0.0027921984366861123 0.0044339447645171661 -0.00034643189055885465 -0.0064590772706019555 0.0036072448629740172 -0.0053302391376883647 0.0075712743362805132 0.0023024293307297608 0.0003007946519074614 -0.0009643098313353789 0.0020551610268266687 0.00053050773230415031
leaf_weight=270 284 57 71 91 7167 40 167 232 123 585 66 751 47 3727
leaf_count=270 284 57 71 91 7167 40 167 232 123 585 66 751 47 3727
internal_value=-0.000123557 -4.3972e-05 -6.02963e-05 -0.000285462 -0.000323295 0.000213858 0.000240721 0.000308879 0.000510653 -0.00020124 0.00346561 0.000206073 -0.000482674 0.00036723
internal_weight=13678 13408 13351 7329 7238 6022 5982 5698 4083 1615 189 1383 798 3894
internal_count=13678 13408 13351 7329 7238 6022 5982 5698 4083 1615 189 1383 798 3894
cat_boundaries=0 2 4 6 7
cat_threshold=16384 16384 2214659203 33446 1 32900 67110017
is_linear=0
shrinkage=0.05


Tree=80
num_leaves=15
num_cat=6
split_feature=0 0 4 6 4 0 0 4 4 4 4 0 0 4
split_gain=1.4237 0.336486 0.468316 0.373839 0.324122 0.414123 0.27282 0.306392 0.284633 0.281274 0.245708 0.723313 0.348604 0.405264
threshold=0 1 3.058333333333334 2.7372128119842878 17.408333333333335 2 3 17.058333333333337 15.858333333333336 15.191666666666668 18.125000000000004 4 5 0.23333333333333336
decision_type=9 9 2 2 2 9 9 2 2 2 2 9 9 2
left_child=-1 2 -2 10 6 -6 7 8 9 -4 12 -12 -3 -14
right_child=1 3 4 -5 5 -7 -8 -9 -10 -11 11 -13 13 -15
leaf_value=-0.0014871040997753273 -0.0050845832243334478 0.00029443818428356264 0.00094245248420415364 0.0070328259877349046 0.00071125494456170655 -0.0011619074963900003 -0.00036870811271523014 0.0056083754735582166 -0.0039456320587345833 0.0037925407482951759 0.0024460814921843871 -0.00083132723078390466 0.0026951913577639005 -0.00046196231717270683
leaf_weight=267 102 4332 557 41 272 410 441 41 92 48 1077 913 57 4932
leaf_count=267 102 4332 557 41 272 410 441 41 92 48 1077 913 57 4932
internal_value=-0.000188486 -0.000114448 -0.000717183 -9.68259e-06 -0.000540033 -0.00140763 -3.81691e-05 0.000548127 0.000308464 0.000702478 -2.69661e-05 0.000477386 -0.000134643 -0.000419085
internal_weight=13582 13315 1963 11352 1861 682 1179 738 697 605 11311 1990 9321 4989
internal_count=13582 13315 1963 11352 1861 682 1179 738 697 605 11311 1990 9321 4989
cat_boundaries=0 2 4 6 8 10 12
cat_threshold=16384 16384 1140850713 32800 1 32768 67108864 32 135266304 2254 2148598914 1605
is_linear=0
shrinkage=0.05


Tree=81
num_leaves=15
num_cat=4
split_feature=0 0 4 4 0 4 4 4 4 4 4 4 4 0
split_gain=1.46484 0.305622 0.256908 0.253373 0.166707 0.222483 0.295968 0.262961 0.349938 0.248342 0.199372 0.183952 0.37838 0.294873
threshold=0 1 20.991666666666671 20.358333333333338 2 7.5750000000000002 11.275000000000002 13.991666666666669 14.29166666666667 16.091666666666672 19.675000000000004 17.891666666666669 17.308333333333337 3
decision_type=9 9 2 2 9 2 2 2 2 2 2 2 2 9
left_child=-1 -2 3 4 5 -3 -7 -8 -9 -10 11 12 13 -6
right_child=1 2 -4 -5 10 6 7 8 9 -11 -12 -13 -14 -15
leaf_value=-0.0014118011807086773 0.00022547766856254411 -0.0068296366390306375 -0.0019313685570765998 0.0047020172731034419 -0.0017636966743839627 0.005128031517864293 -0.00724330976139751 0.0071554287881081848 -0.0064141604443684833 -0.0010743478336190232 -0.0010492527600712898 0.00051520406632936519 -0.0014249980114203686 -7.8065834078551864e-05
leaf_weight=266 8295 60 219 48 102 44 44 51 66 82 151 1255 157 2825
leaf_count=266 8295 60 219 48 102 44 44 51 66 82 151 1255 157 2825
internal_value=-0.000126236 -5.18321e-05 -0.000355887 -0.000281475 -0.000317347 -0.00135854 -0.000818817 -0.00150206 -0.000728644 -0.00195946 -0.000233335 -0.0001717 -0.000379379 -0.000251112
internal_weight=13665 13399 5104 4885 4837 347 287 243 199 148 4490 4339 3084 2927
internal_count=13665 13399 5104 4885 4837 347 287 243 199 148 4490 4339 3084 2927
cat_boundaries=0 2 4 6 8
cat_threshold=16384 16384 2349924482 3693 17 65536 131072 32768
is_linear=0
shrinkage=0.05


Tree=82
num_leaves=15
num_cat=3
split_feature=0 6 0 4 5 4 4 4 4 4 4 0 5 4
split_gain=1.42662 0.337387 0.295706 0.349663 0.268339 0.230451 0.19842 0.209146 0.181281 0.245304 0.591476 0.306581 0.25851 0.316692
threshold=0 2.7077599053781731 1 3.2583333333333337 5.5000000000000009 0.67500000000000016 23.375000000000004 22.908333333333335 3.058333333333334 13.441666666666668 13.641666666666667 2 3.5000000000000004 8.0083333333333346
decision_type=9 2 9 2 2 2 2 2 2 2 2 9 2 2
left_child=-1 2 3 4 5 -2 7 -5 -4 12 -11 -12 13 -10
right_child=1 -3 8 6 -6 -7 -8 -9 9 10 11 -13 -14 -15
leaf_value=-0.001326513256031426 0.00039393603055497658 0.0071152140298541529 0.0002583229796728034 0.00034185227314791056 -0.0085089847033651949 -0.0026355668847448171 -0.0057117397061823925 0.0028795859526062157 -0.002080842350452338 0.0074882216276359161 0.00011976327077640871 -0.00072658945467641949 -0.0001184981204031644 -0.00099830953142889976
leaf_weight=263 76 57 347 6853 44 274 49 54 228 69 2160 1338 923 886
leaf_count=263 76 57 347 6853 44 274 49 54 228 69 2160 1338 923 886
internal_value=-0.000139859 -6.65781e-05 -8.30777e-05 0.000129075 -0.0013198 -0.000857144 0.000211327 0.00023382 -0.000344742 -0.000413991 -0.000164005 -0.000254432 -0.000851744 -0.00136445
internal_weight=13621 13358 13301 7350 394 350 6956 6907 5951 5604 3567 3498 2037 1114
internal_count=13621 13358 13301 7350 394 350 6956 6907 5951 5604 3567 3498 2037 1114
cat_boundaries=0 2 4 6
cat_threshold=16384 16384 2281767059 34478 1076887552 67648
is_linear=0
shrinkage=0.05


Tree=83
num_leaves=15
num_cat=4
split_feature=0 6 0 4 4 5 4 4 4 0 4 0 5 4
split_gain=1.11579 0.332337 0.271734 0.447117 0.40252 0.589356 0.302527 0.167679 0.41751 0.165899 0.163316 0.151935 0.379735 0.150557
threshold=0 2.7077599053781731 1 19.475000000000005 18.808333333333337 2.5000000000000004 18.391666666666669 4.0083333333333337 5.6750000000000016 2 2.0166666666666671 3 1.5000000000000002 0.23333333333333336
decision_type=9 2 9 2 2 2 2 2 2 9 2 9 2 2
left_child=-1 2 3 4 6 -6 7 10 -9 -5 -2 12 -4 -13
right_child=1 -3 11 9 5 -7 -8 8 -10 -11 -12 13 -14 -15
leaf_value=-0.0012654666791994333 -0.00068324836030846385 0.0067594533283614512 0.013065637822310539 -0.00056774291754192339 -0.00089730548809845644 0.0034265374620086292 -0.00089103770251177565 -0.0036852856869657303 -0.00018658078805103837 -0.0052742717815459535 0.0036755679735004446 0.0025287619855653607 -0.00039638611501853689 1.869600112178464e-05
leaf_weight=256 47 57 55 167 59 52 55 49 1904 133 68 109 103 10503
leaf_count=256 47 57 55 167 59 52 55 49 1904 133 68 109 103 10503
internal_value=-0.000101712 -3.77695e-05 -5.41203e-05 -0.000518869 -0.00027753 0.00265766 -0.000430995 -0.000333657 -0.00044291 -0.00233333 0.00152174 5.56574e-05 0.00154762 3.20078e-05
internal_weight=13617 13361 13304 2534 2234 111 2123 2068 1953 300 115 10770 158 10612
internal_count=13617 13361 13304 2534 2234 111 2123 2068 1953 300 115 10770 158 10612
cat_boundaries=0 2 4 5 6
cat_threshold=16384 16384 1812070408 66561 1744830464 130
is_linear=0
shrinkage=0.05


Tree=84
num_leaves=15
num_cat=3
split_feature=0 0 6 4 4 4 5 3 2 5 4 5 4 0
split_gain=1.20707 0.302911 0.344279 0.232457 0.281188 0.369815 0.472077 0.277722 0.270474 0.243164 0.332647 0.259981 0.211577 0.264026
threshold=0 1 2.4846656714227131 22.975000000000005 19.958333333333336 19.475000000000005 1.5000000000000002 49.000000000000007 295.25000000000006 1.0000000180025095e-35 20.358333333333338 4.5000000000000009 21.341666666666672 2
decision_type=9 9 2 2 2 2 2 2 2 2 2 2 2 9
left_child=-1 2 3 4 5 -2 -7 9 -8 -6 -11 -12 -3 -14
right_child=1 12 -4 -5 7 6 8 -9 -10 10 11 -13 13 -15
leaf_value=-0.0012021933452394599 0.00011103861387028927 -0.00026895325281282411 0.0069781092125346753 0.0050542784036205967 -0.0058198698359346523 0.0044160613823921611 -0.0019961517467815145 -0.0060370222359100237 0.007143050733979881 -0.0053139560906682523 -0.00016180250045081128 0.010171906269117809 -0.0022876379209459618 -0.00021118244571561199
leaf_weight=256 5482 6913 62 84 49 41 65 44 45 61 153 43 129 130
leaf_count=256 5482 6913 62 84 49 41 65 44 45 61 153 43 129 130
internal_value=-0.000161173 -9.42841e-05 0.000163706 0.000126091 8.94188e-05 0.000174861 0.00261589 -0.00128572 0.00090909 -0.000751635 -0.000136188 0.000867346 -0.000314677 -0.00171815
internal_weight=13557 13301 6129 6067 5983 5633 151 350 110 306 257 196 7172 259
internal_count=13557 13301 6129 6067 5983 5633 151 350 110 306 257 196 7172 259
cat_boundaries=0 2 4 6
cat_threshold=16384 16384 135463570 66134 536870912 161
is_linear=0
shrinkage=0.05


Tree=85
num_leaves=15
num_cat=6
split_feature=0 0 6 0 5 5 0 2 5 0 6 0 5 5
split_gain=1.25084 0.33126 0.153099 0.120849 0.454519 0.101647 0.261461 0.126076 0.0998951 0.305547 0.121013 0.145568 0.136579 0.0811315
threshold=0 1 2.2916436531882503 2 3.5000000000000004 5.5000000000000009 3 24.500000000000004 4.5000000000000009 4 1.6524077332299629 5 3.5000000000000004 3.5000000000000004
decision_type=9 9 2 9 2 2 9 2 2 9 2 9 2 2
left_child=-1 5 3 4 -3 7 -7 -2 10 -10 11 13 -13 -9
right_child=1 2 -4 -5 -6 6 -8 8 9 -11 -12 12 -14 -15
leaf_value=-0.0011533978835459647 -0.00042867611364488887 0.0024272377937580151 0.0059544765193507735 8.5385094255088892e-05 -0.0022313077359704743 0.00013298526411216138 -0.0012568605933119411 1.8410981185865949e-05 0.0015657521050340868 -0.0010133040095385644 -0.007681770258626844 -0.00036105318255313495 -0.001935766854918437 0.00035978266566990961
leaf_weight=258 286 135 99 8682 106 271 332 522 399 169 47 1727 445 123
leaf_count=258 286 135 99 8682 106 271 332 522 399 169 47 1727 445 123
internal_value=-0.00012536 -5.72917e-05 0.000115145 9.35772e-05 0.0011753 -0.000416764 -0.0010199 -0.000320066 -0.000236015 0.000369717 -0.000356146 -0.000314165 -0.000508709 0.00034351
internal_weight=13601 13343 9022 8923 241 4321 603 3718 3432 568 2864 2817 2172 645
internal_count=13601 13343 9022 8923 241 4321 603 3718 3432 568 2864 2817 2172 645
cat_boundaries=0 2 4 5 7 9 10
cat_threshold=16384 16384 1610612747 34864 1680 1073741824 48 0 2096 536870923
is_linear=0
shrinkage=0.05


Tree=86
num_leaves=15
num_cat=6
split_feature=0 0 5 0 5 0 0 5 5 3 5 3 5 0
split_gain=1.28314 0.169766 0.118918 0.154968 0.132461 0.215576 0.196072 0.247545 0.180067 0.174155 0.151479 0.101197 0.0861851 0.810098
threshold=0 1 5.5000000000000009 2 1.5000000000000002 3 4 1.0000000180025095e-35 2.5000000000000004 31.050000000000004 3.5000000000000004 11.050000000000002 1.5000000000000002 5
decision_type=9 9 2 9 2 9 9 2 2 2 2 2 2 9
left_child=-1 2 4 -4 6 8 7 9 -6 -2 -7 -12 13 -3
right_child=1 12 3 -5 5 10 -8 -9 -10 -11 11 -13 -14 -15
leaf_value=-0.0010928848493945487 -0.0028675969181556024 0.0015600786437163872 -0.0054760978071569993 9.8674454521136993e-05 0.0047389963590298949 -0.00098276266855298693 -0.00099828994205670616 0.0023313524749993047 0.00096355097364868411 0.0025965450870776511 0.0009136381977280563 0.00025301448369671189 -0.00026992985117528349 -0.00089155819598587312
leaf_weight=265 162 1330 122 357 264 408 513 185 774 58 52 402 7279 1509
leaf_count=265 162 1330 122 357 264 408 513 185 774 58 52 402 7279 1509
internal_value=-0.000164475 -9.49733e-05 0.000216207 -0.000511483 0.000340666 0.000578946 -0.000152507 0.000662649 0.00105916 -0.000454547 -1.14691e-05 0.000616739 -0.000196486 3.69837e-05
internal_weight=13680 13415 3297 479 2818 1900 918 405 1038 220 862 454 10118 2839
internal_count=13680 13415 3297 479 2818 1900 918 405 1038 220 862 454 10118 2839
cat_boundaries=0 2 4 6 8 10 12
cat_threshold=16384 16384 2148728977 98432 1114112 65536 1114240 65664 2147614849 32768 740295682 1106
is_linear=0
shrinkage=0.05


Tree=87
num_leaves=15
num_cat=4
split_feature=0 0 4 6 4 4 0 4 3 0 4 5 4 2
split_gain=1.1698 0.385987 0.350638 0.514722 0.381647 0.339942 0.482551 0.353552 0.277281 0.252507 0.249594 0.317735 0.340442 0.295329
threshold=0 1 2.0166666666666671 2.4846656714227131 1.0083333333333335 9.8416666666666686 2 9.0916666666666686 9.2500000000000018 3 14.575000000000001 1.5000000000000002 10.208333333333334 417.30000000000007
decision_type=9 9 2 2 2 2 9 2 2 9 2 2 2 2
left_child=-1 2 4 -4 8 6 -3 -8 -2 -7 11 -11 -13 -12
right_child=1 5 3 -5 -6 9 7 -9 -10 10 13 12 -14 -15
leaf_value=-0.0010245653086654403 -0.0046894561039399693 0.0013137846910139311 0.00027836919091605731 0.012385666321766046 -0.0033730289230996247 -0.00019499887318660266 -0.0005367290555681343 0.00045630521020979949 0.0015815877947205213 -0.0036673591549048947 -0.00010567883794481563 0.00085856732389732668 -0.0012236076909015413 -0.0056766406811552782
leaf_weight=264 87 840 7631 68 118 2283 301 44 96 197 928 43 486 190
leaf_count=264 87 840 7631 68 118 2283 301 44 96 197 928 43 486 190
internal_value=-0.000123749 -5.70497e-05 0.000162296 0.00022795 -0.00151163 -0.000387074 0.000358649 -0.00119718 -8.19684e-05 -0.000602133 -0.0010356 -0.00176309 -0.00112476 -0.000572452
internal_weight=13576 13312 8000 7699 301 5312 1185 345 183 4127 1844 726 529 1118
internal_count=13576 13312 8000 7699 301 5312 1185 345 183 4127 1844 726 529 1118
cat_boundaries=0 2 4 6 8
cat_threshold=16384 16384 2282881155 67302 1140916224 2073 538969104 34817
is_linear=0
shrinkage=0.05


Tree=88
num_leaves=15
num_cat=5
split_feature=0 0 4 4 4 4 0 5 0 5 5 2 0 5
split_gain=1.16889 0.401396 0.224642 0.419099 0.353864 0.238812 0.475468 0.87193 0.221496 0.219965 0.540884 0.506305 0.187933 0.223851
threshold=0 1 20.625000000000004 20.225000000000005 19.958333333333336 18.225000000000005 2 5.5000000000000009 3 3.5000000000000004 2.5000000000000004 867.75000000000011 4 3.5000000000000004
decision_type=9 9 2 2 2 2 9 2 9 2 2 2 9 2
left_child=-1 2 3 4 5 12 7 -7 -4 10 11 -8 13 -2
right_child=1 -3 8 -5 -6 6 9 -9 -10 -11 -12 -13 -14 -15
leaf_value=-0.00097854127812888937 0.007047318904135836 -0.00025457638842793913 -0.00023567417516575626 0.012971564846375475 -0.0045563956088417934 -0.003070343894918167 0.0062039543126237197 0.0073646864695268537 -0.0021964383793109036 0.00070806689402103009 0.0086383176087826662 -0.0059934262618123926 0.00012151160478158558 -0.0017334058588311389
leaf_weight=266 87 7275 219 51 49 309 52 49 132 104 43 45 4920 55
leaf_count=266 87 7275 219 51 49 309 52 49 132 104 43 45 4920 55
internal_value=-0.000148654 -8.20907e-05 0.000216325 0.000291463 0.00025118 0.000287781 0.00122923 2.71728e-05 -0.0010114 0.00287401 0.00428571 0.00221649 0.000175819 0.00190789
internal_weight=13656 13390 6115 5764 5713 5664 602 358 351 244 140 97 5062 142
internal_count=13656 13390 6115 5764 5713 5664 602 358 351 244 140 97 5062 142
cat_boundaries=0 2 4 6 8 9
cat_threshold=16384 16384 2349007488 99013 2147483648 69 2281832448 192 67109504
is_linear=0
shrinkage=0.05


Tree=89
num_leaves=15
num_cat=4
split_feature=0 4 0 4 0 4 5 4 5 5 0 4 4 4
split_gain=1.51798 0.27856 0.452779 0.336019 0.805038 0.75541 0.411273 0.330363 0.31275 0.276713 0.21232 0.438973 0.573669 0.214021
threshold=0 19.808333333333337 1 19.425000000000004 2 19.591666666666672 1.5000000000000002 19.675000000000004 1.5000000000000002 4.5000000000000009 3 18.508333333333336 19.075000000000003 6.6916666666666673
decision_type=9 2 9 2 9 2 2 2 2 2 9 2 2 2
left_child=-1 3 8 10 5 -5 -6 -8 -3 -10 11 13 -13 -2
right_child=1 2 -4 4 6 -7 7 -9 9 -11 -12 12 -14 -15
leaf_value=-0.00094554266917148966 0.001631896066080282 0.0088027900678423806 -0.0012149772327730559 0.0063555972816562714 0.00022382074295536206 -0.00098972947923166234 0.0071321774275929749 0.015505498652066674 -0.0033134049822141939 0.007730445759088495 -0.00011786158665021964 0.0048297302933928594 -0.004044864230738558 3.1217757526208282e-05
leaf_weight=268 469 108 649 50 66 72 91 53 200 67 7751 145 76 3625
leaf_count=268 469 108 649 50 66 72 91 53 200 67 7751 145 76 3625
internal_value=-8.40041e-05 -8.19059e-06 -0.000800782 5.72661e-05 0.0016265 -0.00159091 0.00340909 0.00506944 0.000584414 -0.000318353 1.4088e-05 0.000294796 0.00246606 0.000178309
internal_weight=13690 13422 1024 12398 332 122 210 144 375 267 12066 4315 221 4094
internal_count=13690 13422 1024 12398 332 122 210 144 375 267 12066 4315 221 4094
cat_boundaries=0 2 4 6 8
cat_threshold=16384 16384 134217744 2138 536870912 71 3344003 3588
is_linear=0
shrinkage=0.05


Tree=90
num_leaves=15
num_cat=7
split_feature=0 0 6 5 0 0 5 0 0 5 5 0 5 5
split_gain=1.349 0.258547 0.256061 0.0803636 0.243616 0.176964 0.152346 0.199329 0.175294 0.127193 0.136579 0.106238 0.103589 0.0925794
threshold=0 1 2.6746039791475802 4.5000000000000009 2 3 1.5000000000000002 4 5 1.5000000000000002 2.5000000000000004 6 1.0000000180025095e-35 1.0000000180025095e-35
decision_type=9 9 2 2 9 9 2 9 9 2 2 9 2 2
left_child=-1 -2 3 5 -5 9 7 -7 -8 11 -11 -3 -13 -9
right_child=1 2 -4 4 -6 6 8 13 -10 10 -12 12 -14 -15
leaf_value=-0.00089801251393552002 0.00032698777213248988 -0.001572228533172809 0.0046339681668424865 0.00058255965910615731 -0.00054924921772163697 0.001448590223100671 -0.00030763686859757502 -0.0006978523642615286 -0.0016159908383579441 0.0011150563035839283 -0.00012488568415631193 0.0017009296521305628 -0.00058724723704589067 7.0382012117506425e-05
leaf_weight=267 6325 444 40 1170 786 162 985 481 722 470 897 204 220 466
leaf_count=267 6325 444 40 1170 786 162 985 481 722 470 897 204 220 466
internal_value=-0.000102281 -3.06394e-05 -0.000238771 -0.000261882 1.02238e-05 -0.000367255 -0.000629867 -0.000175835 -0.000928531 -3.34088e-05 0.000267007 -0.000506914 6.91233e-05 -0.000454547
internal_weight=13639 13372 7047 7007 1956 5051 2816 1109 1707 2235 1367 868 424 947
internal_count=13639 13372 7047 7007 1956 5051 2816 1109 1707 2235 1367 868 424 947
cat_boundaries=0 2 4 6 8 10 12 14
cat_threshold=16384 16384 2216755355 33351 1209008128 3120 537921024 65672 134217728 1024 1073741824 2080 0 136
is_linear=0
shrinkage=0.05


Tree=91
num_leaves=15
num_cat=4
split_feature=0 0 4 4 4 4 0 5 2 5 4 4 0 4
split_gain=1.29266 0.218382 0.304774 0.157984 0.221184 0.166125 0.161354 0.212121 0.110778 0.108874 0.315256 0.429224 0.311976 0.553791
threshold=0 1 19.758333333333336 22.975000000000005 23.375000000000004 23.758333333333336 2 3.5000000000000004 518.00000000000011 3.5000000000000004 2.6583333333333337 8.0083333333333346 3 12.141666666666667
decision_type=9 9 2 2 2 2 9 2 2 2 2 2 9 2
left_child=-1 2 9 6 -5 -6 7 -3 -4 10 -2 -12 13 -11
right_child=1 3 8 4 5 -7 -8 -9 -10 12 11 -13 -14 -15
leaf_value=-0.00084401209027399346 0.002672334719906402 0.0031188524350981494 -0.0019071221383664136 0.0053812142588583736 -0.0039501813752023177 0.00040266396843432242 -5.8157574378307419e-06 -0.0013570369880096765 -0.0052102898759314922 0.00031732041663964559 -0.0060827600174080555 -0.00047401570310878289 0.00061423231097119404 -0.00059043553909481886
leaf_weight=263 40 84 101 76 40 43 10514 48 63 55 57 1274 841 122
leaf_count=263 40 84 101 76 40 43 10514 48 63 55 57 1274 841 122
internal_value=-0.000128846 -5.90975e-05 -0.000474055 3.92961e-05 0.00160377 -0.000180724 1.59672e-05 0.00169014 -0.00256098 -0.000332776 -0.000623634 -0.000755073 5.89379e-05 -0.00179144
internal_weight=13621 13358 2553 10805 159 83 10646 132 164 2389 1371 1331 1018 177
internal_count=13621 13358 2553 10805 159 83 10646 132 164 2389 1371 1331 1018 177
cat_boundaries=0 2 4 5 6
cat_threshold=16384 16384 1075971096 66576 129 1073742856
is_linear=0
shrinkage=0.05


Tree=92
num_leaves=15
num_cat=4
split_feature=0 0 4 4 0 4 4 4 0 4 4 2 4 4
split_gain=1.20818 0.363112 0.222493 0.399558 0.457072 0.37106 0.665806 0.225905 0.198763 0.256379 0.196465 0.136827 0.128281 0.127637
threshold=0 1 9.9916666666666689 9.5750000000000011 2 6.6916666666666673 8.9916666666666689 8.0916666666666686 3 10.658333333333335 8.6416666666666675 867.75000000000011 2.0166666666666671 2.6583333333333337
decision_type=9 9 2 2 9 2 2 2 9 2 2 2 2 2
left_child=-1 2 3 4 12 11 7 -7 9 -4 -9 -6 -2 -14
right_child=1 -3 8 -5 5 6 -8 10 -10 -11 -12 -13 13 -15
leaf_value=-0.00080844548204593862 -0.0027385126583767097 -0.00031728740808807643 0.0021669074033116935 -0.0031812675127886117 0.0044514518504329519 -0.0031046922406998793 0.0073613052899444299 -1.7240679417623555e-05 0.00018519946943669713 0.0014514310252288622 -0.0019544647454868948 0.0024662300122823312 0.0021584572540935699 -0.0012288111391191119
leaf_weight=260 142 6769 67 185 72 52 78 72 4112 802 41 259 60 715
leaf_count=260 142 6769 67 185 72 52 78 72 4112 802 41 259 60 715
internal_value=-0.000206782 -0.000139924 0.000122243 -0.000375896 -0.000103958 0.00099315 -0.000473252 -0.00227273 0.000290101 0.000972695 -0.0010177 0.0020997 -0.000792881 -0.000548388
internal_weight=13686 13426 6657 1676 1491 574 243 165 4981 869 113 331 917 775
internal_count=13686 13426 6657 1676 1491 574 243 165 4981 869 113 331 917 775
cat_boundaries=0 2 4 6 8
cat_threshold=16384 16384 3222275226 2630 2147484688 70 1170 2
is_linear=0
shrinkage=0.05


Tree=93
num_leaves=15
num_cat=0
split_feature=7 2 6 5 2 4 4 4 4 5 4 4 5 4
split_gain=0.376468 0.981478 0.195783 0.376406 0.578597 0.127034 0.370218 0.410968 0.52327 0.677249 0.543396 0.363853 0.332077 0.192
threshold=1.0000000180025095e-35 41.350000000000009 2.1045847118018899 1.5000000000000002 102.90000000000002 9.0916666666666686 11.975000000000001 13.441666666666668 15.008333333333335 3.5000000000000004 15.608333333333336 17.058333333333337 3.5000000000000004 10.575000000000001
decision_type=2 2 2 2 2 2 2 2 2 2 2 2 2 2
left_child=2 5 -1 -4 -5 12 13 -8 9 -9 -10 -12 -2 -7
right_child=1 -3 3 4 -6 6 7 8 10 -11 11 -13 -14 -15
leaf_value=-0.00010424329981864251 -0.0013967731561044783 -0.00075955220558817987 -0.0053643740770010998 0.011922888808907565 0.0027851088189335127 6.1363929739100802e-06 -0.0011742009854475996 0.007134019136439085 -0.00073369655288171268 -0.00088514514341805353 0.00077930489650097424 -0.00024464448698362549 1.7503304643006959e-05 0.00087216945596557531
leaf_weight=12281 97 266 50 43 73 92 100 54 64 42 82 278 86 86
leaf_count=12281 97 266 50 43 73 92 100 54 64 42 82 278 86 86
internal_value=-0.000162116 -0.000990378 -7.91367e-05 0.0016265 0.00318965 -0.00025994 1.25301e-05 -0.000564517 -1.19209e-09 0.00333333 -0.000754718 -1.19209e-09 -0.00144809 0.00202247
internal_weight=13694 1247 12447 166 116 981 798 620 520 96 424 360 183 178
internal_count=13694 1247 12447 166 116 981 798 620 520 96 424 360 183 178
is_linear=0
shrinkage=0.05


Tree=94
num_leaves=15
num_cat=3
split_feature=0 0 6 4 4 0 5 4 5 4 4 5 4 4
split_gain=1.12527 0.244921 0.372769 0.362849 0.21221 0.244791 0.431852 0.327381 0.256322 0.311952 0.299456 0.423803 0.817718 0.67489
threshold=0 1 2.2916436531882503 23.125000000000004 20.625000000000004 2 3.5000000000000004 14.075000000000001 2.5000000000000004 4.0083333333333337 18.125000000000004 5.5000000000000009 19.425000000000004 19.008333333333336
decision_type=9 9 2 2 2 9 2 2 2 2 2 2 2 2
left_child=-1 4 3 -3 5 6 7 -2 9 -7 -10 13 -13 -12
right_child=1 2 -4 -5 -6 8 -8 -9 10 -11 11 12 -14 -15
leaf_value=-0.00073175233401114872 0.010055120648068704 -0.0003619690376322869 0.0054478041102262115 0.003613841585349155 -0.00084028349653921723 -0.0012903327179582197 -0.0078119459916058927 0.0063760611324379492 0.00030777296031943188 -8.1506803481594059e-05 0.0038698402755428327 0.0012113568063910481 0.0070206537654304612 -0.0015688706508482201
leaf_weight=264 44 6540 73 74 369 182 44 40 3047 2463 140 79 55 181
leaf_count=264 44 6540 73 74 369 182 44 40 3047 2463 140 79 55 181
internal_value=-0.000185731 -0.000120307 -0.000333733 -0.000373451 9.46787e-05 0.000163345 0.00224638 0.00452381 0.000116127 -0.0002552 0.000396915 0.00159341 0.00395522 0.000607475
internal_weight=13595 13331 6687 6614 6644 6275 128 84 6147 2645 3502 455 134 321
internal_count=13595 13331 6687 6614 6644 6275 128 84 6147 2645 3502 455 134 321
cat_boundaries=0 2 4 5
cat_threshold=16384 16384 2686518426 36388 1160
is_linear=0
shrinkage=0.05


Tree=95
num_leaves=15
num_cat=0
split_feature=7 2 4 6 5 2 4 4 4 4 4 4 4 6
split_gain=0.337654 1.06173 0.300922 0.189528 0.313381 0.648816 0.193432 0.319418 0.171895 0.451529 0.168959 0.408267 0.292065 0.164
threshold=1.0000000180025095e-35 41.350000000000009 4.2750000000000012 2.1045847118018899 1.5000000000000002 102.90000000000002 19.908333333333335 22.091666666666672 8.8416666666666686 10.658333333333335 13.441666666666668 14.075000000000001 12.441666666666668 1.6027557735239222
decision_type=2 2 2 2 2 2 2 2 2 2 2 2 2 2
left_child=3 2 -2 6 -5 -6 13 -8 -4 -10 12 -12 -11 -1
right_child=1 -3 8 4 5 -7 7 -9 9 10 11 -13 -14 -15
leaf_value=4.3420174126027535e-05 0.0001228414200198853 -0.00067504411457441113 -0.00083402450758883527 -0.0048808738086701543 0.011439503878298042 0.0038007035948613996 -0.0018295893679687982 0.00022110695336525875 0.00033911213592412886 -0.00057099118145352383 0.0087703507309911718 -6.2817630867486443e-05 -0.0015830761608066164 -0.0031471587828029212
leaf_weight=11271 45 264 132 56 42 75 574 305 106 115 48 474 71 87
leaf_count=11271 45 264 132 56 42 75 574 305 106 115 48 474 71 87
internal_value=-7.50103e-05 -0.000856575 -0.000105955 4.02782e-06 0.0016474 0.00311966 -1.92052e-05 -0.00073379 -0.000295984 -2.45712e-05 -0.000480227 -1.91583e-05 -0.00177419 3.60967e-05
internal_weight=13665 1255 991 12410 173 117 12237 879 946 814 708 522 186 11358
internal_count=13665 1255 991 12410 173 117 12237 879 946 814 708 522 186 11358
is_linear=0
shrinkage=0.05


Tree=96
num_leaves=15
num_cat=5
split_feature=0 0 4 0 4 4 0 4 0 4 4 5 4 4
split_gain=1.26373 0.24426 0.312299 0.546136 0.583495 0.338212 0.749981 0.690695 0.409224 0.281229 0.279774 0.266049 0.356325 0.331957
threshold=0 1 9.8416666666666686 2 9.3083333333333353 15.675000000000002 3 15.941666666666668 4 19.808333333333337 13.641666666666667 3.5000000000000004 17.541666666666671 17.058333333333337
decision_type=9 9 2 9 2 2 9 2 9 2 2 2 2 2
left_child=-1 2 3 4 -2 6 10 -7 11 -3 -4 12 -9 -13
right_child=1 9 5 -5 -6 7 -8 8 -10 -11 -12 13 -14 -15
leaf_value=-0.00066115949040772564 -0.00058665454477350922 -0.00014928967958732962 -0.0014777871031143998 0.0023664489522317337 0.0032310925285817037 0.009881366721515324 0.00032002086104953383 -0.00029541123705656072 0.0009947348343570465 -0.0014334413430944844 -0.0034014012180441479 -0.0029830850198810724 -0.0015890650019427445 0.00038685552435434556
leaf_weight=273 593 6254 686 917 96 74 1225 135 1990 557 368 53 211 180
leaf_count=273 593 6254 686 917 96 74 1225 135 1990 557 368 53 211 180
internal_value=-0.000103586 -3.3337e-05 0.000185071 0.000790783 -0.000278971 -1.21914e-05 -0.000458536 0.000372681 0.000235499 -0.000242634 -0.00142857 -0.000925298 -0.00182081 0.000364806
internal_weight=13612 13339 6528 1606 689 4922 2279 2643 2569 6811 1054 579 346 233
internal_count=13612 13339 6528 1606 689 4922 2279 2643 2569 6811 1054 579 346 233
cat_boundaries=0 2 4 6 8 10
cat_threshold=16384 16384 739311744 101577 671088640 33856 201326592 2184 536936448 66561
is_linear=0
shrinkage=0.05


Tree=97
num_leaves=15
num_cat=4
split_feature=0 0 5 0 4 4 4 4 0 4 4 4 2 4
split_gain=1.14497 0.311068 0.255633 0.35983 0.351121 0.408813 0.400297 0.29805 0.294687 0.549521 0.259388 0.505847 0.204517 0.209785
threshold=0 1 1.0000000180025095e-35 2 13.141666666666667 10.958333333333334 9.7750000000000021 11.808333333333335 3 17.825000000000003 10.358333333333336 14.491666666666669 295.25000000000006 7.0250000000000012
decision_type=9 9 2 9 2 2 2 2 9 2 2 2 2 2
left_child=-1 2 3 10 5 6 12 -7 9 -6 -2 -12 -5 -14
right_child=1 -3 -4 4 8 7 -8 -9 -10 -11 11 -13 13 -15
leaf_value=-0.00062190923032516283 0.010128698845333656 -0.00020378501561409284 0.00048075992310368955 0.01223857971552262 -0.0032459148202263126 0.0099286958000830601 -0.0033242111050105719 0.0016104857354107085 -0.0047644725667607482 0.0090140727866813031 -0.010566751070703574 0.0045692437079025627 0.00034336318391236826 -0.0057078678377644569
leaf_weight=255 40 7017 5396 60 61 40 48 54 301 40 46 109 40 42
leaf_count=255 40 7017 5396 60 61 40 48 54 301 40 46 109 40 42
internal_value=-4.76062e-05 1.72868e-05 0.000272784 -0.00051646 -0.00104885 0.000281689 -0.00105263 0.00297872 -0.00201493 0.000405404 0.00134146 0.00048387 0.000281689 -0.00134146
internal_weight=13549 13294 6277 881 686 284 190 94 402 101 195 155 142 82
internal_count=13549 13294 6277 881 686 284 190 94 402 101 195 155 142 82
cat_boundaries=0 2 4 6 8
cat_threshold=16384 16384 2348810379 101541 201326593 32896 2 67584
is_linear=0
shrinkage=0.05


Tree=98
num_leaves=15
num_cat=4
split_feature=0 0 4 4 4 4 6 6 4 4 4 0 0 4
split_gain=1.41623 0.278218 0.328011 0.278114 0.538718 0.318014 0.214009 0.880348 0.214751 0.492543 0.242044 0.212345 0.198878 0.236186
threshold=0 1 0.23333333333333336 2.6583333333333337 6.1250000000000009 4.0083333333333337 2.0643809316102675 1.4874286478830445 19.675000000000004 22.166666666666668 19.241666666666671 2 3 1.0083333333333335
decision_type=9 9 2 2 2 2 2 2 2 2 2 9 9 2
left_child=-1 6 -3 12 5 -5 7 8 10 11 -2 -10 13 -4
right_child=1 2 3 4 -6 -7 -8 -9 9 -11 -12 -13 -14 -15
leaf_value=-0.00059365691330207646 0.00031726919287295428 0.0023631498293852607 -0.0045993864828924765 4.714615321015247e-05 -0.00026022033279405379 0.0043590726186366899 -0.0043893973849622788 0.010675596681050895 -0.0032673774388818234 0.0023918518875489041 0.0037497954582841326 -0.00057031567346363214 -0.005021365212338578 0.0012522687423128821
leaf_weight=268 4539 81 48 180 7304 182 111 56 111 129 110 258 167 85
leaf_count=268 4539 81 48 180 7304 182 111 56 111 129 110 258 167 85
internal_value=-2.89835e-05 4.44981e-05 -0.000140872 -0.000173237 -0.000114794 0.00176795 0.000324942 0.0003719 0.000304059 -0.000682732 0.000409764 -0.00161247 -0.00166667 -0.000104896
internal_weight=13629 13361 8047 7966 7666 362 5314 5203 5147 498 4649 369 300 133
internal_count=13629 13361 8047 7966 7666 362 5314 5203 5147 498 4649 369 300 133
cat_boundaries=0 2 4 6 8
cat_threshold=16384 16384 673382546 71 2 5 1048576 2072
is_linear=0
shrinkage=0.05


Tree=99
num_leaves=15
num_cat=0
split_feature=7 2 4 5 4 4 5 4 4 2 2 2 2 4
split_gain=0.465085 0.563683 0.12614 0.373037 0.18866 0.118894 0.208936 0.157246 0.203803 0.407429 0.134365 0.317133 0.303932 0.118164
threshold=1.0000000180025095e-35 41.350000000000009 11.008333333333335 1.5000000000000002 9.0916666666666686 0.23333333333333336 2.5000000000000004 4.0083333333333337 4.8750000000000009 295.25000000000006 1036.8500000000001 867.75000000000011 417.30000000000007 5.0750000000000002
decision_type=2 2 2 2 2 2 2 2 2 2 2 2 2 2
left_child=5 2 3 -2 13 6 -1 10 9 -9 11 12 -7 -5
right_child=1 -3 -4 4 -6 7 -8 8 -10 -11 -12 -13 -14 -15
leaf_value=-0.001780374492478356 -0.0011919990139717613 -0.00055329649535285075 -0.00028281079117208313 5.1095572733589414e-05 0.00080520566464113209 -0.002375269270400385 0.0025390548955828329 0.0041641721893741707 -5.7261417438219028e-05 -0.0010553180717445822 0.00198051464974828 -0.0070391260371230812 0.00031958359648587243 -0.00056697521716996262
leaf_weight=41 82 267 685 40 85 467 74 82 11331 65 122 69 113 94
leaf_count=41 82 267 685 40 85 467 74 82 11331 65 122 69 113 94
internal_value=-0.000171478 -0.00108939 -0.000537527 0.000315613 0.00139269 -7.84548e-05 0.00152174 -9.34782e-05 -4.70477e-05 0.00180272 -0.000784696 -0.00107088 -0.000689656 0.000223879
internal_weight=13617 1253 986 301 219 12364 115 12249 11478 147 771 649 580 134
internal_count=13617 1253 986 301 219 12364 115 12249 11478 147 771 649 580 134
is_linear=0
shrinkage=0.05


Tree=100
num_leaves=15
num_cat=3
split_feature=0 0 4 4 6 0 5 5 5 3 4 3 4 4
split_gain=1.08568 0.237291 0.441098 0.297344 0.244524 0.22093 0.261724 0.239738 0.197052 0.52357 0.136688 0.267543 0.129668 0.137571
threshold=0 1 20.625000000000004 0.23333333333333336 2.5708020820541093 2 3.5000000000000004 1.5000000000000002 4.5000000000000009 11.050000000000002 22.975000000000005 18.750000000000004 21.891666666666669 21.19166666666667
decision_type=9 9 2 2 2 9 2 2 2 2 2 2 2 2
left_child=-1 2 4 -3 5 6 7 -2 10 -10 11 12 13 -4
right_child=1 3 8 -5 -6 -7 -8 -9 9 -11 -12 -13 -14 -15
leaf_value=-0.00052031483094544789 0.0026294979323813333 0.0023061096107436572 -0.0020478380588588403 -0.00046713940278847308 0.0065192835691523779 4.9907286089648006e-05 -0.0015302712077330974 0.0075434550415767647 0.0022709568227625089 -0.0015751334668652796 -0.00034665059895979961 -0.0074656220482446209 -0.0012904740612307173 0.001947105495980414
leaf_weight=271 40 46 63 6083 45 6587 63 43 48 62 70 76 94 44
leaf_count=271 40 46 63 6083 45 6587 63 43 48 62 70 76 94 44
internal_value=-0.000144849 -8.00072e-05 0.00011387 -0.000308683 0.000215402 0.00019085 0.00205128 0.00403614 -0.0013895 0.000454544 -0.00197406 -0.00247293 -0.00151741 -0.000327104
internal_weight=13635 13364 7235 6129 6778 6733 146 83 457 110 347 277 201 107
internal_count=13635 13364 7235 6129 6778 6733 146 83 457 110 347 277 201 107
cat_boundaries=0 2 4 5
cat_threshold=16384 16384 3959554698 628 648
is_linear=0
shrinkage=0.05


Tree=101
num_leaves=15
num_cat=7
split_feature=0 0 5 0 0 6 5 5 0 5 0 0 5 5
split_gain=1.10354 0.255579 0.118467 0.553945 0.330869 0.256323 0.276033 0.21581 0.206552 0.116876 0.41661 0.139459 0.249869 0.221803
threshold=0 1 1.5000000000000002 2 3 2.2312970028610066 2.5000000000000004 3.5000000000000004 4 1.0000000180025095e-35 5 6 3.5000000000000004 4.5000000000000009
decision_type=9 9 2 9 9 2 2 2 9 2 9 9 2 2
left_child=-1 9 3 8 7 6 -6 -4 -3 10 -2 12 -11 -14
right_child=1 2 4 -5 5 -7 -8 -9 -10 11 -12 -13 13 -15
leaf_value=-0.00051490775067479792 0.0034145245551553669 0.0080692093610685873 0.00090631925486392428 -0.00082688476589026338 -0.0038228361329538151 0.0082822280101646269 -0.00081556009776437917 -0.0005006320786081754 0.0016344968507805977 0.00010003209664958309 -0.0014644638411485966 6.885546010409449e-05 0.0028712012284600897 0.0014563480063553356
leaf_weight=268 217 108 769 862 464 44 1731 1225 628 791 859 4859 252 490
leaf_count=268 217 108 769 862 464 44 1731 1225 628 791 859 4859 252 490
internal_value=-8.36601e-05 -1.84098e-05 -0.000266223 0.000100124 -0.000405151 -0.000820366 -0.000899773 6.48691e-05 0.00109919 0.000175179 -0.000306693 0.00025657 0.00067077 0.00133423
internal_weight=13567 13299 5831 1598 4233 2239 2195 1994 736 7468 1076 6392 1533 742
internal_count=13567 13299 5831 1598 4233 2239 2195 1994 736 7468 1076 6392 1533 742
cat_boundaries=0 2 4 6 8 9 11 13
cat_threshold=16384 16384 2753757832 2095 134218755 32848 1074790416 66176 134217730 603980288 2 196744 5
is_linear=0
shrinkage=0.05


Tree=102
num_leaves=15
num_cat=5
split_feature=0 4 0 4 0 6 5 3 0 5 0 5 4 4
split_gain=1.00625 0.296592 0.542111 0.315601 0.631418 0.370489 0.369604 0.344954 0.269137 0.223838 0.436112 0.282407 0.167943 0.903809
threshold=0 19.808333333333337 1 19.425000000000004 2 2.7077599053781731 4.5000000000000009 9.2500000000000018 3 4.5000000000000009 4 1.5000000000000002 13.641666666666667 12.925000000000002
decision_type=9 2 9 2 9 2 2 2 9 2 9 2 2 2
left_child=-1 3 -3 5 -5 8 7 -6 12 10 -4 -12 13 -2
right_child=1 2 9 4 6 -7 -8 -9 -10 -11 11 -13 -14 -15
leaf_value=-0.0004779725328378716 0.00010509447157449394 -0.0028509357951354633 0.00054711616218990305 -0.00049942396980644438 -0.0003999949599943249 0.0043060414900126113 0.0072662414501565332 0.0028202506763867598 -0.00024686190490852487 0.0018429965682746673 0.0016298015784590343 -0.0053285428262859133 -2.8300919583961587e-05 0.0058127405036031881
leaf_weight=256 2227 340 282 124 53 41 55 103 6997 167 87 155 2506 242
leaf_count=256 2227 340 282 124 53 41 55 103 6997 167 87 155 2506 242
internal_value=-7.51754e-05 -1.45654e-05 -0.000829293 5.34488e-05 0.00156716 1.12366e-05 0.0031448 0.00205128 -5.01289e-06 -7.13384e-06 -0.000515268 -0.00202381 0.000275826 0.000569055
internal_weight=13635 13379 1031 12348 335 12013 211 156 11972 691 524 242 4975 2469
internal_count=13635 13379 1031 12348 335 12013 211 156 11972 691 524 242 4975 2469
cat_boundaries=0 2 4 6 8 10
cat_threshold=16384 16384 2228746 1697 536870912 2132 606144154 33444 536870928 2124
is_linear=0
shrinkage=0.05


Tree=103
num_leaves=15
num_cat=4
split_feature=0 0 6 4 4 4 0 4 4 4 5 5 0 4
split_gain=0.94975 0.242576 0.250564 0.137581 0.329654 0.215451 0.225195 0.206953 0.229992 0.324482 0.294279 0.176806 0.238581 0.21172
threshold=0 1 2.7372128119842878 20.625000000000004 22.008333333333336 20.141666666666669 2 19.908333333333335 19.525000000000002 19.675000000000004 2.5000000000000004 1.0000000180025095e-35 3 9.9916666666666689
decision_type=9 9 2 2 2 2 9 2 2 2 2 2 9 2
left_child=-1 3 -3 5 -5 6 -2 8 11 -10 -11 12 -8 -13
right_child=1 2 -4 4 -6 -7 7 -9 9 10 -12 13 -14 -15
leaf_value=-0.00045591091675701857 0.0027406644716174572 -0.00018733666052104858 0.003056866197319338 -0.0027909903315999855 0.00054747521501893079 0.0041085254124403562 0.00041762778991124417 -0.0082031445655650487 0.0058919023635619376 -0.0044666007320468652 0.004695826747186228 -0.0006066997209690717 -0.0016639705783809342 0.00059358112748178536
leaf_weight=263 144 7361 40 143 166 68 162 50 41 50 47 1166 557 3281
leaf_count=263 144 7361 40 143 166 68 162 50 41 50 47 1166 557 3281
internal_value=-6.61065e-05 -6.02257e-06 -0.000196331 0.000233644 -0.000792881 0.000291052 0.000256456 0.000201341 0.000231899 0.00224638 0.000670102 0.000178086 -0.000549375 0.000295704
internal_weight=13539 13276 7401 5875 309 5566 5498 5354 5304 138 97 5166 719 4447
internal_count=13539 13276 7401 5875 309 5566 5498 5354 5304 138 97 5166 719 4447
cat_boundaries=0 2 4 5 7
cat_threshold=16384 16384 2348875930 98831 67109000 134217728 33280
is_linear=0
shrinkage=0.05


Tree=104
num_leaves=15
num_cat=7
split_feature=0 4 0 4 0 4 0 0 4 4 0 4 0 4
split_gain=1.05143 0.213708 0.616081 0.816212 0.699447 0.545563 0.592514 0.491079 0.343946 0.306433 0.512136 0.421593 0.348931 0.387546
threshold=0 13.641666666666667 1 12.925000000000002 2 13.441666666666668 3 4 13.241666666666669 15.191666666666668 5 14.491666666666669 6 16.975000000000005
decision_type=9 2 9 2 9 2 9 9 2 2 9 2 9 2
left_child=-1 2 -2 -4 8 6 -6 -3 -5 10 11 -9 -11 -14
right_child=1 7 3 4 5 -7 -8 9 -10 12 -12 -13 13 -15
leaf_value=-0.00042939460905961355 -0.0006085994435068141 0.00023752586714911436 0.00017569727925869001 0.0031990533848530837 -0.00051110923265562744 0.0067392599636888388 0.0056594898549702857 0.0065290713312440149 -0.0017506387889408576 -4.7063173226409779e-06 -0.0022226179546787697 -0.0014458017174887941 8.3958474145410324e-05 -0.0010596851041510499
leaf_weight=265 2042 3883 3557 54 115 60 105 131 71 1860 475 137 270 657
leaf_count=265 2042 3883 3557 54 115 60 105 131 71 1860 475 137 270 657
internal_value=-0.000121328 -5.84655e-05 0.000163223 0.000526182 0.00265432 0.00396552 0.00295454 -0.000238096 -0.000555557 -0.000663843 -0.00156797 0.000215826 -0.00042519 -0.00121131
internal_weight=13682 13417 6004 3962 405 280 220 7413 125 3530 743 268 2787 927
internal_count=13682 13417 6004 3962 405 280 220 7413 125 3530 743 268 2787 927
cat_boundaries=0 2 4 6 8 10 12 14
cat_threshold=16384 16384 1211105793 100418 0 1169 536870912 524 2284847763 100422 1073807368 1537 537001984 184
is_linear=0
shrinkage=0.05


Tree=105
num_leaves=15
num_cat=0
split_feature=7 2 4 4 3 3 4 3 5 4 3 5 4 5
split_gain=0.380646 0.731442 0.437436 0.181913 0.371828 0.407351 0.180443 0.418337 0.219761 0.182632 0.323714 0.409662 0.401164 0.565028
threshold=1.0000000180025095e-35 41.350000000000009 4.2750000000000012 22.975000000000005 7.3500000000000005 12.550000000000002 20.625000000000004 44.050000000000004 4.5000000000000009 19.525000000000002 31.050000000000004 2.5000000000000004 19.708333333333336 3.5000000000000004
decision_type=2 2 2 2 2 2 2 2 2 2 2 2 2 2
left_child=3 2 -2 6 -5 -6 9 8 -8 -1 12 -12 13 -11
right_child=1 -3 -4 4 5 -7 7 -9 -10 10 11 -13 -14 -15
leaf_value=-3.4292013111086648e-05 0.00018341180206504101 -0.00040001547715013222 -0.0001909201316705761 0.0073616337009455622 -0.005392518996174378 0.0012094819379449065 -0.00061440518378635294 -0.010055525042343846 0.0015743529058932755 0.0050595504842200541 -0.0023806638483183334 0.0050064681241415374 -0.0007273670259641755 -0.00132060162890549
leaf_weight=11204 48 276 959 42 41 74 320 77 87 57 47 46 324 49
leaf_count=11204 48 276 959 42 41 74 320 77 87 57 47 46 324 49
internal_value=-8.82731e-05 -0.000908029 -0.00028302 -3.23534e-06 0.0016879 0.00021739 -2.49787e-05 -0.000971076 -0.000331697 1.40689e-05 0.000927341 0.00360215 0.000348836 0.00301887
internal_weight=13651 1283 1007 12368 157 115 12211 484 407 11727 523 93 430 106
internal_count=13651 1283 1007 12368 157 115 12211 484 407 11727 523 93 430 106
is_linear=0
shrinkage=0.05


Tree=106
num_leaves=15
num_cat=4
split_feature=0 0 4 4 4 4 0 4 0 4 4 4 6 6
split_gain=1.1755 0.239713 0.282193 0.294774 0.242454 1.46035 0.369123 0.534902 0.293639 0.255686 0.56744 0.297402 0.235186 0.231387
threshold=0 1 22.741666666666671 21.341666666666672 13.641666666666667 13.441666666666668 2 15.191666666666668 3 13.758333333333335 14.441666666666668 14.075000000000001 1.3766220136373084 2.1641160589318189
decision_type=9 9 2 2 2 2 9 2 9 2 2 2 2 2
left_child=-1 2 3 12 5 8 7 -6 -3 -8 11 -11 -2 -12
right_child=1 4 -4 -5 6 -7 9 -9 -10 10 13 -13 -14 -15
leaf_value=-0.00040023862101863373 -0.00046530587075065361 0.00056582838551848377 0.0011909071061007046 -0.0031298301465713858 -0.0016558324641957178 0.0056865641071818934 -0.0044012560584726912 -0.00029805299604403261 -0.00021495821961465961 0.001173746576116688 6.6822267308188786e-05 0.0058831349287248686 0.0039398443498621987 -0.0052909607275003307
leaf_weight=265 3872 2036 71 88 357 90 41 1296 1963 122 3201 85 91 40
leaf_count=265 3872 2036 71 88 357 90 41 1296 1963 122 3201 85 91 40
internal_value=-0.000127773 -6.09905e-05 -0.000377542 -0.000433228 8.06178e-05 0.000368059 -0.000147804 -0.000760675 0.000226305 0.000144326 0.000191414 0.00272947 -0.000369671 2.93107e-05
internal_weight=13618 13353 4122 4051 9231 4089 5142 1653 3999 3489 3448 207 3963 3241
internal_count=13618 13353 4122 4051 9231 4089 5142 1653 3999 3489 3448 207 3963 3241
cat_boundaries=0 2 4 6 8
cat_threshold=16384 16384 134415880 67603 603979776 168 68157458 1196
is_linear=0
shrinkage=0.05


Tree=107
num_leaves=15
num_cat=0
split_feature=6 7 2 4 4 4 5 4 4 4 5 4 4 4
split_gain=0.18714 0.130183 0.726583 0.140275 0.171667 0.37291 0.204164 0.239315 0.186889 0.19198 0.177728 0.157576 0.41547 0.229504
threshold=2.7077599053781731 1.0000000180025095e-35 41.350000000000009 4.2750000000000012 9.0916666666666686 11.275000000000002 1.5000000000000002 18.758333333333336 10.575000000000001 9.6416666666666675 3.5000000000000004 15.441666666666668 17.058333333333337 17.891666666666669
decision_type=2 2 2 2 2 2 2 2 2 2 2 2 2 2
left_child=1 -1 3 -3 10 8 7 -7 9 -6 -5 -8 -13 -14
right_child=-2 2 -4 4 5 6 11 -9 -10 -11 -12 12 13 -15
leaf_value=-3.5416610978102923e-05 0.0030833159325231664 0.00012196831404641578 -0.0003622491752152783 -0.0010405204053905656 0.0003569496966091784 0.00050593624174890509 -0.00047546112897414521 -0.00042801771389979387 0.0011000544367098029 -0.0013368096812019202 -0.00061744296709391141 0.00040398742409867401 -0.00097138516814453807 -5.3287656596649379e-05
leaf_weight=12284 58 45 263 68 40 131 220 48 50 49 69 57 50 153
leaf_count=12284 58 45 263 68 40 131 220 48 50 49 69 57 50 153
internal_value=-7.54521e-05 -8.76038e-05 -0.000575222 5.10192e-05 -8.02151e-05 0.0002005 -0.000295904 0.00114525 0.00255396 0.00117977 -0.00171533 -0.000833335 -1.19209e-09 -0.00105911
internal_weight=13585 13527 1243 980 935 798 659 179 139 89 137 480 260 203
internal_count=13585 13527 1243 980 935 798 659 179 139 89 137 480 260 203
is_linear=0
shrinkage=0.05


Tree=108
num_leaves=15
num_cat=3
split_feature=0 0 4 5 4 4 4 4 5 4 4 0 4 5
split_gain=1.05353 0.230712 0.384686 0.503425 0.645892 0.239226 0.684723 0.499719 0.525267 0.47334 0.391672 0.43872 0.374153 0.349826
threshold=0 1 2.3833333333333337 2.5000000000000004 1.5083333333333335 11.075000000000001 13.241666666666669 12.925000000000002 4.5000000000000009 13.375000000000002 10.808333333333335 2 12.641666666666667 1.0000000180025095e-35
decision_type=9 9 2 2 2 2 2 2 2 2 2 9 2 2
left_child=-1 5 3 -3 -5 10 7 12 -9 -8 11 -2 -7 -13
right_child=1 2 -4 4 -6 6 9 8 -10 -11 -12 13 -14 -15
leaf_value=-0.00037261689883501541 -0.0018524181411819071 -0.0017218383131422496 -0.00019994434392524136 0.0009554021214151795 0.011899302051609693 0.0030840488864890322 -0.0060114606656547203 0.0030033907506884575 0.006140809586287644 0.00014532879050119246 -0.0041930084317449851 0.0086187084495252305 -0.0012104489536047462 0.00015436048993767296
leaf_weight=271 863 110 6312 110 49 633 44 115 68 3690 107 123 105 1045
leaf_count=271 863 110 6312 110 49 633 44 115 68 3690 107 123 105 1045
internal_value=-1.28264e-05 5.08057e-05 -0.000160068 0.00169145 0.00349056 0.000255033 0.000456497 0.00167752 0.00401639 0.000155328 -0.000182415 -2.70814e-05 0.00109756 0.000602715
internal_weight=13645 13374 6581 269 159 6793 4655 921 183 3734 2138 2031 738 1168
internal_count=13645 13374 6581 269 159 6793 4655 921 183 3734 2138 2031 738 1168
cat_boundaries=0 2 4 6
cat_threshold=16384 16384 3288400025 34530 2147483648 34306
is_linear=0
shrinkage=0.05


Tree=109
num_leaves=15
num_cat=4
split_feature=0 0 4 4 4 0 0 4 4 4 5 5 5 4
split_gain=0.942026 0.397222 0.219469 0.239962 0.377149 0.551577 0.359199 0.330689 0.330588 0.315353 0.267592 0.261787 0.25917 0.328334
threshold=0 1 22.975000000000005 10.358333333333336 16.541666666666671 2 3 10.808333333333335 9.2416666666666689 19.758333333333336 2.5000000000000004 1.5000000000000002 1.5000000000000002 9.5750000000000011
decision_type=9 9 2 2 2 9 9 2 2 2 2 2 2 2
left_child=-1 -2 3 6 5 7 8 -5 10 -6 -3 -7 -10 -14
right_child=1 2 -4 4 9 11 -8 -9 12 -11 -12 -13 13 -15
leaf_value=-0.0003571552298336056 0.0002736676326269118 -0.00179019350076956 0.0011886303365578701 0.0052861435792426218 0.00033989777208660036 -0.0017447161800999257 0.00065102540184030415 -0.00010091772060018144 0.0070376679297595697 -0.00097146238506835782 -0.00014149519365453238 -0.00086508607625459567 0.0027171835853636362 -0.0024736089638560835
leaf_weight=263 6680 334 108 57 1481 498 797 908 54 442 520 1301 52 127
leaf_count=263 6680 334 108 57 1481 498 797 908 54 442 520 1301 52 127
internal_value=-7.78165e-05 -1.83272e-05 -0.000290777 -0.000327957 -0.000519523 -0.000893634 0.000148619 7.69219e-05 -0.000442116 1.81995e-05 -0.000901641 -0.00140686 0.00122317 0.000307261
internal_weight=13622 13359 6679 6571 4687 2764 1884 965 1087 1923 854 1799 233 179
internal_count=13622 13359 6679 6571 4687 2764 1884 965 1087 1923 854 1799 233 179
cat_boundaries=0 2 4 6 8
cat_threshold=16384 16384 2217870480 33319 536936457 1088 671089153 3136
is_linear=0
shrinkage=0.05


Tree=110
num_leaves=15
num_cat=5
split_feature=0 0 4 4 4 4 4 0 5 0 4 0 4 6
split_gain=0.833525 0.336745 0.594422 0.251134 0.416087 0.425432 0.386336 0.357182 0.24461 0.665425 0.457075 0.223108 0.337072 0.314048
threshold=0 1 0.23333333333333336 9.9916666666666689 10.575000000000001 10.508333333333335 9.8416666666666686 2 1.0000000180025095e-35 3 12.141666666666667 4 11.525000000000002 1.3560995056197489
decision_type=9 9 2 2 2 2 2 9 2 9 2 9 2 2
left_child=-1 3 -3 6 5 -5 7 -2 9 10 -6 12 -10 -13
right_child=1 2 -4 4 8 -7 -8 -9 11 -11 -12 13 -14 -15
leaf_value=-0.00031892729851930595 0.00108198135688274 0.0024596948456874338 -0.00025820419255387237 0.0012658774740529439 0.0012871509662366943 0.0052824427898372737 -0.0049941221298468452 -0.00085657675056956739 -0.0061633649408904482 0.0020459023320406936 -0.0037175736822698639 0.00020546209933721392 0.0019415640190258725 0.0053696449063323388
leaf_weight=265 380 70 6383 233 46 42 62 1267 59 339 328 3278 742 100
leaf_count=265 380 70 6383 233 46 42 62 1267 59 339 328 3278 742 100
internal_value=-9.34248e-05 -3.71104e-05 -0.000296303 0.000206214 0.000380297 0.00227273 -0.000318901 -0.000173043 0.000273915 -0.000582049 -0.00200521 0.000419956 0.00116523 0.000239078
internal_weight=13594 13329 6453 6876 5167 275 1709 1647 4892 713 374 4179 801 3378
internal_count=13594 13329 6453 6876 5167 275 1709 1647 4892 713 374 4179 801 3378
cat_boundaries=0 2 4 6 8 9
cat_threshold=16384 16384 2147615387 32879 131 9 2147614720 41 2147614865
is_linear=0
shrinkage=0.05


Tree=111
num_leaves=15
num_cat=5
split_feature=0 0 2 6 5 2 5 0 0 5 5 0 6 6
split_gain=0.540083 0.260389 0.20132 0.114982 0.245906 0.182699 0.115024 0.21903 0.154612 0.0960784 0.0816481 0.28557 0.115221 0.11869
threshold=0 1 67.300000000000026 1.3560995056197489 2.5000000000000004 295.25000000000006 4.5000000000000009 2 3 1.5000000000000002 5.5000000000000009 4 1.9979644026864869 1.4874286478830445
decision_type=9 9 2 2 2 2 2 9 9 2 2 9 2 2
left_child=2 3 -1 6 -5 -6 8 -8 9 -2 12 -12 13 -3
right_child=1 10 -4 4 5 -7 7 -9 -10 -11 11 -13 -14 -15
leaf_value=-0.00014255102926610808 -0.0046470872682680452 -0.00011499396928395066 -0.0064180656169555541 0.0044830300449239099 0.0030550809420949146 -0.0049097068867349023 -0.00066622594501589941 0.00091782892230140147 -3.4536112893134222e-05 0.0049318596250042118 0.00015317268244197034 -0.0016965181066210455 -0.005705988031327016 0.00063562159603149874
leaf_weight=183 40 5371 84 76 52 43 591 1270 4750 68 498 448 110 48
leaf_count=183 40 5371 84 76 52 43 591 1270 4750 68 498 448 110 48
internal_value=-0.000107102 -6.16834e-05 -0.00229242 0.000152173 0.00143275 -0.000263159 0.000119808 0.000454056 -8.23503e-06 0.00177966 -0.00028913 -0.000718817 -0.000216134 -0.000183614
internal_weight=13632 13365 267 6890 171 95 6719 1861 4858 108 6475 946 5529 5419
internal_count=13632 13365 267 6890 171 95 6719 1861 4858 108 6475 946 5529 5419
cat_boundaries=0 2 4 6 7 9
cat_threshold=16384 16384 1209009288 98919 1032 65602 1160 2686582784 1040
is_linear=0
shrinkage=0.05


Tree=112
num_leaves=15
num_cat=5
split_feature=0 3 0 4 4 4 5 5 4 0 6 0 5 0
split_gain=0.535231 0.203326 0.175373 0.414846 0.35275 0.349168 0.47883 0.352538 0.324793 0.337964 0.296988 0.292316 0.278942 0.300848
threshold=0 5.8000000000000016 1 10.008333333333335 10.141666666666667 9.5750000000000011 3.5000000000000004 1.5000000000000002 15.375000000000002 2 2.2409863868481232 3 1.0000000180025095e-35 4
decision_type=9 2 9 2 2 2 2 2 2 9 2 9 2 9
left_child=1 -1 3 5 11 6 -2 -7 12 -10 -5 -4 -6 -14
right_child=2 -3 4 10 8 7 -8 -9 9 -11 -12 -13 13 -15
leaf_value=-0.00018076875794015846 -0.0010408779793348855 -0.0060112392507757108 0.0024896678245111856 0.00038445303570188469 -0.0025059293028708886 0.0013285140257098221 0.00053485368803587703 -0.0035510003890727687 0.00020879323645271944 -0.0010501093147357618 -0.0074629200443256374 5.8916643131126889e-05 2.6079713053813754e-05 -0.0010449182569404519
leaf_weight=181 851 83 308 5481 285 50 606 137 1882 570 57 1350 792 992
leaf_count=181 851 83 308 5481 285 50 606 137 1882 570 57 1350 792 992
internal_value=-7.52305e-05 -0.00226277 -3.02906e-05 0.000137652 -0.000225401 -0.000559612 -0.00029856 -0.00259358 -0.000454547 -6.5254e-05 0.000344889 0.000398069 -0.000915903 -0.000683858
internal_weight=13625 264 13361 7182 6179 1644 1457 187 4521 2452 5538 1658 2069 1784
internal_count=13625 264 13361 7182 6179 1644 1457 187 4521 2452 5538 1658 2069 1784
cat_boundaries=0 2 4 6 8 10
cat_threshold=16384 16384 2687501457 99878 1207959552 2264 1140916224 16 66056 73
is_linear=0
shrinkage=0.05


Tree=113
num_leaves=15
num_cat=3
split_feature=0 2 6 0 4 4 6 4 4 4 4 4 5 0
split_gain=0.570244 0.191626 0.17737 0.22695 0.331797 0.542609 0.178082 0.191378 0.661992 0.278171 0.212143 0.154956 0.208254 0.253838
threshold=0 67.300000000000026 2.7077599053781731 1 4.2750000000000012 5.6750000000000016 1.8305237646592867 10.208333333333334 8.9916666666666689 10.575000000000001 6.6916666666666673 10.958333333333334 5.5000000000000009 2
decision_type=9 2 2 9 2 2 2 2 2 2 2 2 2 9
left_child=1 -1 3 -2 -5 -6 7 8 10 -9 -7 -11 -13 -14
right_child=2 -3 -4 4 5 6 -8 9 -10 11 -12 12 13 -15
leaf_value=-0.00016986164449782627 0.00013970008437604712 -0.005696679552603166 0.0032529920259024309 0.00040252850556196228 -0.0035717654700942163 0.00074097775485667508 -0.0046951928966804668 -0.0031484876135168039 0.0020284144254819861 0.00064502151231177315 -0.00083453420685840384 -0.00011947355182313398 0.00013208082008820063 -0.0013835943997584825
leaf_weight=185 9199 82 58 239 64 41 55 53 248 64 261 2655 105 309
leaf_count=185 9199 82 58 239 64 41 55 53 248 64 261 2655 105 309
internal_value=-4.69978e-05 -0.00229242 -3.75415e-07 -1.24137e-05 -0.000321639 -0.000434502 -0.000357427 -0.000315847 0.000545453 -0.000464534 -0.00102649 -0.000403768 -0.000454547 -0.00149759
internal_weight=13618 267 13351 13293 4094 3855 3791 3736 550 3186 302 3133 3069 414
internal_count=13618 267 13351 13293 4094 3855 3791 3736 550 3186 302 3133 3069 414
cat_boundaries=0 2 4 6
cat_threshold=16384 16384 2149580947 2799 1208090624 32768
is_linear=0
shrinkage=0.05


Tree=114
num_leaves=15
num_cat=5
split_feature=0 0 6 4 6 0 4 4 0 0 4 4 4 4
split_gain=0.683561 0.217454 0.172458 0.117947 0.53655 0.4537 0.364715 0.328162 0.310875 0.305373 0.402381 0.302496 0.265974 0.397966
threshold=0 1 2.7077599053781731 18.125000000000004 1.3355396910605088 2 19.625000000000004 18.008333333333336 3 4 19.358333333333338 22.975000000000005 18.391666666666669 18.625000000000004
decision_type=9 9 2 2 2 9 2 2 9 9 2 2 2 2
left_child=-1 -2 3 7 5 6 9 -3 -8 10 -5 -10 -11 -14
right_child=1 2 -4 4 -6 -7 8 -9 11 12 -12 -13 13 -15
leaf_value=-0.00029192907534900087 0.00070014517631442682 -8.6445391816236238e-05 0.0037670598202226334 -0.00081255731609453151 0.0030338520240251144 -0.00037570986651389276 -0.0034628041782683197 -0.0041446691954351196 -0.00019036276512743669 -0.0033854687396599852 0.0025160087042383774 0.0057620698137233091 0.005824815425204956 0.0029243111789424132
leaf_weight=477 636 10165 51 240 54 949 119 85 367 63 40 78 48 227
leaf_count=477 636 10165 51 240 54 949 119 85 367 63 40 78 48 227
internal_value=-8.05218e-05 -1.21852e-05 -5.84199e-05 -7.03671e-05 0.000263157 0.000138431 0.000788589 -0.000141465 -0.000124115 0.0016343 0.000344826 0.000494504 0.00261494 0.00336364
internal_weight=13599 13122 12486 12435 2185 2131 1182 10250 564 618 280 445 338 275
internal_count=13599 13122 12486 12435 2185 2131 1182 10250 564 618 280 445 338 275
cat_boundaries=0 2 4 6 8 10
cat_threshold=147456 16384 67109017 32768 1049088 3790 1048576 1028 0 1608
is_linear=0
shrinkage=0.05


Tree=115
num_leaves=15
num_cat=4
split_feature=0 2 5 0 0 4 4 0 4 4 5 4 4 3
split_gain=0.506714 0.221415 0.140489 0.545485 0.538466 0.346474 0.445611 0.340123 0.304079 0.377715 0.400466 0.451594 0.262269 0.360842
threshold=0 67.300000000000026 2.5000000000000004 1 2 15.008333333333335 17.991666666666671 3 19.808333333333337 19.425000000000004 3.5000000000000004 18.975000000000005 20.141666666666669 11.750000000000002
decision_type=9 2 2 9 9 2 2 9 2 2 2 2 2 2
left_child=1 -1 4 5 -2 -4 7 -7 9 10 -8 -12 -10 -14
right_child=2 -3 3 -5 -6 6 8 -9 12 -11 11 -13 13 -15
leaf_value=-0.00013186999079676799 0.00036671325312250046 -0.0053989863749307103 0.0021991358185056856 -0.00012722132102902851 -0.00061641159515808805 0.00044018098014619259 0.0030267341946946156 -0.0025466656145977542 -0.0039302500717972718 0.0066282670902357557 0.0010110459685056773 -0.0025066482553590362 0.002389518888525653 -0.0033758135850349698
leaf_weight=188 2495 82 1393 5209 3212 116 75 394 45 62 165 51 43 93
leaf_count=188 2495 82 1393 5209 3212 116 75 394 45 62 165 51 43 93
internal_value=-3.78049e-05 -0.00214286 6.35966e-06 0.000146481 -0.000181357 0.000762157 7.66272e-05 -0.000980393 0.00108614 0.00194051 0.00118557 9.25914e-05 -0.000580112 0.000514705
internal_weight=13623 270 13353 7646 5707 2437 1044 510 534 353 291 216 181 136
internal_count=13623 270 13353 7646 5707 2437 1044 510 534 353 291 216 181 136
cat_boundaries=0 2 4 6 8
cat_threshold=16384 16384 1073938578 66085 740296321 33994 1073741824 1
is_linear=0
shrinkage=0.05


Tree=116
num_leaves=15
num_cat=5
split_feature=0 2 0 4 4 4 0 6 6 0 5 4 0 4
split_gain=0.50278 0.2147 0.151137 0.205003 0.463536 0.427318 0.239469 0.186627 0.244457 0.193533 0.401864 0.1815 0.337962 0.324775
threshold=0 67.300000000000026 1 19.591666666666672 19.808333333333337 19.241666666666671 2 2.4846656714227131 1.8305237646592867 3 1.5000000000000002 10.008333333333335 4 10.658333333333335
decision_type=9 2 9 2 2 2 9 2 2 9 2 2 9 2
left_child=1 -1 3 5 -5 7 -6 8 9 10 -2 12 -11 -13
right_child=2 -3 -4 4 6 -7 -8 -9 -10 11 -12 13 -14 -15
leaf_value=-0.00013924430667855425 0.012484303287389789 -0.0051378230637773208 -0.00015715214388812844 -0.0017935875081389941 0.0004109906327694258 0.0048440109074893659 -0.00075869761022506711 0.0055845261749585887 -0.007142745277658959 -0.002256431028770768 0.0001064474302840806 0.0024549137574431182 0.00019048020861427565 0.00015631179515212797
leaf_weight=192 46 83 7903 59 101 86 333 56 55 581 129 168 671 3211
leaf_count=192 46 83 7903 59 101 86 333 56 55 581 129 168 671 3211
internal_value=-0.000114818 -0.00219298 -7.04762e-05 0.000130765 -0.000841786 0.000226863 -0.000276499 0.00016575 0.000132688 0.000170619 0.00175676 0.000106657 -0.000407349 0.000297424
internal_weight=13674 275 13399 5496 493 5003 434 4917 4861 4806 175 4631 1252 3379
internal_count=13674 275 13399 5496 493 5003 434 4917 4861 4806 175 4631 1252 3379
cat_boundaries=0 2 4 6 7 9
cat_threshold=16384 16384 605159579 99398 1048592 2 138 1 33798
is_linear=0
shrinkage=0.05


Tree=117
num_leaves=15
num_cat=4
split_feature=0 0 4 5 0 0 4 5 4 4 4 4 4 4
split_gain=0.752975 0.221596 0.187725 0.495397 0.37538 0.271007 0.351378 0.316873 0.256232 0.321402 0.208793 0.34919 0.182423 0.270076
threshold=0 1 8.2583333333333346 2.5000000000000004 2 3 1.0083333333333335 3.5000000000000004 0.82500000000000007 7.5750000000000002 22.975000000000005 23.375000000000004 3.7750000000000004 2.0166666666666671
decision_type=9 9 2 2 9 9 2 2 2 2 2 2 2 2
left_child=-1 -2 3 4 12 6 -5 -8 -7 -10 -4 -12 13 -3
right_child=1 2 10 5 -6 8 7 -9 9 -11 11 -13 -14 -15
leaf_value=-0.00025490826149680016 7.0095623591482595e-05 0.0022684727837719845 -0.00035225510655042381 -0.0028086106344913002 -0.002321669636451472 0.0016228554364583721 -0.001855199954718327 0.0075359237858467669 -0.0039209489939886549 0.0083448775455242843 0.0049840923431370594 -0.00059881632362090553 0.0018032376436495766 -0.0061535925831010989
leaf_weight=260 5829 42 6183 75 281 40 64 243 228 41 51 69 113 55
leaf_count=260 5829 42 6183 75 281 40 64 243 228 41 51 69 113 55
internal_value=-0.000163549 -0.000110328 -0.000290195 0.000287647 -0.000926681 0.00115051 0.0020153 0.00281759 1.56728e-05 -0.000539035 -0.000399018 0.00166667 0.000681817 -0.00087629
internal_weight=13574 13314 7485 1182 491 691 382 307 309 269 6303 120 210 97
internal_count=13574 13314 7485 1182 491 691 382 307 309 269 6303 120 210 97
cat_boundaries=0 2 4 6 8
cat_threshold=16384 16384 2753626266 99462 1 537 0 2609
is_linear=0
shrinkage=0.05


Tree=118
num_leaves=15
num_cat=6
split_feature=0 0 4 0 4 0 4 4 4 4 4 0 0 4
split_gain=0.915349 0.266262 0.266568 0.247843 0.177935 0.349139 0.216388 0.177678 0.420542 0.157889 0.154066 0.500903 0.323645 0.257227
threshold=0 1 21.341666666666672 2 9.8416666666666686 3 9.158333333333335 8.2583333333333346 7.5750000000000002 0.23333333333333336 15.375000000000002 4 5 15.525000000000002
decision_type=9 9 2 9 2 9 2 2 2 2 2 9 9 2
left_child=-1 2 -2 -4 5 9 7 8 -7 -3 12 -12 -6 -13
right_child=1 4 3 -5 10 6 -8 -9 -10 -11 11 13 -14 -15
leaf_value=-0.00027075300575835071 0.00018362277082196212 0.0024460354385753146 3.1049437251330136e-06 -0.0014287415260254249 -8.9643983911317474e-06 -0.0015674588566497111 0.0016706382496353073 -0.0020777783511206722 0.010101355425025361 0.0006701773114672991 -0.0035653807144039743 0.0022597878759030398 -0.0010302627577684752 -3.2693026802704079e-05
leaf_weight=263 5376 46 113 114 1158 490 126 154 75 922 298 53 1484 3014
leaf_count=263 5376 46 113 114 1158 490 126 154 75 922 298 53 1484 3014
internal_value=-0.000119101 -6.06727e-05 0.000202208 -0.00147577 -0.000249043 0.000184775 -0.000555557 -0.00089708 -0.000486727 0.00082822 -0.000380391 -0.000156019 -0.000666163 3.73729e-05
internal_weight=13686 13423 5603 227 7820 1813 845 719 565 968 6007 3365 2642 3067
internal_count=13686 13423 5603 227 7820 1813 845 719 565 968 6007 3365 2642 3067
cat_boundaries=0 2 4 6 8 10 12
cat_threshold=16384 16384 2752512650 34310 2148532226 2 65536 2201 66560 65537 66577 65633
is_linear=0
shrinkage=0.05


Tree=119
num_leaves=15
num_cat=4
split_feature=0 5 0 5 5 4 4 0 4 5 0 4 4 6
split_gain=0.470143 0.265127 0.194233 0.152026 0.201577 0.139241 0.478436 0.37217 0.269956 0.362683 0.230312 0.312265 0.197356 0.151089
threshold=0 5.5000000000000009 1 4.5000000000000009 1.0000000180025095e-35 9.9916666666666689 9.158333333333335 2 5.6750000000000016 3.5000000000000004 3 15.258333333333335 3.5666666666666669 2.1515097675933066
decision_type=9 2 9 2 2 2 2 9 2 2 9 2 2 2
left_child=1 3 5 4 -1 6 7 8 12 -10 11 -7 -2 -12
right_child=2 -3 -4 -5 -6 10 -8 -9 9 -11 13 -13 -14 -15
leaf_value=-0.00078763034738456848 -0.00093109973897014192 4.1780394546103528e-05 -0.00012702775050412991 -0.00041693648603828852 -8.8387006532037883e-05 0.0072856931979324762 -0.0040584581576737231 0.0010035395501735913 -0.00083301628202324092 0.0033957636589259151 0.00032182896735332122 5.3005288192054373e-05 -0.0051136216372820679 -0.0056318264680258008
leaf_weight=64 145 63 7886 69 269 46 226 466 130 80 3996 64 88 43
leaf_count=64 145 63 7886 69 269 46 226 466 130 80 3996 64 88 43
internal_value=-8.61765e-05 -0.00163158 -3.03502e-05 -0.0021393 -0.0016967 0.000204003 -0.000286345 0.000225521 -0.000805741 0.000476189 0.000338635 0.0025 -0.00199571 0.000272906
internal_weight=13635 465 13170 402 333 5284 1135 909 443 210 4149 110 233 4039
internal_count=13635 465 13170 402 333 5284 1135 909 443 210 4149 110 233 4039
cat_boundaries=0 2 4 6 7
cat_threshold=147456 16384 2217739419 32782 2098194 32774 1168
is_linear=0
shrinkage=0.05


Tree=120
num_leaves=15
num_cat=1
split_feature=4 6 3 4 1 4 4 4 6 5 4 4 4 5
split_gain=0.169877 0.162955 0.421529 0.241286 0.187989 0.283083 0.294309 0.263466 0.165946 0.148254 0.205177 0.509938 0.481859 0.475347
threshold=3.2583333333333337 1.3560995056197489 42.300000000000004 9.3750000000000018 0 20.625000000000004 19.625000000000004 6.1250000000000009 1.6821438309044103 3.5000000000000004 11.075000000000001 14.29166666666667 15.79166666666667 1.5000000000000002
decision_type=2 2 2 2 1 2 2 2 2 2 2 2 2 2
left_child=-1 4 3 -3 5 6 7 -2 -5 10 -9 13 -13 -12
right_child=1 2 -4 8 -6 -7 -8 9 -10 -11 11 12 -14 -15
leaf_value=-0.0007813805173934442 0.0054458844362302384 0.011409069337820057 -0.010703566913933751 0.0011802846786576667 -0.0001443298476541812 -0.0023700811276416967 0.0034416300875534985 -0.0022226236680712749 0.0019963963477354642 -0.00093355892949212283 0.0034739062522488096 -0.0086722823956648046 0.0016602622731099138 0.0062533659082021327
leaf_weight=751 72 45 41 60 10655 106 55 161 197 693 64 55 559 80
leaf_count=751 72 45 41 60 10655 106 55 161 197 693 64 55 559 80
internal_value=-0.00014124 -9.84984e-05 0.000976675 0.00162252 -0.000128001 0.000336926 0.000491661 0.000374108 0.00103113 0.000241934 0.000658323 0.00100264 0.000374592 0.00368055
internal_weight=13594 12843 343 302 12500 1845 1739 1684 257 1612 919 758 614 144
internal_count=13594 12843 343 302 12500 1845 1739 1684 257 1612 919 758 614 144
cat_boundaries=0 1
cat_threshold=6
is_linear=0
shrinkage=0.05


Tree=121
num_leaves=15
num_cat=4
split_feature=0 0 6 4 4 5 0 4 4 4 4 0 4 4
split_gain=0.530299 0.206526 0.276933 0.258866 0.318233 0.297963 0.402911 0.367125 0.593161 0.359795 0.384384 0.292192 0.295279 0.813654
threshold=0 1 2.6381203460857665 2.3833333333333337 1.0000000180025095e-35 1.5000000000000002 2 8.4916666666666689 10.358333333333336 13.591666666666669 11.808333333333335 3 10.141666666666667 11.208333333333334
decision_type=9 9 2 2 2 2 9 2 2 2 2 9 2 2
left_child=-1 -2 3 4 -3 6 7 -5 -9 10 -10 12 -7 -14
right_child=1 2 -4 5 -6 11 -8 8 9 -11 -12 -13 13 -15
leaf_value=-0.0046752112658903049 0.00018671670554259138 -0.0011204173274595526 0.002892605286049098 -0.0047804036796863783 0.0015390237331226839 -0.0046904582845014664 -0.00018372160692850601 0.0077525873828105654 0.0016612414072142635 0.0021862773441034817 -0.0046491092982295611 -0.00026801100099579797 0.0074378042514926237 0.0002291919306561194
leaf_weight=138 7075 41 46 47 192 194 1149 56 42 386 58 3069 64 1043
leaf_count=138 7075 41 46 47 192 194 1149 56 42 386 58 3069 64 1043
internal_value=3.67528e-06 3.63705e-05 -0.000169612 -0.00019792 0.00143777 -0.000260316 0.00029344 0.00134391 0.00173432 0.00117284 -0.0015 -0.00048055 0.00014874 0.00046522
internal_weight=13600 13462 6387 6341 233 6108 1738 589 542 486 100 4370 1301 1107
internal_count=13600 13462 6387 6341 233 6108 1738 589 542 486 100 4370 1301 1107
cat_boundaries=0 2 4 6 8
cat_threshold=8 16384 2214659729 2731 1210056706 64 1048576 98308
is_linear=0
shrinkage=0.05


Tree=122
num_leaves=15
num_cat=0
split_feature=7 2 4 4 4 5 4 4 4 4 6 4 3 4
split_gain=0.242576 0.446069 0.179678 0.241478 0.342908 0.267748 0.200669 0.360845 0.187399 0.16954 0.161847 0.15164 0.348612 0.231641
threshold=1.0000000180025095e-35 67.300000000000026 4.2750000000000012 13.441666666666668 13.991666666666669 1.0000000180025095e-35 15.741666666666669 17.058333333333337 17.825000000000003 15.008333333333335 2.7077599053781731 22.741666666666671 7.3500000000000005 23.375000000000004
decision_type=2 2 2 2 2 2 2 2 2 2 2 2 2 2
left_child=10 2 -2 5 -5 -4 9 -8 -9 -6 11 -1 -13 -14
right_child=1 -3 3 4 6 -7 7 8 -10 -11 -12 12 13 -15
leaf_value=-1.9379707085926181e-06 0.0002070751817675025 -0.0046495557147349072 -0.0015682802486473018 0.006041264444860972 -7.176881607980037e-05 -0.00010649248733022531 0.00043580133603931219 -0.00069838139573985525 4.0506931862497121e-05 -0.00023087709209047911 0.0032594501028163692 0.0050707005275977875 0.00052009277599839737 -0.0046726708601079114
leaf_weight=12145 46 78 67 42 71 524 69 65 224 69 51 50 87 67
leaf_count=12145 46 78 67 42 71 524 69 65 224 69 51 50 87 67
internal_value=-3.4787e-05 -0.000697212 -0.000454547 -0.000579135 0.000185184 -0.0012775 -0.000180724 0.000446926 -0.000328721 -0.00178572 3.22569e-05 2.06483e-05 0.00137255 0.000194804
internal_weight=13655 1255 1177 1131 540 591 498 358 289 140 12400 12349 204 154
internal_count=13655 1255 1177 1131 540 591 498 358 289 140 12400 12349 204 154
is_linear=0
shrinkage=0.05


Tree=123
num_leaves=15
num_cat=8
split_feature=0 0 2 5 0 5 0 0 0 5 5 0 0 5
split_gain=0.429753 0.286888 0.25853 0.209212 0.393716 0.194364 0.160137 0.133858 0.114904 0.182785 0.101316 0.0980089 0.0918977 0.11088
threshold=0 1 67.300000000000026 5.5000000000000009 2 5.5000000000000009 3 4 5 4.5000000000000009 1.0000000180025095e-35 6 7 2.5000000000000004
decision_type=9 9 2 2 9 2 9 9 9 2 2 9 9 2
left_child=2 5 -1 8 -5 12 -6 -7 9 10 -3 -11 13 -2
right_child=1 3 -4 4 6 7 -8 -9 -10 11 -12 -13 -14 -15
leaf_value=-7.0376220241483056e-05 -6.175768657373623e-05 -0.0023917594931082775 -0.0042546793557887638 0.0011188318096695619 6.5421907450496848e-05 -0.0019500549173776601 -0.0031690671492094684 -9.2363079398395664e-05 -0.00040012351913608097 0.0048155231415786953 -0.00019226749737098265 0.00018929253024855327 0.00031645155661093674 0.00054760334941007132
leaf_weight=190 1690 492 83 505 318 195 209 634 3419 128 1962 395 1680 1696
leaf_count=190 1690 492 83 505 318 195 209 634 3419 128 1962 395 1680 1696
internal_value=-6.84037e-05 -2.73769e-05 -0.00199647 -0.000233935 0.000426355 0.000232852 -0.000530727 -0.000476479 -0.000340839 -0.000112154 -0.0002934 0.000736136 0.000349387 0.00019729
internal_weight=13596 13323 273 7428 1032 5895 527 829 6396 2977 2454 523 5066 3386
internal_count=13596 13323 273 7428 1032 5895 527 829 6396 2977 2454 523 5066 3386
cat_boundaries=0 2 4 6 8 10 12 14 16
cat_threshold=16384 16384 537921163 34408 1208090624 23 2149580800 128 1048578 8 2216755216 67712 2162704 65536 0 33384
is_linear=0
shrinkage=0.05


Tree=124
num_leaves=15
num_cat=3
split_feature=0 0 3 4 4 4 4 0 6 6 6 4 4 3
split_gain=0.711404 0.169283 0.134799 0.128397 0.300438 0.193877 0.246082 0.203877 0.131757 0.196443 0.232854 0.153546 0.301764 0.185467
threshold=0 1 5.8000000000000016 22.908333333333335 23.375000000000004 20.625000000000004 20.225000000000005 2 2.4846656714227131 1.9979644026864869 1.3560995056197489 2.8916666666666671 2.1583333333333337 49.000000000000007
decision_type=9 9 2 2 2 2 2 9 2 2 2 2 2 2
left_child=2 -2 -1 5 -5 6 8 -7 9 10 11 12 13 -3
right_child=1 3 -4 4 -6 7 -8 -9 -10 -11 -12 -13 -14 -15
leaf_value=-0.00010414501306391898 9.108543668585722e-05 0.000228326080198542 -0.0040293142820770041 0.0047414156470001094 -0.0011698175551194919 -0.0027013640368246071 0.0076427017058207551 -0.00045093186352844727 0.0068080005666579504 -0.0011144762074944915 0.00097672831731653552 -0.00021090300645886713 0.0047201209943388868 -0.003458988982193364
leaf_weight=180 6036 214 82 62 63 115 40 206 72 55 80 6319 54 57
leaf_count=180 6036 214 82 62 63 115 40 206 72 55 80 6319 54 57
internal_value=-7.88424e-05 -2.72746e-05 -0.0026103 -0.000188514 0.0014 -0.000216307 -0.000160355 -0.00141745 -0.000183186 -0.000205784 -0.000181441 -0.000213728 0.000846153 0.00016605
internal_weight=13635 13373 262 7337 125 7212 6891 321 6851 6779 6724 6644 325 271
internal_count=13635 13373 262 7337 125 7212 6891 321 6851 6779 6724 6644 325 271
cat_boundaries=0 2 4 6
cat_threshold=16384 16384 1141964955 2094 2281701888 512
is_linear=0
shrinkage=0.05


Tree=125
num_leaves=15
num_cat=2
split_feature=0 2 0 4 4 4 4 4 5 4 4 4 4 5
split_gain=0.391877 0.259771 0.179843 0.213221 0.23824 0.445213 0.427673 0.270862 0.290542 0.247361 0.203509 0.323631 0.234527 0.302727
threshold=0 67.300000000000026 1 20.625000000000004 10.808333333333335 11.441666666666668 10.141666666666667 9.7083333333333339 3.5000000000000004 12.075000000000001 17.058333333333337 17.825000000000003 15.79166666666667 1.0000000180025095e-35
decision_type=9 2 9 2 2 2 2 2 2 2 2 2 2 2
left_child=1 -1 3 4 6 -6 7 8 -2 -7 12 -12 13 -11
right_child=2 -3 -4 -5 5 9 -8 -9 -10 10 11 -13 -14 -15
leaf_value=-4.1847892888104133e-05 -0.0017104821752489008 -0.0038132055999321917 4.8266058069193349e-05 -0.0014372477804135459 0.0053370242279261911 -0.0010177875895919341 -0.002858144189329663 0.00046753790142504124 6.1867839887970664e-05 -0.0024341409546329985 -0.00080045236347684465 -0.00015624225238304275 0.0026026796702478192 0.00012131439999191682
leaf_weight=186 218 80 11031 105 74 60 106 59 194 59 122 735 166 426
leaf_count=186 218 80 11031 105 74 60 106 59 194 59 122 735 166 426
internal_value=-5.54303e-05 -0.00192029 -1.68362e-05 -0.000415597 -0.000313205 -6.09133e-06 -0.00118718 -0.000541402 -0.000995147 -0.00018495 -5.96829e-05 -0.000565929 0.000606758 5.15452e-05
internal_weight=13621 266 13355 2324 2219 1642 577 471 412 1568 1508 857 651 485
internal_count=13621 266 13355 2324 2219 1642 577 471 412 1568 1508 857 651 485
cat_boundaries=0 2 4
cat_threshold=16384 16384 1210058240 1536
is_linear=0
shrinkage=0.05


Tree=126
num_leaves=15
num_cat=4
split_feature=0 4 0 2 0 4 4 4 5 4 0 4 4 4
split_gain=0.560492 0.178741 0.184153 0.2176 0.166146 0.445156 0.231896 0.147331 0.294538 0.676079 0.484826 0.410979 0.282615 0.260495
threshold=0 8.9916666666666689 1 67.300000000000026 2 22.975000000000005 22.975000000000005 17.408333333333335 1.5000000000000002 18.275000000000002 3 18.008333333333336 17.008333333333336 17.891666666666669
decision_type=9 2 9 2 9 2 2 2 2 2 9 2 2 2
left_child=1 -1 -3 -4 6 -6 7 12 11 10 -10 -9 -2 -12
right_child=4 2 3 -5 5 -7 -8 8 9 -11 13 -13 -14 -15
leaf_value=-0.0013200013158523359 0.00027669790792051498 -0.00012730393876168723 -6.7622466599357307e-05 -0.004100039485586935 -0.0001229302534600973 0.0041828242537085038 -0.0010153896664713868 0.00052311351804907788 -0.0080950771926870096 0.0017738073599552154 0.0030569118694070948 -0.0045607727724888509 0.0041011954910034499 -0.0013609805465274662
leaf_weight=70 3588 766 181 55 6988 112 65 209 127 628 40 258 159 356
leaf_count=70 3588 766 181 55 6988 112 65 209 127 628 40 258 159 356
internal_value=-2.64679e-05 -0.0011183 -0.000958085 -0.00215447 6.77819e-05 -9.14217e-05 0.000275734 0.000312208 -8.65278e-05 0.000343179 -0.000984705 -0.00114561 0.000484386 -7.38928e-05
internal_weight=13602 1072 1002 236 12530 7100 5430 5365 1618 1151 523 467 3747 396
internal_count=13602 1072 1002 236 12530 7100 5430 5365 1618 1151 523 467 3747 396
cat_boundaries=0 2 4 6 8
cat_threshold=1073758208 82944 1073741824 66560 2215642267 676 1 672
is_linear=0
shrinkage=0.05


Tree=127
num_leaves=15
num_cat=4
split_feature=0 0 4 4 4 0 4 4 5 4 5 5 4 0
split_gain=0.518584 0.294569 0.369901 0.246954 0.386472 0.448886 0.364664 0.667244 1.20603 0.350144 0.339548 0.32916 0.494246 0.307158
threshold=0 1 0.67500000000000016 11.075000000000001 17.508333333333336 2 19.425000000000004 19.908333333333335 4.5000000000000009 17.241666666666671 5.5000000000000009 1.0000000180025095e-35 12.29166666666667 3
decision_type=9 9 2 2 2 9 2 2 2 2 2 2 2 9
left_child=-1 3 -3 -2 5 9 -6 8 -8 -5 11 12 -7 -9
right_child=1 2 -4 4 6 10 7 13 -10 -11 -12 -13 -14 -15
leaf_value=-0.00017793666432246448 -0.00039367899167043789 0.0017946658354990445 -0.00019856522746911401 -0.00068953542636518688 -0.0020938157482320772 0.0047137541751279847 0.0010530027787819744 -0.0028130866112094262 0.0093243933481281828 0.0042668164226536852 -0.00048183637975818109 0.0029997073460400507 -0.0021838275590349209 0.00013932762325170913
leaf_weight=263 2089 88 7149 855 789 40 147 149 51 43 232 1175 204 346
leaf_count=263 2089 88 7149 855 789 40 147 149 51 43 232 1175 204 346
internal_value=-9.54491e-05 -5.12468e-05 -0.000267008 0.000203914 0.000432894 0.000806197 -0.000209178 0.000627704 0.00308081 -9.91201e-05 0.00129139 0.00158915 -8.19684e-05 -0.000353537
internal_weight=13620 13357 7237 6120 4031 2549 1482 693 198 898 1651 1419 244 495
internal_count=13620 13357 7237 6120 4031 2549 1482 693 198 898 1651 1419 244 495
cat_boundaries=0 2 4 6 8
cat_threshold=16384 16384 2214659739 618 67174417 72 8 544
is_linear=0
shrinkage=0.05


Tree=128
num_leaves=15
num_cat=3
split_feature=0 0 4 4 4 4 4 4 4 0 6 4 5 4
split_gain=0.549332 0.263768 0.531048 0.333986 0.799383 0.26195 0.347858 0.321205 0.25395 0.420262 0.23076 0.22448 0.199404 0.216786
threshold=0 1 17.308333333333337 18.625000000000004 18.391666666666669 15.441666666666668 15.191666666666668 15.991666666666669 17.758333333333336 2 1.1557608829651618 18.808333333333337 1.0000000180025095e-35 13.991666666666669
decision_type=9 9 2 2 2 2 2 2 2 9 2 2 2 2
left_child=-1 2 5 4 8 6 10 -7 -4 -10 12 -5 -2 -14
right_child=1 -3 3 11 -6 7 -8 -9 9 -11 -12 -13 13 -15
leaf_value=-0.00023764063036983154 -0.0014037811247767313 -0.00012794882253684968 0.004429065557490907 -0.0016196344418077078 0.0059124217517978125 -0.0024523314554967565 0.0036188490720267803 -0.00057528378029350917 -0.0020509392071514795 0.0011936160009556691 -0.0049231659165046918 0.00018516213528701613 5.4753373112765018e-05 0.0013335258483845034
leaf_weight=709 291 9097 124 47 49 104 62 406 119 208 68 541 1537 253
leaf_count=709 291 9097 124 47 49 104 62 406 119 208 68 541 1537 253
internal_value=-0.000108338 -3.32932e-05 0.000315526 0.00125 0.0022 -5.69655e-05 0.000178651 -0.00107843 0.00154102 0.000810396 7.21254e-05 0.000442176 0.000165784 0.000363127
internal_weight=13615 12906 3809 1088 500 2721 2211 510 451 327 2149 588 2081 1790
internal_count=13615 12906 3809 1088 500 2721 2211 510 451 327 2149 588 2081 1790
cat_boundaries=0 2 4 6
cat_threshold=134234112 81920 1140982915 3084 1 1036
is_linear=0
shrinkage=0.05


Tree=129
num_leaves=15
num_cat=4
split_feature=0 5 0 0 6 4 4 4 5 4 4 4 4 0
split_gain=0.443453 0.180302 0.494546 0.457808 0.416837 0.36515 0.520578 0.41341 0.387145 0.995585 0.3464 0.397501 0.303557 0.725246
threshold=0 3.5000000000000004 1 2 2.4586944599067744 15.608333333333336 6.9750000000000005 11.125000000000002 4.5000000000000009 13.808333333333335 17.058333333333337 19.591666666666672 8.0916666666666686 3
decision_type=9 2 9 9 2 2 2 2 2 2 2 2 2 9
left_child=-1 2 -2 5 12 6 -3 -8 9 -9 -7 -12 13 -5
right_child=1 3 -4 4 -6 10 7 8 -10 -11 11 -13 -14 -15
leaf_value=-0.00016026693337474471 0.00043630020853840441 -0.0018811997405076817 -0.00043670698558590665 0.0045916676308368461 0.011173551631714695 -0.0041624082900602556 0.0050930517534792984 -0.00067948009475981294 5.2032940999014325e-05 0.013387702975605452 0.0031832671884778258 -0.0015999114099716678 -0.00042267504673007116 -0.00073681986379637242
leaf_weight=877 1427 110 5848 249 40 116 220 65 233 50 205 106 3751 351
leaf_count=877 1427 110 5848 249 40 116 220 65 233 50 205 106 3751 351
internal_value=-0.000142147 -6.68974e-05 -0.000230242 0.000149198 -8.06647e-05 0.00105381 0.00178466 0.00239437 0.00132184 0.00369565 -8.19684e-05 0.00078778 -0.000127558 0.000916665
internal_weight=13648 12771 7275 5496 4391 1105 678 568 348 115 427 311 4351 600
internal_count=13648 12771 7275 5496 4391 1105 678 568 348 115 427 311 4351 600
cat_boundaries=0 2 4 6 8
cat_threshold=1207975936 16384 67110539 1154 146 65557 2148532224 2592
is_linear=0
shrinkage=0.05


Tree=130
num_leaves=15
num_cat=2
split_feature=0 4 6 0 4 5 5 6 5 6 4 2 4 4
split_gain=0.455348 0.170937 0.172282 0.156289 0.268588 0.217367 0.335747 0.115357 0.205823 0.128741 0.441732 0.350301 0.149999 0.507666
threshold=0 23.758333333333336 2.7077599053781731 1 6.4166666666666679 3.5000000000000004 1.5000000000000002 1.9979644026864869 3.5000000000000004 1.3355396910605088 12.858333333333336 295.25000000000006 6.4166666666666679 5.6750000000000016
decision_type=9 2 2 9 2 2 2 2 2 2 2 2 2 2
left_child=-1 2 3 4 -2 6 -6 9 -9 12 -11 -12 13 -5
right_child=1 -3 -4 7 5 -7 -8 8 -10 10 11 -13 -14 -15
leaf_value=-0.00018542715805746105 -0.0046947802144051897 0.0011505740515644434 0.0017289499714776291 0.00018967050829383179 7.0643809371032782e-05 -0.0003116042352368028 0.0022308041411222435 -0.0045266676549424274 0.0045030692478573693 -0.0018525662463402754 0.0032456466028455613 -0.0006744368445689052 -0.00012924965825650175 0.0080021180630978021
leaf_weight=524 53 51 51 1105 79 101 72 82 73 53 42 45 11182 81
leaf_count=524 53 51 51 1105 79 101 72 82 73 53 42 45 11182 81
internal_value=-0.000104459 -4.58728e-05 -5.72252e-05 -6.86317e-05 0.00103174 0.00174603 0.00294702 -9.58743e-05 -0.00145161 -7.91505e-05 0.00142857 0.00362069 -9.62172e-05 0.000438447
internal_weight=13594 13070 13019 12968 305 252 151 12663 155 12508 140 87 12368 1186
internal_count=13594 13070 13019 12968 305 252 151 12663 155 12508 140 87 12368 1186
cat_boundaries=0 2 3
cat_threshold=134234112 16384 1553
is_linear=0
shrinkage=0.05


Tree=131
num_leaves=15
num_cat=3
split_feature=0 0 4 4 4 4 4 5 4 0 4 4 4 4
split_gain=0.473129 0.301272 0.457164 0.425696 0.233768 0.384994 0.260399 0.226635 0.468927 0.746799 0.319097 0.57733 0.828801 1.19816
threshold=0 1 18.508333333333336 18.808333333333337 12.641666666666667 12.858333333333336 12.208333333333334 5.5000000000000009 18.925000000000004 2 6.9750000000000005 12.075000000000001 15.858333333333336 17.175000000000004
decision_type=9 9 2 2 2 2 2 2 2 9 2 2 2 2
left_child=-1 2 4 -4 6 -6 -2 -3 9 10 -9 -12 -13 -14
right_child=1 7 3 -5 5 -7 -8 8 -10 -11 11 12 13 -15
leaf_value=-0.0036217066711915972 0.00023717981434152229 -0.00015397236722653309 0.0042556846977050847 0.00044238397755709557 -0.0073005801350396575 -0.00045984343597197996 0.0042934991251381395 -0.0083526055670328139 0.0020790155168621269 -0.00099859849166638107 0.0029473751823305022 -0.0012121616139990966 0.0027080406059080357 0.0025431355982022431
leaf_weight=136 2646 5776 97 923 80 2906 142 42 98 415 116 108 43 113
leaf_count=136 2646 5776 97 923 80 2906 142 42 98 415 116 108 43 113
internal_value=-0.000113996 -8.3242e-05 0.00015138 0.00112745 -2.0784e-05 -0.000328199 0.000308464 -0.000320638 0.000401068 1.792e-05 0.00148148 0.00197368 0.000681817 0.00301282
internal_weight=13641 13505 6794 1020 5774 2986 2788 6711 935 837 422 380 264 156
internal_count=13641 13505 6794 1020 5774 2986 2788 6711 935 837 422 380 264 156
cat_boundaries=0 2 4 6
cat_threshold=1024 16384 1245849 3788 1210073088 19
is_linear=0
shrinkage=0.05


Tree=132
num_leaves=15
num_cat=3
split_feature=0 2 0 5 5 5 6 4 4 5 4 4 4 0
split_gain=0.392944 0.329065 0.218542 0.351587 0.531123 0.391505 0.298694 0.247352 0.204084 0.190929 0.126825 0.138745 1.27386 0.453763
threshold=0 67.300000000000026 1 3.5000000000000004 2.5000000000000004 4.5000000000000009 2.7077599053781731 13.641666666666667 7.8583333333333343 1.5000000000000002 23.758333333333336 13.491666666666669 13.441666666666668 2
decision_type=9 2 9 2 2 2 2 2 2 2 2 2 2 9
left_child=1 -1 3 4 7 -5 10 8 -2 -9 11 12 13 -4
right_child=2 -3 6 5 -6 -7 -8 9 -10 -11 -12 -13 -14 -15
leaf_value=-6.907473699411825e-05 2.5345758024789892e-05 -0.0033267173433457254 -0.0024897617656678642 -0.0057500416772788866 0.0030218775545846448 0.00041582815907940544 0.0027147920988979191 -0.006389504656488694 0.00576352380057842 0.0017925152313285953 0.00077727944029009309 -0.00012004409422294258 0.0059647049193174827 8.1711085504157348e-05
leaf_weight=349 43 81 111 54 50 115 51 67 42 41 54 6978 44 5570
leaf_count=349 43 81 111 54 50 115 51 67 42 41 54 6978 44 5570
internal_value=-7.3272e-06 -0.00147727 4.1571e-05 0.00116114 0.00240741 -0.000562131 4.67973e-06 0.00121762 0.00323529 -0.000370372 -1.05836e-05 -2.08624e-05 0.000161571 9.59326e-05
internal_weight=13650 430 13220 412 243 169 12808 193 85 108 12757 12703 5725 5681
internal_count=13650 430 13220 412 243 169 12808 193 85 108 12757 12703 5725 5681
cat_boundaries=0 2 3 5
cat_threshold=1073741824 16384 1689 2097152 98304
is_linear=0
shrinkage=0.05


Tree=133
num_leaves=15
num_cat=3
split_feature=0 0 4 4 5 4 4 4 4 4 4 4 4 0
split_gain=0.464202 0.214154 0.564712 0.556951 0.462947 0.345183 0.697834 0.347646 0.275204 0.26671 0.246455 0.182395 0.266116 0.532987
threshold=0 1 4.0083333333333337 8.2583333333333346 1.0000000180025095e-35 7.5750000000000002 6.1250000000000009 4.8750000000000009 8.4916666666666689 0.23333333333333336 1.5083333333333335 1.0083333333333335 4.5666666666666673 2
decision_type=9 9 2 2 2 2 2 2 2 2 2 2 2 9
left_child=-1 2 10 4 -4 6 7 -6 -5 -3 -2 -11 13 -13
right_child=1 9 3 8 5 -7 -8 -9 -10 11 -12 12 -14 -15
leaf_value=-0.0031236253345395303 -0.00019490159233519178 0.0018644253099373337 -0.011155231829094017 -0.010281463198134177 0.0010901773941145579 0.0079189157213597049 -0.0040903617204523209 0.0082000415529050862 0.0001925527932832128 -0.0029087855342291129 -0.0038582431226990028 -0.00027260750779138345 -9.1809213561519138e-05 0.0026765628524416099
leaf_weight=145 153 69 41 41 52 83 100 61 3549 94 201 243 8567 239
leaf_count=145 153 69 41 41 52 83 100 61 3549 94 201 243 8567 239
internal_value=-2.12653e-05 9.99659e-06 0.000301793 0.000474916 0.0024184 0.00310811 0.00204225 0.00473451 0.000292478 -0.000125787 -0.00161017 -0.000149296 -0.000126535 0.0010166
internal_weight=13638 13493 4281 3927 337 296 213 113 3590 9212 354 9143 9049 482
internal_count=13638 13493 4281 3927 337 296 213 113 3590 9212 354 9143 9049 482
cat_boundaries=0 2 4 6
cat_threshold=8 16384 131201 33384 537920016 134
is_linear=0
shrinkage=0.05


Tree=134
num_leaves=15
num_cat=2
split_feature=0 2 0 4 4 4 4 4 2 4 4 5 2 4
split_gain=0.355454 0.255405 0.223759 0.182795 0.119516 0.188542 0.2823 0.377031 0.281106 0.239396 0.143685 0.632964 0.305747 0.288931
threshold=0 518.00000000000011 1 0.23333333333333336 23.208333333333336 22.575000000000003 21.491666666666671 20.358333333333338 304.90000000000003 22.008333333333336 18.125000000000004 1.5000000000000002 29.450000000000003 19.525000000000002
decision_type=9 2 9 2 2 2 2 2 2 2 2 2 2 2
left_child=1 -1 4 -4 5 6 7 10 -9 -8 -2 13 -13 -12
right_child=2 -3 3 -5 -6 -7 9 8 -10 -11 11 12 -14 -15
leaf_value=-0.0030130835980670652 0.00011845007833634748 -0.0015077928178977359 0.0016308874611496633 -9.1699124741854301e-05 0.0025873434477319615 -0.0017111057693187841 0.0057576417966247982 -0.0005797441193173457 -0.0057321890367101553 0.0014526163098447895 -0.0025031818559063095 -0.0031669926228046126 0.002322436071625052 0.0011374015565459384
leaf_weight=78 5101 171 68 7255 53 62 42 63 61 53 123 84 380 65
leaf_count=78 5101 171 68 7255 53 62 42 63 61 53 123 84 380 65
internal_value=-7.65075e-05 -0.0019112 -4.09848e-05 -0.000227057 0.000182876 0.000162412 0.00019089 0.000147183 -0.00258065 0.00289474 0.000205978 0.000904907 0.00189655 -0.00154255
internal_weight=13659 249 13410 7323 6087 6034 5972 5877 124 95 5753 652 464 188
internal_count=13659 249 13410 7323 6087 6034 5972 5877 124 95 5753 652 464 188
cat_boundaries=0 2 4
cat_threshold=0 81920 607192721 1612
is_linear=0
shrinkage=0.05


Tree=135
num_leaves=15
num_cat=6
split_feature=0 0 4 6 4 0 5 0 5 5 0 4 0 4
split_gain=0.710666 0.193843 0.225888 0.211259 0.173599 0.351492 0.352231 0.266603 0.345707 0.208212 0.458868 0.418533 0.330707 0.376516
threshold=0 1 23.375000000000004 2.7077599053781731 17.591666666666672 2 2.5000000000000004 3 1.5000000000000002 3.5000000000000004 4 3.058333333333334 5 15.441666666666668
decision_type=9 9 2 2 2 9 2 9 2 2 9 2 9 2
left_child=-1 4 3 -3 9 -6 7 8 -7 10 -2 -12 13 -11
right_child=1 2 -4 -5 5 6 -8 -9 -10 12 11 -13 -14 -15
leaf_value=-0.0029455444502870264 0.0020856304931653135 -7.1720509925619102e-05 -0.0054000617733299646 0.0014768066070142681 -0.001003613740981267 -0.00051761940157490905 0.00022669030666583293 0.0048525151692054213 0.0066732331012843323 0.0040444908159118333 0.0015075886751543068 -0.00079279446801179825 2.1465707965840566e-05 -0.0037666964290204194
leaf_weight=132 105 6700 43 42 388 120 767 398 45 396 225 2547 1686 85
leaf_count=132 105 6700 43 42 388 120 767 398 45 396 225 2547 1686 85
internal_value=-7.27404e-05 -3.57761e-05 -0.000224431 -0.000201722 0.000153572 0.000587892 0.000970148 0.00192717 0.000142856 5.94647e-06 -0.000272855 -0.000398995 0.000376095 0.00151731
internal_weight=13679 13547 6785 6742 6762 1718 1330 563 165 5044 2877 2772 2167 481
internal_count=13679 13547 6785 6742 6762 1718 1330 563 165 5044 2877 2772 2167 481
cat_boundaries=0 2 4 6 8 9 11
cat_threshold=1024 16384 67109523 100447 67109392 65553 0 12 67109377 144 5
is_linear=0
shrinkage=0.05


Tree=136
num_leaves=15
num_cat=3
split_feature=0 3 0 4 4 4 4 0 4 4 4 5 4 5
split_gain=0.371525 0.218948 0.207373 0.349283 0.170137 0.173918 0.170727 0.390033 0.359377 0.437313 0.309263 0.3 0.155005 0.204853
threshold=0 55.050000000000004 1 23.125000000000004 0.67500000000000016 2.1583333333333337 9.8416666666666686 2 9.3083333333333353 9.0916666666666686 6.1250000000000009 3.5000000000000004 8.1916666666666682 2.5000000000000004
decision_type=9 2 9 2 2 2 2 9 2 2 2 2 2 2
left_child=1 -1 -2 4 -4 -6 7 8 9 12 -9 -10 -7 -14
right_child=2 -3 3 -5 5 6 -8 10 11 -11 -12 -13 13 -15
leaf_value=-0.0027100758457134521 2.9705417574504489e-05 -0.0022301148806244467 0.0014870341816730869 0.0011554473949698357 -0.0026583772322213779 0.00025877537629132133 -0.00018856328698068454 0.00052747751482219219 0.00051054802239364292 -0.003555227234651659 -0.0015551225856949176 0.0022343773815596745 0.0040869653983911028 0.0007668395104004134
leaf_weight=84 6432 68 79 74 139 461 5553 118 60 52 248 60 86 126
leaf_count=84 6432 68 79 74 139 461 5553 118 60 52 248 60 86 126
internal_value=-0.000150294 -0.00253087 -0.000121501 -0.000308521 -0.000345174 -0.000371579 -0.000335601 0.000202311 0.000789473 0.000379309 -0.00114362 0.00333333 0.000720653 0.00183962
internal_weight=13640 152 13488 7056 6982 6903 6764 1211 845 725 366 120 673 212
internal_count=13640 152 13488 7056 6982 6903 6764 1211 845 725 366 120 673 212
cat_boundaries=0 2 4 6
cat_threshold=67108864 16384 2147550875 67686 537935872 153
is_linear=0
shrinkage=0.05


Tree=137
num_leaves=15
num_cat=4
split_feature=0 0 4 4 5 4 0 4 4 4 0 4 5 4
split_gain=0.562298 0.239869 0.460618 0.298651 0.215739 0.38288 0.355211 0.284886 0.394833 0.218437 0.207304 0.182769 1.02194 0.27819
threshold=0 1 2.8916666666666671 21.341666666666672 1.0000000180025095e-35 13.441666666666668 2 18.008333333333336 15.525000000000002 17.891666666666669 3 19.425000000000004 4.5000000000000009 19.008333333333336
decision_type=9 9 2 2 2 2 9 2 2 2 9 2 2 2
left_child=-1 2 -2 4 5 10 9 8 -8 -7 -4 13 -13 -6
right_child=1 -3 3 -5 11 6 7 -9 -10 -11 -12 12 -14 -15
leaf_value=-0.0025984462284482715 -0.0040085485883552775 -0.00012817012907606474 0.003258625500439238 -0.00023504637059659748 0.00033858062224340795 -0.0017266586257841611 -0.0047969068194951489 -0.0056312245744121253 7.9121662821913312e-05 0.009298949775598286 -0.00044746402172227384 -0.00078862851552701722 0.0039085807666392287 -0.0029206671023184316
leaf_weight=133 247 7796 109 207 4009 46 91 98 152 79 185 247 96 106
leaf_count=133 247 7796 109 207 4009 46 91 98 152 79 185 247 96 106
internal_value=-0.000132712 -9.94225e-05 0.000147834 0.000244238 0.000318128 -0.000460528 -0.00135193 -0.002151 -0.0012963 0.000925925 0.00095238 0.000450874 0.00155977 0.000358444
internal_weight=13601 13468 5672 5425 5218 760 466 341 243 125 294 4458 343 4115
internal_count=13601 13468 5672 5425 5218 760 466 341 243 125 294 4458 343 4115
cat_boundaries=0 2 4 6 8
cat_threshold=8 16384 2216887939 46 2097152 2 2147483648 32
is_linear=0
shrinkage=0.05


Tree=138
num_leaves=15
num_cat=3
split_feature=0 2 4 0 4 0 4 5 5 4 4 2 5 4
split_gain=0.457702 0.214983 0.182194 0.470132 0.333387 0.186655 0.206842 1.41634 0.473516 0.348987 0.261915 0.358163 0.219489 0.198769
threshold=0 518.00000000000011 21.341666666666672 1 23.125000000000004 2 19.425000000000004 5.5000000000000009 5.5000000000000009 18.925000000000004 20.225000000000005 325.55000000000007 2.5000000000000004 10.958333333333334
decision_type=9 2 2 9 2 9 2 2 2 2 2 2 2 2
left_child=1 -1 5 -4 -5 6 8 10 9 -2 11 -8 -11 -10
right_child=2 -3 3 4 -6 -7 7 -9 13 12 -12 -13 -14 -15
leaf_value=-0.0025284851589727937 0.00028724351908678762 -0.0019615728710986493 -0.0014634932542271042 -0.00020268908580581551 0.0036661893806971646 -8.7337758212955658e-05 -0.00010187603110346002 0.0054644526956388042 7.0590934839313477e-05 -0.002470108716908379 -0.0014474995341458138 0.0039719554183078555 -0.00047690118628060423 -0.0013959185287388267
leaf_weight=81 3661 174 224 208 80 8082 112 44 205 66 109 79 61 419
leaf_count=81 3661 174 224 208 80 8082 112 44 205 66 109 79 61 419
internal_value=-0.000112092 -0.00216981 -7.1109e-05 -0.000996095 0.000369126 -3.42744e-05 0.000214015 0.00139535 0.000122392 0.000332628 0.000166665 0.00128272 -0.0022441 -0.00115385
internal_weight=13605 255 13350 512 288 12838 4756 344 4412 3788 300 191 127 624
internal_count=13605 255 13350 512 288 12838 4756 344 4412 3788 300 191 127 624
cat_boundaries=0 2 4 6
cat_threshold=0 81920 2684485632 2212 2685404824 552
is_linear=0
shrinkage=0.05


Tree=139
num_leaves=15
num_cat=2
split_feature=0 0 4 4 4 5 2 4 4 4 4 5 4 2
split_gain=0.476816 0.272144 0.207652 0.260099 0.20618 0.340254 0.598852 0.410022 0.454083 0.35303 0.266193 0.510131 0.376856 0.373575
threshold=0 1 0.67500000000000016 1.0083333333333335 9.9916666666666689 1.0000000180025095e-35 41.350000000000009 10.575000000000001 10.441666666666668 17.891666666666669 9.0083333333333346 5.5000000000000009 8.7250000000000014 295.25000000000006
decision_type=9 9 2 2 2 2 2 2 2 2 2 2 2 2
left_child=-1 4 -3 -4 10 6 9 8 -7 -6 12 -12 -2 -14
right_child=1 2 3 -5 5 7 -8 -9 -10 -11 11 -13 13 -15
leaf_value=-0.0023123191256717145 -0.00028171662929676877 0.00065353195833113423 -0.0085494248511246273 -9.8404037616813366e-05 0.00017604047194538981 0.00032113595290980549 -0.001231363663461309 0.0002476636121707638 0.0046150318281971935 0.014749738033997718 -0.0041773526256883567 0.00169931202057582 -1.9960024761184709e-05 0.010504937006829263
leaf_weight=149 890 108 64 7747 137 160 416 3419 62 42 262 59 74 50
leaf_count=149 890 108 64 7747 137 160 416 3419 62 42 262 59 74 50
internal_value=-7.66197e-05 -4.44456e-05 -0.000232691 -0.000263092 0.000223077 0.000394239 -0.000714287 0.00057539 0.00265766 0.00170391 -0.000318353 -0.00157321 7.88943e-05 0.00266129
internal_weight=13639 13490 7919 7811 5571 4236 595 3641 222 179 1335 321 1014 124
internal_count=13639 13490 7919 7811 5571 4236 595 3641 222 179 1335 321 1014 124
cat_boundaries=0 2 4
cat_threshold=67108864 16384 2148548760 65614
is_linear=0
shrinkage=0.05


Tree=140
num_leaves=15
num_cat=5
split_feature=0 2 4 4 4 0 4 4 0 4 2 0 4 0
split_gain=0.379927 0.490723 0.229449 0.185159 0.205339 0.165266 0.202126 0.570795 0.631673 0.428091 0.810115 0.332698 0.246281 0.237904
threshold=0 585.60000000000002 17.825000000000003 15.191666666666668 8.5750000000000011 1 14.641666666666667 13.641666666666667 2 13.375000000000002 128.05000000000004 3 14.908333333333335 4
decision_type=9 2 2 2 2 9 2 2 9 2 2 9 2 9
left_child=1 -1 3 4 -3 -2 7 9 -9 13 -11 -8 -13 -7
right_child=5 2 -4 -5 -6 6 11 8 -10 10 -12 12 -14 -15
leaf_value=-0.0023300041671855064 0.00015968458976135092 0.00092420907373405548 -0.0049386785748826668 0.004576848684403406 -0.0027348089737434262 -0.0003778675954089249 -0.00023671225356671819 0.00082852803345380118 -0.0018979229110927234 0.005500392400580323 -0.00065158125964650366 0.0027584320362981133 9.6843333888629263e-05 -3.0314233145059229e-05
leaf_weight=81 2711 78 112 79 206 650 1258 235 387 52 95 96 3735 3895
leaf_count=81 2711 78 112 79 206 650 1258 235 387 52 95 96 3735 3895
internal_value=-0.000109731 -0.00137809 -0.000789475 -0.000179065 -0.000774649 -5.48625e-05 -0.000145492 -0.000361311 -0.00178457 -0.000172635 0.00248299 7.95822e-05 0.000311116 -0.000258527
internal_weight=13670 556 475 363 284 13114 10403 5314 622 4692 147 5089 3831 4545
internal_count=13670 556 475 363 284 13114 10403 5314 622 4692 147 5089 3831 4545
cat_boundaries=0 2 4 6 8 10
cat_threshold=0 16385 2147681936 65600 1207959552 1572 606076936 1536 1211105281 33792
is_linear=0
shrinkage=0.05


Tree=141
num_leaves=15
num_cat=4
split_feature=0 0 5 5 4 2 6 5 0 4 4 4 4 0
split_gain=0.506733 0.217149 0.115546 0.128105 0.0968235 0.110979 0.0932289 0.0780696 0.319519 0.195111 0.284882 0.365321 0.23274 0.223886
threshold=0 1 2.5000000000000004 4.5000000000000009 22.575000000000003 304.90000000000003 2.2409863868481232 1.0000000180025095e-35 2 19.241666666666671 15.258333333333335 13.29166666666667 11.075000000000001 3
decision_type=9 9 2 2 2 2 2 2 9 2 2 2 2 9
left_child=2 4 -1 -4 -2 -6 7 8 -3 10 11 12 -10 -12
right_child=1 6 3 -5 5 -7 -8 -9 9 -11 13 -13 -14 -15
leaf_value=-0.0024588384190398168 4.7322961034346638e-05 -0.0043392908984628891 -0.0015599646685122157 -0.0023970694706308667 -0.00010802316319243379 -0.0017020030964038004 -0.0057788822115300642 -8.9914115690342255e-05 -0.00064048860389288127 -0.0020638142509028573 0.0022184407037991183 -0.002089042838018593 0.0012580700703680205 -0.00018026371999052058
leaf_weight=55 6449 101 40 45 81 51 69 5910 231 111 120 116 100 191
leaf_count=55 6449 101 40 45 81 51 69 5910 231 111 120 116 100 191
internal_value=-0.000109731 -7.75492e-05 -0.003 -0.00205882 0.000128204 -0.00121212 -0.00027231 -0.000254362 -0.000670104 -0.00033561 -5.27716e-05 -0.000861299 -1.51069e-05 0.00110932
internal_weight=13670 13530 140 85 6581 132 6949 6880 970 869 758 447 331 311
internal_count=13670 13530 140 85 6581 132 6949 6880 970 869 758 447 331 311
cat_boundaries=0 2 4 6 8
cat_threshold=8 16384 2752528913 67146 132096 1 1075838976 128
is_linear=0
shrinkage=0.05


Tree=142
num_leaves=15
num_cat=6
split_feature=0 0 4 4 5 4 4 0 4 1 5 0 4 0
split_gain=0.477835 0.277954 0.269035 0.235306 0.388889 0.269248 0.45068 0.358175 0.373783 0.293882 0.28254 0.367966 0.537112 0.282678
threshold=0 1 22.166666666666668 20.525000000000002 1.5000000000000002 15.675000000000002 13.691666666666668 2 0.67500000000000016 3 2.5000000000000004 4 14.641666666666667 5
decision_type=9 9 2 2 2 2 2 9 2 1 2 9 2 9
left_child=-1 -2 3 5 -5 6 7 8 -3 -9 11 12 -8 -12
right_child=1 2 -4 4 -6 -7 10 9 -10 -11 13 -13 -14 -15
leaf_value=-0.0019590916352428887 0.00011351592159616376 0.002032944174681639 0.00087049702462328 0.0066121128948105111 -0.002441604402353087 3.9937193988260819e-05 0.0044289555641723244 -0.00050243374302709433 8.6935699571447545e-05 -0.0018165151674908288 -0.00017348436601913583 -0.00079783217562068298 -0.0041944033394972022 -0.0019221750805608496
leaf_weight=136 5244 46 189 50 175 3100 72 2052 1517 100 247 249 70 345
leaf_count=136 5244 46 189 50 175 3100 72 2052 1517 100 247 249 70 345
internal_value=-0.00010006 -6.9064e-05 -0.000250549 -0.000294779 -0.00188889 -0.000248783 -0.000487443 -0.000235533 0.000340113 -0.000652175 -0.00143947 -0.000396421 0.00157895 -0.00212838
internal_weight=13592 13456 8212 8023 225 7798 4698 3715 1563 2152 983 391 142 592
internal_count=13592 13456 8212 8023 225 7798 4698 3715 1563 2152 983 391 142 592
cat_boundaries=0 2 4 6 7 9 11
cat_threshold=1024 16384 2215723675 65574 536870912 656 1 0 3137 1207959552 1545
is_linear=0
shrinkage=0.05


Tree=143
num_leaves=15
num_cat=2
split_feature=0 5 4 4 4 4 4 4 2 0 4 5 4 4
split_gain=0.337578 0.421246 0.263967 0.608124 0.761584 1.01928 0.145184 0.563569 0.217802 0.142731 0.418714 0.398726 0.472729 0.718321
threshold=0 1.5000000000000002 9.7750000000000021 11.658333333333335 13.441666666666668 14.708333333333334 16.208333333333336 17.758333333333336 576.55000000000007 1 4.5666666666666673 1.0000000180025095e-35 12.991666666666669 17.758333333333336
decision_type=9 2 2 2 2 2 2 2 2 9 2 2 2 2
left_child=1 2 -1 -4 -5 -6 -7 -8 -9 10 -2 -12 -13 -14
right_child=9 -3 3 4 5 6 7 8 -10 -11 11 12 13 -15
leaf_value=-0.00156817458376044 0.00098626266123366625 -0.00075067975317539897 0.0086632970178779217 -0.0033410206448918375 0.009126580070456981 -0.0019745980046969708 0.0058792003390054307 -0.0015778563662275265 0.0013882513929380634 -1.9939544328142859e-05 -0.00067465170135139023 -3.1210553850110882e-05 0.0033191274793492606 -0.00053598327568441287
leaf_weight=97 77 1627 43 57 40 40 40 64 221 9998 189 488 323 275
leaf_count=97 77 1627 43 57 40 40 40 64 221 9998 189 488 323 275
internal_value=-8.43226e-05 -0.000645379 0.000481726 0.000940593 0.000411254 0.00117284 0.000342465 0.000692307 -8.77205e-05 2.64073e-05 0.000506607 0.000294116 0.000662982 0.00160535
internal_weight=13579 2229 602 505 462 405 365 325 285 11350 1352 1275 1086 598
internal_count=13579 2229 602 505 462 405 365 325 285 11350 1352 1275 1086 598
cat_boundaries=0 2 3
cat_threshold=673185792 115712 2147501209
is_linear=0
shrinkage=0.05


Tree=144
num_leaves=15
num_cat=2
split_feature=0 4 4 0 5 5 4 4 4 4 4 3 5 4
split_gain=0.399647 0.270109 0.332006 0.268439 0.302307 0.162246 0.170559 0.386731 0.333434 0.130573 0.706055 0.388889 0.349121 0.306538
threshold=0 2.3833333333333337 1.0083333333333335 1 1.5000000000000002 4.5000000000000009 9.8416666666666686 10.958333333333334 9.158333333333335 14.841666666666669 15.858333333333336 42.300000000000004 3.5000000000000004 17.825000000000003
decision_type=9 2 2 9 2 2 2 2 2 2 2 2 2 2
left_child=1 2 -1 4 -3 9 8 -8 -7 -5 11 -11 13 -12
right_child=-2 3 -4 5 -6 6 7 -9 -10 10 12 -13 -14 -15
leaf_value=-0.0019742978119398221 4.4331037168807142e-05 0.00038881965106640992 0.0027228687637140207 -0.00031321592343345897 -0.0020109671647623047 0.00043180127874476218 -0.00062735782213478868 1.2827620450543208e-05 0.005955934380849669 0.0070344356531129113 -0.0028468536413245003 -0.0053350868660360347 -0.0032987583763805801 0.00014966096352371475
leaf_weight=72 9328 51 79 1395 143 160 75 877 44 126 285 42 249 681
leaf_count=72 9328 51 79 1395 143 160 75 877 44 126 285 42 249 681
internal_value=-5.40175e-05 -0.000453487 0.00162252 -0.000530524 -0.00230392 -0.000436107 6.05524e-05 -0.000220589 0.00137255 -0.00064435 -0.000300073 0.00273809 -0.000720166 -0.000289856
internal_weight=13607 4279 151 4128 194 3934 1156 952 204 2778 1383 168 1215 966
internal_count=13607 4279 151 4128 194 3934 1156 952 204 2778 1383 168 1215 966
cat_boundaries=0 2 4
cat_threshold=2149597698 19473 2 16384
is_linear=0
shrinkage=0.05


Tree=145
num_leaves=15
num_cat=4
split_feature=0 0 2 4 4 4 0 5 5 5 4 4 0 4
split_gain=0.377961 0.18519 0.182077 0.158136 0.211198 0.181116 0.781217 0.691273 0.141536 0.247842 0.496967 0.582949 0.460489 0.418669
threshold=0 1 709.9000000000002 0.67500000000000016 2.6583333333333337 6.1250000000000009 2 1.5000000000000002 3.5000000000000004 4.5000000000000009 19.425000000000004 20.991666666666671 3 15.141666666666667
decision_type=9 9 2 2 2 2 9 2 2 2 2 2 9 2
left_child=2 3 -1 -2 -5 6 -6 -8 -7 -10 12 -12 -11 -14
right_child=1 -3 -4 4 5 8 7 -9 9 10 11 -13 13 -15
leaf_value=-0.0021211748902766302 0.0017184246816092975 -0.00012761223047429894 -0.00082080822773472953 -0.0017046538823794061 0.0085729561075709327 0.00018108613062298271 0.0036360883327161845 -0.0020806652798027458 -0.00052819591334768694 0.0026350375605373975 0.0047706880990562384 -0.001728877211343807 3.1502031866550608e-05 -0.0011353291558265477
leaf_weight=76 50 7511 72 185 111 3080 49 118 826 406 71 64 593 399
leaf_count=76 50 7511 72 185 111 3080 49 118 826 406 71 64 593 399
internal_value=-3.71035e-05 -8.53678e-06 -0.00246836 0.000199596 0.00017621 0.000230015 0.00147482 -0.000762713 0.00016639 -0.000125054 0.00025114 0.00314815 -2.86135e-05 -0.000608784
internal_weight=13611 13463 148 5952 5902 5717 278 167 5439 2359 1533 135 1398 992
internal_count=13611 13463 148 5952 5902 5717 278 167 5439 2359 1533 135 1398 992
cat_boundaries=0 2 4 6 8
cat_threshold=512 16384 3828417689 522 2215641088 512 2162712 2
is_linear=0
shrinkage=0.05


Tree=146
num_leaves=15
num_cat=4
split_feature=0 2 4 4 0 4 0 4 0 4 4 2 4 4
split_gain=0.428507 0.214286 0.132576 0.11731 0.552134 0.318834 0.57181 0.39086 0.328306 0.216113 0.155258 0.134788 0.126001 0.235071
threshold=0 304.90000000000003 11.275000000000002 19.808333333333337 1 19.425000000000004 2 19.591666666666672 3 20.141666666666669 19.591666666666672 643.9000000000002 15.375000000000002 15.941666666666668
decision_type=9 2 2 2 9 2 9 2 9 2 2 2 2 2
left_child=1 -1 -3 5 -5 8 7 -7 -2 -6 -8 -11 -10 -14
right_child=3 2 -4 4 9 6 10 -9 12 11 -12 -13 13 -15
leaf_value=-0.0016417931300915301 8.1277973523765238e-05 0.0010472822185308393 -0.0075037930441257663 0.00023078169137272166 -0.0020078148333361303 0.0042397969358211581 0.003742060302621661 -0.0015111420751722268 -0.00027501015284294214 -0.00037546704156754876 0.0039886350128037094 -0.0027776185942198651 0.0020442192859595693 6.7984437842311633e-06
leaf_weight=84 1474 40 44 592 97 49 79 73 6610 227 143 110 328 3755
leaf_count=84 1474 40 44 592 97 49 79 73 6610 227 143 110 328 3755
internal_value=-3.46601e-05 -0.00247191 -0.000833335 -2.58479e-06 -0.00051657 3.9564e-05 0.0015407 -0.00121212 -2.87783e-06 -0.00184685 0.00297414 -0.0012908 -9.9506e-05 0.000118784
internal_weight=13705 168 84 13537 1026 12511 344 122 12167 434 222 337 10693 4083
internal_count=13705 168 84 13537 1026 12511 344 122 12167 434 222 337 10693 4083
cat_boundaries=0 2 4 6 8
cat_threshold=16 16384 2282881024 34910 536870912 71 1677739656 65536
is_linear=0
shrinkage=0.05


Tree=147
num_leaves=15
num_cat=3
split_feature=0 5 0 4 4 4 4 4 4 0 4 5 3 4
split_gain=0.313335 0.257907 0.548071 0.301841 0.299559 0.407092 0.273799 0.628619 0.344811 0.254612 0.317506 0.397059 0.238281 0.236843
threshold=0 5.5000000000000009 1 0.67500000000000016 19.425000000000004 10.875000000000002 15.441666666666668 16.475000000000005 13.591666666666669 2 18.008333333333336 2.5000000000000004 9.2500000000000018 10.808333333333335
decision_type=9 2 9 2 2 2 2 2 2 9 2 2 2 2
left_child=13 3 6 12 5 -4 8 -8 -3 10 -5 -12 -2 -1
right_child=1 2 4 9 -6 -7 7 -9 -10 -11 11 -13 -14 -15
leaf_value=-0.00046124038759659156 0.0011998726302461077 6.6470302258980396e-05 -0.00010511143181227885 0.0011050485058853384 0.00055260014851233653 -0.0018487405347336575 0.0024172877231298543 0.00058832842421613829 -0.0067024061838949836 -9.2429259899067066e-06 -0.0029250573762644744 8.7362984308456717e-05 0.0015855098759558065 -9.0954019411963082e-05
leaf_weight=859 64 381 206 1465 59 401 52 246 86 7083 161 158 61 2313
leaf_count=859 64 381 206 1465 59 401 52 246 86 7083 161 158 61 2313
internal_value=-7.17187e-05 6.08634e-05 -0.000562545 0.000160141 -0.00159763 -0.00195223 0.000354838 0.00154362 -0.000396147 0.000125746 0.000657747 -0.000768026 0.0026 -0.000505972
internal_weight=13595 10423 1431 8992 666 607 765 298 467 8867 1784 319 125 3172
internal_count=13595 10423 1431 8992 666 607 765 298 467 8867 1784 319 125 3172
cat_boundaries=0 2 4 6
cat_threshold=2113536 17923 3355574288 32980 67307147 65568
is_linear=0
shrinkage=0.05


Tree=148
num_leaves=15
num_cat=3
split_feature=0 0 6 4 4 0 5 6 5 5 2 5 4 4
split_gain=0.359255 0.279403 0.284523 0.21985 0.495187 0.286159 0.247184 0.199455 0.211545 0.205881 0.184128 0.173553 0.131576 0.173025
threshold=0 1 2.7077599053781731 21.491666666666671 20.883333333333336 2 3.5000000000000004 1.6027557735239222 2.5000000000000004 4.5000000000000009 1036.8500000000001 3.5000000000000004 23.208333333333336 21.341666666666672
decision_type=9 9 2 2 2 9 2 2 2 2 2 2 2 2
left_child=10 3 7 4 5 11 -5 12 -9 -10 -1 -2 13 -3
right_child=1 2 -4 6 -6 -7 -8 8 9 -11 -12 -13 -14 -15
leaf_value=-0.0019311619800209624 0.0047104716933859554 -0.00011811218229192268 0.0022958193289533699 0.0023261477263906778 -0.011619459984617719 4.9183917108297819e-05 -0.001784686860460761 -0.0064846891617798682 0.0093404437207974273 -0.0004637143144424043 -0.0017307771875236012 -0.00022994546154430653 0.00072574612667582325 -0.00080440346957552666
leaf_weight=77 83 9454 46 91 45 3149 55 64 53 48 72 63 81 270
leaf_count=77 83 9454 46 91 45 3149 55 64 53 48 72 63 81 270
internal_value=-0.000121238 -9.32516e-05 -0.00022741 0.000291761 0.00020958 0.000280727 0.00219178 -0.000245738 -0.0019697 -0.000544556 -0.00248428 0.00237179 -0.000216727 -0.000233444
internal_weight=13651 13502 10016 3486 3340 3295 146 9970 165 101 149 146 9805 9724
internal_count=13651 13502 10016 3486 3340 3295 146 9970 165 101 149 146 9805 9724
cat_boundaries=0 2 4 5
cat_threshold=67108864 16384 1207961243 66632 648
is_linear=0
shrinkage=0.05


Tree=149
num_leaves=15
num_cat=2
split_feature=0 7 4 4 3 4 4 4 0 5 4 4 4 4
split_gain=0.318819 0.569013 0.308892 0.280915 0.397727 0.27736 0.375644 0.302999 0.250289 0.249644 0.510797 0.227045 0.207636 0.191439
threshold=0 1.0000000180025095e-35 16.758333333333336 22.975000000000005 9.2500000000000018 16.008333333333336 16.208333333333336 15.858333333333336 1 1.5000000000000002 21.19166666666667 18.008333333333336 16.475000000000005 17.991666666666671
decision_type=9 2 2 2 2 2 2 2 9 2 2 2 2 2
left_child=2 3 5 -2 -5 7 -7 -1 -4 11 13 -10 -8 -11
right_child=1 -3 8 4 -6 6 12 -9 9 10 -12 -13 -14 -15
leaf_value=0.00010052184420818584 -0.00036317977093413189 -0.001437166918437992 0.0001380222327293202 0.0064899724775907275 -5.1529583994170901e-05 0.0036872729771178442 -0.00065883493267160712 -0.001970267679286525 -0.001014956486520957 -0.0015323821250796685 0.0021090403894811522 -0.0020307835154105502 0.0032081343245915989 -0.00020803799495080016
leaf_weight=2745 8647 83 685 40 70 55 63 56 187 147 75 150 48 569
leaf_count=2745 8647 83 685 40 70 55 63 56 187 147 75 150 48 569
internal_value=-9.91201e-05 -0.000276837 0.000229644 -0.000238096 0.00227273 0.00054432 0.00253012 0.000426632 -0.000284061 -0.000738138 -0.000259167 -0.00188427 0.000855855 -0.000670392
internal_weight=13620 8840 4780 8757 110 2967 166 2801 1813 1128 791 337 111 716
internal_count=13620 8840 4780 8757 110 2967 166 2801 1813 1128 791 337 111 716
cat_boundaries=0 2 4
cat_threshold=1611743899 34336 1073742339 33280
is_linear=0
shrinkage=0.05


Tree=150
num_leaves=15
num_cat=2
split_feature=0 4 0 5 4 4 4 4 4 4 4 4 4 4
split_gain=0.386596 0.663223 0.250258 0.321325 0.401407 0.254896 0.235068 0.222979 0.210929 0.202552 0.174308 0.222368 0.230478 0.208335
threshold=0 17.991666666666671 1 1.5000000000000002 6.6916666666666673 2.6583333333333337 19.19166666666667 18.975000000000005 1.5083333333333335 3.058333333333334 18.008333333333336 8.7250000000000014 9.158333333333335 12.208333333333334
decision_type=9 2 9 2 2 2 2 2 2 2 2 2 2 2
left_child=1 -1 3 4 9 8 7 -4 -5 -2 11 -6 -13 -14
right_child=2 -3 6 5 10 -7 -8 -9 -10 -11 -12 12 13 -15
leaf_value=-0.0014784700199421208 8.5108919872840103e-05 -0.0018903265069696196 -8.8445418129355722e-05 -3.7052793689271332e-05 -0.0070914573949991304 0.00025876708165403442 -0.00025292630198582881 0.0010263684939786691 -0.0025401170700771344 0.010031147224656615 -0.0024880230574617205 0.0056889261318767738 -0.00044683905409289372 3.1345769181845989e-05
leaf_weight=107 74 256 6732 99 103 3821 892 96 69 65 264 41 304 704
leaf_count=107 74 256 6732 99 103 3821 892 96 69 65 264 41 304 704
internal_value=-6.12766e-05 -0.00164879 -1.65749e-05 0.000239466 -0.000369776 0.000477562 -0.000200519 -0.000101056 -0.00142857 0.00219424 -0.00062147 -0.000355904 -0.000138228 -0.0002877
internal_weight=13627 363 13264 5544 1555 3989 7720 6828 168 139 1416 1152 1049 1008
internal_count=13627 363 13264 5544 1555 3989 7720 6828 168 139 1416 1152 1049 1008
cat_boundaries=0 2 4
cat_threshold=0 49152 2215790224 67205
is_linear=0
shrinkage=0.05


Tree=151
num_leaves=15
num_cat=1
split_feature=0 3 6 4 4 4 4 4 5 4 5 4 4 3
split_gain=0.374129 0.408473 0.342353 0.215583 0.836076 0.144179 0.202088 0.31465 0.328002 0.306789 0.31036 0.201676 0.185636 0.174901
threshold=0 9.2500000000000018 2.7077599053781731 18.275000000000002 19.675000000000004 8.7750000000000021 15.675000000000002 13.175000000000002 5.5000000000000009 17.408333333333335 3.5000000000000004 4.5666666666666673 12.441666666666668 49.000000000000007
decision_type=9 2 2 2 2 2 2 2 2 2 2 2 2 2
left_child=1 -1 -2 5 -5 11 7 8 12 10 -8 -3 -7 -11
right_child=2 3 -4 4 -6 6 9 -9 -10 13 -12 -13 -14 -15
leaf_value=-0.0014195180216781305 -8.8339963599368994e-06 -0.0037612073771540627 0.0033872730367347972 0.0029858800343880989 -0.0026809587316458695 -0.0033246744678517635 0.0090628134580261321 -0.0042183365915988156 0.0035418199650089884 -0.0047621281071871489 -0.0069330191195122771 0.0042923841884152727 0.00021706298906594762 -0.0010149688827111654
leaf_weight=78 12110 93 49 83 92 181 59 138 53 47 41 92 40 457
leaf_count=78 12110 93 49 83 92 181 59 138 53 47 41 92 40 457
internal_value=-7.82352e-05 -0.000833335 1.27361e-05 -0.000639536 0.000999999 -0.000878436 -0.00111221 -0.00196602 -0.000985403 -0.000529803 0.002 0.000405404 -0.00183258 -0.00103175
internal_weight=13613 1454 12159 1376 175 1201 1016 412 274 604 100 185 221 504
internal_count=13613 1454 12159 1376 175 1201 1016 412 274 604 100 185 221 504
cat_boundaries=0 2
cat_threshold=2097154 16512
is_linear=0
shrinkage=0.05


Tree=152
num_leaves=15
num_cat=6
split_feature=0 2 5 0 0 6 0 0 6 6 6 0 5 5
split_gain=0.317511 0.347266 0.148256 0.523255 0.270549 0.180727 0.137162 0.134305 0.105821 0.100421 0.139943 0.0769264 0.140123 0.137582
threshold=0 518.00000000000011 1.0000000180025095e-35 1 2 2.5034626708777576 3 4 2.1144066871268676 1.8305237646592867 1.3560995056197489 5 2.5000000000000004 2.5000000000000004
decision_type=9 2 2 9 9 2 9 9 2 2 2 9 2 2
left_child=1 -1 3 6 8 9 -2 -5 -4 10 11 13 -13 -6
right_child=2 -3 4 7 5 -7 -8 -9 -10 -11 -12 12 -14 -15
leaf_value=-0.00130362732683414 -0.0031388942153879017 -0.0011158501180606121 0.00012236696090266744 0.0034958199188168566 0.00022426481130659255 0.0043336942905397658 -0.00061548678437249333 -0.00036503364052738868 -0.0082159432967754357 -0.00049975538946855187 0.00058544700871731008 -0.0014306772834993858 -0.00013016033810077051 -0.00022091327803923111
leaf_weight=85 105 166 4725 367 1343 67 923 483 49 68 54 807 1582 2730
leaf_count=85 105 166 4725 367 1343 67 923 483 49 68 54 807 1582 2730
internal_value=-1.62326e-05 -0.0017433 1.76507e-05 -0.000394037 8.5338e-05 -0.000120854 -0.00114644 0.000523255 0.000372072 -0.000147328 -0.00012738 -0.000148562 -0.000373073 -1.59209e-05
internal_weight=13554 251 13303 1878 11425 6651 1028 850 4774 6584 6516 6462 2389 4073
internal_count=13554 251 13303 1878 11425 6651 1028 850 4774 6584 6516 6462 2389 4073
cat_boundaries=0 2 4 6 8 10 12
cat_threshold=0 81920 3221373953 3119 3221373977 1580 132096 1 739246082 32832 607125504 2179
is_linear=0
shrinkage=0.05


Tree=153
num_leaves=15
num_cat=4
split_feature=0 0 4 4 6 0 4 4 4 4 4 6 4 0
split_gain=0.490712 0.204911 0.232058 0.515725 0.437754 0.250895 0.194723 1.0685 0.521489 0.192557 0.282128 0.244317 0.225977 0.216908
threshold=0 1 10.008333333333335 10.141666666666667 2.1641160589318189 2 10.658333333333335 10.508333333333335 10.958333333333334 19.958333333333336 19.425000000000004 2.2164971291935474 20.141666666666669 3
decision_type=9 9 2 2 2 9 2 2 2 2 2 2 2 9
left_child=-1 2 5 -4 6 -2 7 -5 -8 10 11 -3 -11 -12
right_child=1 9 3 4 -6 -7 8 -9 -10 12 13 -13 -14 -15
leaf_value=-0.0011610607123961742 0.0013895088399706555 -0.00013834433805000061 0.0060146417201067948 -0.00054740339227345419 -0.010083798088855615 -0.00037912093220409347 -0.0029619842031107916 0.0069556495244698317 0.00018033909704845622 -0.0058470268280335609 0.0048356774960036679 0.0072748858275117727 -0.0003799106998431214 5.9743640983960815e-05
leaf_weight=135 152 6898 41 113 55 1133 78 49 4067 56 115 79 458 164
leaf_count=135 152 6898 41 113 55 1133 78 49 4067 56 115 79 458 164
internal_value=-3.78883e-05 -6.6837e-06 0.000221129 0.000394048 0.000341585 -0.000369651 0.000398188 0.00209876 0.000331724 -0.000173523 -0.000107498 -0.000169845 -0.00110895 0.00145161
internal_weight=13593 13458 5688 4403 4362 1285 4307 162 4145 7770 7256 6977 514 279
internal_count=13593 13458 5688 4403 4362 1285 4307 162 4145 7770 7256 6977 514 279
cat_boundaries=0 2 4 5 7
cat_threshold=1024 16384 3895460507 1030 1048705 0 552
is_linear=0
shrinkage=0.05


Tree=154
num_leaves=15
num_cat=5
split_feature=0 2 0 0 5 5 2 5 0 6 0 5 6 5
split_gain=0.39143 0.348223 0.222728 0.154513 0.175447 0.144361 0.119085 0.0929142 0.249453 0.18064 0.110677 0.198379 0.114595 0.107575
threshold=0 1544.7500000000002 1 2 4.5000000000000009 1.0000000180025095e-35 5596.7500000000009 5.5000000000000009 3 2.5421628270873113 4 2.5000000000000004 1.3560995056197489 3.5000000000000004
decision_type=9 2 9 9 2 2 2 2 9 2 9 2 2 2
left_child=1 -1 5 4 6 -2 -4 9 -9 10 12 -12 -5 -13
right_child=2 -3 3 7 -6 -7 -8 8 -10 -11 11 13 -14 -15
leaf_value=-0.0011117569523140006 -0.00034485629397755795 -0.0019535287528540503 -5.1564365984493555e-05 4.3544115244795052e-05 0.000360592493347022 0.00016497854675170709 0.00085431826394788521 0.0023775661590500693 -0.00068004993307497087 -0.0067689592459165993 -0.00059624946800293976 0.00076450123113929564 0.0032524433690959403 -0.00010152127464093046
leaf_weight=88 87 275 4403 2362 1681 547 80 114 857 52 1487 473 62 1052
leaf_count=88 87 275 4403 2362 1681 547 80 114 857 52 1487 473 62 1052
internal_value=-5.13962e-05 -0.00164879 -6.40807e-06 -5.26411e-05 0.000126335 0.00090062 -3.68069e-05 -0.000223374 -0.000674563 -0.000143952 -0.000115895 -0.000317672 0.000135578 8.1966e-05
internal_weight=13620 363 13257 12623 6164 634 4483 6459 971 5488 5436 3012 2424 1525
internal_count=13620 363 13257 12623 6164 634 4483 6459 971 5488 5436 3012 2424 1525
cat_boundaries=0 2 3 5 7 9
cat_threshold=0 49152 148632 3211778 1206 134217728 1 603979777 67648
is_linear=0
shrinkage=0.05


Tree=155
num_leaves=15
num_cat=5
split_feature=0 5 0 6 5 0 5 2 2 2 5 0 0 5
split_gain=0.369766 0.120553 0.283377 0.120971 0.139365 0.132233 0.0922867 0.371825 0.191491 0.151579 0.089573 0.339422 0.175828 0.281639
threshold=0 4.5000000000000009 1 1.7215724797947727 3.5000000000000004 2 5.5000000000000009 608.50000000000011 67.300000000000026 41.350000000000009 1.0000000180025095e-35 3 4 1.5000000000000002
decision_type=9 2 9 2 2 9 2 2 2 2 2 9 9 2
left_child=1 3 -3 4 -1 -6 7 9 -8 -4 11 -2 13 -12
right_child=10 2 6 -5 5 -7 8 -9 -10 -11 12 -13 -14 -15
leaf_value=-0.00022273568439514017 -0.0017109761263408877 0.0010600776374258911 -6.9403833811144803e-05 -0.0058029410235636361 4.4603073066945553e-05 -0.00070123458702572134 2.7371567816864876e-05 0.0015588612652417024 -0.0020838003089578899 -0.00026242133869216919 0.0032751469356493736 0.00060397731459033318 -1.8210544291236417e-05 6.2585499393623268e-05
leaf_weight=2464 597 608 50 52 113 523 68 232 243 45 237 693 6427 1247
leaf_count=2464 597 608 50 52 113 523 68 232 243 45 237 693 6427 1247
internal_value=-0.000143026 -0.000519511 -0.000104335 -0.00068528 -0.000645162 -0.00130503 -0.000833335 -0.00025994 -0.00146302 -0.00289474 3.7454e-05 -0.000348838 0.000100492 0.000589022
internal_weight=13599 4398 1246 3152 3100 636 638 327 311 95 9201 1290 7911 1484
internal_count=13599 4398 1246 3152 3100 636 638 327 311 95 9201 1290 7911 1484
cat_boundaries=0 2 4 5 7 9
cat_threshold=1076903937 18450 2097152 18 1064960 2147681298 65573 2147615754 66560
is_linear=0
shrinkage=0.05


Tree=156
num_leaves=15
num_cat=5
split_feature=0 2 0 4 4 4 0 4 4 4 0 4 0 4
split_gain=0.582506 0.300773 0.251052 0.303591 0.444716 0.171078 0.430123 0.236106 0.209657 0.242247 0.233788 0.19576 0.152071 0.124693
threshold=0 578.90000000000009 1 17.591666666666672 17.408333333333335 19.141666666666669 2 18.925000000000004 18.625000000000004 18.458333333333336 3 18.008333333333336 4 20.225000000000005
decision_type=9 2 9 2 2 2 9 2 2 2 9 2 9 2
left_child=1 -1 3 4 -2 6 -5 8 9 10 -8 -12 -7 -14
right_child=2 -3 -4 5 -6 12 7 -9 -10 -11 11 -13 13 -15
leaf_value=-0.0010475518974404363 3.0588211738276468e-05 -0.0016170143605789581 -0.00010390916690256085 -0.0018315607938029087 -0.0039957520706077549 0.00088886157783090933 0.00085288942412708882 0.0056926009341643465 -0.0008103178411176282 0.0052658939474152554 0.0048281516995272739 0.00061884784747741816 -0.00042568477729192994 0.00034962494954197325
leaf_weight=79 4306 654 7232 108 77 111 148 70 69 41 44 64 278 275
leaf_count=79 4306 654 7232 108 77 111 148 70 69 41 44 64 278 275
internal_value=-7.22939e-05 -0.00143338 6.62236e-06 0.000257988 6.50228e-05 0.000960264 0.00161765 0.00228699 0.0018306 0.00240741 0.00183594 0.00347458 0.000421686 6.21658e-05
internal_weight=13556 733 12823 5591 4383 1208 544 436 366 297 256 108 664 553
internal_count=13556 733 12823 5591 4383 1208 544 436 366 297 256 108 664 553
cat_boundaries=0 2 4 6 8 10
cat_threshold=2162688 16384 1275086481 2756 17 512 0 2180 528 512
is_linear=0
shrinkage=0.05


Tree=157
num_leaves=15
num_cat=3
split_feature=0 5 4 4 4 0 4 4 4 4 0 4 5 5
split_gain=0.334479 0.328846 0.253895 0.243519 0.235083 0.162006 0.248283 0.257895 0.202979 0.631118 0.424927 0.175671 0.175704 0.164777
threshold=0 2.5000000000000004 17.758333333333336 16.008333333333336 13.441666666666668 1 19.758333333333336 18.925000000000004 13.241666666666669 12.075000000000001 2 10.008333333333335 3.5000000000000004 2.5000000000000004
decision_type=9 2 2 2 2 9 2 2 2 2 9 2 2 2
left_child=1 3 -3 4 -1 6 7 8 9 11 13 -2 -13 -10
right_child=5 2 -4 -5 -6 -7 -8 -9 10 -11 -12 12 -14 -15
leaf_value=-0.00030661437964829195 0.00042560511475462292 4.9867684342730611e-05 -0.0017972267920896567 -0.0022379022448591737 0.0010727652887441931 -3.3500445043916861e-05 -0.0012066394104145082 0.002675156996975965 -0.00042624731287149546 0.0029682997185792874 0.00036461663922635057 0.00022442886269530794 -0.0012422414747785514 -0.0038591597599936783
leaf_weight=189 431 352 85 67 45 10772 123 92 188 123 722 115 106 217
leaf_count=189 431 352 85 67 45 10772 123 92 188 123 722 115 106 217
internal_value=-2.82539e-05 -0.00105615 -0.000194509 -0.00234219 -0.0015812 3.13966e-05 0.000430182 0.000566699 0.000441639 0.00106451 1.33085e-05 0.000444784 -0.000701359 -0.00126506
internal_weight=13627 738 437 301 234 12889 2117 1994 1902 775 1127 652 221 405
internal_count=13627 738 437 301 234 12889 2117 1994 1902 775 1127 652 221 405
cat_boundaries=0 2 4 6
cat_threshold=16384 16385 1075905675 128 65537 128
is_linear=0
shrinkage=0.05


Tree=158
num_leaves=15
num_cat=5
split_feature=0 0 5 0 0 5 6 5 0 2 5 5 5 5
split_gain=0.322904 0.133289 0.12063 0.27277 0.209931 0.269199 0.104287 0.365351 0.0976316 0.0771244 0.30399 0.247971 0.14531 0.0749587
threshold=0 1 3.5000000000000004 2 3 1.5000000000000002 2.1045847118018899 3.5000000000000004 4 189.85000000000002 4.5000000000000009 4.5000000000000009 5.5000000000000009 1.5000000000000002
decision_type=9 9 2 9 9 2 2 2 9 2 2 2 2 2
left_child=-1 2 4 -4 5 -2 -3 -8 13 11 -11 -5 -13 -6
right_child=1 6 3 9 8 -7 7 -9 -10 10 -12 12 -14 -15
leaf_value=-0.00023676361492660277 0.00059207340766463147 -0.00013823807412216771 -0.0043796025806780783 0.00036905798057776628 0.00040611384638943645 0.0031079507847530975 -0.0013036386513144819 0.0097011708279879684 5.6728519637082905e-05 -0.0019705511854596507 0.00078489194212534976 -0.00026689745385060536 -5.1058336370651037e-05 1.0075675731269716e-05
leaf_weight=587 48 10152 106 116 268 53 76 60 926 260 496 123 135 271
leaf_count=587 48 10152 106 116 268 53 76 60 926 260 496 123 135 271
internal_value=-9.39545e-05 -4.19859e-05 0.000263157 -0.000105179 0.000555554 0.00265766 -0.000125268 0.00125 0.000389829 0.000131578 0.000423279 -0.000454547 -0.00131783 0.000919853
internal_weight=13677 13090 2802 1236 1566 101 10288 136 1465 1130 756 374 258 539
internal_count=13677 13090 2802 1236 1566 101 10288 136 1465 1130 756 374 258 539
cat_boundaries=0 2 4 5 6 7
cat_threshold=1073807360 16384 538986130 1152 1538 1664 536887298
is_linear=0
shrinkage=0.05


Tree=159
num_leaves=15
num_cat=0
split_feature=7 5 2 4 4 5 5 6 2 4 4 2 4 4
split_gain=0.173717 0.512181 0.383896 0.174863 0.327388 0.615072 0.163027 0.242923 0.275342 0.453676 0.339087 0.259764 0.217193 0.190111
threshold=1.0000000180025095e-35 4.5000000000000009 67.300000000000026 12.858333333333336 9.7750000000000021 5.5000000000000009 1.5000000000000002 2.2013955467436794 189.85000000000002 19.958333333333336 5.0750000000000002 267.85000000000008 19.241666666666671 17.175000000000004
decision_type=2 2 2 2 2 2 2 2 2 2 2 2 2 2
left_child=6 2 -2 4 -3 -6 7 8 9 12 -10 -12 -1 -13
right_child=1 3 -4 -5 5 -7 -8 -9 10 -11 11 13 -14 -15
leaf_value=0.0015851430947860685 1.2353594083828079e-05 -0.00059342409901455475 -0.0010519457945506814 -0.00037687488895708212 -0.00017533323219648796 0.00014620435195718989 1.5084064142530771e-05 -0.0066157287272675756 0.0008425789836934138 -0.0080862078514829377 -0.0036313967952140169 -0.0011133301184968836 0.0046057948542621669 -9.7466875865975384e-06
leaf_weight=928 833 76 55 183 54 53 8863 47 196 83 186 1162 44 839
leaf_count=928 833 76 55 183 54 53 8863 47 196 83 186 1162 44 839
internal_value=-0.00013307 -0.000693781 -4.50462e-05 -0.00226776 -0.00117486 0.000607475 -7.61269e-05 -0.000365855 -0.000317046 0.000355449 -0.000614772 -0.000793325 0.000658435 -0.000627188
internal_weight=13602 1254 888 366 183 107 12348 3485 3438 1055 2383 2187 972 2001
internal_count=13602 1254 888 366 183 107 12348 3485 3438 1055 2383 2187 972 2001
is_linear=0
shrinkage=0.05


Tree=160
num_leaves=15
num_cat=3
split_feature=0 0 4 4 4 4 4 3 4 3 4 4 0 4
split_gain=0.388941 0.291555 0.364085 0.481989 0.214141 0.392398 0.318458 0.444325 0.244541 0.218092 0.206869 0.198125 0.585476 0.428953
threshold=0 1 18.275000000000002 18.458333333333336 20.883333333333336 20.358333333333338 19.675000000000004 20.000000000000004 19.475000000000005 12.000000000000002 18.925000000000004 17.208333333333336 2 16.091666666666672
decision_type=9 9 2 2 2 2 2 2 2 2 2 2 9 2
left_child=-1 2 11 -4 5 6 8 -8 9 10 -5 13 -13 -2
right_child=1 -3 3 4 -6 -7 7 -9 -10 -11 -12 12 -14 -15
leaf_value=-0.00093617289026947661 1.599579417466228e-05 -0.00012202876522209752 0.0090349245966934843 0.00054734770239183458 -4.8971097924175756e-05 0.0088256523573477033 -0.0033535805610220844 0.0017193442727398642 0.0031861495452683783 -0.0012927329577334199 0.0054106081581778986 0.00038422366138723762 -0.0035491241494110693 0.0047941148638534449
leaf_weight=137 3272 8222 50 75 226 64 85 44 56 94 90 748 229 305
leaf_count=137 3272 8222 50 75 226 64 85 44 56 94 90 748 229 305
internal_value=-6.09634e-05 -3.31626e-05 0.000254299 0.00125 0.000926429 0.00149606 0.000968467 -0.00112403 0.0018254 0.0011776 0.00227273 8.34419e-05 -0.000547596 0.0002558
internal_weight=13697 13560 5338 784 734 508 444 129 315 259 165 4554 977 3577
internal_count=13697 13560 5338 784 734 508 444 129 315 259 165 4554 977 3577
cat_boundaries=0 2 4 6
cat_threshold=1024 16384 135348891 33414 1048586 32772
is_linear=0
shrinkage=0.05


Tree=161
num_leaves=15
num_cat=3
split_feature=0 0 4 4 4 2 0 5 6 2 4 4 4 4
split_gain=0.384844 0.184431 0.307366 0.238093 0.420371 0.191644 0.169981 0.166896 0.157711 0.151358 0.160425 0.677666 0.445925 0.827417
threshold=0 1 1.0083333333333335 19.675000000000004 18.975000000000005 560.05000000000007 2 3.5000000000000004 1.8305237646592867 643.9000000000002 12.991666666666669 12.591666666666669 15.675000000000002 16.158333333333335
decision_type=9 9 2 2 2 2 9 2 2 2 2 2 2 2
left_child=-1 2 -2 4 8 -6 7 -5 9 10 11 -4 -12 -14
right_child=1 -3 3 6 5 -7 -8 -9 -10 -11 12 -13 13 -15
leaf_value=-0.00086851958652269976 0.0013409746502237967 -5.8350952085162312e-05 3.3853273141776161e-05 0.00041552767714495584 0.0021128236277311026 0.0011488824109710434 -0.0034769728640235247 -0.0094564556331739411 -0.0057404246046916987 0.00074568305759776686 -0.00038613165103444733 0.0057881918233232271 0.010655079030494894 -3.0571055282684581e-05
leaf_weight=148 55 10817 825 56 45 46 111 48 43 321 300 42 52 652
leaf_count=148 55 10817 825 56 45 46 111 48 43 321 300 42 52 652
internal_value=-1.51181e-05 1.37811e-05 0.000391403 0.000312868 0.000460016 0.00379121 -0.00127907 0.000263157 0.000324384 0.00038321 0.000211116 0.000709341 -0.000219125 0.000468749
internal_weight=13561 13413 2596 2541 2326 91 215 104 2235 2192 1871 867 1004 704
internal_count=13561 13413 2596 2541 2326 91 215 104 2235 2192 1871 867 1004 704
cat_boundaries=0 2 4 5
cat_threshold=512 16384 202391707 1152 135266322
is_linear=0
shrinkage=0.05


Tree=162
num_leaves=15
num_cat=5
split_feature=0 2 0 6 4 0 4 4 0 4 2 4 0 4
split_gain=0.284734 0.252429 0.191714 0.134038 0.112031 0.308196 0.179373 0.156509 0.178078 0.183472 0.172004 0.110451 0.392209 0.259854
threshold=0 1189.6500000000003 1 2.6563317201328887 22.166666666666668 2 19.875000000000004 20.141666666666669 3 20.775000000000002 128.05000000000004 4.0083333333333337 4 5.0750000000000002
decision_type=9 2 9 2 2 9 2 2 9 2 2 2 9 2
left_child=1 -1 -2 4 6 -6 11 10 9 -9 -8 12 -4 -13
right_child=2 -3 3 -5 5 -7 7 8 -10 -11 -12 13 -14 -15
leaf_value=-0.001027532202633005 9.5407785716418404e-05 -0.00023209380159222378 -0.003052920642239347 0.0039204184207842141 0.0031959718483224584 -0.00020729959409540382 -0.00013144437003298622 0.0057017413236968607 -0.00049598597097586644 -0.00064307947329728696 -0.0067454642307956982 0.0015845930122750621 8.9884955860926308e-05 -2.8195106348504815e-05
leaf_weight=86 4130 205 268 46 113 121 47 40 239 86 48 149 383 7674
leaf_count=86 4130 205 268 46 113 121 47 40 239 86 48 149 383 7674
internal_value=9.16639e-06 -0.00151163 4.34315e-05 -8.34791e-05 -9.7078e-05 0.000982905 -0.000125365 -0.00108696 -0.00061644 0.000882352 -0.00289474 -7.31662e-05 -0.000698926 -2.10928e-05
internal_weight=13635 291 13344 9214 9168 234 8934 460 365 126 95 8474 651 7823
internal_count=13635 291 13344 9214 9168 234 8934 460 365 126 95 8474 651 7823
cat_boundaries=0 2 4 6 8 10
cat_threshold=131072 16384 204555411 33284 0 2131 2147483648 2184 512 98
is_linear=0
shrinkage=0.05


Tree=163
num_leaves=15
num_cat=2
split_feature=0 5 5 4 4 4 4 4 4 4 4 4 0 4
split_gain=0.316381 0.253988 0.212092 0.427337 0.20027 0.192943 0.184182 0.38494 0.182248 0.180892 0.579488 0.226096 0.16587 0.165743
threshold=0 1.5000000000000002 4.5000000000000009 19.19166666666667 18.125000000000004 19.19166666666667 8.1916666666666682 9.3083333333333353 18.69166666666667 15.141666666666667 16.208333333333336 13.491666666666669 1 5.6750000000000016
decision_type=9 2 2 2 2 2 2 2 2 2 2 2 9 2
left_child=1 4 3 6 -1 -6 13 -8 -9 11 -11 -4 -12 -3
right_child=-2 2 9 -5 5 -7 7 8 -10 10 12 -13 -14 -15
leaf_value=-8.1012846240935415e-05 2.7586875128043613e-05 -0.0015926988942914528 -0.00026719768957599109 -0.0027477712780088694 0.004829132013695555 0.00091665363504260392 -0.0013741280903634377 -0.00045312379807401241 0.00038580229856379102 0.0014727235403703047 -0.00099008021155889297 -0.001443753308645185 0.00080860987961376492 0.0031676799297642496
leaf_weight=800 10072 101 356 149 61 109 81 1095 40 73 114 85 345 65
leaf_count=800 10072 101 356 149 61 109 81 1095 40 73 114 85 345 65
internal_value=-6.86561e-05 -0.000479335 -0.000746806 -0.00111365 0.000206184 0.0017647 -0.000839364 -0.00105263 -0.000814979 -0.00016958 0.000451127 -0.000918369 -0.000206973 0.00072289
internal_weight=13546 3474 2504 1531 970 170 1382 1216 1135 973 532 441 459 166
internal_count=13546 3474 2504 1531 970 170 1382 1216 1135 973 532 441 459 166
cat_boundaries=0 2 4
cat_threshold=1210056704 50194 1073741824 16386
is_linear=0
shrinkage=0.05


Tree=164
num_leaves=15
num_cat=5
split_feature=0 0 4 4 0 5 4 4 4 0 0 6 4 4
split_gain=0.377089 0.175796 0.245863 0.582426 0.26087 0.286305 0.236359 0.197564 0.171565 0.317031 0.290155 0.222337 0.208993 0.529359
threshold=0 1 14.141666666666667 12.591666666666669 2 3.5000000000000004 11.725000000000001 14.641666666666667 18.125000000000004 3 4 1.3355396910605088 3.7750000000000004 7.2833333333333341
decision_type=9 9 2 2 9 2 2 2 2 9 9 2 2 2
left_child=-1 2 3 6 -5 -6 -2 -4 9 12 -10 -12 -3 -14
right_child=1 8 7 4 5 -7 -8 -9 10 -11 11 -13 13 -15
leaf_value=-0.00088137598375130481 -6.8137967900868451e-05 0.0043291470074663663 -0.0031423492273171582 0.0033401646401925119 -0.0019715217255032577 0.0042160034735370675 -0.0018406393174672294 -0.00035784036957603552 -0.00073422662335062344 -8.368113176248905e-05 0.00048360324454369225 0.0025746308183176338 -0.0079192119896924519 0.0007232235301981207
leaf_weight=135 1257 49 112 290 104 66 213 1693 114 7466 1424 43 52 578
leaf_count=135 1257 49 112 290 104 66 213 1693 114 7466 1424 43 52 578
internal_value=-5.00159e-05 -2.26424e-05 -0.000313753 7.7719e-05 0.00163043 -1.12587e-09 -0.000408164 -0.000734073 8.93579e-05 -3.07056e-06 0.000566096 0.000754907 0.00102322 0.00079365
internal_weight=13596 13461 3735 1930 460 170 1470 1805 9726 8145 1581 1467 679 630
internal_count=13596 13461 3735 1930 460 170 1470 1805 9726 8145 1581 1467 679 630
cat_boundaries=0 2 4 6 7 8
cat_threshold=1024 16384 671088640 66609 536870912 66592 67306138 67240458
is_linear=0
shrinkage=0.05


Tree=165
num_leaves=15
num_cat=5
split_feature=0 4 0 4 0 4 2 0 4 4 4 0 4 4
split_gain=0.486445 0.162253 0.161401 0.188315 0.257857 0.254771 0.299088 0.216048 0.225391 0.369173 0.227185 0.206815 0.263736 0.293211
threshold=0 13.591666666666669 1 16.375000000000004 2 14.775000000000002 1382.5000000000002 3 19.141666666666669 19.708333333333336 18.508333333333336 4 13.441666666666668 13.941666666666668
decision_type=9 2 9 2 9 2 2 9 2 2 2 9 2 2
left_child=1 -1 3 5 -5 11 -7 -6 10 -10 -9 12 -2 -14
right_child=2 -3 -4 4 7 6 -8 8 9 -11 -12 -13 13 -15
leaf_value=-0.00085564179623302458 1.9652359512114537e-05 -0.00036211382541562984 -9.5253595973039166e-05 -0.00010622754616955789 0.00034824383911004027 -0.0002851540215582326 -0.0055722024516358902 0.0022368982292485552 -0.0091104382074387556 0.00049188919166119529 0.0045894056570712112 -0.00036909667925931651 0.0063120983309327807 0.00029305389765271869
leaf_weight=86 1089 64 8501 226 1177 352 102 228 41 144 46 1359 46 114
leaf_count=86 1089 64 8501 226 1177 352 102 228 41 144 46 1359 46 114
internal_value=-7.18244e-05 -0.0028125 -3.90782e-05 0.000188487 0.000585391 -5.22546e-05 -0.00114538 0.000801943 0.00171642 0.000405404 0.00266423 0.000138036 0.000599681 0.0025
internal_weight=13575 150 13425 4924 1862 3062 454 1636 459 185 274 2608 1249 160
internal_count=13575 150 13425 4924 1862 3062 454 1636 459 185 274 2608 1249 160
cat_boundaries=0 2 4 5 7 9
cat_threshold=512 16384 2887861379 35328 604046336 2149580800 33280 604062848 512
is_linear=0
shrinkage=0.05


Tree=166
num_leaves=15
num_cat=6
split_feature=0 0 5 0 0 5 2 5 6 2 6 5 0 0
split_gain=0.317891 0.228757 0.166768 0.256494 0.181132 0.335089 0.199371 0.177202 0.148976 0.148485 0.11182 0.0992367 0.250793 0.184538
threshold=0 1 3.5000000000000004 2 3 5.5000000000000009 102.90000000000002 1.5000000000000002 1.7981909629808028 3593.4000000000001 1.4599319601943472 2.5000000000000004 4 5
decision_type=9 9 2 9 9 2 2 2 2 2 2 2 9 9
left_child=2 9 3 7 5 -4 -7 -1 10 -2 11 12 -3 -13
right_child=1 8 4 -5 -6 6 -8 -9 -10 -11 -12 13 -14 -15
leaf_value=0.0024118128885638988 -0.00090035380001600744 -1.7301062089955769e-06 -0.0031111228828957778 0.00015270430938736505 3.2390622305927241e-05 0.0015615137276047747 -0.0034323155825785922 0.0046450748500085903 0.0039963276085656519 -0.0008828477777476023 -0.0026842391244455543 8.7726159413859276e-05 -0.00077999780381832553 -0.00060919774016333136
leaf_weight=45 80 1226 409 3925 2439 111 77 62 115 96 45 1758 1402 1838
leaf_count=45 80 1226 409 3925 2439 111 77 62 115 96 45 1758 1402 1838
internal_value=-6.1639e-05 -0.000312026 0.000170951 0.000381943 -0.000108697 -0.000881385 0.000851063 0.00269231 -0.000261184 -0.00204301 -0.000294307 -0.000276351 -0.000509895 -0.000105674
internal_weight=13628 6560 7068 4032 3036 597 188 107 6384 176 6269 6224 2628 3596
internal_count=13628 6560 7068 4032 3036 597 188 107 6384 176 6269 6224 2628 3596
cat_boundaries=0 2 4 5 7 9 11
cat_threshold=739394698 33002 1 16384 67109896 201327618 2 528 3600 3223388160 513
is_linear=0
shrinkage=0.05


Tree=167
num_leaves=15
num_cat=4
split_feature=0 0 4 5 4 0 4 3 4 4 4 4 3 0
split_gain=0.437699 0.214696 0.166303 0.153669 0.432081 0.469508 0.321474 0.261083 0.366179 0.203616 0.632726 0.55478 0.36391 0.235025
threshold=0 1 11.008333333333335 5.5000000000000009 18.391666666666669 2 20.358333333333338 7.3500000000000005 19.425000000000004 15.858333333333336 13.241666666666669 11.591666666666669 9.2500000000000018 3
decision_type=9 9 2 2 2 9 2 2 2 2 2 2 2 9
left_child=2 -2 -1 -3 5 9 7 -6 -9 10 11 13 -11 -5
right_child=1 3 -4 4 6 -7 -8 8 -10 12 -12 -13 -14 -15
leaf_value=-0.00067616777780611648 0.0001024453724550196 -5.9927259736278164e-05 -0.00093529554517533722 0.0023148241761383474 -0.00036719690325282629 -0.0010066297413625599 -0.0018716804272747405 0.00055299581149375547 0.003311661804898447 0.0024909134719784502 -0.0057019252522058066 0.0060554266166397176 -0.0020059220996412252 -0.0047997083706513496
leaf_weight=61 2271 9586 70 101 48 703 52 74 62 63 115 104 70 194
leaf_count=61 2271 9586 70 101 48 703 52 74 62 63 115 104 70 194
internal_value=-0.000100929 -7.17324e-05 -0.00287234 -0.000161868 -0.000617908 -0.000962964 0.00135593 0.00233696 0.00345588 2.28299e-05 -0.000428017 0.000513783 0.00176692 -0.000593222
internal_weight=13574 13443 131 11172 1586 1350 236 184 136 647 514 399 133 295
internal_count=13574 13443 131 11172 1586 1350 236 184 136 647 514 399 133 295
cat_boundaries=0 2 4 6 8
cat_threshold=1024 16384 68239498 65538 134348801 725 0 21
is_linear=0
shrinkage=0.05


Tree=168
num_leaves=15
num_cat=2
split_feature=0 0 4 4 4 4 5 4 4 4 5 4 4 4
split_gain=0.382488 0.157128 0.307646 0.219479 0.423905 0.18587 0.247445 0.469418 0.633701 0.443779 0.234568 0.215513 0.66529 0.532874
threshold=0 1 22.575000000000003 21.491666666666671 20.225000000000005 18.808333333333337 1.5000000000000002 7.2833333333333341 11.525000000000002 7.0250000000000012 1.5000000000000002 13.375000000000002 14.491666666666669 11.008333333333335
decision_type=9 9 2 2 2 2 2 2 2 2 2 2 2 2
left_child=-1 2 3 4 5 6 9 -8 -9 -2 -7 13 -13 -11
right_child=1 -3 -4 -5 -6 10 7 8 -10 11 -12 12 -14 -15
leaf_value=-0.0006360056618168494 0.0045323816884588804 -6.3770043860698745e-05 -0.0016974302496496141 0.0023192369987363568 -0.0020083925513889466 -0.0014846656091498183 -0.0011538319293638627 0.00099031465181646512 -0.00023958855882047145 0.0014704260856732443 0.0024256079817308544 0.0079496601910781801 0.00080922122310866896 -0.004032676684409822
leaf_weight=149 77 11094 43 45 53 48 225 323 915 128 114 40 285 67
leaf_count=149 77 11094 43 45 53 48 225 323 915 128 114 40 285 67
internal_value=-4.63043e-05 -1.74513e-05 0.000351874 0.000431033 0.000362636 0.000468046 0.000339805 -1.02541e-05 0.000371566 0.00119765 0.00209876 0.000673076 0.00146154 -0.000641027
internal_weight=13606 13457 2363 2320 2275 2222 2060 1463 1238 597 162 520 325 195
internal_count=13606 13457 2363 2320 2275 2222 2060 1463 1238 597 162 520 325 195
cat_boundaries=0 2 4
cat_threshold=512 16384 606077075 8
is_linear=0
shrinkage=0.05


Tree=169
num_leaves=15
num_cat=3
split_feature=0 0 4 0 4 4 5 3 5 5 4 4 4 5
split_gain=0.363196 0.249242 0.206774 0.271124 0.440971 0.341619 0.279878 0.315657 0.249826 0.257467 0.272747 0.202696 0.193595 0.535295
threshold=0 1 18.508333333333336 2 18.69166666666667 19.19166666666667 1.0000000180025095e-35 9.2500000000000018 3.5000000000000004 4.5000000000000009 19.358333333333338 22.008333333333336 8.4916666666666689 3.5000000000000004
decision_type=9 9 2 9 2 2 2 2 2 2 2 2 2 2
left_child=2 -2 12 8 -5 -6 7 -7 -4 -10 -11 -3 13 -1
right_child=1 11 3 4 5 6 -8 -9 9 10 -12 -13 -14 -15
leaf_value=-0.00012707442319600539 -0.00073915346763981738 -0.00019981349613746747 0.0025934806791960956 -0.0024500021748251719 0.00032633737981493309 -0.0017517803187282563 6.327722698932802e-05 0.00023886889910679568 -0.003420830065729131 -0.0016369655381026774 0.0036735439997425869 0.00047988282201760562 -3.3566050950958828e-05 0.0015110203111567508
leaf_weight=699 141 5436 280 56 151 55 487 44 99 49 73 136 5437 535
leaf_count=699 141 5436 280 56 151 55 487 44 99 49 73 136 5437 535
internal_value=-3.94806e-05 -0.000343353 0.000178682 0.00075734 0.000168118 0.00049525 -5.11957e-05 -0.00247475 0.00165362 0.000429863 0.00196721 -0.000288428 6.67054e-05 0.00063209
internal_weight=13678 5713 7965 1294 793 737 586 99 501 221 122 5572 6671 1234
internal_count=13678 5713 7965 1294 793 737 586 99 501 221 122 5572 6671 1234
cat_boundaries=0 2 4 6
cat_threshold=1611793042 68267 67108864 16384 1049104 2058
is_linear=0
shrinkage=0.05


Tree=170
num_leaves=15
num_cat=3
split_feature=0 0 6 6 4 5 4 4 4 4 0 4 4 4
split_gain=0.290084 0.225588 0.511152 0.220543 0.141969 0.384602 0.149678 0.129815 0.116907 0.256771 0.238488 0.235622 0.230448 0.142637
threshold=0 1 2.6563317201328887 2.2409863868481232 22.166666666666668 2.5000000000000004 22.975000000000005 9.8416666666666686 20.775000000000002 18.275000000000002 2 21.683333333333337 18.458333333333336 13.641666666666667
decision_type=9 9 2 2 2 2 2 2 2 2 9 2 2 2
left_child=7 3 4 8 -3 -6 -7 -1 9 10 -2 -10 -11 -12
right_child=1 2 -4 -5 5 6 -8 -9 11 12 13 -13 -14 -15
leaf_value=-0.00020144274266771292 0.00083313785138479964 -0.00030645185597359209 0.010664750033415677 -0.0065223362369181866 -0.0010568496161084291 0.0016587360418862968 0.0017671654631586883 -0.0010619656050409986 -0.0025146142538119616 0.0042562676400913898 4.1379620950487506e-05 5.0765367889995078e-06 0.00062429618877653996 -0.0002342265313058431
leaf_weight=58 392 7003 45 53 83 43 47 82 81 68 2839 187 659 1968
leaf_count=58 392 7003 45 53 83 43 47 82 81 68 2839 187 659 1968
internal_value=-0.000146239 -0.000121681 -0.000311853 9.82887e-05 -0.000345598 0.00106936 0.00333333 -0.00233333 0.000125927 0.000172122 4.90467e-05 -0.000895524 0.00105227 -4.87867e-05
internal_weight=13608 13468 7221 6247 7176 173 90 140 6194 5926 5199 268 727 4807
internal_count=13608 13468 7221 6247 7176 173 90 140 6194 5926 5199 268 727 4807
cat_boundaries=0 2 4 5
cat_threshold=67108864 16384 673268875 654 66698
is_linear=0
shrinkage=0.05


Tree=171
num_leaves=15
num_cat=3
split_feature=0 0 4 4 0 5 4 6 4 4 4 4 4 4
split_gain=0.374234 0.200375 0.198844 0.308441 0.194012 0.21893 0.184531 0.166251 0.123904 0.28176 0.430815 0.381252 0.452988 0.260163
threshold=0 1 1.5083333333333335 7.0250000000000012 2 4.5000000000000009 6.6916666666666673 2.6563317201328887 10.725000000000001 9.9916666666666689 9.5750000000000011 8.7250000000000014 9.0083333333333346 9.4416666666666682
decision_type=9 9 2 2 9 2 2 2 2 2 2 2 2 2
left_child=-1 2 -2 6 5 -5 -4 -3 9 10 11 -6 -13 -14
right_child=1 7 3 4 8 -7 -8 -9 -10 -11 -12 12 13 -15
leaf_value=-0.00057208613010358217 0.0012647353762713347 -7.6896806063893872e-05 -0.00082448701892256669 0.00027994363515348726 -0.0002522246668496861 0.0039292911984619948 -0.014652177780204393 0.003957131645952852 8.2452115755646187e-05 0.0014918873585986034 -0.002174072543405852 0.0083975788130368333 -0.00054197843690875606 0.0084314547575137389
leaf_weight=132 140 8137 393 85 224 44 48 44 3853 224 105 108 82 41
leaf_count=132 140 8137 393 85 224 44 48 44 3853 224 105 108 82 41
internal_value=1.83004e-05 4.50572e-05 0.000282806 0.000233339 0.000350397 0.00219424 -0.00103175 -0.000110488 0.000293737 0.000867346 0.000267856 0.000934065 0.00235931 0.000284552
internal_weight=13660 13528 5347 5207 4766 129 441 8181 4637 784 560 455 231 123
internal_count=13660 13528 5347 5207 4766 129 441 8181 4637 784 560 455 231 123
cat_boundaries=0 2 4 5
cat_threshold=1024 16384 1211302043 65612 17
is_linear=0
shrinkage=0.05


Tree=172
num_leaves=15
num_cat=7
split_feature=0 0 5 2 0 2 5 0 0 0 0 5 2 6
split_gain=0.324321 0.207829 0.14093 0.119289 0.108599 0.0883667 0.082121 0.296076 0.110275 0.0641325 0.0496416 0.272671 0.140869 0.0809945
threshold=0 1 1.0000000180025095e-35 6411.5000000000009 2 1189.6500000000003 5.5000000000000009 3 4 5 6 1.5000000000000002 5596.7500000000009 2.2916436531882503
decision_type=9 9 2 2 9 2 2 9 9 9 9 2 2 2
left_child=3 10 4 -1 -3 -6 8 -8 -4 -9 11 12 -2 -12
right_child=1 2 6 -5 5 -7 7 9 -10 -11 13 -13 -14 -15
leaf_value=-0.00049433694599218211 0.00010448756177161019 -0.0002823770966339298 0.00014643931225287931 -0.0023546780034031673 -0.00090287836358152098 -0.0015020847917970046 0.00042022357401664547 -0.00032277085373478334 -4.902063816581273e-05 -0.00081489255295882966 7.8064357711218329e-05 -1.6724799280493999e-06 0.00985911907874399 0.00034052944691533439
leaf_weight=79 143 654 2057 59 565 67 370 502 4384 340 3828 415 40 64
leaf_count=79 143 654 2057 59 565 67 370 502 4384 340 3828 415 40 64
internal_value=3.05877e-05 5.61786e-05 -8.32507e-05 -0.0022973 -0.000567653 -0.00102804 -1.96121e-06 -0.000379539 6.90875e-05 -0.00089202 0.000333332 0.000756578 0.00237705 0.000266529
internal_weight=13567 13429 8939 138 1286 632 7653 1212 6441 842 4490 598 183 3892
internal_count=13567 13429 8939 138 1286 632 7653 1212 6441 842 4490 598 183 3892
cat_boundaries=0 2 4 6 8 10 12 13
cat_threshold=8 16384 741426323 65601 1073742336 2586 1073872896 33798 2147614720 160 2147483648 2576 67125395
is_linear=0
shrinkage=0.05


Tree=173
num_leaves=15
num_cat=1
split_feature=6 1 4 4 4 4 4 4 4 4 4 4 4 4
split_gain=0.122586 0.118316 0.261754 0.207772 0.569831 0.190786 0.148525 0.12175 0.217579 0.293133 0.148182 0.426694 0.188143 0.73576
threshold=2.7077599053781731 0 2.6583333333333337 19.908333333333335 19.241666666666671 6.1250000000000009 4.0083333333333337 8.1916666666666682 9.0916666666666686 9.7083333333333339 11.441666666666668 10.808333333333335 13.491666666666669 14.375000000000002
decision_type=2 1 2 2 2 2 2 2 2 2 2 2 2 2
left_child=1 2 -1 4 5 6 -4 -7 -9 -10 11 -11 -12 -14
right_child=-2 -3 3 -5 -6 7 -8 8 9 10 12 -13 13 -15
leaf_value=-0.0021994965802421989 0.00090207700280453551 -8.2756237959649739e-05 0.0011613265991672879 -0.0032261917308996865 0.0068144636423153665 -0.0050326740953289296 0.0053556907790085796 0.0031147527905834443 -0.0066340306117005643 -0.0017688703652598817 -0.0017155540625216727 0.0092921785821597474 0.0063224137687777644 3.2775845892068641e-05
leaf_weight=80 55 11874 45 95 45 52 47 53 43 81 132 40 48 977
leaf_count=80 55 11874 45 95 45 52 47 53 43 81 132 40 48 977
internal_value=-8.30479e-05 -9.25666e-05 0.000291761 0.000428226 0.000566218 0.000401843 0.00260869 0.000259466 0.000349344 0.000223314 0.000359936 0.00202479 0.000185824 0.000414633
internal_weight=13667 13612 1738 1658 1563 1518 92 1426 1374 1321 1278 121 1157 1025
internal_count=13667 13612 1738 1658 1563 1518 92 1426 1374 1321 1278 121 1157 1025
cat_boundaries=0 1
cat_threshold=2
is_linear=0
shrinkage=0.05


Tree=174
num_leaves=15
num_cat=4
split_feature=0 4 0 4 5 4 4 4 4 0 4 5 4 0
split_gain=0.433232 0.166998 0.159876 0.272702 0.29918 0.416549 0.192311 0.319987 0.237226 0.21555 0.276776 0.192321 0.402972 0.276916
threshold=0 9.8416666666666686 1 2.8916666666666671 2.5000000000000004 1.0083333333333335 23.125000000000004 20.625000000000004 17.591666666666672 2 18.625000000000004 3.5000000000000004 9.8416666666666686 3
decision_type=9 2 9 2 2 2 2 2 2 9 2 2 2 9
left_child=1 -1 3 4 -2 -6 7 8 11 10 -10 -5 -13 -14
right_child=2 -3 -4 6 5 -7 -8 -9 9 -11 -12 12 13 -15
leaf_value=-0.00018576862327778531 -0.0020006705161194297 -0.00099720341044646512 1.2238471342772357e-05 -0.0014081013888955234 -0.00022816165417835835 0.0046134480721200062 0.0033792934225981863 -0.0036411223515010528 0.0042106042774237773 -0.00020860028395335397 -6.6221292707558524e-05 0.0025323983515739279 -0.0021958890375900586 0.0011271610271062287
leaf_weight=62 87 83 9433 1360 70 72 53 168 56 1064 85 316 606 155
leaf_count=62 87 83 9433 1360 70 72 53 168 56 1064 85 316 606 155
internal_value=-0.000113388 -0.00274194 -8.3119e-05 -0.000343736 0.00133188 0.00274648 -0.000443957 -0.000485565 -0.000387151 0.000186721 0.00195364 -0.000670908 -0.000171775 -0.000795008
internal_weight=13670 145 13525 4092 229 142 3863 3810 3642 1205 141 2437 1077 761
internal_count=13670 145 13525 4092 229 142 3863 3810 3642 1205 141 2437 1077 761
cat_boundaries=0 2 4 6 8
cat_threshold=67108864 16384 1049090 35345 0 2048 1048576 2576
is_linear=0
shrinkage=0.05


Tree=175
num_leaves=15
num_cat=6
split_feature=0 2 0 5 5 0 5 0 5 0 0 5 2 3
split_gain=0.251278 0.275609 0.151737 0.166707 0.136924 0.22761 0.166154 0.0716983 0.212553 0.210341 0.0948234 0.196155 0.0915568 0.0712721
threshold=0 560.05000000000007 1 5.5000000000000009 2.5000000000000004 2 1.5000000000000002 3 1.5000000000000002 4 5 2.5000000000000004 267.85000000000008 15.650000000000002
decision_type=9 2 9 2 2 9 2 9 2 9 9 2 2 2
left_child=1 -1 3 4 5 -2 -7 -4 9 12 11 -10 -9 -6
right_child=2 -3 7 -5 13 6 -8 8 10 -11 -12 -13 -14 -15
leaf_value=-0.0005192800067787476 0.0015239594925231591 -0.00033320654405994928 2.1995562496193553e-05 -0.0018040737410106083 4.2323702707921157e-05 7.6920745676676793e-05 -0.0031040886380122729 -0.0025526650298861322 0.0048786233716492161 -0.00030438894537815147 -3.8633447870147267e-05 6.0997708814225202e-05 -0.001329333834875282 0.001872260075648423
leaf_weight=86 110 297 5482 117 109 196 104 207 114 1025 4356 476 721 256
leaf_count=86 110 297 5482 117 109 196 104 207 114 1025 4356 476 721 256
internal_value=-6.44417e-05 -0.00131043 -2.74799e-05 0.000598668 0.000870967 0.000243901 -0.000483872 -7.30381e-05 -0.000180201 -0.000622121 -6.0667e-06 0.000583332 -0.00116205 0.00157534
internal_weight=13656 383 13273 892 775 410 300 12381 6899 1953 4946 590 928 365
internal_count=13656 383 13273 892 775 410 300 12381 6899 1953 4946 590 928 365
cat_boundaries=0 2 4 5 7 9 11
cat_threshold=0 17408 198282 65536 1538 1814052864 32857 2147483648 644 0 128
is_linear=0
shrinkage=0.05


Tree=176
num_leaves=15
num_cat=3
split_feature=0 0 4 4 4 5 5 4 4 5 4 6 4 0
split_gain=0.286557 0.192256 0.270798 0.315171 0.535291 0.36976 0.301476 0.245098 0.221196 0.186218 0.176903 0.154199 0.128906 0.421177
threshold=0 1 2.6583333333333337 8.4916666666666689 7.2833333333333341 2.5000000000000004 3.5000000000000004 4.8750000000000009 23.758333333333336 2.5000000000000004 21.341666666666672 2.7077599053781731 18.125000000000004 2
decision_type=9 9 2 2 2 2 2 2 2 2 2 2 2 9
left_child=9 2 -2 4 6 -6 7 -4 11 -1 -5 12 -3 -14
right_child=1 8 3 10 5 -7 -8 -9 -10 -11 -12 -13 13 -15
leaf_value=-4.5727289152716579e-05 -0.0014211002682912666 -0.00017383693543921084 0.012313839963521653 5.8875377102295199e-05 0.0017826019299329232 0.0077133878342520602 -0.0025448860779136318 -0.0037395719281814082 0.00069089467529810417 -0.00066664977049793028 -0.0015978413484586036 0.0032574397995069298 0.00071490585698936332 -0.00037454014344790332
leaf_weight=50 129 8855 51 2261 54 40 89 51 41 86 107 45 957 880
leaf_count=50 129 8855 51 2261 54 40 89 51 41 86 107 45 957 880
internal_value=-5.69521e-05 -3.31626e-05 0.000336675 0.000446663 0.00201754 0.00510638 0.000497381 0.00235294 -0.000128848 -0.00226028 0.0002576 -0.000142965 -0.000155257 0.000225911
internal_weight=13696 13560 2782 2653 285 94 191 102 10778 136 2368 10737 10692 1837
internal_count=13696 13560 2782 2653 285 94 191 102 10778 136 2368 10737 10692 1837
cat_boundaries=0 2 4 6
cat_threshold=1024 16384 67322499 160 135266320 34894
is_linear=0
shrinkage=0.05


Tree=177
num_leaves=15
num_cat=4
split_feature=0 0 2 4 5 4 4 0 6 5 4 5 0 5
split_gain=0.360767 0.190062 0.29555 0.178784 0.21987 0.532505 0.236024 0.214601 0.156757 0.192481 0.189391 0.210721 0.229591 0.161712
threshold=0 1 295.25000000000006 22.008333333333336 3.5000000000000004 20.358333333333338 19.625000000000004 2 2.2916436531882503 3.5000000000000004 21.891666666666669 1.0000000180025095e-35 3 2.5000000000000004
decision_type=9 9 2 2 2 2 2 9 2 2 2 2 9 2
left_child=3 2 -2 4 7 6 -6 -1 10 -10 -3 -12 -13 -14
right_child=1 8 -4 -5 5 -7 -8 -9 9 -11 11 12 13 -15
leaf_value=0.00012768991156714989 -0.00046853129797290666 -0.00012581102463566553 -0.00085499166536548736 -0.00095652849750058717 -1.7717131471215682e-05 0.0010806537115085053 -0.001531462497579761 0.0048425045444632888 -0.00052658712544835875 0.0072475564808604058 -0.0015328785516573022 0.0019343727217037141 -0.0011533428373326051 0.00055998585468417395
leaf_weight=1331 81 9489 865 103 1083 43 43 199 63 57 48 111 40 78
leaf_count=1331 81 9489 865 103 1083 43 43 199 63 57 48 111 40 78
internal_value=-6.38123e-05 -0.000194615 -0.000868202 0.000440966 0.000520562 4.27597e-06 -0.000204264 0.000915031 -0.000129346 0.00166667 -0.000151547 0.00113718 0.00176856 7.81239e-05
internal_weight=13634 10832 946 2802 2699 1169 1126 1530 9886 120 9766 277 229 118
internal_count=13634 10832 946 2802 2699 1169 1126 1530 9886 120 9766 277 229 118
cat_boundaries=0 2 4 6 8
cat_threshold=738214538 32800 0 16388 671105024 32800 2147483648 578
is_linear=0
shrinkage=0.05


Tree=178
num_leaves=15
num_cat=3
split_feature=0 4 6 4 6 4 0 4 4 4 0 4 4 4
split_gain=0.253781 0.397345 0.255237 0.2107 0.33657 0.20893 0.301145 0.309384 0.298487 0.34013 0.284875 0.235008 0.361698 1.09723
threshold=0 0.67500000000000016 1.6027557735239222 17.358333333333338 2.2312970028610066 16.425000000000004 1 8.408333333333335 17.208333333333336 17.958333333333336 2 15.008333333333335 13.441666666666668 13.641666666666667
decision_type=9 2 2 2 2 2 9 2 2 2 9 2 2 2
left_child=-1 -2 5 4 -4 6 7 -3 -7 -10 -11 12 -8 -14
right_child=1 2 3 -5 -6 8 11 -9 9 10 -12 -13 13 -15
leaf_value=4.3275254276598307e-05 0.0017405725279451901 2.6210404052877787e-05 -0.0029590628049354873 -0.0069192765607053661 0.0092890653164165345 0.0032404058808245188 -0.0003483733724609266 -0.0011227276865902077 -0.0013382318948391069 -0.0010939595316992667 0.00013962719257949835 -0.0012117904277710468 0.0081209523342198661 0.00016933400126808209
leaf_weight=7585 95 204 46 52 41 247 1770 510 206 282 1770 346 44 404
leaf_count=7585 95 204 46 52 41 247 1770 510 206 282 1770 346 44 404
internal_value=-7.0579e-05 -0.00031276 -0.000364743 -0.00248202 -0.000977013 -0.000313852 -0.000576572 -0.0014779 2.99389e-05 -0.000150577 4.38585e-05 -0.000318572 -0.00013075 0.00113839
internal_weight=13602 6017 5922 139 87 5783 3278 714 2505 2258 2052 2564 2218 448
internal_count=13602 6017 5922 139 87 5783 3278 714 2505 2258 2052 2564 2218 448
cat_boundaries=0 2 4 6
cat_threshold=3422765185 1135 0 51200 10 81936
is_linear=0
shrinkage=0.05


Tree=179
num_leaves=15
num_cat=4
split_feature=0 0 4 4 4 4 4 5 5 0 5 0 4 3
split_gain=0.287152 0.140794 0.224457 0.223904 0.389773 0.357985 0.220269 0.590474 0.350068 0.252762 0.215587 0.357176 0.322567 0.209505
threshold=0 1 11.525000000000002 14.008333333333335 15.008333333333335 15.858333333333336 4.5666666666666673 1.5000000000000002 5.5000000000000009 2 5.5000000000000009 3 18.925000000000004 7.7500000000000009
decision_type=9 9 2 2 2 2 2 2 2 9 2 9 2 2
left_child=-1 2 6 -4 -5 -6 7 -2 9 -8 -3 12 13 -12
right_child=1 10 3 4 5 -7 8 -9 -10 -11 11 -13 -14 -15
leaf_value=-0.00040098707166318179 0.0083539849350417333 7.0345363949116292e-05 0.00053346590540096623 -0.0029518347569407934 0.0044126305719132857 -0.00057317773798067875 -2.3681523981094098e-05 -0.0048988939595481203 0.001370494792480637 -0.0052239778626833573 -0.0019094614521460872 -0.00051389586169801958 0.0012567503821185096 0.00063799302048136715
leaf_weight=150 56 9392 467 155 128 840 228 102 123 430 100 944 62 405
leaf_count=150 56 9392 467 155 128 840 228 102 123 430 100 944 62 405
internal_value=-8.1727e-05 -5.65404e-05 -0.000391888 -3.14477e-05 -0.000414071 -4.13235e-05 -0.00100639 0.000696201 -0.00135083 -0.00180851 2.15328e-05 -0.000532761 0.000459271 4.95038e-05
internal_weight=13582 13432 2529 1590 1123 968 939 158 781 658 10903 1511 567 505
internal_count=13582 13432 2529 1590 1123 968 939 158 781 658 10903 1511 567 505
cat_boundaries=0 2 4 6 8
cat_threshold=512 16384 2214610048 3 67126272 1 136445968 34340
is_linear=0
shrinkage=0.05


Tree=180
num_leaves=15
num_cat=2
split_feature=0 3 0 4 6 4 4 5 4 4 5 5 4 4
split_gain=0.282946 0.248109 0.194328 0.240707 0.184579 0.154861 0.252106 0.269091 0.220761 0.251609 0.15056 0.213596 0.174074 0.150446
threshold=0 5.8000000000000016 1 22.008333333333336 1.7215724797947727 22.091666666666672 23.375000000000004 2.5000000000000004 20.625000000000004 20.225000000000005 2.5000000000000004 1.5000000000000002 21.008333333333336 10.658333333333335
decision_type=9 2 9 2 2 2 2 2 2 2 2 2 2 2
left_child=1 -1 3 4 13 8 7 -7 9 -4 11 -10 -12 -2
right_child=2 -3 5 -5 -6 6 -8 -9 10 -11 12 -13 -14 -15
leaf_value=-2.8029232417995608e-05 0.00028149169199215252 -0.0004089673743743799 -0.00013609245652422094 -0.00089143295451560756 -0.0055543239410524494 -0.0026382051205500975 -0.0011086398535113577 0.0036009459732928594 -0.0027996299458127646 0.0048588756759717295 -0.0064213769302563402 0.00010352158486064035 -0.0011781849088891658 7.6664368471628694e-05
leaf_weight=182 1040 87 8505 91 83 64 79 102 55 62 51 48 97 3076
leaf_count=182 1040 87 8505 91 83 64 79 102 55 62 51 48 97 3076
internal_value=-1.9088e-05 -0.00159498 1.3843e-05 0.000290696 0.00034651 -0.000117382 0.00112245 0.00222891 -0.000151963 -0.000109141 -0.00161355 -0.000145632 -0.00263514 0.000393585
internal_weight=13622 269 13353 4290 4199 9063 245 166 8818 8567 251 103 148 4116
internal_count=13622 269 13353 4290 4199 9063 245 166 8818 8567 251 103 148 4116
cat_boundaries=0 2 4
cat_threshold=16384 16384 1680998553 130
is_linear=0
shrinkage=0.05


Tree=181
num_leaves=15
num_cat=4
split_feature=0 0 5 4 4 4 4 4 4 5 5 2 0 1
split_gain=0.354621 0.162881 0.154384 0.14961 0.149474 0.100564 0.283659 0.205344 0.107791 0.0988636 0.220519 0.100847 0.0869331 0.179991
threshold=0 1 4.5000000000000009 9.8416666666666686 19.958333333333336 22.975000000000005 23.375000000000004 22.008333333333336 23.758333333333336 1.5000000000000002 2.5000000000000004 643.9000000000002 2 3
decision_type=9 9 2 2 2 2 2 2 2 2 2 2 9 1
left_child=2 4 3 -1 9 7 -7 12 -8 -2 -11 -12 -3 -14
right_child=1 5 -4 -5 -6 6 8 -9 -10 10 11 -13 13 -15
leaf_value=2.9702910936831952e-05 0.0069485689429848105 7.2793540607027357e-05 -0.00071382343927717425 -0.00072333478164848591 -0.0026827424734040609 0.0041353900445243131 -0.0037125864989628944 -0.00088814857731785548 0.00017020211295492143 -0.006637517345314101 7.290777429446402e-05 0.00076673108015292465 -5.25515979345618e-05 -0.006314647206155816
leaf_weight=44 74 2387 46 56 44 70 41 184 51 49 49 95 10315 134
leaf_count=44 74 2387 46 56 44 70 41 184 51 49 49 95 10315 134
internal_value=-6.56218e-05 -3.81409e-05 -0.0024359 -0.0015 0.00107477 -6.51922e-05 0.00117284 -8.06464e-05 -0.000652175 0.00155431 0.000958548 0.00194444 -5.68725e-05 -0.000119037
internal_weight=13639 13493 146 100 311 13182 162 13020 92 267 193 144 12836 10449
internal_count=13639 13493 146 100 311 13182 162 13020 92 267 193 144 12836 10449
cat_boundaries=0 2 3 5 6
cat_threshold=67108864 16384 154 539099136 1152 3
is_linear=0
shrinkage=0.05


Tree=182
num_leaves=15
num_cat=5
split_feature=0 4 0 5 0 4 4 4 4 0 4 5 4 0
split_gain=0.28264 0.202819 0.144439 0.133839 0.131122 0.284087 0.347772 0.276429 0.128029 0.29479 0.333045 0.282509 0.940047 0.608777
threshold=0 2.8916666666666671 1 1.5000000000000002 2 0.82500000000000007 1.7500000000000002 2.0166666666666671 15.191666666666668 3 8.7750000000000021 2.5000000000000004 15.941666666666668 4
decision_type=9 2 9 2 9 2 2 2 2 9 2 2 2 9
left_child=2 3 -1 -2 5 -5 -7 -6 9 -4 -11 12 -10 -14
right_child=1 -3 8 4 7 6 -8 -9 11 10 -12 -13 13 -15
leaf_value=-0.00031683337030249449 -0.0022542951833039115 7.4960487049725963e-05 -0.001337351699612184 0.0014402570451380753 -0.00040984618785104283 -0.0030575734882651302 0.0023546706715146968 -0.0052114192778282848 0.009123479100007997 0.00031189913325366172 -0.00023119327603940735 -0.00058341410366452952 -0.0048143698654794483 0.0013500845849334711
leaf_weight=136 116 8133 112 52 103 48 50 41 72 730 1906 1188 225 646
leaf_count=136 116 8133 112 52 103 48 50 41 72 730 1906 1188 225 646
internal_value=-6.56451e-05 0.000109317 -0.000363185 -0.000975611 -0.000408164 0.000624999 -0.000918369 -0.00142857 -0.000316017 -0.000542214 -0.000427061 -2.58107e-05 0.000620359 0.000166474
internal_weight=13558 8543 5015 410 294 150 98 144 4879 2748 2636 2131 943 871
internal_count=13558 8543 5015 410 294 150 98 144 4879 2748 2636 2131 943 871
cat_boundaries=0 2 4 6 8 10
cat_threshold=148504 116885 1024 16384 672137216 66 131088 32768 8 17
is_linear=0
shrinkage=0.05


Tree=183
num_leaves=15
num_cat=3
split_feature=0 0 4 4 4 4 4 4 4 4 3 0 4 4
split_gain=0.249762 0.178489 0.275983 0.241678 0.237284 0.137983 0.266103 0.141603 0.131013 0.122871 0.171964 0.111408 0.167394 0.755895
threshold=0 1 6.4166666666666679 21.008333333333336 19.358333333333338 14.708333333333334 12.208333333333334 17.991666666666671 8.0083333333333346 0.67500000000000016 9.2500000000000018 2 14.641666666666667 13.691666666666668
decision_type=9 9 2 2 2 2 2 2 2 2 2 9 2 2
left_child=-1 2 -2 4 5 6 8 -7 -4 10 -3 12 13 -11
right_child=1 9 3 -5 -6 7 -8 -9 -10 11 -12 -13 -14 -15
leaf_value=-0.00044941390483182022 -0.0045923723439299921 -0.00026253057895532825 0.0013046971759456496 -0.00198150137111719 0.001723526467081477 -0.0020583648570639164 0.0037764931868398605 4.4542551676821929e-05 -0.001038936093503341 2.471711827768646e-05 0.0010389681165319743 -0.00027203963967167242 0.00010783282050374864 -0.0011386202956030266
leaf_weight=168 46 86 54 40 45 100 54 156 41 2452 90 7385 2631 317
leaf_count=168 46 86 54 40 45 100 54 156 41 2452 90 7385 2631 317
internal_value=-4.93975e-05 -2.48031e-05 0.000860805 0.00122449 0.00155555 0.00117284 0.00238255 0.000468749 0.000789472 -6.20627e-05 0.00125 -8.01733e-05 9.24203e-05 -0.000178766
internal_weight=13665 13497 536 490 450 405 149 256 95 12961 176 12785 5400 2769
internal_count=13665 13497 536 490 450 405 149 256 95 12961 176 12785 5400 2769
cat_boundaries=0 2 3 5
cat_threshold=16 16384 132745 3760209922 1050
is_linear=0
shrinkage=0.05


Tree=184
num_leaves=15
num_cat=5
split_feature=0 0 3 5 5 5 5 0 6 6 6 5 0 0
split_gain=0.253313 0.123301 0.0966902 0.15257 0.383082 0.1362 0.0911766 0.183059 0.0948942 0.0754172 0.117454 0.0732496 0.370295 0.130084
threshold=0 1 55.050000000000004 3.5000000000000004 2.5000000000000004 1.5000000000000002 1.0000000180025095e-35 2 2.5421628270873113 2.0154586348681138 1.3355396910605088 1.0000000180025095e-35 3 4
decision_type=9 9 2 2 2 2 2 9 2 2 2 2 9 9
left_child=2 -2 6 4 5 -4 7 -1 9 10 -8 12 -3 -14
right_child=1 11 3 -5 -6 -7 8 -9 -10 -11 -12 -13 13 -15
leaf_value=-0.0012019542957355212 -0.0002728684226504196 -0.00088957059125951152 0.0054698409586537607 -0.00045557929945414395 0.0018330375108410865 -0.0042407999485828251 7.9275961438502056e-05 0.00053386228744746944 0.0053661947725492974 -0.0061094191602837503 0.0026019614529531592 -5.5729326801733442e-05 0.0042218477591462657 -0.00034083090266541927
leaf_weight=457 153 136 101 138 40 63 6498 636 55 47 77 4579 117 500
leaf_count=457 153 136 101 138 40 63 6498 636 55 47 77 4579 117 500
internal_value=-6.25257e-06 -0.000268427 0.000171139 0.000994151 0.00186274 0.000792682 0.000135134 -0.000288199 0.000204432 0.000187253 0.00020152 -0.000226508 -0.000683932 -0.000135567
internal_weight=13597 5485 8112 342 204 164 7770 1093 6677 6622 6575 5332 753 617
internal_count=13597 5485 8112 342 204 164 7770 1093 6677 6622 6575 5332 753 617
cat_boundaries=0 2 4 6 8 9
cat_threshold=2751528987 69222 512 16384 2147483664 65572 148480 1 135266304
is_linear=0
shrinkage=0.05


Tree=185
num_leaves=15
num_cat=0
split_feature=5 4 4 2 4 4 5 4 4 7 4 4 4 4
split_gain=0.150437 0.32441 0.648054 0.286114 0.289753 0.480927 0.31326 0.445983 0.37448 0.272635 0.265124 0.26507 0.261527 0.227925
threshold=2.5000000000000004 8.0916666666666686 7.0250000000000012 41.350000000000009 3.2583333333333337 8.0916666666666686 1.5000000000000002 17.825000000000003 13.641666666666667 1.0000000180025095e-35 19.958333333333336 2.3833333333333337 12.208333333333334 1.7500000000000002
decision_type=2 2 2 2 2 2 2 2 2 2 2 2 2 2
left_child=3 2 -2 4 13 -6 7 -7 12 -10 -9 -5 -8 -1
right_child=1 -3 -4 11 5 6 8 10 9 -11 -12 -13 -14 -15
leaf_value=0.0006727022790506879 0.00016481398438570455 -3.4733409179245073e-05 0.005019238760554115 -0.0017767686985471791 -0.0022067984382306803 0.00027998830298028659 0.00011652805432896013 0.0045349442972329249 -0.0036757304434505826 0.00019930245978378119 0.00318585861750601 -0.00020533193579517838 0.00055777214067507944 0.004946113932092642
leaf_weight=53 887 6778 144 158 132 678 126 127 224 76 71 4092 41 48
leaf_count=53 887 6778 144 158 132 678 126 127 224 76 71 4092 41 48
internal_value=-5.31732e-05 9.02793e-05 0.000916585 -0.000245453 0.000329948 0.000152541 0.000435591 0.000993149 -0.00061028 -0.00166667 0.00308081 -0.000458825 0.00128742 0.00292079
internal_weight=13635 7809 1031 5826 1576 1475 1343 876 467 300 198 4250 167 101
internal_count=13635 7809 1031 5826 1576 1475 1343 876 467 300 198 4250 167 101
is_linear=0
shrinkage=0.05


Tree=186
num_leaves=15
num_cat=4
split_feature=0 4 0 0 4 0 5 5 4 4 2 4 2 5
split_gain=0.326266 0.240023 0.403067 0.246059 0.296479 0.202516 0.202021 0.192462 0.183356 0.280621 0.240649 0.213803 0.181642 0.205386
threshold=0 19.758333333333336 1 2 19.008333333333336 3 4.5000000000000009 1.0000000180025095e-35 13.808333333333335 15.858333333333336 709.9000000000002 13.075000000000001 1189.6500000000003 1.5000000000000002
decision_type=9 2 9 9 2 9 2 2 2 2 2 2 2 2
left_child=8 3 -3 4 7 -4 -7 -2 11 -10 -11 -1 -9 -14
right_child=1 2 5 -5 -6 6 -8 12 9 10 -12 -13 13 -15
leaf_value=-0.00062125211787137746 -0.00060275449698287656 0.00022043182044279936 -0.0029208245213259219 -1.5512777366636811e-05 0.0024649103903215818 -0.00081237695810182581 0.00017405546414117886 0.00011026429369332525 0.007136091609265531 -0.00088002086193618954 -0.00016533875857566971 -0.0016361525427056245 0.003628626279117763 3.6560636288620441e-05
leaf_weight=386 336 363 111 8568 119 381 132 1872 89 209 719 42 52 236
leaf_count=386 336 363 111 8568 119 381 132 1872 89 209 719 42 52 236
internal_value=-3.12168e-05 5.3365e-05 -0.000694023 0.000119376 0.000542856 -0.00145111 -0.000984705 0.000428685 -0.000738833 -0.000378566 -0.000635777 -0.00161215 0.000601851 0.00177083
internal_weight=13615 12170 987 11183 2615 624 513 2496 1445 1017 928 428 2160 288
internal_count=13615 12170 987 11183 2615 624 513 2496 1445 1017 928 428 2160 288
cat_boundaries=0 2 4 6 8
cat_threshold=2098688 49153 135266320 582 67256458 66690 131074 1152
is_linear=0
shrinkage=0.05


Tree=187
num_leaves=15
num_cat=5
split_feature=0 0 5 5 5 0 5 0 0 6 5 5 6 6
split_gain=0.196486 0.138875 0.0767 0.128591 0.0856461 0.0706877 0.09243 0.148794 0.0718566 0.116804 0.0685639 0.126551 0.0605907 0.0937796
threshold=0 1 5.5000000000000009 4.5000000000000009 2.5000000000000004 2 1.5000000000000002 3 4 1.4599319601943472 2.5000000000000004 3.5000000000000004 2.6495975099665858 2.0976724615461966
decision_type=9 9 2 2 2 9 2 9 9 2 2 2 2 2
left_child=2 -2 3 4 -1 6 7 -3 10 -10 -8 -12 13 -7
right_child=1 5 -4 -5 -6 12 8 -9 9 -11 11 -13 -14 -15
leaf_value=2.3192345281885133e-05 -0.00033433367130639114 0.0027946058605175239 0.00017463000749605857 -0.00011886832350757682 2.3577911997181653e-05 -0.00011924721360668564 -0.00010701787935394755 1.4289336092334314e-05 -0.00018412211202373734 0.00069354913998748895 0.0012325362147727929 5.9473671017919185e-05 -0.0047533016902958462 0.003305440314816457
leaf_weight=216 286 439 66 77 125 8373 220 814 2012 40 187 662 48 75
leaf_count=216 286 439 66 77 125 8373 220 814 2012 40 187 662 48 75
internal_value=-7.33257e-06 -4.40541e-05 0.000971659 0.000741626 0.00115836 -1.94111e-05 0.000143703 0.000506783 -1.60324e-06 -0.000174589 0.000329007 0.000535923 -0.000103458 -9.35144e-05
internal_weight=13640 13156 484 418 341 12870 4374 1253 3121 2052 1069 849 8496 8448
internal_count=13640 13156 484 418 341 12870 4374 1253 3121 2052 1069 849 8496 8448
cat_boundaries=0 1 3 5 7 9
cat_threshold=147457 67109904 16384 3223323274 99338 2097154 2 3221225992 65536
is_linear=0
shrinkage=0.05


Tree=188
num_leaves=15
num_cat=3
split_feature=0 4 4 4 4 4 0 5 0 4 4 5 4 4
split_gain=0.211322 0.247893 0.210495 0.207007 0.524662 0.496298 0.409276 0.282034 0.199485 0.175038 0.17854 0.586286 0.24595 0.386496
threshold=0 23.208333333333336 23.375000000000004 4.0083333333333337 6.1250000000000009 3.058333333333334 1 5.5000000000000009 2 0.82500000000000007 2.3833333333333337 2.5000000000000004 5.6750000000000016 6.4166666666666679
decision_type=9 2 2 2 2 2 9 2 9 2 2 2 2 2
left_child=1 3 9 5 6 7 -5 8 -1 -2 11 -11 -12 -14
right_child=2 -3 -4 4 -6 -7 -8 -9 -10 10 12 -13 13 -15
leaf_value=0.001791969617354693 -0.0016352359655882305 0.0010407571437350304 -0.0011198739745272598 -0.00013557288922598534 1.6140843244990213e-05 -0.0059050662529187663 0.0069856215013307929 -0.0059296371027423751 -0.0009660363260936139 -0.00021730633521359818 -0.00072183598424785562 0.0074858329553467683 0.00048084544147648512 -0.0001111299488846141
leaf_weight=156 69 76 43 107 7473 120 105 45 251 56 292 74 42 4675
leaf_count=156 69 76 43 107 7473 120 105 45 251 56 292 74 42 4675
internal_value=-0.000104536 5.21383e-05 -0.000352596 2.60373e-05 9.43384e-05 -0.00089161 0.00254717 -0.000132745 0.000282554 -0.000324502 -0.000290914 0.00153846 -0.000338392 -0.00025122
internal_weight=13584 8333 5251 8257 7685 572 212 452 407 5208 5139 130 5009 4717
internal_count=13584 8333 5251 8257 7685 572 212 452 407 5208 5139 130 5009 4717
cat_boundaries=0 2 4 6
cat_threshold=3211785 100090 1048576 194 1048576 80
is_linear=0
shrinkage=0.05


Tree=189
num_leaves=15
num_cat=1
split_feature=0 4 2 4 4 4 2 5 5 2 4 4 4 5
split_gain=0.35511 0.108845 0.104304 0.192184 0.138341 0.450372 0.460458 0.248642 0.411956 0.236832 0.254694 0.204207 0.184907 0.449648
threshold=0 23.208333333333336 1036.8500000000001 20.358333333333338 10.958333333333334 11.658333333333335 560.05000000000007 3.5000000000000004 2.5000000000000004 41.350000000000009 8.2583333333333346 11.891666666666667 8.0916666666666686 4.5000000000000009
decision_type=9 2 2 2 2 2 2 2 2 2 2 2 2 2
left_child=1 2 4 -4 7 6 -6 8 -1 10 -10 -7 13 -9
right_child=-2 -3 3 -5 5 11 -8 12 9 -11 -12 -13 -14 -15
leaf_value=-0.00011924857929169107 -0.00015057959922310893 0.0026222448875089718 0.00047951149242539951 -0.0014661475235500431 6.5103981858358347e-05 -0.0093791041335541617 0.0087789173382519601 0.0067417497656184627 0.0014625405506999327 -0.0068190580542018958 -0.0057717239123933495 0.00016832171899588112 -8.9124922994448716e-05 -0.00042561398967074507
leaf_weight=593 8347 45 504 50 191 49 57 97 44 98 57 2927 381 161
leaf_count=593 8347 45 504 50 191 49 57 97 44 98 57 2927 381 161
internal_value=6.98359e-06 0.000328646 0.000308119 0.000956678 0.000230933 0.00041253 0.00245968 -0.000178198 -0.000770203 -0.00273869 -0.00103961 0.000241934 0.000555554 0.00158915
internal_weight=13601 5254 5209 554 4655 3224 248 1431 792 199 101 2976 639 258
internal_count=13601 5254 5209 554 4655 3224 248 1431 792 199 101 2976 639 258
cat_boundaries=0 2
cat_threshold=2215789707 1602
is_linear=0
shrinkage=0.05


Tree=190
num_leaves=15
num_cat=2
split_feature=0 4 4 4 5 4 4 4 0 4 4 4 4 4
split_gain=0.228891 0.210157 0.259408 0.181293 0.169597 0.154223 0.150686 0.632792 0.23 0.356536 0.267139 0.410488 0.247726 0.236638
threshold=0 4.0083333333333337 1.0083333333333335 6.4166666666666679 5.5000000000000009 1.0000000180025095e-35 9.4416666666666682 9.2416666666666689 1 5.6750000000000016 4.2750000000000012 5.4583333333333348 7.0250000000000012 1.5083333333333335
decision_type=9 2 2 2 2 2 2 2 9 2 2 2 2 2
left_child=1 2 5 -3 -4 -1 7 8 9 -2 13 -12 -11 -10
right_child=6 3 4 -5 -6 -7 -8 -9 10 12 11 -13 -14 -15
leaf_value=-0.00046799489911653042 -0.00091518382794269777 0.0032476260088480468 -0.00080671643929360189 0.0001229129159574777 -0.0085362018769928241 0.0016483321561673279 -0.00015154961656056352 0.0023238689117776601 -0.00061283303413881864 0.00077874730255209003 -0.0015776145406330038 0.00013440916824909447 -0.00054695535850252889 0.0080808895649767398
leaf_weight=45 117 242 352 7403 53 134 4245 45 121 40 59 365 119 179
leaf_count=45 117 242 352 7403 53 134 4245 45 121 40 59 365 119 179
internal_value=2.99566e-05 0.000194804 -0.000719179 0.000264878 -0.00141975 0.000865921 -0.000226416 0.000311004 4.99988e-05 -0.00115385 0.00051771 -0.00028302 0.000345911 0.00166667
internal_weight=13519 8229 584 7645 405 179 5290 1045 1000 276 724 424 159 300
internal_count=13519 8229 584 7645 405 179 5290 1045 1000 276 724 424 159 300
cat_boundaries=0 2 3
cat_threshold=2147565707 34542 1612711440
is_linear=0
shrinkage=0.05


Tree=191
num_leaves=15
num_cat=3
split_feature=0 5 4 2 4 5 0 4 0 4 4 2 4 5
split_gain=0.291018 0.251062 0.726537 0.362476 0.271205 0.252206 0.185871 0.301636 0.195254 0.180527 0.255518 0.202469 0.198886 0.31555
threshold=0 4.5000000000000009 10.008333333333335 3593.4000000000001 13.991666666666669 2.5000000000000004 1 4.0083333333333337 2 3.058333333333334 2.1583333333333337 189.85000000000002 1.5083333333333335 4.5000000000000009
decision_type=9 2 2 2 2 2 9 2 9 2 2 2 2 2
left_child=1 2 3 -1 5 -4 7 8 -2 10 12 -11 13 -10
right_child=6 -3 4 -5 -6 -7 -8 -9 9 11 -12 -13 -14 -15
leaf_value=0.0026642361809446698 -0.0040113811874598606 -4.5471945928106622e-05 -0.00031909221182156814 0.0010737039636559296 0.0035590243341137376 5.8917282706595635e-06 -0.00017256210124281211 0.00010495214248422333 -0.0018816694082740921 -0.009472556876697704 0.0050434602716337117 -9.8019612708682006e-05 -0.0026612521729042389 0.00095601579130835809
leaf_weight=64 153 182 80 57 206 56 5924 6456 118 41 71 40 57 46
leaf_count=64 153 182 80 57 206 56 5924 6456 118 41 71 40 57 46
internal_value=-7.41655e-05 0.000954197 0.00158747 0.00491735 0.000409356 -0.00132353 -0.000126201 4.86258e-05 -0.00110266 -0.000430811 0.000136985 -0.00253087 -0.000701359 0.000182926
internal_weight=13551 645 463 121 342 136 12906 6982 526 373 292 81 221 164
internal_count=13551 645 463 121 342 136 12906 6982 526 373 292 81 221 164
cat_boundaries=0 2 4 6
cat_threshold=67125251 65536 1076953616 746 2097664 40
is_linear=0
shrinkage=0.05


Tree=192
num_leaves=15
num_cat=2
split_feature=0 4 4 0 5 2 4 5 3 5 5 4 4 4
split_gain=0.121195 0.316964 0.149327 0.27862 0.652679 0.316917 0.263737 0.402138 0.35422 0.274239 0.292917 0.180517 0.185893 0.147814
threshold=0 0.67500000000000016 19.675000000000004 1 4.5000000000000009 560.05000000000007 18.225000000000005 1.5000000000000002 9.2500000000000018 3.5000000000000004 4.5000000000000009 18.808333333333337 18.508333333333336 20.525000000000002
decision_type=9 2 2 9 2 2 2 2 2 2 2 2 2 2
left_child=2 -2 6 4 -4 13 -1 -8 11 -10 -11 12 -9 -5
right_child=1 -3 3 5 -6 -7 7 8 9 10 -12 -13 -14 -15
leaf_value=7.0582993901389087e-06 0.0021241829772000991 -0.00011343363704217961 -0.00018274541463784714 -0.0014654832208807018 0.011055660072443218 -0.0081513953869756777 -0.00051929131610338355 0.0028491280756980778 0.0075204351358538262 -0.0086564356955385145 0.0021756749389653385 0.00029067994515472864 -0.011103710484950164 -5.4067233592650102e-05
leaf_weight=6514 52 5779 212 128 45 56 153 42 80 51 99 137 41 204
leaf_count=6514 52 5779 212 128 45 56 153 42 80 51 99 137 41 204
internal_value=-5.99585e-05 -0.000231982 6.9479e-05 -0.000658916 0.000617976 -0.00148241 0.00013559 0.00113599 0.00188889 0.00326087 0.002 0.000454544 -0.00138554 -0.000933736
internal_weight=13593 5831 7762 645 257 388 7117 603 450 230 150 220 83 332
internal_count=13593 5831 7762 645 257 388 7117 603 450 230 150 220 83 332
cat_boundaries=0 2 4
cat_threshold=204668947 1766 135397392 514
is_linear=0
shrinkage=0.05


Tree=193
num_leaves=15
num_cat=4
split_feature=0 0 5 5 2 0 5 5 5 0 3 5 5 5
split_gain=0.193836 0.0826248 0.161249 0.118728 0.122057 0.111778 0.233623 0.19008 0.0905729 0.150074 0.0821561 0.181647 0.0809123 0.0671298
threshold=0 1 2.5000000000000004 5.5000000000000009 417.30000000000007 2 1.0000000180025095e-35 4.5000000000000009 1.0000000180025095e-35 3 19.400000000000002 1.5000000000000002 4.5000000000000009 3.5000000000000004
decision_type=9 9 2 2 2 9 2 2 2 9 2 2 2 2
left_child=13 2 8 5 -5 12 -7 -8 9 -2 11 -10 -3 -1
right_child=1 3 -4 4 -6 6 7 -9 10 -11 -12 -13 -14 -15
leaf_value=0.00012451248276362833 -0.0020450901726729066 -0.00074877456386513287 8.3625206956371189e-05 5.2491769054907193e-06 -0.0054112862532249718 -0.00038441881562194529 -2.2603816687226618e-06 -0.00023786357531979985 0.00043592365514594233 0.00094810512479723014 -0.0016671809205097449 -0.002991547820276678 0.0041797099793521794 -3.4881983881889128e-05
leaf_weight=4987 140 854 1832 44 182 58 231 57 191 322 501 195 172 3845
leaf_count=4987 140 854 1832 44 182 58 231 57 191 322 501 195 172 3845
internal_value=-6.64915e-05 -0.000322616 -0.000173928 -0.000615673 -0.00168142 -0.000444608 -0.00120787 -0.000659723 -0.000589327 -2.16462e-05 -0.000885007 -0.000336789 -0.000173746 7.23806e-05
internal_weight=13611 4779 3181 1598 226 1372 346 288 1349 462 887 386 1026 8832
internal_count=13611 4779 3181 1598 226 1372 346 288 1349 462 887 386 1026 8832
cat_boundaries=0 2 4 6 8
cat_threshold=3892314651 2286 69337088 1553 1114112 98304 131072 1025
is_linear=0
shrinkage=0.05


Tree=194
num_leaves=15
num_cat=3
split_feature=0 4 4 4 0 4 5 4 4 5 4 0 4 4
split_gain=0.393771 0.278137 0.269031 0.477096 0.265079 0.252551 0.382934 0.336415 0.314922 0.281861 0.395157 0.238415 0.299344 0.331412
threshold=0 9.158333333333335 13.241666666666669 12.858333333333336 1 17.541666666666671 1.5000000000000002 15.191666666666668 18.125000000000004 3.5000000000000004 19.675000000000004 2 8.3250000000000011 8.0083333333333346
decision_type=9 2 2 2 9 2 2 2 2 2 2 9 2 2
left_child=1 11 3 -3 5 7 -7 -4 -8 10 -10 12 13 -1
right_child=-2 2 4 -5 -6 6 8 -9 9 -11 -12 -13 -14 -15
leaf_value=-0.00078109718368171623 -0.00016066271567980643 0.00016638144951756253 -0.00076584946062435157 0.004111953380335996 0.00040246109014526805 -0.0021451796952939059 -0.0057297209566992777 0.0022303436587511119 0.00568603026515117 -0.00035407254636301075 -0.0021023603087177065 9.8060328891983221e-05 -0.0049709471618781626 0.006058885936150931
leaf_weight=347 7215 1424 373 217 2338 155 68 419 60 197 59 617 158 56
leaf_count=347 7215 1424 373 217 2338 155 68 419 60 197 59 617 158 56
internal_value=-8.86679e-05 0.000193905 0.000348398 0.000880559 0.000110383 -0.000451157 -0.00128943 0.000113635 -0.00044271 0.000221518 0.00214286 -0.00050085 -0.00123468 -0.0005335
internal_weight=13703 6488 5310 1641 3669 1331 539 792 384 316 119 1178 561 403
internal_count=13703 6488 5310 1641 3669 1331 539 792 384 316 119 1178 561 403
cat_boundaries=0 2 4 6
cat_threshold=2149663387 34018 81944 1184 2149580800 33826
is_linear=0
shrinkage=0.05


Tree=195
num_leaves=15
num_cat=3
split_feature=0 4 5 5 5 0 4 4 5 6 5 6 5 0
split_gain=0.230593 0.310773 0.238636 0.316197 0.222402 0.162738 0.190627 0.257226 0.479077 0.164062 0.387597 0.222752 0.158157 0.698271
threshold=0 12.925000000000002 2.5000000000000004 3.5000000000000004 1.5000000000000002 1 23.375000000000004 21.891666666666669 1.5000000000000002 1.957231865133048 3.5000000000000004 2.5421628270873113 5.5000000000000009 2
decision_type=9 2 2 2 2 9 2 2 2 2 2 2 2 9
left_child=1 2 -1 -4 -3 -2 7 9 -9 12 11 -11 -7 -14
right_child=5 4 3 -5 -6 6 -8 8 -10 10 -12 -13 13 -15
leaf_value=-0.00015530343714169472 0.00010065556898195528 -1.7720881352101201e-05 0.00039989942686572013 -4.7293091100538283e-05 -0.00049256873362620523 -0.00017090163652857203 -0.004429457164264696 -0.0035271316205883205 0.0031323702985788793 0.0051547919648539248 0.0051853283397610833 -0.0038519562434199089 0.000303286962442533 -0.0046999203058473073
leaf_weight=132 4575 70 46 122 179 6892 68 56 148 41 43 45 656 497
leaf_count=132 4575 70 46 122 179 6892 68 56 148 41 43 45 656 497
internal_value=-7.00086e-05 -0.0010644 -1.19209e-09 0.00125 -0.00238956 -2.72439e-05 -0.000157286 -0.000136072 0.00161765 -0.00017984 0.00158915 -0.000348838 -0.000208205 -0.000750218
internal_weight=13570 549 300 168 249 13021 8446 8378 204 8174 129 86 8045 1153
internal_count=13570 549 300 168 249 13021 8446 8378 204 8174 129 86 8045 1153
cat_boundaries=0 2 4 6
cat_threshold=16384 17408 1610809499 32914 2283798528 549
is_linear=0
shrinkage=0.05


Tree=196
num_leaves=15
num_cat=2
split_feature=0 4 4 5 5 5 4 4 2 4 5 0 4 4
split_gain=0.198866 0.208943 0.405267 0.226954 0.309339 0.182029 0.175242 0.202505 0.153064 0.124087 0.104962 0.258047 0.379049 0.303816
threshold=0 4.5666666666666673 5.0750000000000002 2.5000000000000004 5.5000000000000009 1.0000000180025095e-35 0.23333333333333336 1.0083333333333335 576.55000000000007 2.0166666666666671 5.5000000000000009 1 14.008333333333335 13.175000000000002
decision_type=9 2 2 2 2 2 2 2 2 2 2 9 2 2
left_child=1 3 -3 5 8 -1 -2 -8 -5 -9 -4 13 -13 -12
right_child=6 2 10 4 -6 -7 7 9 -10 -11 11 12 -14 -15
leaf_value=0.0021376105583555518 0.0018289200822562239 0.0065584993314180239 0.00029781744351981324 4.3406162750492158e-05 -0.0052151928066095183 -0.0039021571760742835 -0.0034681661597125131 0.00032883497601357374 0.00041097390487581514 -7.6256760705573277e-05 0.0011545543227380899 -0.0014172723688938055 0.001857948077803296 -0.0047805438792967569
leaf_weight=56 52 45 4632 144 68 149 85 99 61 7494 135 139 216 217
leaf_count=56 52 45 4632 144 68 149 85 99 61 7494 135 139 216 217
internal_value=-3.38446e-05 0.000185626 0.000274887 -0.000815901 0.000128204 -0.00207317 -0.00020026 -0.000220111 0.00109756 -0.000192942 0.000235062 -0.000332392 0.000616437 -0.00127072
internal_weight=13592 5862 5384 478 273 205 7730 7678 205 7593 5339 707 355 352
internal_count=13592 5862 5384 478 273 205 7730 7678 205 7593 5339 707 355 352
cat_boundaries=0 2 4
cat_threshold=137560715 65768 1114114 65728
is_linear=0
shrinkage=0.05


Tree=197
num_leaves=15
num_cat=3
split_feature=0 4 5 4 3 0 4 4 4 5 3 4 5 0
split_gain=0.186675 0.114013 0.245571 0.399805 0.428172 0.420325 0.269448 0.210466 0.158804 0.41895 0.254653 0.145845 0.141835 0.651468
threshold=0 20.141666666666669 1.0000000180025095e-35 20.625000000000004 9.2500000000000018 1 21.683333333333337 21.891666666666669 19.758333333333336 1.5000000000000002 19.400000000000002 21.341666666666672 1.5000000000000002 2
decision_type=9 2 2 2 2 9 2 2 2 2 2 2 2 9
left_child=-1 8 6 4 -4 11 -3 -7 12 -10 -11 -5 13 -2
right_child=1 2 3 5 -6 7 -8 -9 9 10 -12 -13 -14 -15
leaf_value=-0.00026569320357858417 0.00085928968424136241 -0.0023260742320254549 -0.0018622621800406269 0.0013522632935664613 0.011430364583816712 -0.0044274878724648017 0.00014120242672699539 2.4804999431926196e-06 0.0014491601692940067 -0.0020835079670847852 -0.00040791960549984565 0.00064109208696702116 1.8774176613040578e-05 -0.00044819845624889079
leaf_weight=120 1492 55 47 80 55 131 83 200 72 141 43 178 8906 2029
leaf_count=120 1492 55 47 80 55 131 83 200 72 141 43 178 8906 2029
internal_value=-3.74132e-05 -1.92291e-05 0.000548853 0.000933429 0.00382353 0.000432936 -0.00137681 -0.000747802 -5.63759e-05 -0.00128906 -0.00255435 0.00190298 -3.09821e-05 -0.000299632
internal_weight=13632 13512 829 691 102 589 138 331 12683 256 184 258 12427 3521
internal_count=13632 13512 829 691 102 589 138 331 12683 256 184 258 12427 3521
cat_boundaries=0 2 4 6
cat_threshold=128 16384 538050576 102 2351038995 33890
is_linear=0
shrinkage=0.05


Tree=198
num_leaves=15
num_cat=2
split_feature=0 4 4 4 0 5 4 5 4 4 5 3 4 5
split_gain=0.171716 0.480408 0.347338 0.456382 0.264048 0.208797 0.206271 0.200925 0.369795 0.292763 0.229925 0.220197 0.208929 0.19804
threshold=0 4.0083333333333337 13.491666666666669 12.591666666666669 1 5.5000000000000009 0.23333333333333336 4.5000000000000009 17.358333333333338 18.858333333333338 1.0000000180025095e-35 18.750000000000004 15.141666666666667 3.5000000000000004
decision_type=9 2 2 2 9 2 2 2 2 2 2 2 2 2
left_child=1 -1 3 5 -4 -3 -2 8 10 11 -6 12 -9 -5
right_child=6 2 4 13 7 -7 -8 9 -10 -11 -12 -13 -14 -15
leaf_value=-0.0008359766123916452 0.00091876954788410999 0.00022985938139046593 -0.00075938405755221483 0.0031895556993983159 -0.0021479226982303681 -0.0010137799911452056 1.2581462585102094e-05 0.00017717159065284293 -0.00070621867641791538 0.001211929920017318 0.00085846784507898749 0.003062132441491726 -0.0008426251442370669 0.0019459500227801214
leaf_weight=126 95 702 112 83 71 115 10769 70 674 80 301 164 112 74
leaf_count=126 95 702 112 83 71 115 10769 70 674 80 301 164 112 74
internal_value=-3.98595e-05 -0.00039718 -0.000250197 0.000492812 -0.000707072 1.83587e-05 4.87389e-05 -0.000512822 -0.000889103 0.00039906 0.000376343 -0.000231215 -0.00142857 0.00296178
internal_weight=13548 2684 2558 974 1584 817 10864 1472 1046 426 372 346 182 157
internal_count=13548 2684 2558 974 1584 817 10864 1472 1046 426 372 346 182 157
cat_boundaries=0 2 4
cat_threshold=539033600 17440 65536 16384
is_linear=0
shrinkage=0.05


Tree=199
num_leaves=15
num_cat=7
split_feature=0 6 6 5 0 5 0 5 0 0 6 0 0 6
split_gain=0.266738 0.133231 0.11683 0.111681 0.440748 0.198156 0.173471 0.193618 0.230218 0.1756 0.1719 0.141852 0.128739 0.0993389
threshold=0 2.5947191574750361 2.6746039791475802 3.5000000000000004 1 2.5000000000000004 2 4.5000000000000009 3 4 1.3560995056197489 5 6 1.9979644026864869
decision_type=9 2 2 2 9 2 9 2 9 9 2 9 9 2
left_child=1 3 13 4 -1 10 -5 9 -9 -8 12 -7 -6 -2
right_child=2 -3 -4 6 5 11 7 8 -10 -11 -12 -13 -14 -15
leaf_value=0.0010761364865506692 -0.0001394611152573206 -0.006841713376499252 0.0015516631620281693 -0.0014413874788346236 -0.00013295555829855108 8.1962934366343871e-05 -4.5313390329713787e-05 -0.00012736721070161802 0.00081053809211405344 -0.0018449298534297946 0.0030480390406873209 0.0015952272949298794 -4.9749425117639883e-05 -0.0038028491306787678
leaf_weight=141 7360 43 41 107 111 468 523 991 666 370 59 388 2340 85
leaf_count=141 7360 43 41 107 111 468 523 991 666 370 59 388 2340 85
internal_value=-0.000143505 9.89211e-05 -0.000344185 0.000118428 0.000303677 0.000183648 -0.000126083 -3.90637e-05 0.000280626 -0.0006327 -3.98418e-05 0.00084112 -0.00010404 -0.000359303
internal_weight=13693 6207 7486 6164 3507 3366 2657 2550 1657 893 2510 856 2451 7445
internal_count=13693 6207 7486 6164 3507 3366 2657 2550 1657 893 2510 856 2451 7445
cat_boundaries=0 2 3 4 6 8 10 11
cat_threshold=2115099 34536 1538 1538 0 34016 16384 34496 2097152 33888 16392
is_linear=0
shrinkage=0.05


Tree=200
num_leaves=15
num_cat=1
split_feature=0 4 4 4 4 4 5 4 3 5 5 4 4 4
split_gain=0.266422 0.148001 0.355967 0.272705 0.262735 0.311147 0.208587 0.198703 0.187164 0.185925 0.261166 0.414168 0.191027 0.257432
threshold=0 10.075000000000001 9.0916666666666686 9.5083333333333346 10.575000000000001 10.441666666666668 5.5000000000000009 10.808333333333335 49.000000000000007 5.5000000000000009 1.0000000180025095e-35 4.2750000000000012 4.0083333333333337 6.1250000000000009
decision_type=9 2 2 2 2 2 2 2 2 2 2 2 2 2
left_child=1 2 8 -4 5 -3 -5 -6 9 10 11 -1 -12 -14
right_child=-2 4 3 6 7 -7 -8 -9 -10 -11 12 -13 13 -15
leaf_value=-0.0024182540566815764 -0.00012096651244729066 0.00056832885525091208 -0.0056192217108710935 -0.0044392789422244656 -0.0069413871011032666 0.0015947871674028601 0.0011088084001268125 0.00021702737864318455 0.0014809605398088651 0.0017429001315532626 1.1232672044843027e-05 0.0026882352480444931 -0.0087994233403399305 -0.0012798182122650897
leaf_weight=46 9489 94 97 146 61 46 40 2873 242 70 131 51 56 195
leaf_count=46 9489 94 97 146 61 46 40 2873 242 70 131 51 56 195
internal_value=-0.000127229 0.000206829 -0.000297953 -0.00181979 0.000383863 0.0025 -0.000698926 0.000282889 0.000246522 -0.000264118 -0.000615868 0.00170103 -0.00120419 -0.00201195
internal_weight=13637 4148 1074 283 3074 140 186 2934 791 549 479 97 382 251
internal_count=13637 4148 1074 283 3074 140 186 2934 791 549 479 97 382 251
cat_boundaries=0 2
cat_threshold=2214724251 518
is_linear=0
shrinkage=0.05


Tree=201
num_leaves=15
num_cat=0
split_feature=4 4 5 4 5 4 4 4 5 4 5 5 2 4
split_gain=0.187619 0.194491 0.230398 0.241975 0.193787 0.190725 0.328877 0.184948 0.151588 0.129861 0.187899 0.33401 0.117623 0.110822
threshold=19.908333333333335 20.141666666666669 1.0000000180025095e-35 21.683333333333337 1.5000000000000002 23.375000000000004 23.125000000000004 20.883333333333336 1.5000000000000002 22.166666666666668 4.5000000000000009 2.5000000000000004 189.85000000000002 20.525000000000002
decision_type=2 2 2 2 2 2 2 2 2 2 2 2 2 2
left_child=-1 8 3 -3 -4 6 7 13 -2 10 11 -9 -5 -6
right_child=1 2 4 12 5 -7 -8 9 -10 -11 -12 -13 -14 -15
leaf_value=-2.5376123742449415e-05 -0.0029749460726396552 -0.0027078600328174864 0.0027166709565559187 -0.0093875971558398837 -0.0003333711323639083 -0.00099582635539592949 0.0046832812739451878 1.8318559068140781e-05 -0.0033799637397779131 -0.00010331923497899987 7.9288790084368945e-05 -0.0028036530254428945 0.00021566499585579194 0.00037845598196697234
leaf_weight=12636 41 54 102 41 77 57 45 54 85 104 76 121 40 76
leaf_count=12636 41 54 102 41 77 57 45 54 85 104 76 121 40 76
internal_value=-0.000117203 -0.000786229 -0.000513579 -0.00240741 -0.000154496 -0.000491804 -0.000207958 -0.000570867 -0.00261905 -0.00119718 -0.00181275 -0.00271429 -0.000679014 0.000882352
internal_weight=13609 973 847 135 712 610 553 508 126 355 251 175 81 153
internal_count=13609 973 847 135 712 610 553 508 126 355 251 175 81 153
is_linear=0
shrinkage=0.05


Tree=202
num_leaves=15
num_cat=4
split_feature=0 6 6 4 0 0 4 0 5 5 2 4 4 5
split_gain=0.235729 0.167893 0.177219 0.158443 0.498558 0.401336 0.300513 0.326171 0.408283 0.291317 0.28573 0.284409 0.238729 0.208096
threshold=0 1.7755748620751304 1.4647778729936263 13.008333333333335 1 2 9.3750000000000018 3 3.5000000000000004 5.5000000000000009 41.350000000000009 13.241666666666669 11.275000000000002 2.5000000000000004
decision_type=9 2 2 2 9 9 2 9 2 2 2 2 2 2
left_child=1 2 -1 5 -5 12 7 8 10 -9 -7 -6 13 -2
right_child=3 -3 -4 4 11 6 -8 9 -10 -11 -12 -13 -14 -15
leaf_value=3.6975977693065278e-05 0.00012744886419480895 -0.003441996290705253 0.00071445304388738568 -0.00084676903375858537 0.0035848197200396936 0.002065340641182961 -0.00023314890451669968 -0.00048510593529108975 -0.00053624058695833307 0.004105876738619332 0.012924311477153061 -1.1849831807965565e-05 -0.0016137840756401262 -0.00061090542982048099
leaf_weight=7316 85 145 49 150 74 97 1137 584 100 122 41 3477 69 121
leaf_count=7316 85 145 49 150 74 97 1137 584 100 122 41 3477 69 121
internal_value=-5.41768e-05 0.000132978 0.000166326 -0.000285974 -8.24114e-05 -0.000606962 -0.000361072 0.000296609 0.00185484 -0.000251398 0.00369565 4.07177e-05 -0.00236842 -0.00160194
internal_weight=13567 7510 7365 6057 3701 2356 2081 944 238 706 138 3551 275 206
internal_count=13567 7510 7365 6057 3701 2356 2081 944 238 706 138 3551 275 206
cat_boundaries=0 2 4 6 8
cat_threshold=1744962075 1770 67174400 16384 1049600 114688 67190784 16
is_linear=0
shrinkage=0.05


Tree=203
num_leaves=15
num_cat=2
split_feature=0 4 4 0 4 4 4 4 4 4 4 6 4 4
split_gain=0.23178 0.170457 0.174856 0.292339 0.251365 0.224954 0.216717 0.213446 0.467337 0.172835 0.133993 0.129536 0.684932 0.132433
threshold=0 23.125000000000004 2.3833333333333337 1 4.0083333333333337 4.8750000000000009 3.058333333333334 1.5083333333333335 0.23333333333333336 5.4583333333333348 2.8916666666666671 1.3560995056197489 15.008333333333335 8.2583333333333346
decision_type=9 2 2 9 2 2 2 2 2 2 2 2 2 2
left_child=10 2 3 -2 6 -6 -4 8 -5 -7 -1 13 -13 -11
right_child=1 -3 4 7 5 9 -8 -9 -10 11 -12 12 -14 -15
leaf_value=-0.00028833078497989749 -0.00068911393524543165 0.0018282475776203984 -0.00079301989476346217 0.0020610225652952876 0.0022229812371689296 -0.00070787085918483936 -0.0028775863746413883 0.0092079532244524892 -0.0016608630431347996 0.00058600648080624521 0.00011088802435912064 0.0087128564339940383 -0.0030478132137780655 -0.00018125099909262787
leaf_weight=260 175 95 81 44 99 54 124 56 79 417 6534 73 73 5467
leaf_count=260 175 95 81 44 99 54 124 56 79 417 6534 73 73 5467
internal_value=-5.53896e-05 -0.000260699 -0.000290716 0.000790959 -0.000350659 -0.000293548 -0.00207317 0.00214286 0.00109756 -0.00033202 0.00015138 -0.000306801 0.00116438 -0.000343305
internal_weight=13631 6837 6742 354 6388 6183 205 179 123 6084 6794 6030 146 5884
internal_count=13631 6837 6742 354 6388 6183 205 179 123 6084 6794 6030 146 5884
cat_boundaries=0 2 4
cat_threshold=3827499544 66702 0 608
is_linear=0
shrinkage=0.05


Tree=204
num_leaves=15
num_cat=1
split_feature=0 5 4 4 5 4 4 4 5 4 4 4 4 4
split_gain=0.165426 0.175465 0.259902 0.62973 0.211434 0.197956 0.36861 0.475113 0.364319 0.238412 0.223214 0.220876 0.422047 0.219027
threshold=0 3.5000000000000004 3.7750000000000004 6.9750000000000005 1.5000000000000002 4.2750000000000012 11.341666666666669 10.508333333333335 4.5000000000000009 14.191666666666668 13.241666666666669 16.158333333333335 15.308333333333335 8.8416666666666686
decision_type=9 2 2 2 2 2 2 2 2 2 2 2 2 2
left_child=1 2 4 -4 -1 -3 7 8 -7 10 -8 12 -11 -10
right_child=-2 5 3 -5 -6 6 9 -9 13 11 -12 -13 -14 -15
leaf_value=0.012272553234475889 -2.9236435010803749e-05 -0.0020732712341023237 -0.0084633772666176839 0.00044477188208562796 0.00014442773616485849 0.004106726252620675 -0.00013060492445154674 0.00054279939084754178 0.00081032418490075439 -9.3909703847913693e-05 -0.0016120428202450029 -0.00053721636144987359 0.0078989036998263536 -0.00022306849454564184
leaf_weight=41 11218 93 65 1176 56 85 112 56 73 75 50 375 41 83
leaf_count=41 11218 93 65 1176 56 85 112 56 73 75 50 375 41 83
internal_value=-3.31026e-06 0.000374319 0.000754857 0.000560031 0.00324742 -0.00011026 0.000105262 0.00156566 0.000601659 -0.00055896 -0.00222222 -1.01845e-05 0.00189655 -0.000833335
internal_weight=13599 2381 1338 1241 97 1043 950 297 241 653 162 491 116 156
internal_count=13599 2381 1338 1241 97 1043 950 297 241 653 162 491 116 156
cat_boundaries=0 2
cat_threshold=1140867739 32832
is_linear=0
shrinkage=0.05


Tree=205
num_leaves=15
num_cat=3
split_feature=0 4 4 0 4 4 4 4 4 4 5 4 4 0
split_gain=0.314506 0.227217 0.209074 0.125379 0.201344 0.576781 0.36554 0.40219 0.260868 0.404249 0.207465 0.150455 0.171649 0.287685
threshold=0 1.5083333333333335 22.975000000000005 1 10.208333333333334 7.0250000000000012 13.591666666666669 14.075000000000001 16.008333333333336 17.825000000000003 2.5000000000000004 23.208333333333336 20.625000000000004 2
decision_type=9 2 2 9 2 2 2 2 2 2 2 2 2 9
left_child=1 -1 -3 4 5 -2 -6 -8 -9 -10 -11 12 -5 -14
right_child=3 2 -4 11 6 -7 7 8 9 10 -12 -13 13 -15
leaf_value=-0.0014789729864555933 -0.00089190833600909431 -0.00015971776685733041 -0.0011099099916420201 3.8303707008875819e-06 -0.0015406192761871101 0.004633191354507041 0.0071742253148906537 -0.0049570553597528952 0.0050445342645373259 -0.0050619089608043392 0.00046333703139346766 0.0012562153453536211 0.00011997236635949559 -0.0014580006308342938
leaf_weight=80 86 4162 44 8429 73 40 56 86 43 67 48 93 106 242
leaf_count=80 86 4162 44 8429 73 40 56 86 43 67 48 93 106 242
internal_value=-0.00012999 -0.000484173 -0.000435094 3.25183e-05 0.000795677 0.00253968 0.000227881 0.000999999 0.00012295 0.00132911 -0.000217392 -1.12625e-05 -3.24724e-05 -0.00112069
internal_weight=13655 4286 4206 9369 499 126 373 300 244 158 115 8870 8777 348
internal_count=13655 4286 4206 9369 499 126 373 300 244 158 115 8870 8777 348
cat_boundaries=0 2 4 6
cat_threshold=2148746256 50209 67109513 65536 0 2120
is_linear=0
shrinkage=0.05


Tree=206
num_leaves=15
num_cat=3
split_feature=0 4 5 4 4 5 4 0 5 5 0 4 6 4
split_gain=0.245285 0.233072 0.2594 0.369743 0.178588 0.285834 0.259471 0.337073 0.482112 0.296684 0.199727 0.248822 0.228573 0.179823
threshold=0 22.741666666666671 1.5000000000000002 23.375000000000004 18.008333333333336 1.0000000180025095e-35 18.69166666666667 1 5.5000000000000009 1.5000000000000002 2 5.6750000000000016 2.0447484484576397 19.241666666666671
decision_type=9 2 2 2 2 2 2 9 2 2 9 2 2 2
left_child=1 -1 -3 -4 10 -6 -7 8 13 -9 12 -12 -2 -8
right_child=4 2 3 -5 5 6 7 9 -10 -11 11 -13 -14 -15
leaf_value=4.4041825442629117e-06 -1.8405767519051797e-05 0.00068535480833102483 0.0039373317213303406 -0.0019691802384658617 -0.0018429236587492609 -0.0011980944556566602 0.0021994784054380507 0.0014051395718605991 0.0048947799031701092 -0.00069896182264118185 -0.0012035923045263517 -8.3087035403731527e-05 0.011261365143232555 -7.603850008288662e-05
leaf_weight=7466 3023 44 61 45 150 198 58 46 40 331 133 1790 40 186
leaf_count=7466 3023 44 61 45 150 198 58 46 40 331 133 1790 40 186
internal_value=-0.000139962 4.8517e-05 0.002 0.000660376 -0.000378852 -0.000986126 -0.00063446 -0.000158851 0.00112245 -0.00112403 -0.00025672 -0.000654424 -4.88241e-06 0.000327868
internal_weight=13611 7616 150 106 5995 1009 859 661 284 377 4986 1923 3063 244
internal_count=13611 7616 150 106 5995 1009 859 661 284 377 4986 1923 3063 244
cat_boundaries=0 2 4 6
cat_threshold=738263691 2766 1074790416 33 2147614720 66609
is_linear=0
shrinkage=0.05


Tree=207
num_leaves=15
num_cat=3
split_feature=0 4 4 4 5 4 4 0 0 5 4 4 4 4
split_gain=0.254464 0.220021 0.37507 0.238448 0.195328 0.613929 0.468648 0.391791 0.355514 0.219575 0.210103 0.252423 0.360046 0.428179
threshold=0 16.375000000000004 16.608333333333338 16.258333333333336 3.5000000000000004 17.675000000000004 17.125000000000004 1 2 1.0000000180025095e-35 17.591666666666672 19.675000000000004 19.075000000000003 18.325000000000003
decision_type=9 2 2 2 2 2 2 9 9 2 2 2 2 2
left_child=1 3 -3 -1 6 -6 -4 9 -7 -8 -9 12 13 -12
right_child=-2 2 4 -5 5 8 7 10 -10 -11 11 -13 -14 -15
leaf_value=-2.6270767253908493e-06 -0.00011873761225486859 0.0051034493766377934 0.0046656155582705484 -0.0021120076749260265 -0.00094067115251579298 -0.00087326184700758534 -0.00771117186356861 -0.00023505803602045491 0.0010819361178294727 -8.2270878360574823e-05 0.0023033571763909767 9.1842265172753024e-05 0.0090079558694183166 -0.0012542363140391173
leaf_weight=4129 7397 78 112 42 165 383 54 130 248 187 207 259 90 105
leaf_count=4129 7397 78 112 42 165 383 54 130 248 187 207 259 90 105
internal_value=-9.05356e-05 0.00014599 0.000574825 -6.11376e-05 0.000438143 -0.000163318 0.000856642 0.000523255 0.00054675 -0.00121514 0.00105493 0.00142965 0.00221393 0.00141026
internal_weight=13586 6189 2018 4171 1940 796 1144 1032 631 241 791 661 402 312
internal_count=13586 6189 2018 4171 1940 796 1144 1032 631 241 791 661 402 312
cat_boundaries=0 2 4 6
cat_threshold=3825336963 65734 2684354560 65536 2147483650 194
is_linear=0
shrinkage=0.05


Tree=208
num_leaves=15
num_cat=4
split_feature=0 5 2 0 5 2 5 6 6 6 6 5 0 0
split_gain=0.346411 0.215664 0.268912 0.0857631 0.220541 0.0793679 0.2247 0.0779287 0.134789 0.16713 0.0762628 0.072626 0.0573757 0.0423605
threshold=0 1.0000000180025095e-35 977.10000000000002 1 3.5000000000000004 3593.4000000000001 1.5000000000000002 2.5034626708777576 1.8305237646592867 2.1045847118018899 1.686730441767643 3.5000000000000004 2 3
decision_type=9 2 2 9 2 2 2 2 2 2 2 2 9 9
left_child=1 2 -1 4 5 -2 -7 8 10 -10 12 -9 -5 -3
right_child=3 13 -4 7 -6 6 -8 11 9 -11 -12 -13 -14 -15
leaf_value=-0.0012791548105783536 0.0011353223617073544 -3.2753668988036899e-05 0.0012379647638356178 8.7542068141879668e-05 -0.00050019782477569194 0.0069399912050104448 -0.0075251682117339989 -0.00027193012871097919 -0.005223315867784413 -0.00096137196029485853 0.0083519854748364819 0.0050058341156399566 -6.2268314235158328e-05 -0.00020666663090179697
leaf_weight=358 66 1005 106 3184 139 67 62 41 48 60 42 52 6581 1814
leaf_count=358 66 1005 106 3184 139 67 62 41 48 60 42 52 6581 1814
internal_value=-0.000104588 -0.00055117 -0.00155173 3.76727e-05 0.000813952 0.00192308 0.00120155 1.0979e-05 -2.52262e-06 -0.00175926 1.68235e-05 0.00145161 7.6793e-06 -0.000388437
internal_weight=13625 3283 464 10342 334 195 129 10008 9915 108 9807 93 9765 2819
internal_count=13625 3283 464 10342 334 195 129 10008 9915 108 9807 93 9765 2819
cat_boundaries=0 2 3 5 7
cat_threshold=1075840016 115745 643 739246088 144 1073742848 1025
is_linear=0
shrinkage=0.05


Tree=209
num_leaves=15
num_cat=3
split_feature=0 4 4 6 4 0 5 5 5 5 0 5 4 4
split_gain=0.171509 0.286293 0.192822 0.183937 0.152357 0.442763 0.761445 0.171354 0.171069 0.192218 0.132671 0.312628 0.420791 0.343114
threshold=0 22.450000000000003 0.23333333333333336 1.4760988674747659 18.391666666666669 1 1.5000000000000002 3.5000000000000004 1.0000000180025095e-35 1.5000000000000002 2 4.5000000000000009 8.8416666666666686 16.008333333333336
decision_type=9 2 2 2 2 9 2 2 2 2 9 2 2 2
left_child=1 2 -1 -2 10 6 -6 -8 -7 -10 11 12 -4 -14
right_child=3 -3 4 -5 5 8 7 -9 9 -11 -12 -13 13 -15
leaf_value=-0.0012613562111126496 -0.00010468313098117102 -0.00050931109169667394 0.0051566916825901508 -0.0016900741824558399 -0.0057897006405696425 -0.0014999853872443259 0.004215993803682933 0.0028628870024046179 0.004429527427899896 -0.0004435271775903414 8.6895829731428707e-05 -0.00018310631167060484 -0.00048288620845536313 0.0075107450090018332
leaf_weight=49 8501 127 47 201 53 84 43 72 67 430 3748 68 74 41
leaf_count=49 8501 127 47 201 53 84 43 72 67 430 3748 68 74 41
internal_value=-0.000137818 9.87165e-05 0.000161222 -0.000270892 0.000193568 -0.000460615 0.00174157 0.00413043 -0.00110829 -0.000774649 0.000316741 0.00145833 0.00271605 0.00108696
internal_weight=13605 4903 4776 8702 4727 749 168 115 581 497 3978 230 162 115
internal_count=13605 4903 4776 8702 4727 749 168 115 581 497 3978 230 162 115
cat_boundaries=0 2 4 6
cat_threshold=2348958354 16484 528 4 67108866 16384
is_linear=0
shrinkage=0.05


Tree=210
num_leaves=15
num_cat=2
split_feature=0 4 4 5 2 4 4 4 4 4 0 5 5 4
split_gain=0.265787 0.256702 0.351199 0.28259 0.259167 0.246347 0.215701 0.303416 0.196711 0.411597 0.194758 0.35927 0.287185 0.287609
threshold=0 5.4583333333333348 8.908333333333335 3.5000000000000004 585.60000000000002 1.5083333333333335 0.23333333333333336 1.0083333333333335 23.375000000000004 22.908333333333335 1 3.5000000000000004 4.5000000000000009 7.0250000000000012
decision_type=9 2 2 2 2 2 2 2 2 2 9 2 2 2
left_child=1 3 10 4 -1 -5 -2 -8 9 -9 -3 -12 13 -13
right_child=6 2 -4 5 -6 -7 7 8 -10 -11 11 12 -14 -15
leaf_value=-0.00019103015485879605 0.0018794386339117221 0.0022044141936684476 8.08131525758505e-05 0.00051910599482623057 0.001954727686461372 -0.0039810210362653592 -0.0062369871652967626 -0.00011885245150128386 -0.00083948166690658507 0.0030885965379337998 -0.00023933674829973483 0.00077099113464931931 9.2960183108599685e-05 0.0073111977914734521
leaf_weight=327 66 155 5341 66 63 152 70 6799 56 48 262 46 130 50
leaf_count=327 66 155 5341 66 63 152 70 6799 56 48 262 46 130 50
internal_value=-5.53896e-05 0.000172674 0.000272392 -0.000805922 -1.19209e-09 -0.00224771 -0.000268834 -0.000296143 -0.00026293 -0.000238792 0.00137636 0.000823292 0.00230088 0.004375
internal_weight=13631 6592 5984 608 390 218 7039 6973 6903 6847 643 488 226 96
internal_count=13631 6592 5984 608 390 218 7039 6973 6903 6847 643 488 226 96
cat_boundaries=0 2 4
cat_threshold=603996811 98511 67108864 12
is_linear=0
shrinkage=0.05


Tree=211
num_leaves=15
num_cat=0
split_feature=4 2 3 3 4 3 4 4 4 2 2 4 5 5
split_gain=0.140305 0.209402 0.253539 0.176266 0.148338 0.166802 0.140058 0.131398 0.233712 0.110368 0.297623 0.101717 0.0744463 0.0851039
threshold=2.1583333333333337 29.450000000000003 11.050000000000002 44.050000000000004 20.625000000000004 55.050000000000004 20.358333333333338 0.67500000000000016 1.0083333333333335 29.450000000000003 26.300000000000004 22.166666666666668 5.5000000000000009 1.5000000000000002
decision_type=2 2 2 2 2 2 2 2 2 2 2 2 2 2
left_child=1 -1 -3 7 6 9 -2 -4 -9 10 -6 -12 13 -11
right_child=4 2 3 -5 5 -7 -8 8 -10 12 11 -13 -14 -15
leaf_value=0.00038936271149753052 -8.345799641159573e-06 -0.0016384797268376838 0.00062564545453960277 -0.0023992437520309134 -0.002786885703818338 -0.0068047219737435889 0.0045206205730119213 -0.0034909822815094231 0.00096546427508197952 -0.001381882809827504 -7.2507851053139273e-05 0.0026023202329235355 -0.00061803453615226565 -6.9863682987250176e-05
leaf_weight=138 12341 122 55 82 45 42 61 41 96 139 54 52 46 340
leaf_count=138 12341 122 55 82 45 42 61 41 96 139 54 52 46 340
internal_value=-8.56904e-05 -0.000880151 -0.00146465 -0.000620439 -5.33549e-05 -0.00075209 -1.29023e-05 0.000208332 -0.000620439 -0.000562131 0.000629138 0.00207547 -0.000904763 -0.000720252
internal_weight=13654 534 396 274 13120 718 12402 192 137 676 151 106 525 479
internal_count=13654 534 396 274 13120 718 12402 192 137 676 151 106 525 479
is_linear=0
shrinkage=0.05


Tree=212
num_leaves=15
num_cat=1
split_feature=6 1 4 4 6 4 4 2 4 5 4 2 5 4
split_gain=0.0879904 0.08116 0.149689 0.0771383 0.062964 0.582694 0.312926 0.235942 0.0686965 0.061693 0.0583414 0.164184 0.274865 0.263988
threshold=2.5784757249888215 0 17.991666666666671 14.708333333333334 1.3355396910605088 8.7250000000000014 18.225000000000005 267.85000000000008 13.991666666666669 3.5000000000000004 19.19166666666667 41.350000000000009 1.5000000000000002 23.375000000000004
decision_type=2 1 2 2 2 2 2 2 2 2 2 2 2 2
left_child=1 2 -1 -2 10 -6 7 -7 -9 -4 -3 -12 -13 -14
right_child=3 4 9 -5 5 6 -8 8 -10 -11 11 12 13 -15
leaf_value=-0.0013616041098212829 0.0011286104614562473 -6.2257840058138166e-06 -0.00016507529829648928 -0.0058534752712245033 -0.0040950981817364706 0.0049961448957648339 0.0016878687894116206 -0.004393868443162096 0.0021767320817783599 0.00068437745616744844 5.4402513966544107e-05 -0.00069095964885054013 1.0202184030089129e-05 -0.0024481130271272601
leaf_weight=99 40 11530 94 49 52 84 48 40 47 55 440 285 671 45
leaf_count=99 40 11530 94 49 52 84 48 40 47 55 440 285 671 45
internal_value=-6.22296e-05 -5.18915e-05 -0.000930234 -0.00162921 -3.47129e-05 0.000719556 0.00184931 0.000847952 -0.000977013 3.35559e-05 -5.04985e-05 -0.000350452 -0.000704297 -0.000181565
internal_weight=13579 13490 248 89 13242 271 219 171 87 149 12971 1441 1001 716
internal_count=13579 13490 248 89 13242 271 219 171 87 149 12971 1441 1001 716
cat_boundaries=0 1
cat_threshold=8
is_linear=0
shrinkage=0.05


Tree=213
num_leaves=15
num_cat=4
split_feature=0 4 4 0 4 4 6 4 4 4 4 0 6 0
split_gain=0.187383 0.180198 0.244608 0.174863 0.171316 0.166741 0.184853 0.161216 0.229195 0.15202 0.38078 0.374057 0.367224 0.166291
threshold=0 10.808333333333335 6.9750000000000005 1 4.8750000000000009 22.975000000000005 1.3560995056197489 23.375000000000004 23.125000000000004 9.9916666666666689 9.8416666666666686 2 2.2409863868481232 3
decision_type=9 2 2 9 2 2 2 2 2 2 2 9 2 9
left_child=1 2 4 -3 -1 6 -5 8 9 10 11 -2 13 -11
right_child=7 3 -4 5 -6 -7 -8 -9 -10 12 -12 -13 -14 -15
leaf_value=0.00020760206449308268 7.1980922397289736e-06 0.0016206800797339269 0.0013833438947110088 -0.00012060847456242361 -0.0046291632546817587 0.0019252995213158753 0.0020090402855761093 -0.00065433086105563462 0.0033363242797061856 7.1676087107642845e-05 -0.00293392791374106 -0.00023920262974738021 -0.0087153263107662901 -9.0606990603238468e-05
leaf_weight=386 1353 115 804 2626 113 52 84 65 41 3919 68 685 73 3286
leaf_count=386 1353 115 804 2626 113 52 84 65 41 3919 68 685 73 3286
internal_value=-8.77847e-05 0.00019093 0.000679201 -2.95459e-05 -0.000190382 -0.000111834 -0.000166053 -0.000210528 -0.000193635 -0.000209933 -0.000584047 -0.000461238 -0.000101677 -6.59276e-05
internal_weight=13670 4180 1303 2877 499 2762 2710 9490 9425 9384 2106 2038 7278 7205
internal_count=13670 4180 1303 2877 499 2762 2710 9490 9425 9384 2106 2038 7278 7205
cat_boundaries=0 2 3 5 7
cat_threshold=67174537 65746 137 1064962 3629 3892315664 32812
is_linear=0
shrinkage=0.05


Tree=214
num_leaves=15
num_cat=4
split_feature=0 4 4 5 0 4 4 4 0 4 0 4 5 4
split_gain=0.223904 0.374261 0.200358 0.108125 0.512084 0.302671 0.777032 0.263888 0.364197 0.209034 0.173977 0.251956 0.893873 0.489507
threshold=0 7.5750000000000002 20.883333333333336 5.5000000000000009 1 15.858333333333336 17.175000000000004 11.341666666666669 2 9.7083333333333339 3 8.4916666666666689 2.5000000000000004 7.0250000000000012
decision_type=9 2 2 2 9 2 2 2 9 2 9 2 2 2
left_child=1 -1 -3 10 -5 7 -7 8 -6 -10 11 12 -2 -14
right_child=3 2 -4 4 5 6 -8 -9 9 -11 -12 -13 13 -15
leaf_value=-0.0012654503144834293 -0.0015532788740919984 -2.2080419601986798e-05 -0.00034766788705884014 -0.0013112306097746676 0.0031448431818323856 0.0029652767912560999 0.00015598298888151241 -0.00062131979212211037 -0.0015577905100481433 0.00071134166073257791 -6.5159024495758494e-05 0.00011573805968734642 0.0012727600466163325 0.0086584653592204856
leaf_weight=93 356 618 43 629 104 79 325 358 214 82 6549 3711 339 81
leaf_count=93 356 618 43 629 104 79 325 358 214 82 6549 3711 339 81
internal_value=-0.000110818 -0.00094241 -0.000537066 -6.11526e-05 -0.000421553 0.000204777 0.00131188 -0.000382587 0.000499999 -0.000424838 -2.71957e-06 0.000236823 0.0010567 0.00261905
internal_weight=13581 754 661 12827 1791 1162 404 758 400 296 11036 4487 776 420
internal_count=13581 754 661 12827 1791 1162 404 758 400 296 11036 4487 776 420
cat_boundaries=0 2 4 6 8
cat_threshold=16920 49152 68222978 67752 0 22 68223107 68289
is_linear=0
shrinkage=0.05


Tree=215
num_leaves=15
num_cat=2
split_feature=0 4 4 5 5 4 5 4 4 4 4 5 0 4
split_gain=0.342555 0.357955 0.208334 0.213024 0.199127 0.129399 0.250897 0.227702 0.126523 0.116365 0.276432 0.190099 0.112851 0.204469
threshold=0 9.9916666666666689 10.658333333333335 3.5000000000000004 3.5000000000000004 16.008333333333336 2.5000000000000004 17.008333333333336 14.841666666666669 15.091666666666669 12.075000000000001 5.5000000000000009 1 19.075000000000003
decision_type=9 2 2 2 2 2 2 2 2 2 2 2 9 2
left_child=1 4 -3 5 -1 6 8 -7 -4 10 -5 -12 -2 -14
right_child=12 2 3 9 -6 7 -8 -9 -10 -11 11 -13 13 -15
leaf_value=-0.00041632600369034215 6.6008453967024544e-05 0.00092067886155510522 -0.00024995314905765356 -0.0012028991581742724 -0.00033858592571695754 0.0029509577517979873 0.0042556425560689084 1.1826343693816442e-05 -0.0014310644714549616 -0.00062284823375471769 0.0030368607150388994 -0.00061601191363475332 -6.106652216487109e-05 -0.00037165175257175206
leaf_weight=119 6828 45 121 45 88 45 67 277 69 253 76 47 4840 737
leaf_count=119 6828 45 121 45 88 45 67 277 69 253 76 47 4840 737
internal_value=-0.000134365 -0.000919177 -0.00055024 -0.000700001 -0.00282609 -7.77214e-05 -0.000914398 0.000590061 -0.00184211 -0.00155582 -0.000535715 0.000691056 -5.43709e-05 -0.00022105
internal_weight=13657 1252 1045 1000 207 579 257 322 190 421 168 123 12405 5577
internal_count=13657 1252 1045 1000 207 579 257 322 190 421 168 123 12405 5577
cat_boundaries=0 2 4
cat_threshold=1073808912 114688 540016778 711
is_linear=0
shrinkage=0.05


Tree=216
num_leaves=15
num_cat=3
split_feature=0 4 4 4 4 1 4 6 4 6 0 4 4 4
split_gain=0.164842 0.369188 0.511617 0.321998 0.26073 0.25714 0.258976 0.221816 0.210405 0.210503 0.209432 0.282689 0.372737 0.237066
threshold=0 17.591666666666672 17.991666666666671 16.975000000000005 16.541666666666671 1 10.208333333333334 1.3560995056197489 2.3833333333333337 1.7513494864480113 2 19.075000000000003 18.758333333333336 18.458333333333336
decision_type=9 2 2 2 2 1 2 2 2 2 9 2 2 2
left_child=-1 3 -3 4 5 8 -7 10 -2 -10 -4 12 13 -12
right_child=1 2 7 -5 -6 6 -8 -9 9 -11 11 -13 -14 -15
leaf_value=-1.6092657566651674e-05 0.00073997370301769842 0.0038163649212303134 0.00028015438339968587 -0.00087042988875094408 0.0030481811459331706 -0.0002313143217981009 -0.0014932579985332001 -0.0046510140383051084 -0.0003840638728329096 0.0077079213060656021 7.6785554348189061e-05 -0.00087840953756542341 0.0055490417742673935 -0.003162304585925411
leaf_weight=7850 237 91 589 238 110 126 128 69 2696 71 1096 262 48 42
leaf_count=7850 237 91 589 238 110 126 128 69 2696 71 1096 262 48 42
internal_value=-0.000187872 -0.000389645 0.000120618 -0.00070161 -0.000576011 -0.000656846 -0.00215909 -3.79879e-05 -0.000520904 -0.000645104 5.64544e-05 -0.000267491 5.90207e-05 -0.000123024
internal_weight=13653 5803 2197 3606 3368 3258 254 2106 3004 2767 2037 1448 1186 1138
internal_count=13653 5803 2197 3606 3368 3258 254 2106 3004 2767 2037 1448 1186 1138
cat_boundaries=0 2 3 5
cat_threshold=2684372107 66223 1 1073873424 2112
is_linear=0
shrinkage=0.05


Tree=217
num_leaves=15
num_cat=0
split_feature=6 4 3 4 2 6 6 4 4 5 4 4 4 4
split_gain=0.132288 0.0934885 0.172705 0.216273 0.167309 0.155695 0.128672 0.12206 0.154475 0.11411 0.089381 0.457773 0.149076 0.264991
threshold=2.751542603006087 20.883333333333336 18.750000000000004 21.891666666666669 304.90000000000003 2.4846656714227131 1.4760988674747659 12.858333333333336 15.375000000000002 3.5000000000000004 12.29166666666667 12.375000000000002 12.725000000000001 12.925000000000002
decision_type=2 2 2 2 2 2 2 2 2 2 2 2 2 2
left_child=1 5 4 -4 -3 6 10 -8 -9 -5 -1 -12 -13 -14
right_child=-2 2 3 9 -6 -7 7 8 -10 -11 11 12 13 -15
leaf_value=-6.3249798543601568e-05 -0.0057717358547130365 -0.00020964769289159141 -0.0058117676487656582 -0.00095595074303965314 0.0015041693009075641 0.0048452559642522186 -0.003337437263037769 0.0037448061532198242 -0.0036315534295930231 0.00066162275559901234 0.0029406413983670658 0.00036918207632073881 -0.0018557316892997195 2.8368238794749623e-05
leaf_weight=5030 45 374 65 82 53 68 101 41 72 59 51 230 140 7193
leaf_count=5030 45 374 65 82 53 68 101 41 72 59 51 230 140 7193
internal_value=-7.13038e-05 -6.23214e-05 -0.000655609 -0.00184466 -8.19684e-05 -3.32675e-05 -4.5887e-05 -0.00126168 -0.000132745 -0.000744682 -2.53096e-05 8.27411e-05 5.09045e-05 1.15902e-05
internal_weight=13604 13559 633 206 427 12926 12858 214 113 141 12644 7614 7563 7333
internal_count=13604 13559 633 206 427 12926 12858 214 113 141 12644 7614 7563 7333
is_linear=0
shrinkage=0.05


Tree=218
num_leaves=15
num_cat=6
split_feature=0 4 0 4 6 0 4 4 6 0 4 0 0 4
split_gain=0.237401 0.162631 0.193153 0.179049 0.156795 0.149517 0.159248 0.415934 0.414961 0.261856 0.172845 0.535575 0.315195 0.200022
threshold=0 2.1583333333333337 1 1.2750000000000001 2.1515097675933066 2 11.208333333333334 11.658333333333335 1.5800944137126034 3 10.075000000000001 4 5 10.658333333333335
decision_type=9 2 9 2 2 9 2 2 2 9 2 9 9 2
left_child=4 2 3 -2 5 -1 9 -8 -9 -7 12 13 -11 -12
right_child=1 -3 -4 -5 -6 6 7 8 -10 10 11 -13 -14 -15
leaf_value=0.0006965812679042044 0.0012779142417827587 -0.00014153120304322443 -0.0018388396469300357 -0.0025417708056505225 -0.0032111240659235332 -0.00015124663382374529 -0.00066801110421474939 -1.9837520584743362e-06 0.0063541401250141565 -3.9951631241434934e-05 0.0085085023257977042 4.5055538545362669e-06 0.0016035980101153334 0.0011041363838666886
leaf_weight=163 102 7510 207 66 58 100 106 3677 46 813 54 253 410 52
leaf_count=163 102 7510 207 66 58 100 106 3677 46 813 54 253 410 52
internal_value=-7.23372e-05 -0.00025016 -0.00126667 5.61787e-05 0.000172413 0.000199153 0.000153051 -2.48118e-05 6.31199e-05 0.000558857 0.000716079 0.00168524 0.000437448 0.00448276
internal_weight=13617 7885 375 168 5732 5674 5511 3829 3723 1682 1582 359 1223 106
internal_count=13617 7885 375 168 5732 5674 5511 3829 3723 1682 1582 359 1223 106
cat_boundaries=0 2 4 5 7 9 11
cat_threshold=1814119050 32797 1048576 2112 130 1073741824 32768 536870912 4 673202176 12
is_linear=0
shrinkage=0.05


Tree=219
num_leaves=15
num_cat=2
split_feature=0 5 4 4 0 4 4 4 3 3 4 4 5 4
split_gain=0.209702 0.242429 0.224432 0.861278 0.237135 0.339009 0.33245 0.307834 0.221281 0.192537 0.18255 0.543426 0.659615 0.320157
threshold=0 1.5000000000000002 8.9916666666666689 10.208333333333334 1 19.19166666666667 13.441666666666668 15.008333333333335 4.7500000000000009 18.750000000000004 7.0250000000000012 8.0916666666666686 3.5000000000000004 7.8583333333333343
decision_type=9 2 2 2 9 2 2 2 2 2 2 2 2 2
left_child=10 2 -2 9 5 6 -5 -8 -9 -4 -1 12 13 -12
right_child=1 -3 3 4 -6 -7 7 8 -10 -11 11 -13 -14 -15
leaf_value=-0.0010438796861072916 -0.0011151062358991032 -8.3072576031612621e-06 0.00020126667628347155 -0.0011808403435482888 -0.0012038794133115767 -0.00096975180144257683 0.0026164598839115484 0.00076160047509284687 -1.4009376381584754e-05 0.011876210581902975 -0.0036592243876106866 8.6442868924298735e-05 0.0098838489683055024 0.0025764385091466787
leaf_weight=840 286 4366 41 69 902 43 48 45 125 67 51 6665 56 53
leaf_count=840 286 4366 41 69 902 43 48 45 125 67 51 6665 56 53
internal_value=-1.35474e-05 -0.000234923 -0.000756459 -0.000485076 -0.000860391 0.000294116 0.000923344 0.00188073 0.000882352 0.0037963 0.000159608 0.00024542 0.003125 0.00076923
internal_weight=13657 5992 1626 1340 1232 330 287 218 170 108 7665 6825 160 104
internal_count=13657 5992 1626 1340 1232 330 287 218 170 108 7665 6825 160 104
cat_boundaries=0 2 4
cat_threshold=2114075 1278 1610613760 98304
is_linear=0
shrinkage=0.05


Tree=220
num_leaves=15
num_cat=6
split_feature=0 6 0 5 2 5 6 0 5 0 6 0 5 0
split_gain=0.25293 0.126937 0.0972195 0.314881 0.154337 0.112135 0.157152 0.102027 0.0714493 0.338206 0.140532 0.137187 0.0969587 0.136512
threshold=0 2.2409863868481232 1 3.5000000000000004 5596.7500000000009 2.5000000000000004 1.4647778729936263 2 2.5000000000000004 3 2.2013955467436794 4 3.5000000000000004 5
decision_type=9 2 9 2 2 2 2 9 2 9 2 9 2 9
left_child=1 2 3 -1 -5 6 7 -4 9 -2 11 -10 13 -13
right_child=8 -3 5 4 -6 -7 -8 -9 10 -11 -12 12 -14 -15
leaf_value=0.0016554949752954182 0.0002160732334665137 -0.0057866488553620582 0.00017809224214039571 -0.0027263618214853607 4.4239024490755169e-05 0.0001372840741605106 0.0037755168886572303 -0.0005720497238178192 -2.1673242590006406e-05 -0.00016689074337083439 0.0021498062200354163 0.00017314078024974609 -0.00019788694851226928 -0.0005285836710147081
leaf_weight=168 1787 55 1239 63 49 3522 45 1325 1489 1272 57 111 1958 515
leaf_count=168 1787 55 1239 63 49 3522 45 1325 1489 1272 57 111 1958 515
internal_value=-0.00010802 0.000118899 0.000139603 0.00103448 -0.000982144 9.68886e-05 -0.0001514 -0.000202809 -0.00031185 -0.000129128 -0.000447943 -0.000482447 -0.00070162 -0.00124601
internal_weight=13655 6466 6411 280 112 6131 2609 2564 7189 3059 4130 4073 2584 626
internal_count=13655 6466 6411 280 112 6131 2609 2564 7189 3059 4130 4073 2584 626
cat_boundaries=0 2 3 5 7 9 10
cat_threshold=2348942995 669 1666 201326593 148 540016640 33858 81928 65632 1075838976
is_linear=0
shrinkage=0.05


Tree=221
num_leaves=15
num_cat=0
split_feature=4 4 6 4 7 4 6 5 5 5 2 4 4 5
split_gain=0.0969037 0.0977988 0.271023 0.238366 0.205574 0.170861 0.170479 0.155759 0.274554 0.214953 0.132638 0.438602 0.174913 0.150974
threshold=23.858333333333338 17.958333333333336 2.5034626708777576 17.208333333333336 1.0000000180025095e-35 17.175000000000004 1.3355396910605088 5.5000000000000009 4.5000000000000009 3.5000000000000004 977.10000000000002 10.29166666666667 0.82500000000000007 1.0000000180025095e-35
decision_type=2 2 2 2 2 2 2 2 2 2 2 2 2 2
left_child=1 3 6 5 7 10 -3 8 9 -5 -1 12 -12 -14
right_child=-2 2 -4 4 -6 -7 -8 -9 -10 -11 11 -13 13 -15
leaf_value=-2.7502212500274627e-06 -0.00097908798438880551 5.6309905779033997e-05 -0.0046334753594843899 -0.001106164452399204 -0.00045717384612070281 0.002924289935823192 0.00075814245678051148 -0.0031594793663719169 0.0045316185672812362 -0.0044574123225461192 -0.0019726981840182747 -0.0015598792431022995 -0.003436966483090555 0.00055983216966036932
leaf_weight=8167 40 3580 42 349 53 59 72 73 58 67 41 587 47 371
leaf_count=8167 40 3580 42 349 53 59 72 73 58 67 41 587 47 371
internal_value=-4.26294e-05 -3.53838e-05 0.000184081 -0.000117505 -0.00108333 -5.50055e-05 0.00023001 -0.000795248 -0.000464136 -0.000913463 -7.21818e-05 -0.000602296 0.000555554 0.000861243
internal_weight=13606 13566 3694 9872 600 9272 3652 547 474 416 9213 1046 459 418
internal_count=13606 13566 3694 9872 600 9272 3652 547 474 416 9213 1046 459 418
is_linear=0
shrinkage=0.05


Tree=222
num_leaves=15
num_cat=2
split_feature=0 4 4 6 4 0 4 4 4 4 4 4 2 4
split_gain=0.214325 0.337159 0.350134 0.249813 0.216461 0.380387 0.311259 0.238108 0.398365 0.309209 0.341808 0.168559 0.167619 0.166199
threshold=0 4.0083333333333337 4.8750000000000009 1.8305237646592867 11.075000000000001 1 10.358333333333336 8.3250000000000011 9.3083333333333353 7.8583333333333343 6.1250000000000009 8.0916666666666686 189.85000000000002 4.2750000000000012
decision_type=9 2 2 2 2 9 2 2 2 2 2 2 2 2
left_child=1 -1 12 13 5 7 -7 9 -9 10 -4 -11 -3 -2
right_child=3 2 4 -5 -6 6 -8 8 -10 11 -12 -13 -14 -15
leaf_value=-0.0011086189423907956 0.00042044706423747787 0.00021315440623775168 0.0076370554299910647 -0.0032013466275474995 0.00026213055091619148 -0.00093596647900535371 -0.0051326619433228332 -0.0019010012982918119 0.00093800082146715735 0.0093964145282100925 -0.0034361517990982582 0.0047037149808673087 0.0058360364343669332 -7.3477396681115569e-05
leaf_weight=644 314 50 59 107 5923 706 156 233 451 45 118 57 55 4688
leaf_count=644 314 50 59 107 5923 706 156 233 451 45 118 57 55 4688
internal_value=-1.69055e-05 0.000136945 0.0002273 -0.000272515 0.000188435 -0.000287672 -0.00104358 0.000395682 -0.00010234 0.00163082 0.00036723 0.00382353 0.00309524 -0.000221912
internal_weight=13606 8497 7853 5109 7748 1825 862 963 684 279 177 102 105 5002
internal_count=13606 8497 7853 5109 7748 1825 862 963 684 279 177 102 105 5002
cat_boundaries=0 2 4
cat_threshold=2149712011 101098 2097153 65642
is_linear=0
shrinkage=0.05


Tree=223
num_leaves=15
num_cat=3
split_feature=0 6 4 4 4 4 4 5 4 4 4 0 2 0
split_gain=0.278201 0.291962 0.162441 0.138949 0.166913 0.137458 0.267324 0.382251 0.141811 0.19457 0.289286 0.22384 0.189012 0.139923
threshold=0 1.7981909629808028 0.23333333333333336 22.008333333333336 21.19166666666667 9.9916666666666689 9.158333333333335 5.5000000000000009 1.5083333333333335 5.0750000000000002 6.4166666666666679 1 325.55000000000007 2
decision_type=9 2 2 2 2 2 2 2 2 2 2 9 2 9
left_child=1 5 -2 4 -4 6 8 -8 -1 11 -11 12 -10 -12
right_child=2 -3 3 -5 -6 -7 7 -9 9 10 13 -13 -14 -15
leaf_value=0.00017122899875682943 0.0012359872201816568 0.004002396697088826 -0.00012393175220847872 -0.00046618940955106542 0.0020287348174567099 9.2887729065042706e-05 -0.0041713043971172729 0.0024803301777401878 -0.0041103846815654169 0.0047655810762174677 -0.0024213816127856549 -0.00010418388468223471 -0.0061965626801189395 0.00037373248442330978
leaf_weight=165 71 111 6913 208 79 4728 269 56 64 80 186 250 60 374
leaf_count=165 71 111 6913 208 79 4728 269 56 64 80 186 250 60 374
internal_value=-0.000126342 0.000115692 -0.00033718 -0.000361112 -0.000323228 7.06021e-05 -0.000345746 -0.00161539 4.23969e-06 -0.000216964 0.000312499 -0.001123 -0.0027612 -8.92869e-05
internal_weight=13614 6343 7271 7200 6992 6232 1504 325 1179 1014 640 374 124 560
internal_count=13614 6343 7271 7200 6992 6232 1504 325 1179 1014 640 374 124 560
cat_boundaries=0 2 4 6
cat_threshold=2147566218 98894 0 32778 2147483648 64
is_linear=0
shrinkage=0.05


Tree=224
num_leaves=15
num_cat=4
split_feature=0 4 0 4 5 4 0 5 4 4 0 6 6 4
split_gain=0.1218 0.180272 0.468338 0.334243 0.331231 0.370856 0.329946 0.250715 0.387779 0.24722 0.314416 0.225423 0.48953 0.224536
threshold=0 10.958333333333334 1 4.5666666666666673 3.5000000000000004 10.575000000000001 2 5.5000000000000009 9.8416666666666686 8.8416666666666686 3 2.5421628270873113 1.7513494864480113 9.5083333333333346
decision_type=9 2 9 2 2 2 9 2 2 2 9 2 2 2
left_child=-1 2 3 -2 6 7 -4 8 -6 10 -8 12 -3 -9
right_child=1 11 4 -5 5 -7 9 13 -10 -11 -12 -13 -14 -15
leaf_value=3.3241812411454613e-05 0.00018018112141438456 -5.1290679087430093e-05 -0.0019091993937410069 -0.0016485522197730005 0.0034135889654138825 -0.0046347866510035932 0.0015884761913126291 -0.0011658707329786605 -0.0032378869190365527 0.0023245858113290856 -0.00094931996675386328 -0.0043723533936722205 0.0067645185026356637 0.0023690874050542291
leaf_weight=5261 95 5878 504 437 460 45 116 203 79 173 209 56 44 72
leaf_count=5261 95 5878 504 437 460 45 116 203 79 173 209 56 44 72
internal_value=-8.50951e-05 -0.000203438 -0.000570415 -0.00186347 -0.000189739 0.000529684 -0.000808384 0.000773955 0.00140074 0.000118109 -0.000692309 -5.68764e-05 -2.70191e-05 -0.000454547
internal_weight=13632 8371 2393 532 1861 859 1002 814 539 498 325 5978 5922 275
internal_count=13632 8371 2393 532 1861 859 1002 814 539 498 325 5978 5922 275
cat_boundaries=0 2 4 6 8
cat_threshold=604127882 31 3355444224 33792 16 2592 1 128
is_linear=0
shrinkage=0.05


Tree=225
num_leaves=15
num_cat=3
split_feature=0 4 4 4 4 4 4 4 4 4 0 0 4 4
split_gain=0.242596 0.169479 0.47249 0.273749 0.517351 0.40028 0.225696 0.401094 0.312073 0.941993 0.179281 0.131555 0.175642 0.139899
threshold=0 14.775000000000002 13.491666666666669 16.008333333333336 16.475000000000005 17.458333333333336 12.991666666666669 12.375000000000002 11.658333333333335 11.075000000000001 1 2 9.3083333333333353 2.6583333333333337
decision_type=9 2 2 2 2 2 2 2 2 2 9 9 2 2
left_child=1 2 6 -3 -5 -6 7 8 9 11 -7 12 -1 -13
right_child=-2 3 -4 4 5 10 -8 -9 -10 -11 -12 13 -14 -15
leaf_value=-0.00035764811282847607 3.5150143061511917e-05 -0.0019042682345034056 0.0052578288632275693 0.0079712557749422614 -0.0023682093084602149 -0.00010118030372309038 -0.0028250844414400393 0.0018624628797964853 -0.0018118620143072551 0.0084242027667038328 -0.00060523042084485485 -0.00084157017627028378 -1.037684577253815e-05 0.00048673972999942265
leaf_weight=76 11036 216 143 54 142 909 90 71 72 41 216 85 61 396
leaf_count=76 11036 216 143 54 142 909 90 71 72 41 216 85 61 396
internal_value=-3.23351e-05 -0.00046863 2.41534e-05 -0.000803515 -0.000533688 -0.000737965 -0.000403589 -0.000137158 -0.000485637 -0.000144159 -0.000422223 -0.000631069 -0.00193878 -0.00021385
internal_weight=13608 2572 1035 1537 1321 1267 892 802 731 659 1125 618 137 481
internal_count=13608 2572 1035 1537 1321 1267 892 802 731 659 1125 618 137 481
cat_boundaries=0 2 4 6
cat_threshold=68288528 116224 1179664 33792 0 50176
is_linear=0
shrinkage=0.05


Tree=226
num_leaves=15
num_cat=3
split_feature=0 4 4 3 4 4 2 0 4 5 4 4 0 5
split_gain=0.254801 0.237034 0.483582 0.254969 0.184513 0.274181 0.395829 0.301893 0.188383 0.181095 0.14436 0.227848 0.133918 0.120407
threshold=0 2.6583333333333337 1.5083333333333335 12.550000000000002 8.0916666666666686 7.2833333333333341 560.05000000000007 1 8.5750000000000011 2.5000000000000004 6.1250000000000009 4.0083333333333337 2 4.5000000000000009
decision_type=9 2 2 2 2 2 2 9 2 2 2 2 9 2
left_child=12 2 3 -2 5 7 -7 9 -6 -3 11 -9 -1 -14
right_child=1 4 -4 -5 8 6 -8 10 -10 -11 -12 -13 13 -15
leaf_value=0.00074451431986178901 -0.0024841931486784589 -0.00023917742237537546 -0.0042358052916057947 0.001021380067127298 -0.0019303041618318655 0.0045065031715305218 -0.00063323884304585323 0.00015443312203311144 -8.2848908372916346e-05 -0.0011171117483855767 -0.0031960728790659345 0.0072697878085128667 9.9166868097142434e-05 -8.223014972216307e-05
leaf_weight=159 47 50 81 73 86 49 43 79 4383 57 61 79 5982 2422
leaf_count=159 47 50 81 73 86 49 43 79 4383 57 61 79 5982 2422
internal_value=-5.16458e-05 -0.000331504 -0.00201493 -1.19209e-09 -0.000262944 0.000741626 0.00315217 6.13485e-05 -0.000356904 -0.00200855 0.00111354 0.00196202 0.000114894 8.6759e-05
internal_weight=13651 5088 201 120 4887 418 92 326 4469 107 219 158 8563 8404
internal_count=13651 5088 201 120 4887 418 92 326 4469 107 219 158 8563 8404
cat_boundaries=0 2 4 5
cat_threshold=3892445826 67799 67108880 49160 130
is_linear=0
shrinkage=0.05


Tree=227
num_leaves=15
num_cat=2
split_feature=0 0 4 4 4 4 4 4 5 4 4 4 5 2
split_gain=0.290585 0.103408 0.120662 0.248781 0.202208 0.325906 0.224213 0.201911 0.18254 0.317553 0.19455 0.240048 0.15942 0.154413
threshold=0 1 21.891666666666669 20.525000000000002 19.425000000000004 19.708333333333336 19.075000000000003 22.741666666666671 5.5000000000000009 16.841666666666672 12.375000000000002 10.958333333333334 2.5000000000000004 576.55000000000007
decision_type=9 9 2 2 2 2 2 2 2 2 2 2 2 2
left_child=-1 2 3 4 6 -6 8 -4 -2 10 11 -10 -8 -12
right_child=1 -3 7 -5 5 -7 12 -9 9 -11 13 -13 -14 -15
leaf_value=2.0507280286024979e-05 -0.00018362692852710139 -0.00010563796874482101 0.0025706004311021138 -0.0029966693627332479 0.004144144992580096 -3.03945556374632e-06 -0.004968719643048243 -0.00039411730387046225 -0.0008610577219584077 -0.0045634583893266693 -0.0005447140918894963 -0.010310836466747651 -0.0001091406908936948 0.0036179283848478436
leaf_weight=8404 3052 1195 45 80 73 109 44 66 149 125 107 40 48 57
leaf_count=8404 3052 1195 45 80 73 109 44 66 149 125 107 40 48 57
internal_value=-0.000148596 -0.000442309 -0.000318353 -0.000365604 -0.000307572 0.00131868 -0.000389289 0.00130631 -0.00032578 -0.00123431 -0.000467423 -0.00156085 -0.00282609 0.000792682
internal_weight=13594 5190 3995 3884 3804 182 3622 111 3530 478 353 189 92 164
internal_count=13594 5190 3995 3884 3804 182 3622 111 3530 478 353 189 92 164
cat_boundaries=0 2 4
cat_threshold=3758228608 100567 135331856 1576
is_linear=0
shrinkage=0.05


Tree=228
num_leaves=15
num_cat=2
split_feature=0 4 2 5 4 0 4 2 2 4 4 4 4 4
split_gain=0.20977 0.185632 0.311989 0.376455 0.413569 0.294793 0.32278 0.265934 0.380021 0.239002 0.228609 0.22631 0.338489 0.243266
threshold=0 15.858333333333336 1382.5000000000002 2.5000000000000004 17.241666666666671 1 16.325000000000003 560.05000000000007 67.300000000000026 16.475000000000005 15.741666666666669 17.358333333333338 18.808333333333337 19.625000000000004
decision_type=9 2 2 2 2 9 2 2 2 2 2 2 2 2
left_child=1 10 3 4 7 6 -5 8 -3 -4 -1 -8 -13 -14
right_child=-2 2 9 5 -6 -7 11 -9 -10 -11 -12 12 13 -15
leaf_value=-1.4838267488505588e-05 7.8841636432479471e-05 -0.00051095190818138876 -0.0041617178375001366 -0.0047692344543822391 -0.0016093375491403571 0.00012303861965968534 0.0016135744287669861 -0.0064439456977238383 0.0044142452767723861 0.0012694626056715841 0.007399543615049832 -0.0037158944609108867 0.00327622959515424 -0.00018331133707243392
leaf_weight=2993 8897 61 44 55 369 473 67 52 69 289 40 73 44 64
leaf_count=2993 8897 61 44 55 369 473 67 52 69 289 40 73 44 64
internal_value=3.31114e-05 -0.000237084 -0.000662652 -0.00100603 -0.00200545 -0.000296393 -0.00148562 -5.49462e-05 0.00115384 0.000705705 -4.94679e-06 -0.00076613 -0.00168508 9.25914e-05
internal_weight=13590 4693 1660 1327 551 776 303 182 130 333 3033 248 181 108
internal_count=13590 4693 1660 1327 551 776 303 182 130 333 3033 248 181 108
cat_boundaries=0 2 4
cat_threshold=536936449 85041 65536 81952
is_linear=0
shrinkage=0.05


Tree=229
num_leaves=15
num_cat=9
split_feature=0 5 0 0 5 0 0 5 0 0 0 6 0 5
split_gain=0.178673 0.163287 0.18866 0.149094 0.0911609 0.222308 0.19758 0.221473 0.197282 0.153289 0.132109 0.0874979 0.0859667 0.0912957
threshold=0 2.5000000000000004 1 2 2.5000000000000004 3 4 1.5000000000000002 5 6 7 2.140466066169008 8 5.5000000000000009
decision_type=9 2 9 9 2 9 9 2 9 9 9 2 9 2
left_child=1 2 -1 -3 6 -6 -2 9 -9 -8 -7 -4 13 -5
right_child=4 3 11 12 5 10 7 8 -10 -11 -12 -13 -14 -15
leaf_value=0.00057042702844675394 0.0016196584847380951 0.0014083573946216477 5.6281488663354232e-05 -0.00030770878368782911 0.00014893521170983922 -9.6836709342874172e-05 -0.00082557198483606685 -0.00043863780846579628 -0.00032109413395919688 -3.5280393252922042e-05 -0.00032402083385838583 0.0028263957499618658 7.7471364689029752e-05 7.959899639205211e-05
leaf_weight=769 103 145 2053 1431 2669 1188 142 264 714 1749 191 40 1758 437
leaf_count=769 103 145 2053 1431 2669 1188 142 264 714 1749 191 40 1758 437
internal_value=-3.77218e-05 0.000148275 0.000433262 -6.76225e-05 -0.000213372 -5.92897e-05 -0.000423958 -0.000501912 -0.00111452 -0.000187733 -0.000572355 0.000183071 -0.000132014 -0.000367413
internal_weight=13653 6633 2862 3771 7020 4048 2972 2869 978 1891 1379 2093 3626 1868
internal_count=13653 6633 2862 3771 7020 4048 2972 2869 978 1891 1379 2093 3626 1868
cat_boundaries=0 2 4 5 7 8 10 12 14 16
cat_threshold=1613955722 32966 536871554 2 65672 2281701376 67113 67109889 134234112 66576 0 16385 16400 2064 536871424 134
is_linear=0
shrinkage=0.05


Tree=230
num_leaves=15
num_cat=2
split_feature=0 4 4 4 4 4 4 4 4 5 4 0 4 4
split_gain=0.176305 0.386519 0.308189 0.364117 0.499388 0.258613 0.242876 0.265963 0.181058 0.204053 0.180944 0.196559 0.311332 0.174363
threshold=0 9.7083333333333339 10.141666666666667 10.441666666666668 10.658333333333335 8.3250000000000011 5.4583333333333348 6.4166666666666679 8.6416666666666675 5.5000000000000009 4.5666666666666673 1 3.058333333333334 3.058333333333334
decision_type=9 2 2 2 2 2 2 2 2 2 2 9 2 2
left_child=1 5 -3 -4 -5 6 10 -8 -7 -10 11 12 -1 -13
right_child=-2 2 3 4 -6 8 7 -9 9 -11 -12 13 -14 -15
leaf_value=-4.7344866817910039e-05 -7.3404005934611042e-05 0.0039627579121741157 -0.0051537106965509659 0.0065073651125622141 0.00027250217146425722 -0.0024682313167280869 0.00070313054674041872 3.658730415198846e-05 -0.00043939826650825028 -0.0035896986646547385 -0.003793632937002927 -0.00026757922855090785 0.00046242588953495896 -0.0073997800517083172
leaf_weight=73 9208 104 62 60 3059 80 54 233 256 50 60 163 55 65
leaf_count=73 9208 104 62 60 3059 80 54 233 256 50 60 163 55 65
internal_value=-3.75509e-05 0.000223539 0.000494672 0.000407103 0.000482525 -0.000592288 -2.13383e-05 0.00109756 -0.00163213 -0.00107843 -0.00079327 -0.00036517 0.00115942 -0.00121849
internal_weight=13582 4374 3285 3181 3119 1089 703 287 386 306 416 356 128 228
internal_count=13582 4374 3285 3181 3119 1089 703 287 386 306 416 356 128 228
cat_boundaries=0 2 3
cat_threshold=2820670473 66 2818572288
is_linear=0
shrinkage=0.05


Tree=231
num_leaves=15
num_cat=1
split_feature=0 5 4 4 4 5 4 4 2 4 4 5 4 4
split_gain=0.209985 0.218966 0.267638 0.17517 0.280985 0.19431 0.280393 0.268442 0.437382 0.259344 0.239628 0.193142 0.405171 0.5887
threshold=0 1.0000000180025095e-35 10.808333333333335 22.091666666666672 19.758333333333336 4.5000000000000009 14.29166666666667 17.591666666666672 5596.7500000000009 16.608333333333338 17.241666666666671 2.5000000000000004 10.441666666666668 14.008333333333335
decision_type=9 2 2 2 2 2 2 2 2 2 2 2 2 2
left_child=1 2 -1 4 5 7 -7 8 9 11 -8 12 -3 -14
right_child=-2 3 -4 -5 -6 6 10 -9 -10 -11 -12 -13 13 -15
leaf_value=0.0058345961407692201 -3.1875623183299583e-05 -0.0031002345954383253 0.0010029672515485021 0.0018116826331874419 -0.0025682614576924548 -0.001138798378585891 0.0036790408075475581 0.0046261592159293138 0.0044614609537717721 -0.0077232796628548279 -0.002704821898946472 0.0012487513140120371 0.0029082987284321567 -0.0065925647987372885
leaf_weight=48 12295 114 117 41 83 221 65 110 57 41 61 244 69 58
leaf_count=48 12295 114 117 41 83 221 65 110 57 41 61 244 69 58
internal_value=-3.08291e-05 0.000563852 0.00227273 0.000326459 0.00020926 0.000432691 -0.000533142 0.000916305 0.00048885 3.80216e-05 0.00134921 0.000360824 -0.000643155 0.00129921
internal_weight=13624 1329 165 1164 1123 1040 347 693 583 526 126 485 241 127
internal_count=13624 1329 165 1164 1123 1040 347 693 583 526 126 485 241 127
cat_boundaries=0 2
cat_threshold=650 64
is_linear=0
shrinkage=0.05


Tree=232
num_leaves=15
num_cat=3
split_feature=0 4 4 4 5 4 0 4 0 4 4 4 4 2
split_gain=0.205257 0.253527 0.310119 0.283827 0.363379 0.335842 0.271645 0.262278 0.202873 0.201695 0.193696 0.311111 0.18686 0.186165
threshold=0 4.0083333333333337 1.5083333333333335 8.2583333333333346 1.0000000180025095e-35 8.4916666666666689 1 7.5750000000000002 2 23.208333333333336 6.1250000000000009 5.0750000000000002 23.208333333333336 29.450000000000003
decision_type=9 2 2 2 2 2 9 2 9 2 2 2 2 2
left_child=1 2 -1 4 -3 -5 -4 8 -6 -2 11 -10 -7 -9
right_child=9 3 6 5 7 12 -8 13 10 -11 -12 -13 -14 -15
leaf_value=0.00013471897593525753 -0.00012674612452588522 -0.0060197578597371675 -3.4940220068232762e-05 -0.0019483336986996225 -0.00017933040582078771 4.1430600507034406e-05 -0.0027624924640537512 0.0090362603950918732 0.0032646043203527447 -0.0034329080136676383 5.1536158583539864e-05 0.0071053333922388578 0.00099888645897880639 0.00156557401243159
leaf_weight=216 5613 69 132 106 144 6647 176 50 63 56 108 42 71 103
leaf_count=216 5613 69 132 106 144 6647 176 50 63 56 108 42 71 103
internal_value=1.46983e-06 0.000165679 -0.000896948 0.000241117 0.00130397 0.000150937 -0.00191559 0.0017647 0.00102241 -0.000228034 0.00195067 0.00357143 0.000194997 0.00349673
internal_weight=13596 7927 524 7403 579 6824 308 510 357 5669 213 105 6718 153
internal_count=13596 7927 524 7403 579 6824 308 510 357 5669 213 105 6718 153
cat_boundaries=0 2 4 6
cat_threshold=1612727299 50810 536870912 50 0 16466
is_linear=0
shrinkage=0.05


Tree=233
num_leaves=15
num_cat=3
split_feature=0 4 4 4 4 0 5 4 0 5 4 4 4 4
split_gain=0.207558 0.290247 0.270348 0.471153 0.439822 0.242833 0.328746 0.213881 0.291811 0.301347 0.206468 0.200568 0.238269 0.251088
threshold=0 1.2750000000000001 18.391666666666669 18.625000000000004 18.508333333333336 1 1.5000000000000002 18.391666666666669 2 5.5000000000000009 0.23333333333333336 19.625000000000004 19.075000000000003 18.69166666666667
decision_type=9 2 2 2 2 9 2 2 9 2 2 2 2 2
left_child=2 10 -1 4 -4 6 -5 -3 11 -10 -2 12 13 -9
right_child=1 7 3 5 -6 -7 -8 8 9 -11 -12 -13 -14 -15
leaf_value=5.6065481493731372e-06 -0.00022658334011243513 -1.4238257031509698e-05 0.00041220843378606708 0.0023641027972631738 0.0065298148653057803 0.00035806864827338784 -0.0038068011120825371 -0.003581209333756235 -0.00074858403687162278 0.002114071811314607 -0.0034701164549508961 0.00013046050808319061 -0.0016607003900116785 0.00065801287204650784
leaf_weight=5374 52 5941 49 84 42 677 242 48 530 79 73 295 52 83
leaf_count=5374 52 5941 49 84 42 677 242 48 530 79 73 295 52 83
internal_value=-2.60639e-05 -0.000211505 0.000179066 0.000895794 0.00434066 0.000583249 -0.000535715 -0.000169324 -0.000814169 -0.00152666 -0.0026 0.00012295 -0.00117486 -3.81691e-05
internal_weight=13621 7153 6468 1094 91 1003 326 7028 1087 609 125 478 183 131
internal_count=13621 7153 6468 1094 91 1003 326 7028 1087 609 125 478 183 131
cat_boundaries=0 2 4 6
cat_threshold=651 2766 10 2112 672268304 32784
is_linear=0
shrinkage=0.05


Tree=234
num_leaves=15
num_cat=4
split_feature=0 4 4 5 0 5 5 4 4 0 4 4 4 0
split_gain=0.359175 0.225596 0.213541 0.497196 0.230013 0.24902 0.184471 0.145756 0.783642 0.345341 0.250288 0.203956 0.481759 0.444514
threshold=0 0.82500000000000007 5.4583333333333348 1.0000000180025095e-35 1 2.5000000000000004 2.5000000000000004 8.8416666666666686 8.7250000000000014 2 6.4166666666666679 15.308333333333335 13.641666666666667 3
decision_type=9 2 2 2 9 2 2 2 2 9 2 2 2 9
left_child=1 6 3 -3 -5 -6 -1 8 9 10 -4 12 -9 -14
right_child=-2 2 7 4 5 -7 -8 11 -10 -11 -12 -13 13 -15
leaf_value=-0.00020987555489940173 -0.00012547377999918985 0.0039728142462022113 0.0076395447716900494 -0.0021360536718704427 -0.0024965683923747922 2.4859766079491226e-05 0.0014774204371526417 7.929505339126048e-05 0.0094659246436409016 -0.0016912385055010233 0.00061406208087339648 0.00028044664830442295 9.3691093197947008e-05 -0.0020385567441309994
leaf_weight=51 5745 83 45 124 135 247 80 2233 56 260 268 3474 361 428
leaf_count=51 5745 83 45 124 135 247 80 2233 56 260 268 3474 361 428
internal_value=-2.57554e-05 0.000194143 0.000159449 -0.000755519 -0.00134387 -0.000663266 0.00225191 0.000235087 0.000961843 0.000410121 0.00150155 0.000164716 -0.000135673 -0.00119772
internal_weight=13590 7845 7714 589 506 382 131 7125 629 573 313 6496 3022 789
internal_count=13590 7845 7714 589 506 382 131 7125 629 573 313 6496 3022 789
cat_boundaries=0 2 4 6 8
cat_threshold=2350006408 49374 0 49162 67108864 16462 2148548616 68
is_linear=0
shrinkage=0.05


Tree=235
num_leaves=15
num_cat=8
split_feature=0 1 0 6 6 5 0 0 5 5 0 0 0 5
split_gain=0.163529 0.120475 0.0785375 0.0702428 0.109746 0.0656775 0.27869 0.149684 0.194152 0.190951 0.437603 0.117295 0.11125 0.132046
threshold=0 1 2 2.2916436531882503 1.5022573144106934 1.5000000000000002 3 4 5.5000000000000009 2.5000000000000004 5 6 7 1.0000000180025095e-35
decision_type=9 1 9 2 2 2 9 9 2 2 9 9 9 2
left_child=2 5 -1 4 -4 6 -2 8 -7 10 -9 -11 13 -8
right_child=1 -3 3 -5 -6 7 12 9 -10 11 -12 -13 -14 -15
leaf_value=0.00024679536941207809 0.0018629809459755305 -0.0054336577417219353 2.484749011623216e-05 0.00050314902503723839 -0.0015008051089383757 -0.0027850500251206819 -0.00052273026371480564 0.002333015254303592 0.0013148407898193742 -0.00048857542024205078 -0.00012605148888156247 1.7836082259419203e-05 -0.0001332181162648405 -0.0012401742221641509
leaf_weight=300 220 137 3641 50 65 472 333 596 117 1827 646 3089 1735 366
leaf_count=300 220 137 3641 50 65 472 333 596 117 1827 646 3089 1735 366
internal_value=-6.4e-05 -0.000177002 0.000201671 0.000138076 0.000113329 -0.000154608 -0.000365487 -7.1885e-05 -0.000826378 1.62008e-06 0.000555554 -0.000138325 -0.000519641 -0.00105078
internal_weight=13594 9538 4056 3756 3706 9401 2654 6747 589 6158 1242 4916 2434 699
internal_count=13594 9538 4056 3756 3706 9401 2654 6747 589 6158 1242 4916 2434 699
cat_boundaries=0 2 3 4 5 6 8 10 12
cat_threshold=537020058 33345 3 154 136314880 203423744 1048576 2182 1048576 2178 1114112 16516
is_linear=0
shrinkage=0.05


Tree=236
num_leaves=15
num_cat=1
split_feature=0 4 4 4 4 4 4 4 4 6 4 4 4 4
split_gain=0.195035 0.234768 0.240643 0.202114 0.347319 0.418706 0.157113 0.150116 0.310137 0.115147 0.110408 0.289113 0.298204 0.154981
threshold=0 4.5666666666666673 1.0083333333333335 6.6916666666666673 5.6750000000000016 5.0750000000000002 0.23333333333333336 0.23333333333333336 1.0083333333333335 2.4846656714227131 21.891666666666669 21.341666666666672 20.775000000000002 19.958333333333336
decision_type=9 2 2 2 2 2 2 2 2 2 2 2 2 2
left_child=1 2 6 4 5 -3 -1 -2 -9 10 11 12 13 -10
right_child=7 3 -4 -5 -6 -7 -8 8 9 -11 -12 -13 -14 -15
leaf_value=-0.00046836969634375794 0.00022678727958751161 0.0057549411443498224 -0.0016401823113642213 2.9060288542642084e-05 0.0019177155227166909 -0.0029065706307108666 0.0024429529967295643 -0.0071167050860233422 -0.00032739365001771071 0.012178282353107753 0.0001101492110066145 -0.0038228957535932266 0.0015259824551835041 -0.00062790058004135677
leaf_weight=52 63 48 379 5525 74 53 74 87 6720 49 224 52 85 147
leaf_count=52 63 48 379 5525 74 53 74 87 6720 49 224 52 85 147
internal_value=-0.000114438 9.25169e-05 -0.000940595 0.000184209 0.00185714 -4.95061e-05 0.00095238 -0.000287079 -0.000308258 -0.000272778 -0.000289154 -0.000324102 -0.000296319 -0.000332752
internal_weight=13632 6205 505 5700 175 101 126 7427 7364 7277 7228 7004 6952 6867
internal_count=13632 6205 505 5700 175 101 126 7427 7364 7277 7228 7004 6952 6867
cat_boundaries=0 2
cat_threshold=1746945178 33000
is_linear=0
shrinkage=0.05


Tree=237
num_leaves=15
num_cat=3
split_feature=0 4 4 4 0 0 5 7 5 4 4 3 5 2
split_gain=0.161616 0.229335 0.444609 0.410885 0.321037 0.285247 0.207535 0.436617 0.284091 0.26184 0.384118 0.26022 0.211837 0.381881
threshold=0 10.508333333333335 12.725000000000001 12.525000000000002 1 2 2.5000000000000004 1.0000000180025095e-35 4.5000000000000009 10.958333333333334 11.808333333333335 7.0000000000000009 3.5000000000000004 417.30000000000007
decision_type=9 2 2 2 9 9 2 2 2 2 2 2 2 2
left_child=-1 5 3 6 -4 -2 9 12 -9 -3 11 -11 -8 -14
right_child=1 2 4 -5 -6 -7 7 8 -10 10 -12 -13 13 -15
leaf_value=7.9891189017236878e-05 -4.7939808175299897e-06 -0.0031138312138136934 -0.00028781122485041602 0.0035524262257068252 -2.1852144071331908e-05 -0.0003938792155693211 0.0034781715162575163 2.6175317524913758e-05 0.00017385445744065551 -7.6179360561683826e-05 -0.00031766536703935899 0.0081454363085829169 0.0036011212385104493 -0.0079609420732892466
leaf_weight=7860 738 57 172 53 3344 748 75 44 44 46 106 83 144 98
leaf_count=7860 738 57 172 53 3344 748 75 44 44 46 106 83 144 98
internal_value=4.33429e-05 -0.000157932 2.81282e-05 0.00113333 -0.000207623 -0.000693137 0.000810616 0.00154321 0.00465909 -0.000205481 0.000531914 0.00236434 0.000678232 -4.13235e-05
internal_weight=13612 5752 4266 750 3516 1486 697 405 88 292 235 129 317 242
internal_count=13612 5752 4266 750 3516 1486 697 405 88 292 235 129 317 242
cat_boundaries=0 2 4 6
cat_threshold=2820801027 67797 81920 16384 68223120 544
is_linear=0
shrinkage=0.05


Tree=238
num_leaves=15
num_cat=3
split_feature=0 4 4 4 4 5 4 4 2 5 0 4 0 4
split_gain=0.248926 0.23162 0.385338 0.278784 0.703092 0.391834 0.339968 0.226285 0.186814 0.179143 0.19566 0.177663 0.196433 0.191919
threshold=0 5.4583333333333348 3.7750000000000004 10.875000000000002 10.441666666666668 5.5000000000000009 10.658333333333335 0.23333333333333336 67.300000000000026 5.5000000000000009 1 8.408333333333335 2 7.5750000000000002
decision_type=9 2 2 2 2 2 2 2 2 2 9 2 9 2
left_child=1 2 9 4 5 11 -6 -2 -7 10 -1 13 -13 -3
right_child=7 3 -4 -5 6 8 -8 -9 -10 -11 -12 12 -14 -15
leaf_value=-0.00043212816206624101 0.0010787698128349277 -0.00033802803527654388 -0.0020319822367732151 1.83561867659446e-05 0.0070461844575760678 0.00016429571730273553 0.00090452309069628193 -0.00013443697485345459 0.0025839641150388606 -0.0013077493302055267 0.00013388896210903499 -0.00074525218537871895 0.0001410891399654183 0.0019121814037846162
leaf_weight=103 89 122 132 3148 66 89 46 9036 47 45 154 227 289 116
leaf_count=103 89 122 132 3148 66 89 46 9036 47 45 154 227 289 116
internal_value=-5.43451e-05 0.000245972 -0.000852536 0.000361445 0.00108782 0.000617976 0.00482143 -0.000205256 0.00308823 0.000132449 0.000642022 0.000172413 -0.000348838 0.00130252
internal_weight=13709 4584 434 4150 1002 890 112 9125 136 302 257 754 516 238
internal_count=13709 4584 434 4150 1002 890 112 9125 136 302 257 754 516 238
cat_boundaries=0 2 4 6
cat_threshold=537084434 81990 0 6 0 16390
is_linear=0
shrinkage=0.05


Tree=239
num_leaves=15
num_cat=3
split_feature=0 4 4 4 4 0 4 4 4 0 5 4 4 5
split_gain=0.160558 0.271735 0.542435 0.317792 0.704549 0.558708 0.740656 0.349856 0.30091 0.391821 0.277056 0.268022 0.302944 0.372785
threshold=0 4.8750000000000009 10.958333333333334 13.075000000000001 12.925000000000002 1 11.658333333333335 12.375000000000002 13.808333333333335 2 4.5000000000000009 6.1250000000000009 9.8416666666666686 3.5000000000000004
decision_type=9 2 2 2 2 9 2 2 2 9 2 2 2 2
left_child=-1 -2 11 4 5 6 -4 -8 9 10 -5 -3 13 -13
right_child=1 2 3 8 -6 -7 7 -9 -10 -11 -12 12 -14 -15
leaf_value=5.2207113160283895e-05 0.00092056142762117195 -0.011920808882627939 0.007797967126243548 -0.0036427339980231893 0.0053600641181279149 -0.00015520598727695035 -0.0046502145902290329 0.0017006306652889132 -6.7472444643989902e-05 -0.0040837371705232774 0.0013770489688641919 -0.0011338305853264153 -0.0023380642582247002 0.0014000912967706079
leaf_weight=8118 425 69 44 84 83 524 42 53 2824 150 48 377 391 350
leaf_count=8118 425 69 44 84 83 524 42 53 2824 150 48 377 391 350
internal_value=-4.4188e-06 -0.000213739 -0.000316532 -2.85578e-05 0.000898122 0.000354448 0.00305369 0.000789472 -0.000251128 -0.00180851 0.000281689 -0.00125105 -0.0010644 -0.000460799
internal_weight=13582 5464 5039 3852 746 663 139 95 3106 282 132 1187 1118 727
internal_count=13582 5464 5039 3852 746 663 139 95 3106 282 132 1187 1118 727
cat_boundaries=0 2 4 6
cat_threshold=540033169 114814 0 1536 2147483648 513
is_linear=0
shrinkage=0.05


Tree=240
num_leaves=15
num_cat=0
split_feature=4 4 5 5 5 2 4 2 4 5 5 2 3 4
split_gain=0.0825418 0.146528 0.301986 0.237576 0.237756 0.420763 0.395047 0.172053 0.147589 0.145152 0.188998 0.258524 0.171868 0.148015
threshold=19.958333333333336 19.425000000000004 5.5000000000000009 3.5000000000000004 1.5000000000000002 189.85000000000002 19.758333333333336 267.85000000000008 19.19166666666667 5.5000000000000009 4.5000000000000009 295.25000000000006 44.050000000000004 21.19166666666667
decision_type=2 2 2 2 2 2 2 2 2 2 2 2 2 2
left_child=1 8 3 4 5 -3 -6 -5 -1 10 12 -12 13 -2
right_child=9 2 -4 7 6 -7 -8 -9 -10 -11 11 -13 -14 -15
leaf_value=-1.256843961772826e-05 -0.00084815186212084 0.0042492344181073059 0.0019366091098092675 -0.0037480200457300837 0.0082221347631817338 -0.0051054273916725642 -0.00013495343673065082 0.00038219325713769001 -0.0012794716998159377 -0.00061033727864304556 -8.4287074029420643e-05 0.0045190471553127835 -0.0040702323410597794 2.3009350996047883e-05
leaf_weight=12092 264 48 74 62 82 82 49 55 160 81 73 41 101 375
leaf_count=12092 264 48 74 62 82 82 49 55 160 81 73 41 101 375
internal_value=-5.4624e-05 -2.12543e-05 0.000862831 0.000291004 0.00113027 -0.000384617 0.00263359 -0.0015812 -5.38699e-05 -0.000508023 -0.00031616 0.00157895 -0.000608109 -0.000305166
internal_weight=13639 12704 452 378 261 130 131 117 12252 935 854 114 740 639
internal_count=13639 12704 452 378 261 130 131 117 12252 935 854 114 740 639
is_linear=0
shrinkage=0.05


Tree=241
num_leaves=15
num_cat=4
split_feature=0 5 5 0 5 5 5 0 0 5 5 5 6 6
split_gain=0.457171 0.233987 0.111054 0.121669 0.212982 0.161616 0.106265 0.098417 0.0781635 0.225927 0.11989 0.0743348 0.070641 0.130101
threshold=0 1.0000000180025095e-35 4.5000000000000009 1 1.5000000000000002 3.5000000000000004 3.5000000000000004 2 3 5.5000000000000009 5.5000000000000009 2.5000000000000004 2.5034626708777576 1.9979644026864869
decision_type=9 2 2 9 2 2 2 9 9 2 2 2 2 2
left_child=1 -1 3 5 -5 -3 11 -2 9 -4 -10 -6 13 -9
right_child=7 2 8 4 6 -7 -8 12 10 -11 -12 -13 -14 -15
leaf_value=-0.00073508355453883248 0.0001833063394710776 -0.0010076640493122287 -0.00022178922828894172 0.00010261681356220602 -0.00026167710372349955 0.0017548324733952922 -0.00061351058520205896 -1.7730833201967254e-05 0.0011851785207615893 5.6217415935376291e-05 -0.00029177970680750037 -5.4175556142181761e-05 0.0016610697410999326 -0.0026100123570355774
leaf_weight=183 6058 192 96 121 130 72 117 6092 100 100 99 125 43 58
leaf_count=183 6058 192 96 121 130 72 117 6092 100 100 99 125 43 58
internal_value=1.47091e-06 -0.000873607 -0.000616321 -0.000970939 -0.00142147 -7.29938e-05 -0.00204301 9.74623e-05 6.32899e-05 -0.000631069 0.000741626 -0.00147059 -4.27225e-05 -5.69118e-05
internal_weight=13586 1335 1152 757 493 264 372 12251 395 196 199 255 6193 6150
internal_count=13586 1335 1152 757 493 264 372 12251 395 196 199 255 6193 6150
cat_boundaries=0 2 4 6 8
cat_threshold=81944 17409 0 1 137364611 2634 16384 1
is_linear=0
shrinkage=0.05


Tree=242
num_leaves=15
num_cat=6
split_feature=0 6 5 5 0 5 0 0 5 5 0 6 5 0
split_gain=0.231518 0.0781487 0.144907 0.114515 0.0834607 0.108904 0.259121 0.0559664 0.0944056 0.109955 0.0548035 0.0449283 0.0406976 0.180104
threshold=0 1.957231865133048 4.5000000000000009 1.5000000000000002 1 1.0000000180025095e-35 2 3 1.5000000000000002 3.5000000000000004 4 2.5784757249888215 5.5000000000000009 5
decision_type=9 2 2 2 9 2 9 9 2 2 9 2 2 9
left_child=11 4 3 -3 -2 6 -6 8 -7 -10 -8 -1 -9 -14
right_child=1 2 -4 -5 5 7 10 12 9 -11 -12 -13 13 -15
leaf_value=0.00010021008163225483 -7.1857217984598976e-06 -0.0030275803036983137 -0.006028458571293048 0.0035071368711613936 -0.0025902224573509116 0.0021292097827992039 0.00010917698976866671 -9.709787154370592e-05 -0.0010489062424361342 0.00017226639182776451 -0.00081084877559629929 -0.0036266261036759437 4.3918274766695611e-05 -0.0028836859994467948
leaf_weight=4642 6397 48 57 54 115 55 125 1446 117 153 101 41 136 155
leaf_count=4642 6397 48 57 54 115 55 125 1446 117 153 101 41 136 155
internal_value=2.12567e-05 -0.000127663 -0.00122642 -9.80404e-05 -0.000107956 -0.000358476 -0.00118768 -0.000223086 0.000373133 -1.19209e-09 -0.00012712 0.000305773 -0.000334861 -0.00087629
internal_weight=13642 8959 159 102 8800 2403 341 2062 325 270 226 4683 1737 291
internal_count=13642 8959 159 102 8800 2403 341 2062 325 270 226 4683 1737 291
cat_boundaries=0 2 4 6 8 10 12
cat_threshold=3358606339 2176 536871056 33398 131072 65537 131072 65536 67108864 8 0 17409
is_linear=0
shrinkage=0.05


Tree=243
num_leaves=15
num_cat=3
split_feature=0 4 0 4 5 4 4 4 5 4 0 4 4 2
split_gain=0.282619 0.139594 0.210096 0.199481 0.190476 0.128044 0.251214 0.472021 0.304631 0.201899 0.311542 0.275382 0.192769 0.318886
threshold=0 22.008333333333336 1 22.975000000000005 3.5000000000000004 22.008333333333336 20.008333333333336 19.591666666666672 1.5000000000000002 17.958333333333336 2 17.825000000000003 20.775000000000002 295.25000000000006
decision_type=9 2 9 2 2 2 2 2 2 2 9 2 2 2
left_child=5 -2 3 -3 -4 6 7 9 -8 11 -11 -1 -10 -14
right_child=1 2 4 -5 -6 -7 8 -9 12 10 -12 -13 13 -15
leaf_value=4.9058675165702497e-05 -0.00014946471825982182 -0.0045373673511566633 0.0014175724313016469 0.011821301624098101 9.7653406973767195e-05 -0.00048426830959188332 -0.001138526289262686 -0.00058506206614891048 0.00092468370714417214 0.0013377752181081956 0.0001214918313869991 -0.0012300426374418207 -0.0017215482088623114 0.0052307405595488276
leaf_weight=3950 7493 50 64 55 48 147 54 173 58 418 1041 44 43 54
leaf_count=3950 7493 50 64 55 48 147 54 173 58 418 1041 44 43 54
internal_value=-5.91598e-05 -0.000259069 0.000990782 -0.000652175 0.00237705 0.000198597 0.000235646 0.000172413 0.0019378 0.000253987 0.000757367 7.0104e-05 0.00306451 0.00170103
internal_weight=13692 7710 217 105 112 5982 5835 5626 209 5453 1459 3994 155 97
internal_count=13692 7710 217 105 112 5982 5835 5626 209 5453 1459 3994 155 97
cat_boundaries=0 2 4 6
cat_threshold=1613956755 1220 134217728 2594 131074 196
is_linear=0
shrinkage=0.05


Tree=244
num_leaves=15
num_cat=0
split_feature=5 6 6 4 4 4 2 4 4 5 4 4 4 2
split_gain=0.14374 0.177422 0.222924 0.165362 0.182457 0.182343 0.142514 0.134483 0.155058 0.411935 0.175816 0.151654 0.376781 0.292426
threshold=4.5000000000000009 2.5784757249888215 1.7981909629808028 11.075000000000001 11.208333333333334 10.808333333333335 325.55000000000007 22.975000000000005 20.141666666666669 5.5000000000000009 19.908333333333335 19.241666666666671 19.475000000000005 267.85000000000008
decision_type=2 2 2 2 2 2 2 2 2 2 2 2 2 2
left_child=1 2 3 5 -5 -1 -7 8 10 -10 11 -2 -13 -14
right_child=7 -3 -4 4 -6 6 -8 -9 9 -11 -12 12 13 -15
leaf_value=-0.00013049726545346456 4.3771715446015892e-05 -0.0051821506636667127 0.0045677373440856832 0.0030844360441199736 -2.8993847731569209e-05 -0.00036124173788782961 -0.00049822333323426126 -0.0035382928417023365 0.0078424716013419209 -0.00032011962032436067 -0.0031472414695952289 0.0041672549204053852 -0.00099728380849169662 0.0030592273023324337
leaf_weight=2741 3523 52 105 74 6625 109 75 42 75 55 47 48 57 51
leaf_count=2741 3523 52 105 74 6625 109 75 42 75 55 47 48 57 51
internal_value=-6.17747e-05 -0.000164095 -0.000148526 -0.000173526 -3.65738e-05 -0.000487181 -0.00201087 0.000194971 0.000225621 0.00192308 0.000166397 0.000205218 0.00173077 9.25914e-05
internal_weight=13679 9781 9729 9624 6699 2925 184 3898 3856 130 3726 3679 156 108
internal_count=13679 9781 9729 9624 6699 2925 184 3898 3856 130 3726 3679 156 108
is_linear=0
shrinkage=0.05


Tree=245
num_leaves=15
num_cat=3
split_feature=0 4 4 0 4 4 5 4 4 5 4 0 4 4
split_gain=0.288076 0.303206 0.265534 0.196581 0.195547 0.217745 0.19743 0.157328 0.221425 0.27317 0.371267 0.33598 0.237198 0.350228
threshold=0 18.391666666666669 18.225000000000005 1 18.69166666666667 18.975000000000005 3.5000000000000004 17.358333333333338 17.541666666666671 2.5000000000000004 17.825000000000003 2 19.591666666666672 19.875000000000004
decision_type=9 2 2 9 2 2 2 2 2 2 2 9 2 2
left_child=7 2 3 -2 -3 6 -6 -1 -9 10 -10 12 -12 -14
right_child=1 4 -4 -5 5 -7 -8 8 9 -11 11 -13 13 -15
leaf_value=-1.4067775256737922e-05 0.00017292575309931489 -0.0027471434808859197 0.0032975160287896533 -0.00011355335336948575 -0.00091410037476660647 -0.00030565185634465149 0.00071538864625253235 0.0028253767372454957 -0.0067147832138824016 -2.1793905005423723e-05 0.0032560154819662179 6.5629628438892753e-05 -0.0037042869643060189 0.0045609931209120019
leaf_weight=4463 1559 137 54 4230 47 956 45 103 52 1139 305 405 48 119
leaf_count=4463 1559 137 54 4230 47 956 45 103 52 1139 305 405 48 119
internal_value=-8.12484e-05 -0.000304065 -0.000156599 -0.000189153 -0.00103376 -0.000801528 0.00152174 0.000155026 0.000504375 0.000391682 0.00102799 0.00127138 0.00215768 0.000688622
internal_weight=13662 7028 5843 5789 1185 1048 92 6634 2171 2068 929 877 472 167
internal_count=13662 7028 5843 5789 1185 1048 92 6634 2171 2068 929 877 472 167
cat_boundaries=0 2 4 6
cat_threshold=1142096514 101518 8 48 131584 34950
is_linear=0
shrinkage=0.05


Tree=246
num_leaves=15
num_cat=5
split_feature=0 4 4 0 5 0 4 5 0 4 4 0 5 4
split_gain=0.192503 0.14548 0.475223 0.329427 0.33495 0.186819 0.154222 0.185498 0.404643 0.383172 0.222329 0.230718 0.296325 0.327417
threshold=0 11.975000000000001 10.958333333333334 1 1.0000000180025095e-35 2 1.7500000000000002 1.5000000000000002 3 8.8416666666666686 2.3833333333333337 4 5.5000000000000009 8.2583333333333346
decision_type=9 2 2 9 2 9 2 2 9 2 2 9 2 2
left_child=1 2 5 4 -4 -1 -7 8 -8 -10 -9 -12 13 -13
right_child=-2 -3 3 -5 -6 6 7 10 9 -11 11 12 -14 -15
leaf_value=0.00086412134868401257 -0.00010900471282756313 -2.2685536805928058e-05 0.008074642570327072 0.00052947098985882217 0.0018071571784749165 -0.0011652122043069502 -0.00095024534457525001 0.0020512151622692066 0.00012079515738674506 0.0083426272443802331 -0.002688648753392797 0.00038210720597039977 0.0018515816654244386 -0.00068714546412862617
leaf_weight=179 5687 4952 40 261 175 272 294 57 156 109 338 333 233 508
leaf_count=179 5687 4952 40 261 175 272 294 57 156 109 338 333 233 508
internal_value=-5.66438e-05 0.000102942 0.000380709 0.00182773 0.00322222 0.000102863 -2.16462e-05 0.000128204 0.000903398 0.00227273 -0.000166781 -0.000290369 7.37996e-05 -0.000362665
internal_weight=13594 7907 2955 476 215 2479 2300 2028 559 265 1469 1412 1074 841
internal_count=13594 7907 2955 476 215 2479 2300 2028 559 265 1469 1412 1074 841
cat_boundaries=0 2 4 5 7 9
cat_threshold=672219273 69226 16384 1632 1130496 0 3594 134217729 1056
is_linear=0
shrinkage=0.05


Tree=247
num_leaves=15
num_cat=5
split_feature=0 4 4 0 4 0 4 0 4 0 4 4 5 4
split_gain=0.296345 0.38111 0.426925 0.229806 0.219172 0.153888 0.169462 0.451197 0.331154 0.203778 0.287029 0.243166 0.200489 0.482853
threshold=0 19.591666666666672 19.425000000000004 1 19.758333333333336 2 17.408333333333335 3 19.008333333333336 4 18.275000000000002 18.008333333333336 4.5000000000000009 3.5666666666666669
decision_type=9 2 2 9 2 9 2 9 2 9 2 2 2 2
left_child=-1 2 5 -3 -5 6 12 -8 9 11 -11 -9 13 -2
right_child=1 3 -4 4 -6 -7 7 8 -10 10 -12 -13 -14 -15
leaf_value=8.7194848280785763e-05 -0.0021770305754405753 0.00015972080742839676 0.0067014698123634342 -0.0043251109127818901 -0.00034696319069097185 -0.00010277248607021947 -0.0049238073823137732 0.0041797411377032566 0.0031113068946183667 -0.0037315640388467103 0.00024910213252958162 -0.00066130907520510962 -0.00026309929734416018 0.0004621363844146835
leaf_weight=7510 198 128 54 54 429 1855 147 45 74 101 71 91 859 1975
leaf_count=7510 198 128 54 54 429 1855 147 45 74 101 71 91 859 1975
internal_value=-3.71581e-05 -0.00029634 -0.000164535 -0.00148118 -0.0019574 -0.000208642 -1.5403e-05 -0.000841211 0.00010204 -0.000616884 -0.0017033 0.000821917 0.000128627 0.00038426
internal_weight=13591 6081 5470 611 483 5416 3561 529 382 308 172 136 3032 2173
internal_count=13591 6081 5470 611 483 5416 3561 529 382 308 172 136 3032 2173
cat_boundaries=0 2 3 5 7 9
cat_threshold=1612775571 100894 2148532224 134218760 1249 0 32 0 1088
is_linear=0
shrinkage=0.05


Tree=248
num_leaves=15
num_cat=3
split_feature=0 4 4 5 4 0 4 4 2 4 0 4 4 4
split_gain=0.288305 0.152391 0.33841 0.621389 0.271337 0.246567 0.237349 0.62739 0.411842 0.325523 0.261159 0.221874 0.364016 0.173385
threshold=0 14.441666666666668 13.441666666666668 4.5000000000000009 12.925000000000002 1 11.075000000000001 11.525000000000002 41.350000000000009 12.375000000000002 2 21.891666666666669 20.008333333333336 15.79166666666667
decision_type=9 2 2 2 2 9 2 2 2 2 9 2 2 2
left_child=1 2 4 -4 6 13 10 -8 -9 -10 -1 12 -7 -3
right_child=-2 5 3 -5 -6 11 7 8 9 -11 -12 -13 -14 -15
leaf_value=-4.2611021168221529e-05 1.9518058290328177e-05 -0.0056575590495300688 0.0064498994468626079 -0.00048442953234070974 -0.00036782943997863541 -8.8813357450485096e-05 0.001793359294086892 -0.00097918373019689796 -3.1622922081841874e-05 0.0020935014272267555 -9.7556388306863307e-05 -0.00059776542323537653 0.0013155749754154534 -0.0012463008659753649
leaf_weight=560 11023 107 88 43 112 677 43 75 104 58 250 59 50 395
leaf_count=560 11023 107 88 43 112 677 43 75 104 58 250 59 50 395
internal_value=-6.37655e-05 -0.000534019 -0.000161292 0.00225191 -0.000424294 -0.000923914 -0.000183487 0.00107143 6.32899e-05 0.00148148 -0.000617285 -0.00035176 -0.00011692 -0.00177734
internal_weight=13644 2621 1333 131 1202 1288 1090 280 237 162 810 786 727 502
internal_count=13644 2621 1333 131 1202 1288 1090 280 237 162 810 786 727 502
cat_boundaries=0 2 4 6
cat_threshold=604127240 50688 67108864 1536 603979776 512
is_linear=0
shrinkage=0.05


Tree=249
num_leaves=15
num_cat=0
split_feature=4 4 5 4 5 5 5 4 4 2 5 6 4 4
split_gain=0.0465078 0.307785 0.188672 0.365007 0.56761 0.845373 0.670476 0.427505 0.223009 0.188239 0.138368 0.301202 0.157853 0.136874
threshold=15.375000000000002 15.441666666666668 3.5000000000000004 15.991666666666669 2.5000000000000004 1.5000000000000002 1.0000000180025095e-35 16.008333333333336 15.858333333333336 24.500000000000004 3.5000000000000004 2.2013955467436794 14.958333333333334 17.208333333333336
decision_type=2 2 2 2 2 2 2 2 2 2 2 2 2 2
left_child=10 -2 3 4 5 6 -3 -5 -4 -10 12 -12 -1 -9
right_child=1 2 8 7 -6 -7 -8 13 9 -11 11 -13 -14 -15
leaf_value=-0.0001010400966697169 0.009286818990049588 0.0039866272535478966 -0.0012874805632240843 -0.0038214986099987542 -0.0025843703318516285 0.010461581845100008 -0.0015720269220212476 0.0014903992026202078 -0.00042056153460736485 -0.00011388359584744569 2.177445042106211e-05 0.0067117287028181025 -0.00092025989449191705 3.8545098090530786e-05
leaf_weight=4079 50 55 116 57 53 54 50 590 53 2275 3398 43 244 2507
leaf_count=4079 50 55 116 57 53 54 50 590 53 2275 3398 43 244 2507
internal_value=-1.24792e-05 9.38555e-05 6.02398e-05 0.000303029 0.00231132 0.00380503 0.00119047 0.000168039 -0.000274142 -0.000167527 -9.27369e-05 0.000143852 -0.000281056 0.000247012
internal_weight=13624 5860 5810 3366 212 159 105 3154 2444 2328 7764 3441 4323 3097
internal_count=13624 5860 5810 3366 212 159 105 3154 2444 2328 7764 3441 4323 3097
is_linear=0
shrinkage=0.05


end of trees

feature_importances:
Column_4=1502
Column_0=802
Column_5=545
Column_6=277
Column_2=208
Column_3=99
Column_7=51
Column_1=16

parameters:
[boosting: gbdt]
[objective: quantile]
[metric: quantile]
[tree_learner: serial]
[device_type: cpu]
[data_sample_strategy: bagging]
[data: ]
[valid: ]
[num_iterations: 250]
[learning_rate: 0.05]
[num_leaves: 15]
[num_threads: 8]
[seed: 7]
[deterministic: 0]
[force_col_wise: 0]
[force_row_wise: 0]
[histogram_pool_size: -1]
[max_depth: -1]
[min_data_in_leaf: 40]
[min_sum_hessian_in_leaf: 0.001]
[bagging_fraction: 0.9]
[pos_bagging_fraction: 1]
[neg_bagging_fraction: 1]
[bagging_freq: 1]
[bagging_seed: 17422]
[bagging_by_query: 0]
[feature_fraction: 0.9]
[feature_fraction_bynode: 1]
[feature_fraction_seed: 7040]
[extra_trees: 0]
[extra_seed: 6516]
[early_stopping_round: 0]
[early_stopping_min_delta: 0]
[first_metric_only: 0]
[max_delta_step: 0]
[lambda_l1: 0]
[lambda_l2: 0]
[linear_lambda: 0]
[min_gain_to_split: 0]
[drop_rate: 0.1]
[max_drop: 50]
[skip_drop: 0.5]
[xgboost_dart_mode: 0]
[uniform_drop: 0]
[drop_seed: 15215]
[top_rate: 0.2]
[other_rate: 0.1]
[min_data_per_group: 100]
[max_cat_threshold: 32]
[cat_l2: 10]
[cat_smooth: 10]
[max_cat_to_onehot: 4]
[top_k: 20]
[monotone_constraints: ]
[monotone_constraints_method: basic]
[monotone_penalty: 0]
[feature_contri: ]
[forcedsplits_filename: ]
[refit_decay_rate: 0.9]
[cegb_tradeoff: 1]
[cegb_penalty_split: 0]
[cegb_penalty_feature_lazy: ]
[cegb_penalty_feature_coupled: ]
[path_smooth: 0]
[interaction_constraints: ]
[verbosity: -1]
[saved_feature_importance_type: 0]
[use_quantized_grad: 0]
[num_grad_quant_bins: 4]
[quant_train_renew_leaf: 0]
[stochastic_rounding: 1]
[linear_tree: 0]
[max_bin: 255]
[max_bin_by_feature: ]
[min_data_in_bin: 3]
[bin_construct_sample_cnt: 200000]
[data_random_seed: 61]
[is_enable_sparse: 1]
[enable_bundle: 1]
[use_missing: 1]
[zero_as_missing: 0]
[feature_pre_filter: 1]
[pre_partition: 0]
[two_round: 0]
[header: 0]
[label_column: ]
[weight_column: ]
[group_column: ]
[ignore_column: ]
[categorical_feature: 0,1]
[forcedbins_filename: ]
[precise_float_parser: 0]
[parser_config_file: ]
[objective_seed: 15521]
[num_class: 1]
[is_unbalance: 0]
[scale_pos_weight: 1]
[sigmoid: 1]
[boost_from_average: 1]
[reg_sqrt: 0]
[alpha: 0.9]
[fair_c: 1]
[poisson_max_delta_step: 0.7]
[tweedie_variance_power: 1.5]
[lambdarank_truncation_level: 30]
[lambdarank_norm: 1]
[label_gain: ]
[lambdarank_position_bias_regularization: 0]
[eval_at: ]
[multi_error_top_k: 1]
[auc_mu_weights: ]
[num_machines: 1]
[local_listen_port: 12400]
[time_out: 120]
[machine_list_filename: ]
[machines: ]
[gpu_platform_id: -1]
[gpu_device_id: -1]
[gpu_device_id_list: ]
[gpu_use_dp: 0]
[num_gpu: 1]

end of parameters

pandas_categorical:null
