tree
version=v4
num_class=1
num_tree_per_iteration=1
label_index=0
max_feature_idx=7
objective=quantile
feature_names=Column_0 Column_1 Column_2 Column_3 Column_4 Column_5 Column_6 Column_7
feature_infos=-1:38:37:43:33:34:36:31:39:41:35:29:20:21:32:30:42:47:27:17:14:48:16:1:0:4:46:9:26:3:10:7 -1:0:1:2:3 [23.899999999999999:7208.8999999999996] [4.5999999999999996:349.30000000000001] [0:23.983333333333334] [0:6] [1:5.3980184264707525] [0:1]
tree_sizes=1434 1525 1533 1506 1529 1537 1492 1534 1523 1513 1504 1515 1519 1538 1517 1533 1535 1524 1527 1526 1511 1531 1516 1532 1533 1528 1507 1533 1519 1527 1516 1526 1518 1516 1511 1527 1523 1515 1506 1503 1545 1515 1530 1518 1521 1536 1531 1534 1516 1532 1533 1517 1513 1513 1501 1501 1487 1503 1517 1535 1517 1531 1516 1508 1512 1506 1512 1505 1544 1507 1511 1521 1518 1517 1525 1505 1531 1537 1532 1533 1534 1540 1532 1543 1523 1531 1539 1524 1523 1512 1540 1531 1522 1510 1530 1507 1526 1537 1529 1508 1547 1518 1537 1513 1535 1502 1529 1523 1509 1520 1527 1527 1521 1517 1545 1528 1511 1529 1537 1535 1501 1512 1488 1531 1517 1548 1532 1517 1506 1524 1535 1502 1534 1508 1535 1542 1538 1517 1514 1523 1536 1526 1503 1548 1513 1528 1522 1532 1545 1546 1531 1526 1516 1519 1546 1528 1524 1520 1523 1495 1526 1529 1541 1555 1536 1525 1549 1517 1531 1526 1526 1525 1540 1489 1537 1544 1517 1540 1516 1554 1511 1551 1533 1516 1530 1505 1512 1551 1531 1505 1513 1514 1537 1542 1526 1508 1531 1517 1523 1519 1515 1487 1543 1520 1518 1514 1500 1531 1533 1528 1528 1498 1477 1526 1516 1499 1516 1501 1530 1540 1538 1476 1521 1489 1537 1512 1528 1518 1531 1520 1516 1537 1525 1526 1516 1548 1529 1521 1522 1545 1510 1549 1545 1539 1488 1504 1526 1520 1513 1501

Tree=0
num_leaves=15
num_cat=5
split_feature=0 0 0 3 6 6 4 4 4 0 4 4 4 0
split_gain=39.5203 11.5206 2.57053 2.11579 1.02914 0.982798 0.889626 0.508367 0.960139 0.616768 0.553274 0.648962 0.498234 0.459648
threshold=0 1 2 9.2500000000000018 1.3560995056197489 1.3766220136373084 3.058333333333334 8.5750000000000011 12.29166666666667 3 11.658333333333335 10.725000000000001 1.2750000000000001 4
decision_type=9 9 9 2 2 2 2 2 2 9 2 2 2 9
left_child=7 3 5 -2 6 -3 12 -1 10 -10 11 -9 -4 -8
right_child=1 2 4 -5 -6 -7 13 8 9 -11 -12 -13 -14 -15
leaf_value=0.72967083286193613 0.7442231734801511 0.73411818330530265 0.73565737725748093 0.73788950562604039 0.76608748746730515 0.74720098983302807 0.73538858414725128 0.7264925870747535 0.72823466808672888 0.73255624830728572 0.72954625196668421 0.72775769031448678 0.73234810836080833 0.73658346510630046
leaf_weight=312 1458 3247 117 2234 141 96 1779 164 1266 189 40 60 149 2450
leaf_count=312 1458 3247 117 2234 141 96 1779 164 1266 189 40 60 149 2450
internal_value=0.735093 0.736215 0.735145 0.738521 0.735906 0.73409 0.735776 0.728674 0.728305 0.728808 0.725531 0.726498 0.732971 0.735953
internal_weight=13702 11671 7979 3692 4636 3343 4495 2031 1719 1455 264 224 266 4229
internal_count=13702 11671 7979 3692 4636 3343 4495 2031 1719 1455 264 224 266 4229
cat_boundaries=0 2 4 6 8 10
cat_threshold=69206667 33280 1745043472 16516 0 3097 69206024 33280 0 34
is_linear=0
shrinkage=1


Tree=1
num_leaves=15
num_cat=1
split_feature=1 7 2 6 2 4 3 2 2 4 4 5 5 4
split_gain=37.8225 8.27908 1.91968 1.81067 1.20898 1.33979 0.851079 1.38364 0.693761 0.918314 0.543266 0.831775 0.823788 0.527676
threshold=0 1.0000000180025095e-35 1382.5000000000002 1.1557608829651618 26.300000000000004 3.058333333333334 12.550000000000002 189.85000000000002 576.55000000000007 17.675000000000004 16.475000000000005 4.5000000000000009 3.5000000000000004 1.0083333333333335
decision_type=1 2 2 2 2 2 2 2 2 2 2 2 2 2
left_child=1 2 3 4 10 13 7 -7 9 -8 11 12 -1 -6
right_child=-2 -3 -4 -5 5 6 8 -9 -10 -11 -12 -13 -14 -15
leaf_value=7.5741709299775861e-05 -0.0062305091311930802 0.010261413721323271 -0.0013259497904856866 0.023971166937932033 0.00094653379914869335 0.00070666665428991695 0.00021794650167766168 0.0025480586463123862 0.0011296049739726352 -0.0018561973469569217 -0.0018649620466099804 0.0026780893768658834 -0.0035734633440962782 -0.0020628785026223007
leaf_weight=326 2007 1269 893 289 166 2722 920 2638 1398 250 274 127 85 265
leaf_count=326 2007 1269 893 289 166 2722 920 2638 1398 250 274 127 85 265
internal_value=9.13495e-05 0.00118724 0.000721047 0.000930233 0.000807437 0.000986362 0.00113396 0.00149254 0.000385514 -0.00051282 -0.00103448 -0.000111524 -0.00120438 -0.00172854
internal_weight=13629 11622 10353 9460 9171 8359 7928 5360 2568 1170 812 538 411 431
internal_count=13629 11622 10353 9460 9171 8359 7928 5360 2568 1170 812 538 411 431
cat_boundaries=0 1
cat_threshold=9
is_linear=0
shrinkage=0.05


Tree=2
num_leaves=15
num_cat=1
split_feature=1 7 6 2 3 2 5 4 2 2 2 2 2 5
split_gain=31.9917 8.6651 1.9569 1.51792 2.10524 1.64106 0.676659 1.2331 0.614839 0.788065 0.532352 0.557151 0.496683 0.860421
threshold=0 1.0000000180025095e-35 1.3560995056197489 27.700000000000003 12.550000000000002 189.85000000000002 3.5000000000000004 19.908333333333335 1382.5000000000002 518.00000000000011 3593.4000000000001 6411.5000000000009 1544.7500000000002 3.5000000000000004
decision_type=1 2 2 2 2 2 2 2 2 2 2 2 2 2
left_child=1 2 3 6 5 -5 -1 -8 9 -6 12 -12 -2 -14
right_child=10 -3 -4 4 8 -7 7 -9 -10 -11 11 -13 13 -15
leaf_value=-1.7741348989425142e-05 -0.0061532177933354363 0.0097822550603082273 0.021534205657681067 0.00030256364980046723 -0.00063898373833757855 0.0023937942292911294 -0.0010283953503938791 -0.0045280911816059938 -0.0012461482727752383 0.00082254255855907215 -0.0022967583309181695 -0.005612838595915587 -0.0082746228932075675 -0.0044127558483315343
leaf_weight=1001 1468 1256 310 2026 756 2781 653 47 889 1931 219 62 155 126
leaf_count=1001 1468 1256 310 2026 756 2781 653 47 889 1931 219 62 155 126
internal_value=6.57897e-05 0.00107633 0.000603233 0.000482943 0.000759275 0.00144269 -0.000878895 -0.00207143 -0.000159396 0.000217715 -0.00571078 -0.00371886 -0.00606346 -0.00798932
internal_weight=13680 11650 10394 10084 8383 4807 1701 700 3576 2687 2030 281 1749 281
internal_count=13680 11650 10394 10084 8383 4807 1701 700 3576 2687 2030 281 1749 281
cat_boundaries=0 1
cat_threshold=9
is_linear=0
shrinkage=0.05


Tree=3
num_leaves=15
num_cat=4
split_feature=0 0 0 3 6 6 0 4 4 4 4 4 4 4
split_gain=29.2214 12.024 2.37928 2.17924 0.923522 0.844298 0.720738 0.445001 0.467795 0.439206 0.373509 0.372158 0.842124 0.692132
threshold=0 1 2 9.2500000000000018 1.3560995056197489 1.3766220136373084 3 3.7750000000000004 1.0083333333333335 19.958333333333336 20.625000000000004 19.875000000000004 19.241666666666671 21.891666666666669
decision_type=9 9 9 2 2 2 9 2 2 2 2 2 2 2
left_child=6 3 5 -2 7 9 -1 8 -4 -3 -11 12 -8 -13
right_child=1 2 4 -5 -6 -7 11 -9 -10 10 -12 13 -14 -15
leaf_value=-0.0030147911476434194 0.0082345966340889431 -0.00060249054655846452 0.0025905099692181467 0.0024245291403226844 0.027759645241797134 0.0097906310409410502 -0.0059175935781149722 0.00094921632544592923 -0.0020525781198371023 -0.0045140089192372557 -0.0012547586302150261 -0.0068525190423671728 0.0010762428130351275 -0.0064022600598042231
leaf_weight=263 1461 3846 81 2185 131 105 1594 3387 183 67 183 61 41 40
leaf_count=263 1461 3846 81 2185 131 105 1594 3387 183 67 183 61 41 40
internal_value=9.09893e-05 0.00105207 -3.5656e-05 0.00342724 0.00087289 -0.000853716 -0.00547785 0.000727198 -0.00125 -0.000969238 -0.003 -0.00588202 -0.00573394 -0.00886139
internal_weight=13628 11629 7983 3646 3782 4201 1999 3651 264 4096 250 1736 1635 101
internal_count=13628 11629 7983 3646 3782 4201 1999 3651 264 4096 250 1736 1635 101
cat_boundaries=0 2 4 6 7
cat_threshold=69206667 33280 1745043472 16516 0 3099 131
is_linear=0
shrinkage=0.05


Tree=4
num_leaves=15
num_cat=2
split_feature=3 0 3 6 0 4 4 4 4 5 4 5 5 5
split_gain=25.3209 11.1858 2.74758 1.8558 1.41272 0.680268 1.17921 0.517429 0.473856 0.461773 0.430948 0.665031 0.41991 0.36787
threshold=44.050000000000004 0 6.5000000000000009 1.1557608829651618 1 9.2416666666666689 12.29166666666667 19.958333333333336 12.925000000000002 5.5000000000000009 21.491666666666671 3.5000000000000004 5.5000000000000009 3.5000000000000004
decision_type=2 9 2 2 9 2 2 2 2 2 2 2 2 2
left_child=1 3 -3 4 -1 -2 12 -6 -8 13 11 -9 -7 -10
right_child=5 2 -4 -5 7 6 8 10 9 -11 -12 -13 -14 -15
leaf_value=0.00030177444592283879 -0.0033543566004574686 0.0089140847318502532 0.0023253656106329329 0.015383684747272431 -0.00076687135396130701 -0.007343600832713449 0.00084385543103708831 -0.0025737482406170947 -0.0055820008905752344 -0.0033263375305592618 -0.00092737534967198248 -0.0061140913745921822 -0.0079676889743430564 -0.0063303770965625009
leaf_weight=3988 324 1241 3213 221 2810 180 42 54 773 196 102 41 47 395
leaf_count=3988 324 1241 3213 221 2810 180 42 54 773 196 102 41 47 395
internal_value=0.000145667 0.00102828 0.00299507 -0.000189593 -0.00033238 -0.00511753 -0.00553276 -0.00114849 -0.00499289 -0.00515396 -0.00362944 -0.00605263 -0.00887665 -0.00553082
internal_weight=13627 11670 4454 7216 6995 1957 1633 3007 1406 1364 197 95 227 1168
internal_count=13627 11670 4454 7216 6995 1957 1633 3007 1406 1364 197 95 227 1168
cat_boundaries=0 2 4
cat_threshold=2147484800 3195 2147483648 1122
is_linear=0
shrinkage=0.05


Tree=5
num_leaves=15
num_cat=1
split_feature=1 7 6 2 2 4 3 2 4 5 4 2 4 4
split_gain=24.5449 8.65821 1.81679 1.40464 1.00349 0.971915 0.917263 1.15846 0.743497 0.633552 0.998657 0.554726 0.974043 0.868877
threshold=0 1.0000000180025095e-35 1.3560995056197489 1382.5000000000002 27.700000000000003 9.2416666666666689 12.550000000000002 189.85000000000002 10.658333333333335 3.5000000000000004 19.958333333333336 576.55000000000007 3.5666666666666669 17.675000000000004
decision_type=1 2 2 2 2 2 2 2 2 2 2 2 2 2
left_child=1 2 3 4 9 -2 7 -6 -7 -1 -11 12 -8 -14
right_child=5 -3 -4 -5 6 8 11 -9 -10 10 -12 -13 13 -15
leaf_value=0.00024079356212592385 -0.004283733441792106 0.0084158428920216247 0.019849233169282884 -0.0012321829749497581 0.00040166844250741742 -0.007008983507128197 -0.0030067552893073366 0.0021435771366440709 -0.0050020252981381715 -0.00084509352365209575 -0.0041835156738757031 0.00077520677981328346 9.3085747836429983e-05 -0.0018985205491947156
leaf_weight=988 347 1258 293 909 2052 128 42 2746 1545 657 43 1465 907 244
leaf_count=988 347 1258 293 909 2052 128 42 2746 1545 657 43 1465 907 244
internal_value=0.000195978 0.00108231 0.000606998 0.000493883 0.000680228 -0.00487685 0.000929453 0.00134223 -0.00540048 -0.000420616 -0.00157143 0.000184349 -0.000616094 -0.00034318
internal_weight=13624 11604 10346 10053 9144 2020 7456 4798 1673 1688 700 2658 1193 1151
internal_count=13624 11604 10346 10053 9144 2020 7456 4798 1673 1688 700 2658 1193 1151
cat_boundaries=0 1
cat_threshold=9
is_linear=0
shrinkage=0.05


Tree=6
num_leaves=15
num_cat=4
split_feature=1 0 2 6 0 4 4 5 4 4 4 5 0 2
split_gain=22.3584 9.3847 2.48785 1.87745 1.316 1.07206 1.41374 0.526522 0.518426 0.749951 0.43484 0.42577 0.396355 0.403568
threshold=0 1 189.85000000000002 1.3560995056197489 2 9.3083333333333353 10.658333333333335 4.5000000000000009 2.1583333333333337 1.0083333333333335 23.208333333333336 4.5000000000000009 3 1036.8500000000001
decision_type=1 9 2 2 9 2 2 2 2 2 2 2 9 2
left_child=1 2 -1 4 10 11 7 -7 9 -6 -3 -2 -8 -14
right_child=5 3 -4 -5 8 6 12 -9 -10 -11 -12 -13 13 -15
leaf_value=0.0079996859003677642 -0.0018178211394447611 -0.00035967122076464901 0.0023629397088431167 0.016927033752043855 0.0028193056033402556 -0.0058009821574665239 -0.0020219468601200704 -0.0076895704828029822 0.00099473988380322561 -0.0033090021743106546 -0.0028644266381631892 -0.0052600384091666952 -0.0050991985669468559 -0.0055153468899829666
leaf_weight=1233 255 5072 2299 246 53 78 156 46 2554 70 49 95 1058 346
leaf_count=1233 255 5072 2299 246 53 78 156 46 2554 70 49 95 1058 346
internal_value=0.000183689 0.00103401 0.003179 8.93968e-05 -4.61655e-05 -0.00463796 -0.00518409 -0.0103226 0.000850391 -0.00231707 -0.000515494 -0.00214286 -0.00477564 -0.00504243
internal_weight=13610 11576 3532 8044 7798 2034 1684 124 2677 123 5121 350 1560 1404
internal_count=13610 11576 3532 8044 7798 2034 1684 124 2677 123 5121 350 1560 1404
cat_boundaries=0 1 3 5 6
cat_threshold=9 1745043456 16516 0 3131 131
is_linear=0
shrinkage=0.05


Tree=7
num_leaves=15
num_cat=2
split_feature=3 0 2 6 0 4 4 4 4 5 4 5 2 4
split_gain=18.0886 10.6503 2.79196 1.86318 1.09628 0.839973 0.895108 0.769616 0.580732 0.531018 0.520643 0.384667 0.487493 0.311578
threshold=44.050000000000004 0 189.85000000000002 1.3560995056197489 1 9.2416666666666689 10.658333333333335 20.008333333333336 3.7750000000000004 4.5000000000000009 1.0083333333333335 3.5000000000000004 560.05000000000007 17.541666666666671
decision_type=2 9 2 2 9 2 2 2 2 2 2 2 2 2
left_child=1 3 -3 4 8 9 -7 -6 10 -2 -1 12 -9 -10
right_child=5 2 -4 -5 7 6 -8 11 13 -11 -12 -13 -14 -15
leaf_value=0.0022893647794023811 -0.0017699897466545433 0.0076510882543992633 0.0021588832697591819 0.015324428987983741 -0.00058885993313199751 -0.0063417084863830429 -0.0044590615887739223 0.00046086967877094904 5.3971563220184265e-05 -0.0059681004187807692 -0.0021815558388329171 -0.0045403186395754332 -0.003000498104313696 0.0012910648695470834
leaf_weight=101 229 1254 2634 225 3134 127 1504 67 2675 82 197 66 61 1279
leaf_count=101 229 1254 2634 225 3134 127 1504 67 2675 82 197 66 61 1279
internal_value=0.000174184 0.00091636 0.00305028 -0.000150352 -0.000283641 -0.00429454 -0.00474862 -0.000961653 0.00024871 -0.00191318 -0.00187919 -0.00402062 -0.00242187 0.000409712
internal_weight=13635 11693 3888 7805 7580 1942 1631 3328 4252 311 298 194 128 3954
internal_count=13635 11693 3888 7805 7580 1942 1631 3328 4252 311 298 194 128 3954
cat_boundaries=0 2 4
cat_threshold=2148533376 3195 2148532224 98
is_linear=0
shrinkage=0.05


Tree=8
num_leaves=15
num_cat=1
split_feature=3 7 1 6 2 3 4 4 4 4 2 5 4 4
split_gain=16.7709 8.19322 1.98115 1.85931 0.960297 1.23798 0.808356 0.745102 0.674876 0.590657 0.514274 0.476362 0.448676 0.463955
threshold=31.050000000000004 1.0000000180025095e-35 0 1.1557608829651618 189.85000000000002 12.550000000000002 8.908333333333335 12.29166666666667 3.058333333333334 18.975000000000005 867.75000000000011 4.5000000000000009 11.441666666666668 10.658333333333335
decision_type=2 2 1 2 2 2 2 2 2 2 2 2 2 2
left_child=1 3 -2 4 9 -6 11 12 -7 -1 -9 -4 13 -8
right_child=2 -3 6 -5 5 8 7 10 -10 -11 -12 -13 -14 -15
leaf_value=8.8052332401040466e-05 -0.0012149383558768491 0.007279016850637682 -0.00075625125860424446 0.01829255344002071 0.0018073970006583506 -0.0017773551366739204 -0.006871959868506694 0.0003380397879127602 0.00037165161377894403 -0.00094778513387564021 -0.0044955645446975757 -0.0075002311591561904 -0.0063752526040185111 -0.0021964766566606843
leaf_weight=3219 1169 1253 189 288 2760 103 120 63 2581 496 1208 69 41 49
leaf_count=3219 1169 1253 189 288 2760 103 120 63 2581 496 1208 69 41 49
internal_value=0.000285861 0.00120093 -0.00308116 0.000697047 0.000572661 0.000995592 -0.00414808 -0.00462188 0.000230999 -4.71061e-05 -0.00416601 -0.00158915 -0.00738095 -0.0062426
internal_weight=13608 10700 2908 9447 9159 5444 1739 1481 2684 3715 1271 258 210 169
internal_count=13608 10700 2908 9447 9159 5444 1739 1481 2684 3715 1271 258 210 169
cat_boundaries=0 1
cat_threshold=5
is_linear=0
shrinkage=0.05


Tree=9
num_leaves=15
num_cat=6
split_feature=0 0 0 6 6 4 0 0 5 4 4 0 5 5
split_gain=14.6382 6.19869 5.33744 0.998365 0.737584 0.720642 0.586632 0.433924 0.631434 0.433021 0.623065 0.420709 0.404206 0.841173
threshold=0 1 2 1.3560995056197489 1.3766220136373084 8.908333333333335 3 4 1.5000000000000002 19.958333333333336 20.358333333333338 5 3.5000000000000004 4.5000000000000009
decision_type=9 9 9 2 2 2 9 9 2 2 2 9 2 2
left_child=2 5 -1 6 9 -2 -4 12 -9 -3 -11 -12 -7 -14
right_child=1 4 3 -5 -6 7 -8 8 -10 10 11 -13 13 -15
leaf_value=0.0070587083838783765 -0.0035246555811611516 -0.00028028281448627451 0.00061759697215056229 0.027187695515109231 0.0051746823066144152 -0.0016265295994313256 0.00088602336968329753 -0.0061230857158832471 -0.0040649151934023355 -0.0040736679315368013 0.0019372874209795988 -0.00167181140607287 -0.0058637967468531454 -0.0044649631119393412
leaf_weight=1381 260 4969 2543 170 124 349 2227 276 706 70 101 183 80 184
leaf_count=1381 260 4969 2543 170 124 349 2227 276 706 70 101 183 80 184
internal_value=0.000247009 -0.00127735 0.00200679 0.00123232 -0.000424226 -0.00376676 0.00110063 -0.00418495 -0.00487903 -0.000513808 -0.00220339 -0.00116197 -0.00294543 -0.0044697
internal_weight=13623 7302 6321 4940 5447 1855 4770 1595 982 5323 354 284 613 264
internal_count=13623 7302 6321 4940 5447 1855 4770 1595 982 5323 354 284 613 264
cat_boundaries=0 2 4 5 7 8 10
cat_threshold=3893575696 82116 69206538 33280 1610760192 2148532224 65600 2097666 0 34
is_linear=0
shrinkage=0.05


Tree=10
num_leaves=15
num_cat=5
split_feature=0 3 0 6 0 6 0 5 4 0 4 5 4 2
split_gain=14.1233 5.97336 5.11097 1.0694 0.917778 0.786478 0.705838 0.496012 0.444984 0.554466 0.439626 0.790813 0.512609 0.972838
threshold=0 44.050000000000004 1 1.3560995056197489 2 1.3766220136373084 3 3.5000000000000004 19.808333333333337 4 9.2416666666666689 1.5000000000000002 16.258333333333336 1544.7500000000002
decision_type=9 2 9 2 9 2 9 2 2 9 2 2 2 2
left_child=1 5 -2 6 10 8 -4 -6 -1 -10 -3 12 -12 -14
right_child=2 4 3 -5 7 -7 -8 -9 9 -11 11 -13 13 -15
leaf_value=-0.00022463513608297106 0.0069363660474812856 -0.0047925836840452731 0.00072940135187522055 0.023987089365246527 -0.0011625234946694794 0.0054661475076969428 0.000990292637817528 -0.003635303902831938 0.00047845500976103901 -0.001612253217883307 -0.0076695495117542686 -0.0038926638988780078 -0.0031280226653087441 -0.0074813613188719598
leaf_weight=4713 1185 195 2582 191 516 117 2482 374 137 253 110 646 71 68
leaf_count=4713 1185 195 2582 191 516 117 2482 374 137 253 110 646 71 68
internal_value=0.000300587 -0.00122053 0.002 0.00132479 -0.00356061 -0.000335249 0.00118878 -0.00227778 -0.000428179 -0.00205128 -0.00454545 -0.00505587 -0.0074498 -0.00543165
internal_weight=13640 7200 6440 5255 1980 5220 5064 890 5103 390 1090 895 249 139
internal_count=13640 7200 6440 5255 1980 5220 5064 890 5103 390 1090 895 249 139
cat_boundaries=0 2 3 5 7 9
cat_threshold=69206667 36411 1610629120 0 33280 2148533248 65600 0 40
is_linear=0
shrinkage=0.05


Tree=11
num_leaves=15
num_cat=1
split_feature=3 7 6 3 4 2 4 4 4 5 1 4 5 4
split_gain=12.6481 8.05807 1.81079 1.38746 0.694762 0.727666 0.667592 0.5876 0.541503 0.648809 0.457616 0.45256 0.389962 0.379608
threshold=31.050000000000004 1.0000000180025095e-35 1.1557608829651618 44.050000000000004 2.8916666666666671 26.300000000000004 9.2416666666666689 10.658333333333335 19.008333333333336 3.5000000000000004 0 1.0083333333333335 4.5000000000000009 23.208333333333336
decision_type=2 2 2 2 2 2 2 2 2 2 1 2 2 2
left_child=1 2 4 -2 11 8 -5 12 -6 -10 -7 -1 -8 -12
right_child=3 -3 -4 6 5 10 7 -9 9 -11 13 -13 -14 -15
leaf_value=0.00060254122500365097 -0.0010071142842585812 0.0062074396650674442 0.016385478560558581 -0.0018309090897959835 -0.0004093933644485618 0.0023333341343960592 -0.005337314350483735 -0.0035829740409304965 -0.00061387304948261074 -0.0043283701494766626 0.00060769921978816614 -0.0011563033666392515 -0.0061448020166121799 -0.001975503794574163
leaf_weight=193 935 1259 289 325 661 241 76 1532 66 43 7680 247 48 68
leaf_count=193 935 1259 289 325 661 241 76 1532 66 43 7680 247 48 68
internal_value=0.0002902 0.00108263 0.000583896 -0.00263032 0.000461463 0.000558854 -0.00337961 -0.00378623 -0.000909091 -0.00417431 0.000700338 -0.00147727 -0.00709677 0.000630317
internal_weight=13663 10747 9488 2916 9199 8759 1981 1656 770 109 7989 440 124 7748
internal_count=13663 10747 9488 2916 9199 8759 1981 1656 770 109 7989 440 124 7748
cat_boundaries=0 1
cat_threshold=8
is_linear=0
shrinkage=0.05


Tree=12
num_leaves=15
num_cat=4
split_feature=0 0 2 6 0 4 4 4 4 4 5 0 5 4
split_gain=12.879 7.69008 3.3 1.78382 0.565529 0.715407 0.43167 0.509643 0.477386 0.409985 0.469062 0.328268 0.570349 0.472024
threshold=0 1 189.85000000000002 1.3560995056197489 2 3.058333333333334 14.775000000000002 14.575000000000001 15.308333333333335 9.2416666666666689 5.5000000000000009 3 1.5000000000000002 11.975000000000001
decision_type=9 9 2 2 9 2 2 2 2 2 2 9 2 2
left_child=2 9 -1 4 6 -6 7 -3 -8 10 -2 12 -11 -13
right_child=1 3 -4 -5 5 -7 8 -9 -10 11 -12 13 -14 -15
leaf_value=0.0062820296420729284 -0.0010010007241718769 -9.7543135355898471e-05 0.0016763519301123729 0.011626642007451254 -0.0010445331064781686 0.00045409628054642113 -0.0026124620936817146 0.0025248438249308672 -0.00091747130695798984 -0.0063925733651410107 -0.0061543311066755207 -0.0053617853776143521 -0.0038109865423575258 -0.0021168833270593023
leaf_weight=1193 251 1888 2429 232 270 4247 132 48 1355 235 43 47 635 679
leaf_count=1193 251 1888 2429 232 270 4247 132 48 1355 235 43 47 635 679
internal_value=0.000286466 -0.000634432 0.00283866 3.17773e-05 -9.44582e-05 0.000272808 -0.000578211 -8.78097e-05 -0.00122058 -0.0035 -0.00180272 -0.00383459 -0.00454545 -0.00288043
internal_weight=13684 10062 3622 8172 7940 4517 3423 1936 1487 1890 294 1596 870 726
internal_count=13684 10062 3622 8172 7940 4517 3423 1936 1487 1890 294 1596 870 726
cat_boundaries=0 2 4 6 8
cat_threshold=1745043472 132 69206666 33280 1 19481 0 33280
is_linear=0
shrinkage=0.05


Tree=13
num_leaves=15
num_cat=4
split_feature=0 7 0 6 6 0 0 5 5 2 5 3 5 5
split_gain=14.4282 4.96819 4.63694 0.978944 0.811838 0.440424 0.429106 0.232719 0.159178 0.182284 0.206436 0.158128 0.14217 0.311917
threshold=0 1.0000000180025095e-35 1 1.3560995056197489 1.3766220136373084 2 3 2.5000000000000004 5.5000000000000009 128.05000000000004 4.5000000000000009 9.2500000000000018 2.5000000000000004 1.5000000000000002
decision_type=9 2 9 2 2 9 9 2 2 2 2 2 2 2
left_child=2 3 -1 5 6 -2 7 -4 9 10 -9 -7 13 -13
right_child=1 -3 4 -5 -6 11 -8 8 -10 -11 -12 12 -14 -15
leaf_value=-0.0040868225950130383 0.00083605304464078392 0.005967942459890796 0.00021218069711289035 0.021833313055535347 0.0034207430424995143 0.0024823541238236271 -0.00065658535813159936 -0.00078157722950244362 0.00053519327490584038 -0.00019344841134516917 -0.0027108628824192827 0.0015296424626769778 0.0013106885886115694 0.0025437425042045326
leaf_weight=1808 2639 1155 999 180 128 244 2988 263 300 651 119 612 1228 327
leaf_count=1808 2639 1155 999 180 128 244 2988 263 300 651 119 612 1228 327
internal_value=0.000297266 0.00202893 -0.00122764 0.00137667 -0.000496519 0.00124752 -0.000592105 -8.11271e-05 -0.000513878 -0.000808325 -0.00167539 0.00173689 0.00160821 0.00207135
internal_weight=13641 6385 7256 5230 5448 5050 5320 2332 1333 1033 382 2411 2167 939
internal_count=13641 6385 7256 5230 5448 5050 5320 2332 1333 1033 382 2411 2167 939
cat_boundaries=0 2 4 6 8
cat_threshold=69206539 52795 2097674 33280 2148533376 65600 0 35
is_linear=0
shrinkage=0.05


Tree=14
num_leaves=15
num_cat=3
split_feature=0 3 3 6 6 4 4 0 0 4 4 4 5 5
split_gain=12.1396 4.92846 4.80288 1.64864 0.615541 0.463152 0.44812 0.519346 0.43217 0.495193 0.533333 0.429169 0.429154 0.405528
threshold=0 49.000000000000007 7.7500000000000009 1.1557608829651618 1.3766220136373084 15.941666666666668 14.908333333333335 1 2 3.7750000000000004 1.0083333333333335 9.2416666666666689 1.5000000000000002 5.5000000000000009
decision_type=9 2 2 2 2 2 2 9 9 2 2 2 2 2
left_child=2 3 -1 8 5 6 -4 -8 9 10 -2 13 -12 -3
right_child=1 11 4 -5 -6 -7 7 -9 -10 -11 12 -13 -14 -15
leaf_value=0.0056833140134381344 0.0021017322711455707 -0.00049795691395643573 0.0012550114328405571 0.0095598934273771075 0.02101553209615974 0.0018804994627404316 0.0010616137650448271 -0.0020605607374923006 -0.00053592200924115155 0.00015939845024164878 0.00023403024539258449 -0.003065986044586333 -0.0025553681901892373 -0.0061273069454008903
leaf_weight=1187 80 251 1943 200 114 1677 124 146 3459 2653 44 1593 116 47
leaf_count=1187 80 251 1943 200 114 1677 124 146 3459 2653 44 1593 116 47
internal_value=0.000302186 -0.000867739 0.00220246 -0.00021978 0.00137862 0.00127249 0.00079756 -0.00111111 -0.000360516 9.12851e-05 -0.00208333 -0.0031174 -0.00375 -0.00137584
internal_weight=13634 8443 5191 6552 4004 3890 2213 270 6352 2893 240 1891 160 298
internal_count=13634 8443 5191 6552 4004 3890 2213 270 6352 2893 240 1891 160 298
cat_boundaries=0 2 4 6
cat_threshold=3893575696 65668 135331840 128 0 98
is_linear=0
shrinkage=0.05


Tree=15
num_leaves=15
num_cat=3
split_feature=0 0 2 0 4 4 4 4 4 5 4 5 4 2
split_gain=12.0179 5.19994 4.0545 0.682131 0.48239 0.399732 0.348835 0.456677 0.519947 0.337606 1.01459 0.839668 0.618654 0.946967
threshold=0 1 189.85000000000002 2 16.541666666666671 17.308333333333337 15.941666666666668 14.908333333333335 14.575000000000001 1.5000000000000002 8.4916666666666689 3.5000000000000004 16.425000000000004 1036.8500000000001
decision_type=9 9 2 9 2 2 2 2 2 2 2 2 2 2
left_child=2 9 -1 4 6 -4 7 8 -3 10 -2 -11 -12 -14
right_child=1 3 5 -5 -6 -7 -8 -9 -10 11 12 -13 13 -15
leaf_value=0.0053961531721699318 0.0039246287790177343 -0.00018944218996303652 0.0012128097875024123 0.00019360175837763728 -0.0011419634106726759 0.002583343719619679 0.0010060916562167471 -0.0026315531036679787 0.0024559047005483954 -0.0012529199849132266 -0.0064108057309533286 -0.0044917750104785737 -0.0016292892785818303 -0.0045769473569267525
leaf_weight=1190 54 1637 2503 4219 976 887 142 219 66 500 141 755 204 88
leaf_count=1190 54 1637 2503 4219 976 887 142 219 66 500 141 755 204 88
internal_value=0.000401664 -0.000659749 0.00248366 -6.94729e-05 -0.000639344 0.00160767 -0.000208333 -0.000385015 -0.000108632 -0.00310502 -0.00424025 -0.00268924 -0.00504619 -0.00373288
internal_weight=13581 9001 4580 7259 3040 3390 2064 1922 1703 1742 487 1255 433 292
internal_count=13581 9001 4580 7259 3040 3390 2064 1922 1703 1742 487 1255 433 292
cat_boundaries=0 2 4 6
cat_threshold=3892527120 65668 69206536 33280 1154 3096
is_linear=0
shrinkage=0.05


Tree=16
num_leaves=15
num_cat=4
split_feature=0 0 2 6 0 4 4 5 4 0 2 2 5 4
split_gain=11.9572 5.10139 2.16129 1.97048 1.07919 0.82377 0.64623 0.789586 0.546003 0.411587 0.378308 0.377646 0.484108 0.412488
threshold=0 1 189.85000000000002 1.3560995056197489 2 17.008333333333336 14.841666666666669 3.5000000000000004 18.458333333333336 3 304.90000000000003 608.50000000000011 1.0000000180025095e-35 12.208333333333334
decision_type=9 9 2 2 9 2 2 2 2 9 2 2 2 2
left_child=2 -2 -1 4 -3 6 11 9 -4 -8 -9 12 13 -6
right_child=1 3 8 -5 5 -7 7 10 -10 -11 -12 -13 -14 -15
leaf_value=0.0051175967473897858 -0.0030754384939870203 -0.00034666276560426203 0.0021541787043992369 0.01023563935811863 0.00021809962737077702 0.0013769803576508498 0.0022796946261926885 -0.0029309878732547536 1.6704404616000794e-05 -0.00039716670948019347 0.002107761848059653 -0.00083505934019912861 0.0010146400521678755 -0.0028735261547997225
leaf_weight=1182 1915 4206 1202 279 203 1491 135 214 236 226 46 186 1957 102
leaf_count=1182 1915 4206 1202 279 203 1491 135 214 236 226 46 186 1957 102
internal_value=0.000375552 -0.000350957 0.00340304 0.000146328 1.48302e-05 0.000547046 7.98307e-05 -0.00136071 0.00211405 0.000152355 -0.00346154 0.000445262 0.000623342 -0.00122951
internal_weight=13580 10960 2620 9045 8766 4560 3069 621 1438 361 260 2448 2262 305
internal_count=13580 10960 2620 9045 8766 4560 3069 621 1438 361 260 2448 2262 305
cat_boundaries=0 2 4 6 8
cat_threshold=1745043456 128 69206666 33280 1024 19483 2147483648 4
is_linear=0
shrinkage=0.05


Tree=17
num_leaves=15
num_cat=4
split_feature=0 0 0 6 4 4 2 6 0 5 4 4 2 4
split_gain=11.1959 5.23005 1.97172 1.21476 0.524448 0.825899 0.488636 0.429426 0.389484 0.356597 0.608583 0.467901 0.466669 0.570022
threshold=0 1 2 1.3560995056197489 2.1583333333333337 1.7500000000000002 1189.6500000000003 1.5127994973200007 3 1.5000000000000002 19.675000000000004 19.241666666666671 1544.7500000000002 16.425000000000004
decision_type=9 9 9 2 2 2 2 2 9 2 2 2 2 2
left_child=6 9 7 4 5 -4 -1 -3 -6 10 12 -11 13 -2
right_child=1 2 3 -5 8 -7 -8 -9 -10 11 -12 -13 -14 -15
leaf_value=0.0048698362511220179 -0.0049799981806405704 -0.00033380425673615305 0.00039233440395181681 0.017884828584507042 0.00031498794481194675 -0.0028511841704899512 0.0019787250069735972 0.0043041371018925209 0.001428054106806062 -0.0030526833398040491 -0.0042606782223753572 0.0011996228783639085 -0.004610615570655824 -0.00015359068227133979
leaf_weight=1172 196 5323 169 181 2581 43 210 96 2061 1179 41 101 81 188
leaf_count=1172 196 5323 169 181 2581 43 210 96 2061 1179 41 101 81 188
internal_value=0.000320071 -0.000163265 0.000264717 0.000976214 0.000828183 -0.00160377 0.00456897 -0.000396942 0.00093925 -0.0026559 -0.00379447 -0.00222656 -0.00327957 -0.00255208
internal_weight=13622 12240 10454 5035 4854 212 1382 5419 4642 1786 506 1280 465 384
internal_count=13622 12240 10454 5035 4854 212 1382 5419 4642 1786 506 1280 465 384
cat_boundaries=0 1 3 5 7
cat_threshold=1610760192 69206664 33280 3 3131 2148532240 81984
is_linear=0
shrinkage=0.05


Tree=18
num_leaves=15
num_cat=5
split_feature=0 0 6 0 2 0 0 5 5 5 2 5 2 2
split_gain=11.1632 4.00334 1.82645 1.0643 0.856113 0.304756 0.140217 0.44097 0.329678 0.241726 0.237689 0.225716 0.153184 0.140547
threshold=0 1 1.5022573144106934 2 576.55000000000007 3 4 1.0000000180025095e-35 1.5000000000000002 3.5000000000000004 1544.7500000000002 1.0000000180025095e-35 1544.7500000000002 977.10000000000002
decision_type=9 9 2 9 2 9 9 2 2 2 2 2 2 2
left_child=4 6 3 -3 -1 -5 7 -2 11 -10 -11 13 -13 -8
right_child=1 2 -4 5 -6 -7 8 -9 9 10 -12 12 -14 -15
leaf_value=0.0046263444385541922 0.005769121561375691 0.00105229776825883 0.013617249594942963 -0.00031492327339375207 0.0019784602820604163 6.2455020026836225e-05 -0.0042865260616364474 -0.00067923914362008576 -0.0016955773485763652 -0.0037838020093246428 -0.00038549544646885692 -0.0052042915449020738 -0.0052679716191175565 -0.0010506474916445268
leaf_weight=1162 40 2717 257 3358 477 3680 128 246 474 581 125 187 40 106
leaf_count=1162 40 2717 257 3358 477 3680 128 246 474 581 125 187 40 106
internal_value=0.000385919 -0.000146874 0.000255438 0.000146079 0.00424196 -0.000178774 -0.00222767 -0.00108108 -0.00241975 -0.00199153 -0.0025779 -0.00356833 -0.00469163 -0.00247863
internal_weight=13578 11939 10012 9755 1639 7038 1927 286 1641 1180 706 461 227 234
internal_count=13578 11939 10012 9755 1639 7038 1927 286 1641 1180 706 461 227 234
cat_boundaries=0 1 3 5 7 8
cat_threshold=1744977920 69206659 33280 2147483664 65668 8 19481 67108867
is_linear=0
shrinkage=0.05


Tree=19
num_leaves=15
num_cat=5
split_feature=0 2 6 2 0 0 5 2 5 0 5 0 5 5
split_gain=10.4823 3.88124 1.5949 1.03882 0.905877 0.39577 0.442333 0.525264 0.228566 0.462668 0.357641 0.335708 0.328307 0.224558
threshold=0 643.9000000000002 1.5022573144106934 576.55000000000007 1 2 1.5000000000000002 1544.7500000000002 2.5000000000000004 3 4.5000000000000009 4 3.5000000000000004 5.5000000000000009
decision_type=9 2 2 2 9 9 2 2 2 9 2 9 2 2
left_child=3 2 4 -1 -2 6 7 -3 11 10 12 -6 -10 -8
right_child=1 5 -4 -5 8 -7 13 -9 9 -11 -12 -13 -14 -15
leaf_value=0.0043834829953764811 0.00091716055739433477 -0.0039359177181071056 0.015982770586482061 0.0018653633418884302 -0.00039640855978078098 -0.00087881889342609403 -0.0017713687170539658 -0.0039092995643894663 -0.00082572238775363907 -4.208784061475921e-05 -0.00061969398929281579 0.00036940272008943633 -0.0030393956874921048 -0.0040040130607703452
leaf_weight=1154 3754 239 246 492 405 1700 694 90 192 2219 309 1757 167 172
leaf_count=1154 3754 239 246 492 405 1700 694 90 192 2219 309 1757 167 172
internal_value=0.000426785 -9.03461e-05 0.000419384 0.00415459 0.000308418 -0.00168394 -0.00238589 -0.00396657 -0.000129472 -0.000420852 -0.00156342 0.00025902 -0.00266017 -0.00181293
internal_weight=13590 11944 9049 1646 8803 2895 1195 329 5049 2887 668 2162 359 866
internal_count=13590 11944 9049 1646 8803 2895 1195 329 5049 2887 668 2162 359 866
cat_boundaries=0 1 3 5 7 9
cat_threshold=1744977920 2147549184 65732 520 33280 1024 1040 16 16392
is_linear=0
shrinkage=0.05


Tree=20
num_leaves=15
num_cat=6
split_feature=0 2 6 0 0 5 2 5 2 5 0 0 2 0
split_gain=10.9499 4.23261 1.52872 0.936653 0.58373 0.360613 0.334804 0.31099 0.194201 0.173674 0.449592 0.141495 0.130242 0.115543
threshold=0 643.9000000000002 1.1557608829651618 1 2 2.5000000000000004 1189.6500000000003 5.5000000000000009 5596.7500000000009 3.5000000000000004 3 4 5596.7500000000009 5
decision_type=9 2 2 9 9 2 2 2 2 2 9 9 2 9
left_child=6 2 3 11 5 8 -1 12 -3 10 -6 -2 -7 -5
right_child=1 4 -4 13 9 7 -8 -9 -10 -11 -12 -13 -14 -15
leaf_value=0.0041702818290071386 4.0419824092247154e-05 -0.001313949061790196 0.012328265141119036 0.0017858619989140974 -0.0035801383342283256 0.00053765246008442738 0.0018340926508193579 -0.0011432348198077817 0.00028036446908394352 -0.0036399253278786171 -0.0021339247257795859 -0.00018737954095258605 -0.0031623687820446938 0.00086548142476879683
leaf_weight=1181 2934 466 282 273 151 472 206 190 60 728 795 2491 42 3351
leaf_count=1181 2934 466 282 273 151 472 206 190 60 728 795 2491 42 3351
internal_value=0.000448539 -3.06246e-05 0.000488158 0.00037518 -0.00169766 -0.000846774 0.00464209 -0.000113636 -0.00184411 -0.00230404 -0.00187104 -4.13982e-05 0.000525292 0.000996148
internal_weight=13622 12235 9331 9049 2904 1230 1387 704 526 1674 946 5425 514 3624
internal_count=13622 12235 9331 9049 2904 1230 1387 704 526 1674 946 5425 514 3624
cat_boundaries=0 1 3 5 7 9 10
cat_threshold=1610760192 65536 17531 67108995 2048 0 32768 0 16482 134217728
is_linear=0
shrinkage=0.05


Tree=21
num_leaves=15
num_cat=4
split_feature=0 0 0 4 4 0 4 2 4 5 4 5 2 4
split_gain=10.5236 2.89658 0.899593 0.549907 0.480771 0.425997 0.417803 0.408775 0.387121 0.331828 0.288842 0.477593 0.503428 0.287724
threshold=0 1 2 2.8916666666666671 14.908333333333335 3 14.141666666666667 1189.6500000000003 13.991666666666669 5.5000000000000009 1.0083333333333335 1.5000000000000002 295.25000000000006 19.19166666666667
decision_type=9 9 9 2 2 9 2 2 2 2 2 2 2 2
left_child=7 2 -2 10 6 -5 8 -1 -4 -6 -3 -12 -13 -11
right_child=1 3 4 5 9 -7 -8 -9 -10 13 11 12 -14 -15
leaf_value=0.0039517958738045367 -0.0022513088526011911 0.00063568317163570766 9.9480665706567446e-06 0.00023503860713593215 -0.00073417331072550898 0.0011813603964320161 0.0019241244181708479 0.0018849344142619795 -0.0017693604224161684 -0.0037286742813866861 0.00069301671199981758 -0.0029797882574324223 0.0021665796770365254 0.0022740214712599067
leaf_weight=1181 1762 155 1798 3415 1333 3156 163 208 47 142 66 107 45 52
leaf_count=1181 1762 155 1798 3415 1333 3156 163 208 47 142 66 107 45 52
internal_value=0.0004989 2.89774e-05 -0.000850763 0.000700317 -0.00038787 0.000807335 0.000119522 0.00460686 -9.48508e-05 -0.00105763 -0.00116622 -0.00233945 -0.00388158 -0.00298969
internal_weight=13630 12241 5297 6944 3535 6571 2008 1389 1845 1527 373 218 152 194
internal_count=13630 12241 5297 6944 3535 6571 2008 1389 1845 1527 373 218 152 194
cat_boundaries=0 1 3 5 7
cat_threshold=1610760192 69206667 36377 2097673 33280 1048576 16482
is_linear=0
shrinkage=0.05


Tree=22
num_leaves=15
num_cat=5
split_feature=0 0 0 0 4 4 4 5 0 4 4 5 5 4
split_gain=10.9974 3.52514 0.850358 0.580789 0.41062 0.82704 0.399697 0.351171 0.280477 0.663804 0.380828 0.508679 0.431507 0.370699
threshold=0 1 2 3 14.908333333333335 15.258333333333335 14.575000000000001 1.0000000180025095e-35 4 16.208333333333336 16.541666666666671 3.5000000000000004 4.5000000000000009 17.308333333333337
decision_type=9 9 9 9 2 2 2 2 9 2 2 2 2 2
left_child=-1 3 -3 -2 6 -6 -5 -7 10 -10 11 -9 -12 -11
right_child=1 2 -4 4 5 7 -8 8 9 13 12 -13 -14 -15
leaf_value=0.003773177953262985 -0.002885943361191566 2.5532228912845736e-05 0.00094089862894155261 -0.00035383781881094143 -0.0036851180395071331 0.00032192883768496498 0.0024566430320425501 0.0052717742924145161 -0.0043291872642065039 0.0030077201084780128 -0.0015975759640162461 -0.0024573956032725554 0.00072030532065648321 -0.002280792377226682
leaf_weight=1164 1205 4615 3296 1632 73 228 66 61 41 72 366 52 158 563
leaf_count=1164 1205 4615 3296 1632 73 228 66 61 41 72 366 52 158 563
internal_value=0.000331813 -0.000105322 0.000530867 -0.00121825 -0.000869958 -0.00144362 -0.0003298 -0.00119727 -0.0015118 -0.00221574 -0.000718702 0.00190266 -0.00129771 -0.00185039
internal_weight=13592 12428 7911 4517 3312 1614 1698 1541 1313 676 637 113 524 635
internal_count=13592 12428 7911 4517 3312 1614 1698 1541 1313 676 637 113 524 635
cat_boundaries=0 1 3 5 7 9
cat_threshold=1610629120 69207691 36361 1114112 16498 520 33280 131 2056
is_linear=0
shrinkage=0.05


Tree=23
num_leaves=15
num_cat=4
split_feature=0 0 6 5 0 0 4 4 4 2 5 4 4 4
split_gain=10.5327 2.76734 1.32431 0.912697 0.845187 0.7913 0.667409 0.629347 0.354533 0.345332 0.344243 0.544428 0.449589 0.41206
threshold=0 1 1.5022573144106934 1.5000000000000002 2 3 2.3833333333333337 20.991666666666671 9.5750000000000011 1544.7500000000002 1.5000000000000002 17.125000000000004 12.008333333333335 5.4583333333333348
decision_type=9 9 2 2 9 9 2 2 2 2 2 2 2 2
left_child=-1 3 5 6 -5 -3 -2 9 -6 -8 11 12 -7 -12
right_child=1 2 -4 4 8 10 7 -9 -10 -11 13 -13 -14 -15
leaf_value=0.0035735371870977309 -0.0023295980973196797 0.0011152742684103071 0.014837337515812342 -0.002735226071118865 0.00088661900360003938 0.00082826952297891112 -0.0011594367024786332 -0.0037650862956603126 -0.00014361229114905074 -0.0032549220927824184 -0.00069761454679961507 0.0016939138404899032 -0.00052366814192752423 2.1405243478045643e-05
leaf_weight=1184 45 2197 223 962 388 646 832 42 1265 111 400 555 589 4136
leaf_count=1184 45 2197 223 962 388 646 832 42 1265 111 400 555 589 4136
internal_value=0.000473297 4.07227e-05 0.00052307 -0.00111491 -0.000621415 0.000424147 -0.00237864 -0.0021066 6.91523e-05 -0.00183987 0.000138889 0.000726257 0.000141701 -9.25924e-05
internal_weight=13575 12391 8746 3645 2615 8523 1030 985 1653 943 6326 1790 1235 4536
internal_count=13575 12391 8746 3645 2615 8523 1030 985 1653 943 6326 1790 1235 4536
cat_boundaries=0 1 3 5 7
cat_threshold=1610629120 2163337 35336 2097664 512 134348816 132
is_linear=0
shrinkage=0.05


Tree=24
num_leaves=15
num_cat=4
split_feature=0 0 4 0 5 0 2 5 4 2 4 4 5 4
split_gain=10.6879 2.32396 0.66346 0.766396 0.644853 0.555706 0.426901 0.424864 0.584315 0.454602 0.405271 0.82235 0.453745 0.630336
threshold=0 1 2.6583333333333337 2 1.5000000000000002 3 1189.6500000000003 3.5000000000000004 19.958333333333336 67.300000000000026 17.675000000000004 16.475000000000005 4.5000000000000009 15.525000000000002
decision_type=9 9 2 9 2 9 2 2 2 2 2 2 2 2
left_child=6 4 3 -3 -2 7 -1 -4 -9 -10 11 12 13 -6
right_child=1 2 5 -5 10 -7 -8 8 9 -11 -12 -13 -14 -15
leaf_value=0.0034065240661175114 -0.0022166260220869431 -0.0017121620878105264 0.00022337264517135243 -0.00012024328470349301 -0.00039649103333084932 0.0007063565763636545 0.0015808382521008545 -0.00034563735246021546 -0.0032246244785333307 -0.00089161348203168657 0.00010333292608772504 -0.0040119514385774215 -0.0024373242008104493 0.0038280901534898252
leaf_weight=1168 623 123 2323 333 529 5458 200 1645 46 49 501 108 440 54
leaf_count=1168 623 123 2323 333 529 5458 200 1645 46 49 501 108 440 54
internal_value=0.000426471 -4.41103e-05 0.000283869 -0.00157895 -0.00149007 0.000373385 0.00460087 -6.99728e-05 -0.000660919 -0.00447368 -0.000974264 -0.00149867 -0.00106061 -0.000145797
internal_weight=13600 12232 9977 456 2255 9521 1368 4063 1740 95 1632 1131 1023 583
internal_count=13600 12232 9977 456 2255 9521 1368 4063 1740 95 1632 1131 1023 583
cat_boundaries=0 1 3 5 7
cat_threshold=1610760192 649 35328 135266304 10 69271554 17435
is_linear=0
shrinkage=0.05


Tree=25
num_leaves=15
num_cat=4
split_feature=0 0 6 0 4 4 4 0 3 4 4 4 4 4
split_gain=10.8449 2.18567 1.27326 0.929056 0.456625 0.330486 0.470071 0.542156 0.486855 0.237378 0.276925 0.367459 0.216328 0.475033
threshold=0 1 1.5022573144106934 2 5.6750000000000016 15.941666666666668 13.008333333333335 3 18.750000000000004 4.8750000000000009 3.7750000000000004 2.6583333333333337 14.841666666666669 14.575000000000001
decision_type=9 9 2 9 2 2 2 9 2 2 2 2 2 2
left_child=-1 -2 3 5 -4 6 7 -3 -8 10 11 -9 13 -5
right_child=1 2 4 12 -6 -7 8 9 -10 -11 -12 -13 -14 -15
leaf_value=0.0032228139344888831 -0.002077555577018819 -0.00058369013244675136 -0.00046989330267764866 -2.7712962288810513e-05 0.016310115993392989 0.0013051712661907707 -0.0012504628230363313 -0.000483207335807187 0.0031779984089244993 0.0016281481095052619 -0.0026306117747422583 0.0048706766442210905 -0.00048927095511358955 0.0026714668667419603
leaf_weight=1178 1829 467 40 3675 223 1628 563 109 49 792 48 42 2815 113
leaf_count=1178 1829 467 40 3675 223 1628 563 109 49 792 48 42 2815 113
internal_value=0.000394592 -4.31345e-05 0.000233592 0.000146103 0.0036692 0.000779396 0.000362319 0.00085048 -0.000800653 0.0015035 -2.51254e-05 0.00102649 -0.000209436 3.6959e-05
internal_weight=13571 12393 10564 10301 263 3698 2070 1458 612 991 199 151 6603 3788
internal_count=13571 12393 10564 10301 263 3698 2070 1458 612 991 199 151 6603 3788
cat_boundaries=0 1 3 5 6
cat_threshold=1610629120 69206537 33280 2282881040 65668 2148532224
is_linear=0
shrinkage=0.05


Tree=26
num_leaves=15
num_cat=5
split_feature=0 0 0 5 4 4 0 4 5 4 0 4 4 2
split_gain=10.7157 1.97427 1.00266 0.480795 0.603654 0.315808 0.421243 0.369573 0.638791 0.301385 0.305945 0.409653 0.353947 0.701297
threshold=0 1 2 1.5000000000000002 19.708333333333336 17.825000000000003 3 16.475000000000005 3.5000000000000004 7.8583333333333343 4 10.508333333333335 16.425000000000004 1544.7500000000002
decision_type=9 9 9 2 2 2 9 2 2 2 9 2 2 2
left_child=-1 -2 3 4 9 7 -7 8 -5 -3 11 -11 -13 -14
right_child=1 2 -4 5 -6 6 -8 -9 -10 10 -12 12 13 -15
leaf_value=0.0030579342336641948 0.00079347537015197795 0.0038492665657012394 -7.3543575246897558e-05 0.00067888449059760978 -0.0037816597214424433 -0.002068196566035511 0.0011901852534442158 -0.0041890588503409746 -0.0024286960512154539 0.00065735708650354935 -0.00063047900740766083 -0.0053497688911254629 0.0037803386993175933 -0.0056830344662495815
leaf_weight=1185 4309 44 6455 203 40 421 219 62 343 44 147 95 53 60
leaf_count=1185 4309 44 6455 203 40 421 219 62 343 44 147 95 53 60
internal_value=0.000434942 1.99939e-06 -0.00045388 -0.00151924 -0.00286749 -0.00100962 -0.000234375 -0.00182566 -0.00141026 -0.00233634 -0.00276942 -0.00377863 -0.00485577 -0.0029646
internal_weight=13680 12495 8186 1731 483 1248 640 608 546 443 399 252 208 113
internal_count=13680 12495 8186 1731 483 1248 640 608 546 443 399 252 208 113
cat_boundaries=0 1 3 5 7 9
cat_threshold=1610629120 2281832449 65732 2097800 33280 2097152 512 512 33280
is_linear=0
shrinkage=0.05


Tree=27
num_leaves=15
num_cat=6
split_feature=0 0 6 0 0 0 5 5 3 5 5 0 5 5
split_gain=10.4188 1.90163 1.47437 0.611699 0.291492 0.246899 0.180301 0.166885 0.226286 0.182591 0.169715 0.181331 0.196829 0.264571
threshold=0 1 1.5022573144106934 2 3 4 1.5000000000000002 1.5000000000000002 55.050000000000004 1.0000000180025095e-35 5.5000000000000009 5 2.5000000000000004 3.5000000000000004
decision_type=9 9 2 9 9 9 2 2 2 2 2 9 2 2
left_child=-1 5 3 -3 6 -2 -5 8 9 -7 11 12 -9 -14
right_child=1 2 -4 4 -6 7 -8 10 -10 -11 -12 -13 13 -15
leaf_value=0.002918128491117783 -0.0017881630933751901 0.0012782585667456721 0.01508020520543768 0.00057055603067915968 0.00059830475250851104 -0.00031948175253685584 -0.00014954574000879258 -0.00077398657110450879 0.00050535347878573821 -0.0017902320914102152 -0.0012928322324765222 -0.00049731050901883267 0.0019541690573054399 2.9421924358417624e-05
leaf_weight=1163 1163 467 233 1412 3008 333 3626 270 60 340 362 460 236 511
leaf_count=1163 1163 467 233 1412 3008 333 3626 270 60 340 362 460 236 511
internal_value=0.000452214 2.84206e-05 0.000431704 0.000324798 0.000220954 -0.000914553 -1.18857e-05 -0.000635166 -0.00127558 -0.00153789 -0.00038336 -0.000145565 0.000228822 0.000649264
internal_weight=13644 12481 8746 8513 8046 3735 5038 2572 733 673 1839 1477 1017 747
internal_count=13644 12481 8746 8513 8046 3735 5038 2572 733 673 1839 1477 1017 747
cat_boundaries=0 1 3 4 6 8 10
cat_threshold=1610629120 69207690 51720 134348800 1048576 1139 136 33280 512 2056
is_linear=0
shrinkage=0.05


Tree=28
num_leaves=15
num_cat=4
split_feature=0 0 6 0 6 0 3 5 5 5 3 5 3 2
split_gain=10.6617 1.7847 0.837207 0.530643 0.422498 0.399354 0.243829 0.225298 0.152622 0.225311 0.237725 0.21139 0.205855 0.146475
threshold=0 1 1.5022573144106934 2 1.3355396910605088 3 12.550000000000002 1.5000000000000002 3.5000000000000004 4.5000000000000009 18.750000000000004 1.5000000000000002 11.750000000000002 267.85000000000008
decision_type=9 9 2 9 2 9 2 2 2 2 2 2 2 2
left_child=-1 4 3 8 5 7 -4 -2 11 12 -11 13 -10 -3
right_child=1 2 6 -5 -6 -7 -8 -9 9 10 -12 -13 -14 -15
leaf_value=0.0027825601955700609 -0.0025625929772701782 -0.00031047345146377475 0.013832801301997995 4.4336878659261137e-05 0.0049994511319212198 -0.00029641449368620975 0.0020295635885552283 -0.0018822845403632035 0.00021522857396422232 0.000687094149203061 0.0013688575303542824 0.001442250091439626 -0.0012707256274798091 0.0013689345190038701
leaf_weight=1202 330 209 185 5968 58 2037 54 867 269 764 74 807 151 629
leaf_count=1202 330 209 185 5968 58 2037 54 867 269 764 74 807 151 629
internal_value=0.000482946 4.51178e-05 0.000405702 0.000327472 -0.000950939 -0.00102968 0.00332636 -0.00175228 0.000880536 0.000468999 0.000942721 0.00120061 -0.00047619 0.000644392
internal_weight=13604 12402 9110 8871 3292 3234 239 1197 2903 1258 838 1645 420 838
internal_count=13604 12402 9110 8871 3292 3234 239 1197 2903 1258 838 1645 420 838
cat_boundaries=0 1 3 5 7
cat_threshold=1610629120 69273225 36352 2281832448 132 520 33280
is_linear=0
shrinkage=0.05


Tree=29
num_leaves=15
num_cat=4
split_feature=0 0 6 0 0 4 4 4 4 4 6 4 4 4
split_gain=10.5794 1.77877 1.32488 0.404579 0.33743 0.316195 0.292995 0.422564 0.290923 0.293281 0.257766 0.263221 0.243677 0.230401
threshold=0 1 1.5022573144106934 2 3 2.1583333333333337 8.9916666666666689 11.075000000000001 10.075000000000001 4.5666666666666673 1.4647778729936263 10.29166666666667 12.991666666666669 10.441666666666668
decision_type=9 9 2 9 9 2 2 2 2 2 2 2 2 2
left_child=-1 3 4 8 -3 -5 -7 13 9 -2 11 -10 -9 -8
right_child=1 2 -4 5 -6 6 7 12 10 -11 -12 -13 -14 -15
leaf_value=0.0026274441406368976 -0.00039477450366653391 0.00081835538228661273 0.014067253100931806 -0.005022846326238152 6.2462079028065707e-05 0.00056470841852975634 -0.0031610470733483553 0.0010063231072484676 -0.0036108920862218414 0.00087683073988734323 0.0019743490149496949 -0.00045284737059511231 -0.001484841425758363 -0.0058647807722296413
leaf_weight=1161 235 2123 197 73 5559 230 109 113 41 462 48 1936 1320 41
leaf_count=1161 235 2123 197 73 5559 230 109 113 41 462 48 1936 1320 41
internal_value=0.000413248 -1.3203e-05 0.000443022 -0.000792551 0.000339755 -0.00135549 -0.00123276 -0.00147505 -0.000398975 0.000480631 -0.000703704 -0.000791603 -0.00121075 -0.004
internal_weight=13648 12487 7879 4608 7682 1886 1813 1583 2722 697 2025 1977 1433 150
internal_count=13648 12487 7879 4608 7682 1886 1813 1583 2722 697 2025 1977 1433 150
cat_boundaries=0 1 3 5 7
cat_threshold=1610629120 2164361 35352 65536 2072 134348800 132
is_linear=0
shrinkage=0.05


Tree=30
num_leaves=15
num_cat=1
split_feature=7 3 6 2 4 4 4 4 4 4 4 4 1 4
split_gain=10.0021 1.80492 1.03352 0.80262 0.471757 0.403183 0.319654 0.505484 0.292876 0.274235 0.456175 0.265492 0.235668 0.268841
threshold=1.0000000180025095e-35 31.050000000000004 1.7292853869062212 67.300000000000026 6.9750000000000005 22.166666666666668 2.6583333333333337 1.0083333333333335 20.883333333333336 19.875000000000004 19.19166666666667 0.67500000000000016 0 9.3750000000000018
decision_type=2 2 2 2 2 2 2 2 2 2 2 2 1 2
left_child=1 2 6 -2 -4 8 7 -1 9 10 11 -3 -8 -14
right_child=3 5 4 -5 -6 -7 12 -9 -10 -11 -12 -13 13 -15
leaf_value=0.00085085372029658339 0.002489703766665147 0.0045243409968191628 -0.00043494930845534575 1.523447957122448e-05 0.018813611995609072 -0.0033224066389383571 0.00073607784216894907 -0.0011102926601754205 0.0012477093735702941 -0.0014093584551603251 0.0029451840936667254 -0.0011469596174883436 0.00061825551708912267 0.00013710481927724978
leaf_weight=191 1187 44 40 75 187 59 230 228 82 58 84 2585 1419 7158
leaf_count=191 1187 44 40 75 187 59 230 228 82 58 84 2585 1419 7158
internal_value=0.000442871 1.01094e-05 0.000345393 0.00468304 0.00367841 -0.0010783 0.000263386 -0.00108592 -0.000993691 -0.00108084 -0.00100811 -0.001124 0.000327581 0.000283568
internal_weight=13627 12365 9453 1262 227 2912 9226 419 2853 2771 2713 2629 8807 8577
internal_count=13627 12365 9453 1262 227 2912 9226 419 2853 2771 2713 2629 8807 8577
cat_boundaries=0 1
cat_threshold=8
is_linear=0
shrinkage=0.05


Tree=31
num_leaves=15
num_cat=4
split_feature=0 6 0 0 4 4 4 4 4 4 4 0 5 4
split_gain=10.8076 1.48345 1.42153 0.618552 0.413169 0.239608 0.561758 0.452925 0.386848 0.359763 0.34785 0.326532 0.737258 0.263648
threshold=0 1.5022573144106934 1 2 4.5666666666666673 17.008333333333336 13.008333333333335 12.858333333333336 15.258333333333335 18.058333333333337 16.841666666666672 3 3.5000000000000004 14.908333333333335
decision_type=9 2 9 9 2 2 2 2 2 2 2 9 2 2
left_child=-1 2 -2 5 -3 6 7 -4 13 -7 11 12 -10 -8
right_child=1 4 3 -5 -6 9 8 -9 10 -11 -12 -13 -14 -15
leaf_value=0.0023715867454354891 -0.0018069030867520091 -0.00041320184303257905 0.00079151513221483068 -0.0001159383033879792 0.011260174310657544 0.0019966813730818577 -0.00043848013025979404 0.0040730577073611772 0.0017422510020128649 0.00037203630520504219 -0.00086786462045542823 0.0028080487701322662 -0.0020403552857068993 -0.0017044183226158213
leaf_weight=1181 1686 40 1400 7020 255 324 403 68 117 630 72 166 94 124
leaf_count=1181 1686 40 1400 7020 255 324 403 68 117 630 72 166 94 124
internal_value=0.000408689 -2.86081e-05 -0.000114012 0.000104526 0.00347458 0.000657277 0.000396891 0.00101499 -0.000532787 0.00133124 0.000545657 0.00115385 -0.00020362 -0.00145161
internal_weight=13580 12399 12104 10418 295 3398 2444 1468 976 954 449 377 211 527
internal_count=13580 12399 12104 10418 295 3398 2444 1468 976 954 449 377 211 527
cat_boundaries=0 1 3 5 7
cat_threshold=1610629120 2098696 33280 2349006864 65668 2214723584 4
is_linear=0
shrinkage=0.05


Tree=32
num_leaves=15
num_cat=3
split_feature=0 0 6 0 6 3 5 2 2 5 5 5 2 5
split_gain=10.7402 1.39438 0.948299 0.416942 0.402494 0.329158 0.235617 0.136029 0.106607 0.210933 0.12526 0.353606 0.126526 0.108834
threshold=0 1 1.5022573144106934 2 1.4599319601943472 44.050000000000004 2.5000000000000004 576.55000000000007 1189.6500000000003 2.5000000000000004 4.5000000000000009 3.5000000000000004 576.55000000000007 1.5000000000000002
decision_type=9 9 2 9 2 2 2 2 2 2 2 2 2 2
left_child=-1 4 3 8 5 -2 -6 -4 10 -10 11 13 -13 -3
right_child=1 2 7 -5 6 -7 -8 -9 9 -11 -12 12 -14 -15
leaf_value=0.0022449554083663506 -0.00021607201696816539 0.00067694512136808093 0.016466272410352752 5.1730792468907303e-05 -0.00019190813908100414 -0.001833179231483381 0.011383803300056877 0.0054048491207634945 0.0017597775926309193 0.00067548576212660052 0.0014150169100437631 -0.0005127136576247185 -0.0024338450286236712 0.0011192674623543564
leaf_weight=1174 3569 596 146 4683 43 1637 81 42 87 113 560 270 41 588
leaf_count=1174 3569 596 146 4683 43 1637 81 42 87 113 560 270 41 588
internal_value=0.00040719 -2.56696e-05 0.000431615 0.000337273 -0.000636704 -0.000704956 0.00217742 0.00393617 0.00089404 0.002 0.000790754 0.00055184 -0.000948553 0.000945946
internal_weight=13630 12456 7126 6938 5330 5206 124 188 2255 200 2055 1495 311 1184
internal_count=13630 12456 7126 6938 5330 5206 124 188 2255 200 2055 1495 311 1184
cat_boundaries=0 1 3 5
cat_threshold=1610629120 2164360 52761 134348800 65668
is_linear=0
shrinkage=0.05


Tree=33
num_leaves=15
num_cat=3
split_feature=0 0 6 0 4 4 4 4 4 5 2 5 5 5
split_gain=10.4569 1.49822 0.743094 0.523345 0.475462 0.478248 0.455691 0.730801 0.395022 0.450509 0.436037 0.350018 0.31556 0.455058
threshold=0 1 1.3560995056197489 2 23.208333333333336 21.491666666666671 2.1583333333333337 1.0083333333333335 19.808333333333337 3.5000000000000004 128.05000000000004 3.5000000000000004 2.5000000000000004 1.0000000180025095e-35
decision_type=9 9 2 9 2 2 2 2 2 2 2 2 2 2
left_child=-1 2 6 -3 5 8 7 -2 -5 12 -11 -9 13 -10
right_child=1 3 -4 4 -6 -7 -8 11 9 10 -12 -13 -14 -15
leaf_value=0.0021548454050586531 0.00081354503593279455 -0.0017258487741663086 0.012817304307670523 -9.7391333861883048e-05 -0.0022049051051939539 0.0016890589480642129 0.00049718793395890323 -0.0004377264653857371 0.0006970168394815914 -0.0036105873029845578 -0.0015644867063736056 -0.0043764297094376625 0.0047208241240452803 -0.0019030783554212652
leaf_weight=1168 104 1190 178 5848 56 134 4569 50 46 45 71 46 49 55
leaf_count=1168 104 1190 178 5848 56 134 4569 50 46 45 71 46 49 55
internal_value=0.000455214 2.8512e-05 0.000703046 -0.000417111 -0.0002344 -0.000193662 0.000586077 -0.00175 -0.000258423 -0.00214286 -0.00448276 -0.00489583 -0.000333333 -0.00193069
internal_weight=13609 12441 4947 7494 6304 6248 4769 200 6114 266 116 96 150 101
internal_count=13609 12441 4947 7494 6304 6248 4769 200 6114 266 116 96 150 101
cat_boundaries=0 1 3 5
cat_threshold=1610629120 2282881040 82116 640 33280
is_linear=0
shrinkage=0.05


Tree=34
num_leaves=15
num_cat=6
split_feature=0 0 0 4 5 4 4 4 0 0 5 4 4 0
split_gain=11.0771 0.954894 0.374313 0.471617 0.42217 0.328023 0.593506 0.454635 0.375333 0.334297 0.503012 0.258871 0.489348 0.944729
threshold=0 1 2 18.458333333333336 2.5000000000000004 18.975000000000005 19.475000000000005 19.758333333333336 3 4 2.5000000000000004 17.008333333333336 14.908333333333335 5
decision_type=9 9 9 2 2 2 2 2 9 9 2 2 2 9
left_child=-1 5 3 -3 -5 8 -7 -8 -2 -9 -11 12 -4 -14
right_child=1 2 11 4 -6 6 7 9 -10 10 -12 -13 13 -15
leaf_value=0.0020389033179072646 -0.00073986895773048961 0.0013548051769748264 0.00021167584810417896 0.001747059895951007 -0.0012566240661348945 -0.0027088274507163111 0.0025130602982125615 0.00039976675126547493 -0.00011763843447950898 -0.0030300494555875138 -0.00068829519550221599 0.00064106630664526032 0.00066165428456531285 -0.0013617012318339328
leaf_weight=1196 1348 378 4000 52 61 122 91 114 2861 112 124 2236 392 590
leaf_count=1196 1348 378 4000 52 61 122 91 114 2861 112 124 2236 392 590
internal_value=0.00038276 -5.96428e-05 0.000284363 0.00160679 -0.00119469 -0.000614805 -0.00174956 -0.000895691 -0.000464481 -0.00171429 -0.00272358 0.000192308 -8.02872e-06 -0.00100815
internal_weight=13677 12481 7709 491 113 4772 563 441 4209 350 236 7218 4982 982
internal_count=13677 12481 7709 491 113 4772 563 441 4209 350 236 7218 4982 982
cat_boundaries=0 1 3 4 6 8 10
cat_threshold=1610629120 69273226 51736 134348800 66050 49664 514 16 0 162
is_linear=0
shrinkage=0.05


Tree=35
num_leaves=15
num_cat=6
split_feature=0 0 4 4 4 0 0 4 0 4 5 0 5 4
split_gain=10.3109 1.26762 0.358326 0.567074 0.444542 0.905099 0.540348 0.477345 0.388807 0.359245 0.481352 0.351089 0.59484 0.853188
threshold=0 1 2.1583333333333337 9.4416666666666682 16.475000000000005 2 3 14.908333333333335 4 1.0083333333333335 2.5000000000000004 5 3.5000000000000004 15.525000000000002
decision_type=9 9 2 2 2 9 9 2 9 2 2 9 2 2
left_child=-1 -2 9 8 5 -5 -6 -7 -4 10 -3 12 -9 -14
right_child=1 2 3 4 6 7 -8 11 -10 -11 -12 -13 13 -15
leaf_value=0.001935466255911733 -0.00029582644315200946 -0.001700290824938523 0.00021326987951206591 0.0024786912909632672 -0.00077450629287513972 3.4628620592592082e-06 0.00087825147405568016 -0.00029555764327647284 0.002833933180956821 -0.0017510502596445585 0.0034972750394036468 -0.00024205523305525633 -0.0040573145634751262 -0.0015093103538004844
leaf_weight=1169 6988 40 376 292 161 1499 1784 123 586 122 76 297 42 50
leaf_count=1169 6988 40 376 292 161 1499 1784 123 586 122 76 297 42 50
internal_value=0.000446527 2.24974e-05 0.000593624 0.000681382 0.000433145 -3.69082e-05 0.000989717 -0.00041811 0.00177755 -0.00130252 0.000689655 -0.00173828 -0.00322222 -0.00641304
internal_weight=13605 12436 5448 5210 4248 2303 1945 2011 962 238 116 512 215 92
internal_count=13605 12436 5448 5210 4248 2303 1945 2011 962 238 116 512 215 92
cat_boundaries=0 1 3 5 7 9 11
cat_threshold=1610629120 2097674 36411 134218768 65536 134218768 65536 2282815505 16384 67108864 68
is_linear=0
shrinkage=0.05


Tree=36
num_leaves=15
num_cat=4
split_feature=0 0 6 0 4 6 4 2 4 4 4 3 4 0
split_gain=10.393 1.41558 0.710292 0.605523 0.496089 0.318011 0.304368 0.544662 0.29099 0.379431 0.267664 0.268247 0.297214 0.241914
threshold=0 1 1.3560995056197489 2 10.008333333333335 1.3766220136373084 22.975000000000005 585.60000000000002 9.3750000000000018 17.008333333333336 18.058333333333337 11.050000000000002 18.975000000000005 3
decision_type=9 9 2 9 2 2 2 2 2 2 2 2 2 9
left_child=-1 5 3 -3 -4 8 -5 -8 -2 13 -11 -12 -13 -10
right_child=1 2 4 6 -6 -7 7 -9 9 10 11 12 -14 -15
leaf_value=0.0018405782369452452 0.0013430387448553865 -0.0021414746541951551 -0.00026621267533064426 -0.00012716737421036826 0.0079224807241017169 0.015223775366515794 -4.8054561114932795e-06 -0.0035339177126967945 0.0011179047569533612 0.0016525145484536257 -0.00056698928530924439 -0.0001790790131392779 0.0022113528640489008 -4.7161262012878372e-05
leaf_weight=1171 671 1159 74 7466 170 87 68 40 330 324 200 102 323 1434
leaf_count=1171 671 1159 74 7466 170 87 68 40 330 324 200 102 323 1434
internal_value=0.000432851 7.22446e-06 -0.000324357 -0.000399061 0.00233607 0.000863258 -0.000234704 -0.00287037 0.000789007 0.000558423 0.00136459 0.00076 0.00147059 0.000124717
internal_weight=13619 12448 8977 8733 244 3471 7574 108 3384 2713 949 625 425 1764
internal_count=13619 12448 8977 8733 244 3471 7574 108 3384 2713 949 625 425 1764
cat_boundaries=0 1 3 5 7
cat_threshold=1610629120 2349006849 65668 640 33280 134348800 65536
is_linear=0
shrinkage=0.05


Tree=37
num_leaves=15
num_cat=5
split_feature=0 0 0 4 4 4 0 4 5 5 4 2 0 4
split_gain=10.316 1.04033 0.493587 0.356284 0.266559 0.44593 0.37577 0.684687 0.378155 0.372856 0.322561 0.638082 0.312714 0.318176
threshold=0 1 2 23.208333333333336 4.8750000000000009 9.7083333333333339 3 18.175000000000004 1.0000000180025095e-35 5.5000000000000009 11.008333333333335 27.700000000000003 4 6.6916666666666673
decision_type=9 9 9 2 2 2 9 2 2 2 2 2 9 2
left_child=-1 2 -2 -4 9 12 7 8 -7 -3 11 -8 -6 -14
right_child=1 4 3 -5 5 6 10 -9 -10 -11 -12 -13 13 -15
leaf_value=0.0017388582024816302 -0.0018493742751093658 -0.00044167075019640035 -0.00013834580015839069 -0.0019118159236942525 0.0013358471358210879 -0.00099491921311443163 -0.001388861353513283 -0.00026910086216833118 0.00072877361481243821 0.0013975631144909888 0.00032651118820242801 -0.00012148479395721688 0.00089791888001605367 6.8024510775316355e-05
leaf_weight=1169 1260 428 5277 47 450 49 79 157 291 68 3517 394 56 375
leaf_count=1169 1260 428 5277 47 450 49 79 157 291 68 3517 394 56 375
internal_value=0.000402805 -2.08699e-05 -0.000451926 -0.00023997 0.000463058 0.000566319 0.000364386 0.00164694 0.00294118 -0.000645161 0.0002 -0.00102537 0.00159478 0.000578231
internal_weight=13617 12448 6584 5324 5864 5368 4487 497 340 496 3990 473 881 431
internal_count=13617 12448 6584 5324 5864 5368 4487 497 340 496 3990 473 881 431
cat_boundaries=0 1 3 5 7 9
cat_threshold=1610629120 3147275 35385 514 33280 134348816 16384 0 16580
is_linear=0
shrinkage=0.05


Tree=38
num_leaves=15
num_cat=3
split_feature=0 0 6 4 4 5 3 0 4 4 4 3 5 4
split_gain=10.282 0.959798 1.08911 0.342225 0.393765 0.556693 0.451659 0.340434 0.318867 0.428098 0.286652 0.588877 0.476354 0.491864
threshold=0 1 1.3225635810616778 2.1583333333333337 1.0083333333333335 2.5000000000000004 11.750000000000002 2 18.175000000000004 15.375000000000002 11.525000000000002 12.000000000000002 1.5000000000000002 13.375000000000002
decision_type=9 9 2 2 2 2 2 9 2 2 2 2 2 2
left_child=-1 -2 3 4 6 -6 -3 8 9 10 -5 12 -12 -14
right_child=1 2 -4 7 5 -7 -8 -9 -10 -11 11 -13 13 -15
leaf_value=0.0016544776959499241 -0.00025747357449412581 0.0020122035997768178 0.01222641094913233 0.00095471529145570448 6.2652585038400641e-05 -0.0032886404078523337 -0.001607835004150987 9.3834340770974491e-05 -0.00013080368808702565 0.0017110747032526342 -0.0038401435792652415 0.0020154560876622556 -0.0010049777840523341 0.00106406375146991
leaf_weight=1178 6825 62 187 395 46 70 50 3976 268 311 63 71 74 81
leaf_count=1178 6825 62 187 395 46 70 50 3976 268 311 63 71 74 81
internal_value=0.000386981 -3.64319e-05 0.000444915 0.000317359 -0.00157895 -0.00362069 0.000535714 0.000399886 0.00111155 0.00153266 0.000833334 -0.000363322 -0.00165138 -0.00016129
internal_weight=13657 12479 5654 5467 228 116 112 5239 1263 995 684 289 218 155
internal_count=13657 12479 5654 5467 228 116 112 5239 1263 995 684 289 218 155
cat_boundaries=0 1 3 5
cat_threshold=1610629120 2163211 36410 134348816 128
is_linear=0
shrinkage=0.05


Tree=39
num_leaves=15
num_cat=0
split_feature=7 6 2 3 4 4 4 4 4 2 2 5 4 4
split_gain=9.70114 0.840669 0.673316 0.649107 0.482735 0.38487 0.338325 0.336056 0.303452 0.327516 0.410042 0.272708 0.257735 1.3861
threshold=1.0000000180025095e-35 1.5022573144106934 67.300000000000026 42.300000000000004 4.8750000000000009 0.67500000000000016 2.8916666666666671 22.166666666666668 9.4416666666666682 26.300000000000004 560.05000000000007 3.5000000000000004 8.3250000000000011 7.8583333333333343
decision_type=2 2 2 2 2 2 2 2 2 2 2 2 2 2
left_child=1 3 -2 6 -3 -5 -1 -7 9 11 -11 -8 13 -12
right_child=2 4 -4 5 -6 7 8 -9 -10 10 12 -13 -14 -15
leaf_value=-0.00053473333432767906 0.0015674497598570148 -0.0014223954918938047 2.842703325858761e-05 0.0055316602308532279 0.010167554593410059 -0.00063308241692083085 0.00021929529457268761 -0.0024892538884914448 2.6356727700072071e-06 0.0015242735850151685 0.00012142257526121378 -0.0035796473649631145 0.00096940316449524531 -0.0028901401927326096
leaf_weight=430 1173 40 84 44 252 2721 68 57 7349 1056 136 61 97 40
leaf_count=430 1173 40 84 44 252 2721 68 57 7349 1056 136 61 97 40
internal_value=0.000377719 -4.8174e-05 0.00456245 -0.000112364 0.00260274 -0.000776045 9.03975e-05 -0.000849532 0.000157261 0.000816187 0.00104966 -0.00158915 -0.000677655 -0.00181818
internal_weight=13608 12351 1257 12059 292 2822 9237 2778 8807 1458 1329 129 273 176
internal_count=13608 12351 1257 12059 292 2822 9237 2778 8807 1458 1329 129 273 176
is_linear=0
shrinkage=0.05


Tree=40
num_leaves=15
num_cat=5
split_feature=0 0 5 6 0 2 0 5 6 0 5 2 2 5
split_gain=9.75087 1.06869 0.594018 0.542661 0.503199 0.436405 0.417747 0.55124 0.310462 0.347513 0.170788 0.193073 0.153053 0.148177
threshold=0 1 1.5000000000000002 1.5022573144106934 2 1189.6500000000003 3 1.0000000180025095e-35 1.4599319601943472 4 5.5000000000000009 1382.5000000000002 1382.5000000000002 1.5000000000000002
decision_type=9 9 2 2 9 2 9 2 2 9 2 2 2 2
left_child=5 2 6 4 13 -1 7 12 9 10 -4 -12 -2 -3
right_child=1 3 8 -5 -6 -7 -8 -9 -10 -11 11 -13 -14 -15
leaf_value=0.0015041375883903031 0.00047078296541508755 0.00048841720907380883 0.00027395234419180266 0.010434299391432245 0.00064601376497574223 0.0010396233727648109 -0.00039186182790367191 -0.0023831349842726845 0.007045793573514406 -0.00094822305116617437 0.00023034070943364602 -0.0024592535088895778 -0.00089829005993409875 -9.5435166465405273e-05
leaf_weight=1185 129 1477 1577 197 2365 207 674 306 60 1161 231 136 150 3794
leaf_count=1185 129 1477 1577 197 2365 207 674 306 60 1161 231 136 150 3794
internal_value=0.000479522 2.73092e-05 -0.000593144 0.000378044 0.000311682 0.00442939 -0.00151311 -0.00247899 -0.000229068 -0.000297906 0.00011259 -0.00085831 -0.000913978 3.88186e-05
internal_weight=13649 12257 4424 7833 7636 1392 1259 585 3165 3105 1944 367 279 5271
internal_count=13649 12257 4424 7833 7636 1392 1259 585 3165 3105 1944 367 279 5271
cat_boundaries=0 1 3 5 7 9
cat_threshold=1610760192 3147400 52744 2147483664 65651 640 34824 3145856 2056
is_linear=0
shrinkage=0.05


Tree=41
num_leaves=15
num_cat=5
split_feature=0 0 4 4 0 4 4 0 4 5 4 5 0 4
split_gain=9.32605 0.720162 0.266345 0.607631 0.234506 0.731472 0.33372 0.233342 0.378553 0.401639 0.315796 0.255757 0.232347 0.433908
threshold=0 1 14.908333333333335 14.575000000000001 2 16.158333333333335 17.675000000000004 3 9.5083333333333346 3.5000000000000004 18.175000000000004 2.5000000000000004 4 10.208333333333334
decision_type=9 9 2 2 9 2 2 9 2 2 2 2 9 2
left_child=-1 2 3 12 5 -4 -7 8 9 -3 -10 -12 13 -2
right_child=1 7 4 -5 -6 6 -8 -9 10 -11 11 -13 -14 -15
leaf_value=0.0014128141958741792 0.00072253030303890884 0.00037971724473677545 -0.0044140469550584139 0.0025234254031586377 -0.00052854466775990264 0.0030813318704338219 -0.00063434578697095588 0.00021503722400257271 0.00063125374817677934 -0.0006532503292732485 0.001532404973495622 -0.000747802361023936 -4.8635252356020464e-05 -0.0011314630112172405
leaf_weight=1188 81 61 63 92 2316 107 194 6455 322 61 57 70 2446 97
leaf_count=1188 81 61 63 92 2316 107 194 6455 322 61 57 70 2446 97
internal_value=0.000411462 4.82644e-06 -0.000429153 -8.10013e-05 -0.000783582 -0.00195187 -0.000980066 0.000338261 0.00129948 -0.00114754 0.00199332 -0.00011811 -0.000221036 -0.00191489
internal_weight=13610 12422 5396 2716 2680 364 301 7026 571 122 449 127 2624 178
internal_count=13610 12422 5396 2716 2680 364 301 7026 571 122 449 127 2624 178
cat_boundaries=0 1 3 5 7 8
cat_threshold=1610629120 69272202 36377 67108864 1025 134348800 16384 2163200
is_linear=0
shrinkage=0.05


Tree=42
num_leaves=15
num_cat=4
split_feature=0 0 6 4 4 0 4 0 4 4 5 4 4 5
split_gain=9.29098 0.773931 0.98352 0.240467 0.348493 0.342982 0.505062 0.284552 0.499944 0.461867 0.381882 0.252747 0.536109 0.431479
threshold=0 1 1.7981909629808028 2.8916666666666671 3.2583333333333337 2 1.7500000000000002 3 19.908333333333335 4.0083333333333337 2.5000000000000004 14.841666666666669 15.741666666666669 4.5000000000000009
decision_type=9 9 2 2 2 9 2 9 2 2 2 2 2 2
left_child=-1 -2 3 5 -5 -3 -7 8 -6 -9 -10 13 -13 -11
right_child=1 2 -4 4 7 6 -8 9 10 11 -12 12 -14 -15
leaf_value=0.0013452616049783594 -0.00032725847741270142 0.002175695453294334 0.017171399624403321 0.0035610228668043007 0.00085018201648801202 -0.00080775307276194645 -0.0015452742287859708 -0.0028665378720434472 0.0013065350796303778 4.145914077314089e-05 -0.0021856696878263505 -0.0010920646464989126 6.3179569642647505e-05 0.0016708838370736697
leaf_weight=1170 4944 109 181 57 1111 170 82 73 58 1838 60 347 2685 751
leaf_count=1170 4944 109 181 57 1111 170 82 73 58 1838 60 347 2685 751
internal_value=0.000335876 -6.5726e-05 0.000253585 0.000164147 0.000229227 -0.00109418 -0.00206107 0.000197169 0.000883777 4.73354e-05 -0.00220339 9.87371e-05 -0.000211082 0.000461568
internal_weight=13636 12466 7522 7341 6980 361 252 6923 1229 5694 118 5621 3032 2589
internal_count=13636 12466 7522 7341 6980 361 252 6923 1229 5694 118 5621 3032 2589
cat_boundaries=0 1 3 5 7
cat_threshold=1610629120 67109515 52747 2147483664 20 134349824 128
is_linear=0
shrinkage=0.05


Tree=43
num_leaves=15
num_cat=6
split_feature=0 0 6 0 5 5 0 0 6 6 0 2 5 3
split_gain=8.92753 0.772601 0.58397 0.22951 0.174102 0.190967 0.497161 0.283336 0.170534 0.203957 0.159842 0.0970496 0.084669 0.129694
threshold=0 1 1.7981909629808028 2 3.5000000000000004 5.5000000000000009 3 4 2.5947191574750361 1.9979644026864869 5 67.300000000000026 1.5000000000000002 18.750000000000004
decision_type=9 9 2 9 2 2 9 9 2 2 9 2 2 2
left_child=-1 2 4 -3 10 7 11 -6 9 -5 12 -7 13 -2
right_child=1 3 -4 8 5 6 -8 -9 -10 -11 -12 -13 -14 -15
leaf_value=0.0012956266007520313 0.00053991720473635331 -0.001296272137132016 0.02360787419713762 -0.00012154610922298765 -0.0008165369067024543 0.00061426613093973955 -3.4541179044847233e-05 0.00010226311161218411 0.015039691052492069 -0.0012608116779241226 0.00017074283093211829 0.00096932424150070532 0.00098463359021619531 0.0024945730163693333
leaf_weight=1179 546 1356 126 5497 512 107 471 1062 46 47 1765 166 672 94
leaf_count=1179 546 1356 126 5497 512 107 471 1062 46 47 1765 166 672 94
internal_value=0.000397919 2.80535e-06 0.000443862 -0.000347901 0.00036608 3.88268e-05 0.000698925 -0.000273189 -0.000205357 -0.00023088 0.00061261 0.00234982 0.00102874 0.000625
internal_weight=13646 12467 5521 6946 5395 2318 744 1574 5590 5544 3077 273 1312 640
internal_count=13646 12467 5521 6946 5395 2318 744 1574 5590 5544 3077 273 1312 640
cat_boundaries=0 1 3 5 7 9 11
cat_threshold=1610629120 2281899009 82118 650 33280 65536 81926 1024 6 134349825 132
is_linear=0
shrinkage=0.05


Tree=44
num_leaves=15
num_cat=6
split_feature=0 0 6 5 0 0 5 5 6 5 0 5 0 5
split_gain=8.99983 0.585198 0.407076 0.266344 0.178589 0.157722 0.146265 0.149847 0.137363 0.132107 0.165415 0.130263 0.373309 0.280268
threshold=0 1 1.7981909629808028 3.5000000000000004 2 3 3.5000000000000004 2.5000000000000004 2.1515097675933066 4.5000000000000009 4 2.5000000000000004 5 4.5000000000000009
decision_type=9 9 2 2 9 9 2 2 2 2 9 2 9 2
left_child=-1 4 5 -4 6 9 7 -2 11 -3 -11 12 -6 -13
right_child=1 2 3 -5 8 -7 -8 -9 -10 10 -12 13 -14 -15
leaf_value=0.0012088368446535492 -0.001183904817072573 0.00012209929699540372 0.0032309889468764698 0.02436197716587362 -0.00028123164084648829 0.00027621581717350135 -0.0021269316449033559 0.0021620683071372523 0.0099857988591250339 0.00091496113385337158 -0.0004014934969536809 -0.00078095935326343111 0.00051501768271764912 0.00015168479350432835
leaf_weight=1202 394 3471 85 73 513 2416 406 115 54 220 1141 1198 1259 1093
leaf_count=1202 394 3471 85 73 513 2416 406 115 54 220 1141 1198 1259 1093
internal_value=0.000392229 -8.83657e-06 0.000273733 0.00278481 -0.000424435 0.000219371 -0.00105405 -0.000500982 -0.000282287 5.3697e-05 -0.000363703 -0.000316269 5.64353e-06 -0.000565255
internal_weight=13640 12438 7406 158 5032 7248 915 509 4117 4832 1361 4063 1772 2291
internal_count=13640 12438 7406 158 5032 7248 915 509 4117 4832 1361 4063 1772 2291
cat_boundaries=0 1 3 5 7 9 11
cat_threshold=1610629120 2163226 34360 520 512 1048576 67655 0 4 16 32776
is_linear=0
shrinkage=0.05


Tree=45
num_leaves=15
num_cat=5
split_feature=0 0 6 0 4 4 4 4 4 0 5 0 5 4
split_gain=8.26999 0.686414 0.739743 0.220236 0.200221 0.564476 0.535011 0.351411 0.612127 0.649558 0.498023 0.468585 0.354268 0.298659
threshold=0 1 1.7292853869062212 2 4.0083333333333337 9.4416666666666682 3.5666666666666669 16.475000000000005 14.908333333333335 3 3.5000000000000004 4 5.5000000000000009 13.641666666666667
decision_type=9 9 2 9 2 2 2 2 2 9 2 9 2 2
left_child=-1 -2 3 -3 6 -6 -5 8 11 -10 -11 13 -9 -7
right_child=1 2 -4 4 5 7 -8 12 9 10 -12 -13 -14 -15
leaf_value=0.0011544812372511648 -0.00034263941602966411 0.00077867413538057007 0.013763560671870696 -1.452836532451536e-05 0.00066838435988070656 0.00078356199932040236 -0.0025396435570062201 0.00073194332288946526 -6.0493174023974218e-05 -0.00063932309619122221 -0.0032574067200761211 -0.00020182784483202673 -0.00066013656201403099 0.0017647266370097862
leaf_weight=1166 5421 718 174 367 854 506 58 1845 348 171 124 1453 286 172
leaf_count=1166 5421 718 174 367 854 506 58 1845 348 171 124 1453 286 172
internal_value=0.000396326 1.87897e-05 0.00034293 0.000262243 0.000164676 0.00024223 -0.000882353 3.56781e-05 -0.000335256 -0.0016874 -0.00336066 7.2736e-05 0.000518536 0.00114826
internal_weight=13663 12497 7076 6902 6184 5759 425 4905 2774 643 295 2131 2131 678
internal_count=13663 12497 7076 6902 6184 5759 425 4905 2774 643 295 2131 2131 678
cat_boundaries=0 1 3 5 7 9
cat_threshold=1610629120 2097811 35354 201457664 65536 2148597760 160 1024 1089
is_linear=0
shrinkage=0.05


Tree=46
num_leaves=15
num_cat=6
split_feature=0 0 6 0 5 5 5 5 0 5 0 0 6 5
split_gain=7.85378 0.58551 0.548426 0.171915 0.190036 0.482458 0.139684 0.14243 0.558045 0.329925 0.409899 0.335301 0.252874 0.224986
threshold=0 1 2.5947191574750361 2 4.5000000000000009 2.5000000000000004 5.5000000000000009 1.5000000000000002 3 1.0000000180025095e-35 4 5 1.7755748620751304 1.0000000180025095e-35
decision_type=9 9 2 9 2 2 2 2 9 2 9 9 2 2
left_child=-1 6 3 -3 5 -5 7 8 13 11 -11 -10 -9 -2
right_child=1 2 -4 4 -6 -7 -8 12 9 10 -12 -13 -14 -15
leaf_value=0.0011014683311398987 2.5873087064875744e-06 2.5362386967382002e-05 0.032818976810083826 0.00054925523591519809 0.0005546629955268202 -0.00031474255786728672 -0.0010497523325889485 -0.00018542188762313118 0.00097597462239209479 -0.00027578287527390741 -0.0025326776768591452 -0.0013305526097668286 0.0080868988770762869 0.0019666667263928293
leaf_weight=1167 156 5052 61 1104 687 720 664 2722 201 281 274 338 56 146
leaf_count=1167 156 5052 61 1104 687 720 664 2722 201 281 274 338 56 146
internal_value=0.000373835 4.81096e-06 0.000277705 0.000239984 0.000577152 0.0003125 -0.000424917 -0.000318639 -0.000730659 -0.00125 -0.00211712 -0.000380334 -0.000111591 0.00115385
internal_weight=13629 12462 7624 7563 2511 1824 4838 4174 1396 1094 555 539 2778 302
internal_count=13629 12462 7624 7563 2511 1824 4838 4174 1396 1094 555 539 2778 302
cat_boundaries=0 1 3 5 7 9 11
cat_threshold=1610629120 3212939 33305 2214592512 3170 1026 16 1114112 513 2097153 8
is_linear=0
shrinkage=0.05


Tree=47
num_leaves=15
num_cat=4
split_feature=0 0 6 4 4 4 0 4 4 0 4 3 4 4
split_gain=7.09566 0.900111 0.562897 0.382358 0.305809 0.271635 0.517192 0.352782 0.341257 0.287787 0.314459 0.46875 0.385649 0.565174
threshold=0 1 2.0154586348681138 20.008333333333336 16.475000000000005 20.008333333333336 2 19.708333333333336 20.525000000000002 3 3.2583333333333337 20.000000000000004 9.2416666666666689 10.725000000000001
decision_type=9 9 2 2 2 2 9 2 2 9 2 2 2 2
left_child=3 2 4 -1 -2 7 -7 9 -8 10 11 -3 -12 -14
right_child=1 5 -4 -5 -6 6 8 -9 -10 -11 12 -13 13 -15
leaf_value=0.0010489853241971382 0.00017057637925644667 -0.0023121902473251911 0.026593839711655316 0.00024565719053132318 0.00080506036245093615 0.001132168405509617 -0.0035233027428170347 0.001538707887488365 -0.00062426150513130081 1.5292938385847029e-05 0.00091981133241043369 -0.0027402374469920159 -0.002158314394025653 -0.00048803353369254282
leaf_weight=1106 3423 40 93 67 1652 104 48 133 255 4331 299 120 228 1729
leaf_count=1106 3423 40 93 67 1652 104 48 133 255 4331 299 120 228 1729
internal_value=0.000454212 0.000102287 0.000606412 0.00415469 0.000536946 -0.000255584 -0.00151106 -0.000181686 -0.00250799 -0.000231955 -0.000667766 -0.0028125 -0.000518617 -0.000774144
internal_weight=13628 12455 5168 1173 5075 7287 407 6880 303 6747 2416 160 2256 1957
internal_count=13628 12455 5168 1173 5075 7287 407 6880 303 6747 2416 160 2256 1957
cat_boundaries=0 1 3 5 7
cat_threshold=1610629120 2281832576 16612 1049090 1 1049090 33288
is_linear=0
shrinkage=0.05


Tree=48
num_leaves=15
num_cat=5
split_feature=0 6 0 0 0 5 6 3 5 3 0 5 5 5
split_gain=7.14515 0.646783 0.576107 0.25605 0.187506 0.170782 0.166087 0.0873905 0.0870367 0.147535 0.0914732 0.110054 0.0796512 0.0680002
threshold=0 2.4586944599067744 1 2 3 1.0000000180025095e-35 1.3560995056197489 11.050000000000002 1.0000000180025095e-35 15.650000000000002 4 2.5000000000000004 4.5000000000000009 5.5000000000000009
decision_type=9 2 9 9 9 2 2 2 2 2 9 2 2 2
left_child=4 2 6 -4 -1 -6 8 -8 9 -2 11 -10 -7 -14
right_child=1 -3 3 -5 5 12 7 -9 10 -11 -12 -13 13 -15
leaf_value=0.001062874863127774 0.00049466505238098034 0.023614433611826125 -0.0010902642979911672 -0.00012403127591173934 0.00050702807085526358 0.00080649558924629776 0.0053580127187403117 0.0023208883649732297 0.0013100196187634102 0.0045161286742578643 6.7716252889440454e-05 0.0001929887531795299 0.0007383817839099416 0.0013276079736474324
leaf_weight=521 609 115 1452 5750 77 369 47 49 56 73 4147 111 95 112
leaf_count=521 609 115 1452 5750 77 369 47 49 56 73 4147 111 95 112
internal_value=0.000317677 -3.66372e-05 -7.15794e-05 -0.000359123 0.00402872 0.00326546 0.000335163 0.00239583 0.000296237 0.000821115 0.000213259 0.00132768 0.00361111 0.00282609
internal_weight=13583 12409 12294 7202 1174 653 5092 96 4996 682 4314 167 576 207
internal_count=13583 12409 12294 7202 1174 653 5092 96 4996 682 4314 167 576 207
cat_boundaries=0 1 3 5 6 7
cat_threshold=1610629120 2281832449 65734 67109522 33280 1073758208 131072
is_linear=0
shrinkage=0.05


Tree=49
num_leaves=15
num_cat=4
split_feature=0 6 0 4 4 5 5 5 4 4 0 0 4 4
split_gain=7.02853 0.57039 0.471295 1.02313 0.800896 0.580209 0.578571 0.487519 0.561846 0.592098 0.439228 0.350996 0.284212 0.279307
threshold=0 1.3560995056197489 1 20.008333333333336 20.525000000000002 2.5000000000000004 1.0000000180025095e-35 2.5000000000000004 11.008333333333335 10.441666666666668 2 3 20.625000000000004 7.8583333333333343
decision_type=9 2 9 2 2 2 2 2 2 2 9 9 2 2
left_child=12 2 3 7 -5 6 -6 13 9 -9 -3 -10 -1 -2
right_child=1 10 -4 4 5 -7 -8 8 11 -11 -12 -13 -14 -15
leaf_value=0.00094864646993264579 0.0019312475240479514 -0.00031055943732528587 0.00011497284734416334 -0.003596418847871978 0.00091578226425231889 0.00065898987892033616 -0.0019435341584340959 -0.0012037525044134574 -0.0027693449078886271 -0.0028342861797830813 0.011149120203584779 0.00022881647543405829 0.00020973871835596272 7.0777715551039892e-05
leaf_weight=1111 207 117 7747 40 40 107 72 598 397 71 222 1265 58 1545
leaf_count=1111 207 117 7747 40 40 107 72 598 397 71 222 1265 58 1545
internal_value=0.000377657 2.73358e-05 -2.93654e-05 -0.000445772 -0.00349421 -0.00230594 -0.00482143 -0.00025349 -0.000727156 -0.00195067 0.00205015 -0.000234657 0.00406701 0.000376713
internal_weight=13597 12428 12089 4342 259 219 112 4083 2331 669 339 1662 1169 1752
internal_count=13597 12428 12089 4342 259 219 112 4083 2331 669 339 1662 1169 1752
cat_boundaries=0 1 3 5 7
cat_threshold=1610629120 69207704 34323 1048576 2104 2097160 1024
is_linear=0
shrinkage=0.05


Tree=50
num_leaves=15
num_cat=4
split_feature=7 6 0 0 5 4 6 4 4 0 4 5 0 5
split_gain=6.51449 0.553325 0.408751 0.365535 0.284752 0.37146 0.214876 0.202143 0.78576 0.406955 0.361565 0.331599 0.327454 0.453507
threshold=1.0000000180025095e-35 1.5127994973200007 0 1 2.5000000000000004 10.008333333333335 1.9382400940955269 9.3750000000000018 8.1916666666666682 2 11.008333333333335 5.5000000000000009 3 5.5000000000000009
decision_type=2 2 9 9 2 2 2 2 2 9 2 2 9 2
left_child=1 2 -1 -2 5 -3 -6 8 11 -10 -9 -4 13 -12
right_child=3 4 7 -5 6 -7 -8 10 9 -11 12 -13 -14 -15
leaf_value=-0.00027504952279041418 0.00093742336696390767 -0.0023837183607662935 -8.98250137089517e-05 0.00047983803256473353 0.0052482808643693063 0.0040230959190624051 0.014277968857337545 -0.00062303744700521583 0.00071723343205749586 0.0023738466499716895 3.1219172494012218e-05 0.00095658250204688235 0.0006008417465445939 -0.0020341677336613777
leaf_weight=5135 512 41 862 739 45 76 123 776 232 274 2113 141 2264 326
leaf_count=5135 512 41 862 739 45 76 123 776 232 274 2113 141 2264 326
internal_value=0.000362033 1.53129e-05 -3.5882e-05 0.00380096 0.00219298 0.000299145 0.0035119 0.000212918 0.000725646 0.00233202 7.20936e-05 -8.47456e-05 0.000237083 -0.000165373
internal_weight=13659 12408 12123 1251 285 117 168 6988 1509 506 5479 1003 4703 2439
internal_count=13659 12408 12123 1251 285 117 168 6988 1509 506 5479 1003 4703 2439
cat_boundaries=0 2 3 5 7
cat_threshold=3147418 34353 1073758208 2281766912 2050 67108864 67784
is_linear=0
shrinkage=0.05


Tree=51
num_leaves=15
num_cat=1
split_feature=7 2 6 5 4 3 1 4 4 4 2 4 4 4
split_gain=6.31838 0.444975 0.404494 0.403515 0.309292 0.265506 0.248556 0.267717 0.222342 0.507666 0.504419 0.186696 0.253886 0.566305
threshold=1.0000000180025095e-35 67.300000000000026 1.7981909629808028 2.5000000000000004 20.008333333333336 11.750000000000002 0 18.975000000000005 22.975000000000005 23.375000000000004 325.55000000000007 21.491666666666671 20.008333333333336 20.358333333333338
decision_type=2 2 2 2 2 2 1 2 2 2 2 2 2 2
left_child=2 4 6 5 -2 -4 7 -1 11 -10 -11 12 -8 -14
right_child=1 -3 3 -5 -6 -7 8 -9 9 10 -12 -13 13 -15
leaf_value=0.00085532534283031848 0.00086800038988662912 5.0837804628869841e-06 0.015254172251324308 0.013063477453613817 0.00054641430875754487 -0.0029413169987893575 -1.5896434208302528e-05 -0.00066363178456814529 -0.0013939209998135135 0.0043636734370541596 -0.0021608367968974835 0.00087936106463110694 -0.002975177183659711 -0.00026645863604472374
leaf_weight=182 1086 84 41 133 72 51 11122 54 69 49 41 268 79 247
leaf_count=182 1086 84 41 133 72 51 11122 54 69 49 41 268 79 247
internal_value=0.000352777 0.00375201 1.05384e-05 0.00211111 0.00400691 -0.000434782 -2.84863e-05 0.00154472 -6.10011e-05 -0.00191824 0.000555556 -3.58482e-05 -6.6387e-05 -0.00144172
internal_weight=13578 1242 12336 225 1158 92 12111 236 11875 159 90 11716 11448 326
internal_count=13578 1242 12336 225 1158 92 12111 236 11875 159 90 11716 11448 326
cat_boundaries=0 1
cat_threshold=8
is_linear=0
shrinkage=0.05


Tree=52
num_leaves=15
num_cat=6
split_feature=0 6 0 0 4 4 0 0 4 4 4 0 4 4
split_gain=6.79751 0.431597 0.563709 0.329973 0.266967 0.252018 0.2516 0.182594 0.389282 0.154292 0.333165 0.594976 0.530454 0.484091
threshold=0 1.3560995056197489 1 2 22.975000000000005 11.525000000000002 3 4 18.975000000000005 3.058333333333334 9.9916666666666689 5 6.9750000000000005 6.1250000000000009
decision_type=9 2 9 9 2 2 9 9 2 2 2 9 2 2
left_child=6 3 5 4 -2 -3 -1 8 -5 -9 11 12 13 -11
right_child=1 2 -4 7 -6 -7 -8 9 -10 10 -12 -13 -14 -15
leaf_value=0.00088997215607030669 -0.0002306483348527112 -0.0024853937073082283 0.0091361899605727718 0.0009314827626903696 -0.0011444275079039092 0.0048537309115391867 0.00069863987982851498 -0.00020180855833769348 -0.00065944432479476457 -6.7766222887010187e-05 -1.1324762600853119e-05 0.0015136706529873555 0.00047287010708718175 -0.0029802261526410859
leaf_weight=513 5304 43 225 188 64 68 652 401 56 156 4885 617 458 41
leaf_count=513 5304 43 225 188 64 68 652 401 56 156 4885 617 458 41
internal_value=0.000300271 -4.15466e-05 0.00172619 -9.0386e-05 -0.000383042 -0.00119835 0.00393617 0.000140928 0.00145669 8.98297e-05 0.00015186 0.000872642 -0.00018797 -0.00236041
internal_weight=13671 12506 336 12170 5368 111 1165 6802 244 6558 6157 1272 655 197
internal_count=13671 12506 336 12170 5368 111 1165 6802 244 6558 6157 1272 655 197
cat_boundaries=0 1 3 5 6 7 9
cat_threshold=1610629120 1048576 2092 2164250 34327 1073758208 131200 2282749952 18464
is_linear=0
shrinkage=0.05


Tree=53
num_leaves=15
num_cat=5
split_feature=0 0 4 6 0 0 4 4 4 2 2 2 4 0
split_gain=6.02283 0.660796 0.480723 0.458615 0.389162 0.3202 0.304829 0.207083 0.491998 0.467274 0.208124 0.205938 0.184556 0.445378
threshold=0 1 20.008333333333336 2.2916436531882503 2 3 11.008333333333335 19.475000000000005 18.975000000000005 325.55000000000007 325.55000000000007 709.9000000000002 9.3750000000000018 4
decision_type=9 9 2 2 9 9 2 2 2 2 2 2 2 9
left_child=4 2 7 12 -1 -4 -6 8 -2 -10 -9 -12 13 -3
right_child=1 3 5 -5 6 -7 -8 10 9 -11 11 -13 -14 -15
leaf_value=0.00084387776115619952 -0.00013247863669038062 -3.5874546115735434e-05 0.00014641860148193527 0.020574088600336892 0.00055547713264870536 -0.0019573976409463707 0.00058967032019183175 0.004148020144300768 -0.0034119420170874515 -0.0012679903640692111 -0.00022852147847006693 0.0023416066075302717 0.00018481517397759368 0.00088823357641050699
leaf_weight=523 4977 564 127 92 232 192 432 70 50 113 47 77 5340 840
leaf_count=523 4977 564 127 92 232 192 432 70 50 113 47 77 5340 840
internal_value=0.000400702 7.56062e-05 -0.000324033 0.000406077 0.00378864 -0.00221003 0.00284866 -0.000211848 -0.000272373 -0.00297546 0.00139175 0.000161291 0.000358838 0.000868946
internal_weight=13676 12489 5653 6836 1187 319 664 5334 5140 163 194 124 6744 1404
internal_count=13676 12489 5653 6836 1187 319 664 5334 5140 163 194 124 6744 1404
cat_boundaries=0 1 3 4 6 8
cat_threshold=1610629120 69207562 36378 1073758208 514 2056 2282750096 32
is_linear=0
shrinkage=0.05


Tree=54
num_leaves=15
num_cat=5
split_feature=0 0 0 6 4 4 4 4 0 4 4 4 4 0
split_gain=6.24622 0.454387 0.397572 0.394141 0.321029 0.258698 0.330155 0.283692 0.265735 0.333671 0.247313 0.452866 0.29337 0.232801
threshold=0 1 2 2.2916436531882503 11.008333333333335 6.9750000000000005 8.0083333333333346 8.3250000000000011 3 4.2750000000000012 9.7083333333333339 11.008333333333335 12.925000000000002 4
decision_type=9 9 9 2 2 2 2 2 9 2 2 2 2 9
left_child=2 5 -1 -3 -4 8 -7 -8 9 -2 -9 -12 13 -13
right_child=1 3 4 -5 -6 6 7 10 -10 -11 11 12 -14 -15
leaf_value=0.00079447963579460941 0.0027736209526846647 0.00010741390167934945 0.00063378474004145431 0.013835611146009126 0.00056912873777385418 0.0011248015687317296 -0.0026369829020138082 0.00059885777325319753 -0.0024873715544364815 -0.0020415137259206352 -0.0014886650135424687 0.0025049094619813885 -0.00020988913697484609 -3.1259459104932673e-05
leaf_weight=524 73 9044 234 109 424 45 70 290 214 42 316 187 1888 179
leaf_count=524 73 9044 234 109 424 45 70 290 214 42 316 187 1888 179
internal_value=0.000325904 -5.21358e-06 0.00378356 0.000176253 0.00282934 -0.00050694 -0.000361344 -0.000426621 -0.00183891 0.0002 -0.00034965 -0.000505836 -0.00025732 0.00103825
internal_weight=13639 12457 1182 9153 658 3304 2975 2930 329 115 2860 2570 2254 366
internal_count=13639 12457 1182 9153 658 3304 2975 2930 329 115 2860 2570 2254 366
cat_boundaries=0 1 3 4 6 8
cat_threshold=1610629120 66178 17938 1073758208 130 16 0 514
is_linear=0
shrinkage=0.05


Tree=55
num_leaves=15
num_cat=4
split_feature=0 6 0 0 4 4 5 4 2 4 5 4 5 0
split_gain=6.17522 0.459553 0.458712 0.371253 0.307289 0.27356 0.283591 0.32372 0.253607 0.223982 0.183203 0.175392 0.762938 0.176525
threshold=0 2.1144066871268676 1 2 20.008333333333336 8.6416666666666675 5.5000000000000009 6.6916666666666673 709.9000000000002 17.541666666666671 3.5000000000000004 20.008333333333336 1.5000000000000002 3
decision_type=9 2 9 9 2 2 2 2 2 2 2 2 2 9
left_child=2 3 -1 5 -4 6 7 -2 -9 10 -3 13 -13 -7
right_child=1 9 4 -5 -6 11 -8 8 -10 -11 -12 12 -14 -15
leaf_value=0.00075569442731396883 -0.00032126257023526434 -0.002616106392951594 0.00068383994723871563 6.1651473538852346e-05 -8.0489857372498675e-05 -0.00062245423521283764 -0.0025896357076017266 -0.0017623540935019792 -0.00098634128202348698 0.015732254134822692 0.017924998330450932 -0.0020213697655287136 0.00057797834092409076 -0.00012240741228436769
leaf_weight=535 226 50 585 9599 63 330 42 43 54 61 55 44 81 1888
leaf_count=535 226 50 585 9599 63 330 42 43 54 61 55 44 81 1888
internal_value=0.000306093 -2.28309e-05 0.00374267 -5.80968e-05 0.00272036 -0.000573951 -0.00184931 -0.00134675 -0.00376289 0.00259036 0.00119048 -0.000377721 -0.0022 -0.000275022
internal_weight=13656 12473 1183 12307 648 2708 365 323 97 166 105 2343 125 2218
internal_count=13656 12473 1183 12307 648 2708 365 323 97 166 105 2343 125 2218
cat_boundaries=0 1 2 4 6
cat_threshold=1610629120 1073758208 3146384 50688 512 49152
is_linear=0
shrinkage=0.05


Tree=56
num_leaves=15
num_cat=0
split_feature=7 6 2 4 5 5 4 4 3 4 2 4 4 5
split_gain=5.03625 0.527382 0.4905 0.24095 0.351779 0.226246 0.225031 0.211015 0.388267 0.19893 0.348425 0.296646 0.196453 0.184007
threshold=1.0000000180025095e-35 2.4586944599067744 29.450000000000003 12.441666666666668 1.0000000180025095e-35 3.5000000000000004 9.3083333333333353 22.975000000000005 18.750000000000004 4.0083333333333337 1189.6500000000003 2.1583333333333337 14.708333333333334 2.5000000000000004
decision_type=2 2 2 2 2 2 2 2 2 2 2 2 2 2
left_child=1 7 -2 5 -5 -4 -7 9 -9 10 13 -12 -6 -1
right_child=2 -3 3 4 12 6 -8 8 -10 -11 11 -13 -14 -15
leaf_value=-0.0010950958585005865 0.0016925737915878482 0.014589174033230345 0.00056391418295889846 -0.00023411504722476662 0.00014473219326282212 0.00027337441175303645 0.0005206725894062364 0.0014128589909970541 -0.0024472401002386371 7.66912847457951e-05 0.0024508833159018538 -0.0019362255255760824 0.0005298294906029915 -0.00014041023934049967
leaf_weight=320 335 120 277 60 103 102 122 88 74 11216 89 45 253 414
leaf_count=320 335 120 277 60 103 102 122 88 74 11216 89 45 253 414
internal_value=0.000340726 3.47729e-05 0.00336262 0.00276445 0.001875 0.00350299 0.00232143 2.44997e-06 -0.00179012 2.64815e-05 -0.000702765 0.00164179 0.00247191 -0.00113079
internal_weight=13618 12366 1252 917 416 501 224 12246 162 12084 868 134 356 734
internal_count=13618 12366 1252 917 416 501 224 12246 162 12084 868 134 356 734
is_linear=0
shrinkage=0.05


Tree=57
num_leaves=15
num_cat=0
split_feature=7 2 6 2 2 3 5 4 4 3 4 4 2 2
split_gain=5.30278 0.507486 0.486796 0.263445 0.384755 0.235839 0.423423 0.677858 0.388997 0.589038 0.428393 0.343383 0.315234 0.294566
threshold=1.0000000180025095e-35 29.450000000000003 2.5947191574750361 67.300000000000026 41.350000000000009 19.250000000000004 1.5000000000000002 21.19166666666667 3.058333333333334 12.550000000000002 1.0083333333333335 18.125000000000004 5596.7500000000009 267.85000000000008
decision_type=2 2 2 2 2 2 2 2 2 2 2 2 2 2
left_child=2 -2 5 4 -3 8 7 -7 9 10 -1 12 -8 -12
right_child=1 3 -4 -5 -6 6 11 -9 -10 -11 13 -13 -14 -15
leaf_value=0.0013720149755303758 0.0015468804531356018 0.00048043918480118693 0.02014398857894209 3.7205764265125009e-06 0.00050085254068385097 -0.00076059295340514773 -0.00010795901404743276 -0.002136863214961504 0.00016863902159438922 -0.0021749012943114488 -0.0015521343027859525 0.0015394690134825318 -0.0028305306216879667 0.0020876731485227865
leaf_weight=153 342 640 82 80 187 1107 2494 45 7738 59 174 392 107 62
leaf_count=153 342 640 82 80 187 1107 2494 45 7738 59 174 392 107 62
internal_value=0.000253257 0.00335869 -5.92119e-05 0.0027398 0.00300484 -8.47456e-05 -0.000392038 -0.0012066 7.08529e-05 -0.00136161 -0.000655527 -7.85164e-05 -0.000286428 -0.00199153
internal_weight=13662 1249 12413 907 827 12331 4145 1152 8186 448 389 2993 2601 236
internal_count=13662 1249 12413 907 827 12331 4145 1152 8186 448 389 2993 2601 236
is_linear=0
shrinkage=0.05


Tree=58
num_leaves=15
num_cat=4
split_feature=0 0 6 0 6 6 4 4 0 4 5 4 5 4
split_gain=5.64222 0.694683 0.675478 0.530314 0.363857 0.445057 0.253317 0.464822 0.316241 0.402009 0.335022 0.301059 0.343724 0.343176
threshold=0 1 2.1144066871268676 2 2.0643809316102675 1.6027557735239222 3.058333333333334 9.4416666666666682 3 18.175000000000004 2.5000000000000004 10.508333333333335 3.5000000000000004 10.29166666666667
decision_type=9 9 2 9 2 2 2 2 9 2 2 2 2 2
left_child=3 2 6 -1 5 -3 -2 -8 9 -9 -11 13 -13 -10
right_child=1 4 -4 -5 -6 -7 7 8 11 10 -12 12 -14 -15
leaf_value=0.0006547514332160575 -0.00050816389714901063 -0.00020569556837471008 0.018865908001522734 0.0004703885104716906 -0.0019492130838208339 0.011358559518912114 0.001371840012316476 0.0011502840654538178 -0.00040681286397228233 0.0018210744744458366 -0.0011620315635750649 0.00070182150726302362 -0.00013539044520406872 -0.001679689513529276
leaf_weight=527 317 6493 101 654 74 40 851 278 291 51 59 2153 1678 69
leaf_count=527 317 6493 101 654 74 40 851 278 291 51 59 2153 1678 69
internal_value=0.000368877 5.41518e-05 0.000450666 0.00365659 -0.000296962 -0.000257921 0.000380199 0.000460405 0.000260974 0.00160804 -0.000909091 0.000132112 0.000262334 -0.00125
internal_weight=13636 12455 5848 1181 6607 6533 5747 5430 4579 388 110 4191 3831 360
internal_count=13636 12455 5848 1181 6607 6533 5747 5430 4579 388 110 4191 3831 360
cat_boundaries=0 1 3 4 5
cat_threshold=1610629120 2282946560 65734 1073758208 134348800
is_linear=0
shrinkage=0.05


Tree=59
num_leaves=15
num_cat=5
split_feature=0 0 0 6 4 0 4 4 4 4 4 5 0 5
split_gain=5.39278 0.64656 0.422086 0.515635 0.390718 0.577938 0.518967 0.48101 0.446078 0.532614 0.743076 0.531871 0.390127 0.36683
threshold=0 1 2 2.2916436531882503 14.008333333333335 3 15.091666666666669 22.975000000000005 14.191666666666668 14.841666666666669 15.79166666666667 1.5000000000000002 4 3.5000000000000004
decision_type=9 9 9 2 2 9 2 2 2 2 2 2 9 2
left_child=1 -1 -2 4 12 6 -6 13 -7 -10 11 -11 -4 -8
right_child=2 -3 3 -5 5 8 7 -9 9 10 -12 -13 -14 -15
leaf_value=0.00060382951298981183 -0.0002083380691583771 0.00044617143813816559 0.0016250163593143853 0.014258850248359637 -0.0014658001146339685 -0.0029048454254170632 0.00083704617336003329 -0.0014543984424069138 0.0021376461066225983 0.00064430716201561793 -0.00032626895277528922 -0.0022115597929707447 0.00025930402623468724 -2.9266406970557535e-05
leaf_weight=522 4075 663 271 93 250 47 1198 41 155 57 1383 176 3790 901
leaf_count=522 4075 663 271 93 250 47 1198 41 155 57 1383 176 3790 901
internal_value=0.000327412 0.00353556 1.88802e-05 0.000222169 0.000180796 -0.000156844 0.000354167 0.000607477 -0.000826039 -0.000702992 -0.000971534 -0.00358369 0.000530658 0.000712244
internal_weight=13622 1185 12437 8362 8269 4208 2390 2140 1818 1771 1616 233 4061 2099
internal_count=13622 1185 12437 8362 8269 4208 2390 2140 1818 1771 1616 233 4061 2099
cat_boundaries=0 1 2 4 6 8
cat_threshold=1610629120 1073758208 1115787 51728 2283929616 134 67239936 66560
is_linear=0
shrinkage=0.05


Tree=60
num_leaves=15
num_cat=4
split_feature=0 0 0 4 4 4 6 6 5 3 4 4 0 4
split_gain=5.46556 0.642042 0.42318 0.655927 0.385247 0.368452 0.294868 0.244536 0.232918 0.531287 0.38343 0.466681 0.39532 0.493208
threshold=0 1 2 13.008333333333335 13.29166666666667 12.858333333333336 1.3766220136373084 2.2312970028610066 1.0000000180025095e-35 11.750000000000002 17.058333333333337 17.541666666666671 3 15.141666666666667
decision_type=9 9 9 2 2 2 2 2 2 2 2 2 9 2
left_child=1 -1 3 5 -5 -2 8 -4 9 -6 12 -12 13 -10
right_child=2 -3 7 4 6 -7 -8 -9 10 -11 11 -13 -14 -15
leaf_value=0.00056926756047917038 0.00077891529428101517 0.00047363026439064312 -0.0001340968517725032 -0.0013598595648111984 -0.0015307292476314646 0.0051671186388545448 0.011575507748311458 0.0063115638813675302 0.0037781212171212174 0.0036280658164602967 0.0048062501548000597 -0.00010107849505911702 -0.00099769049412516317 -0.0025777524373623521
leaf_weight=512 1172 661 9440 40 88 66 46 94 52 154 86 639 504 70
leaf_count=512 1172 661 9440 40 88 66 46 94 52 154 86 639 504 70
internal_value=0.000273048 0.00352071 -3.57112e-05 0.000490263 -0.000151876 0.00136511 -3.35569e-05 -0.000196982 -0.00014752 0.00128099 -0.000403405 0.000379311 -0.0013099 0.00121212
internal_weight=13624 1173 12451 2917 1679 1238 1639 9534 1593 242 1351 725 626 122
internal_count=13624 1173 12451 2917 1679 1238 1639 9534 1593 242 1351 725 626 122
cat_boundaries=0 1 2 4 6
cat_threshold=1610629120 1073758208 201457667 66692 201326592 1024
is_linear=0
shrinkage=0.05


Tree=61
num_leaves=15
num_cat=5
split_feature=0 0 0 4 6 4 5 4 4 0 4 4 0 4
split_gain=5.18825 0.604059 0.566117 0.383064 0.345212 0.250837 0.256381 0.238823 0.23439 0.277982 0.256489 0.232083 0.226655 0.722696
threshold=0 1 2 3.5666666666666669 2.2916436531882503 18.808333333333337 2.5000000000000004 0.67500000000000016 17.958333333333336 3 20.358333333333338 18.058333333333337 4 17.458333333333336
decision_type=9 9 9 2 2 2 2 2 2 9 2 2 9 2
left_child=2 3 -1 -2 7 -4 -7 -3 12 10 -10 -11 13 -9
right_child=1 4 5 -5 -6 6 -8 8 9 11 -12 -13 -14 -15
leaf_value=0.00053494744579710369 -0.0013832231212552719 0.0014412029274108046 0.00045612551047091525 -0.00019080395215045204 0.012498500819770561 -0.00033238483834118832 0.00092619989024285703 -3.2584210983799759e-05 0.00060094094565049173 0.00069810951451181969 -0.0013171106728744766 0.0005303567090060616 0.00025029171240043962 -0.0015059969907605124
leaf_weight=527 309 105 536 5060 91 46 71 2712 212 131 81 1088 2619 108
leaf_count=527 309 105 536 5060 91 46 71 2712 212 131 81 1088 2619 108
internal_value=0.000290596 -9.57989e-06 0.00344538 -0.000409927 0.000291323 0.00236048 0.000299145 0.000252268 0.000216516 0.000767196 -0.000610561 0.00109439 6.3431e-05 -0.00024735
internal_weight=13696 12516 1180 5369 7147 653 117 7056 6951 1512 293 1219 5439 2820
internal_count=13696 12516 1180 5369 7147 653 117 7056 6951 1512 293 1219 5439 2820
cat_boundaries=0 1 3 4 6 8
cat_threshold=1610629120 70255131 98842 1073758208 134218752 1152 196608 19552
is_linear=0
shrinkage=0.05


Tree=62
num_leaves=15
num_cat=6
split_feature=0 0 0 4 4 6 4 4 0 0 4 4 0 2
split_gain=4.42067 0.716479 0.317432 0.410344 0.360546 0.280309 0.280127 1.02704 0.510079 0.459591 0.268018 0.26225 0.255225 0.23771
threshold=0 1 2 3.5666666666666669 0.82500000000000007 2.2916436531882503 14.008333333333335 14.141666666666667 3 4 21.008333333333336 22.975000000000005 5 417.30000000000007
decision_type=9 9 9 2 2 2 2 2 9 9 2 2 9 2
left_child=1 -1 5 4 -4 -2 8 -8 -5 -9 -3 12 -11 -6
right_child=2 10 3 6 13 -7 7 9 -10 11 -12 -13 -14 -15
leaf_value=0.0005136649680772265 9.9040485836224428e-05 0.00037992686452898122 0.00086003035222940918 0.00057392274223451326 -0.0014721517846079206 0.011558117458091724 -0.0031779607618529927 -0.0019376314180020089 -0.00011775756766892117 0.00039402273330497767 -0.00018726038074270971 -0.0010713558216108637 -0.00045452101441453575 -0.0026480418861737284
leaf_weight=520 8104 618 53 616 99 95 41 108 1066 511 45 44 1675 78
leaf_count=520 8104 618 53 616 99 95 41 108 1066 511 45 44 1675 78
internal_value=0.000289988 0.00319782 1.20002e-05 -0.000335968 -0.0023913 0.000194299 -0.000220389 -0.000569567 0.000273484 -0.000431993 0.00202823 -0.000267857 -0.000192132 -0.00347458
internal_weight=13673 1183 12490 4291 230 8199 4061 2379 1682 2338 663 2230 2186 177
internal_count=13673 1183 12490 4291 230 8199 4061 2379 1682 2338 663 2230 2186 177
cat_boundaries=0 1 2 4 6 8 10
cat_threshold=1610629120 1073758208 2350055936 2293 1024 66568 1024 65536 24 16386
is_linear=0
shrinkage=0.05


Tree=63
num_leaves=15
num_cat=0
split_feature=7 2 4 4 4 3 6 5 2 4 4 4 3 4
split_gain=3.91057 0.645678 0.247437 0.757983 0.61922 0.431109 0.223821 0.224816 0.441213 0.487071 0.348792 0.339764 0.285571 0.244683
threshold=1.0000000180025095e-35 29.450000000000003 14.775000000000002 14.491666666666669 15.991666666666669 7.0000000000000009 2.2916436531882503 3.5000000000000004 267.85000000000008 19.808333333333337 20.525000000000002 23.208333333333336 12.000000000000002 19.475000000000005
decision_type=2 2 2 2 2 2 2 2 2 2 2 2 2 2
left_child=2 -2 3 -1 5 -4 7 11 9 13 -11 12 -6 -9
right_child=1 -3 4 -5 6 -7 -8 8 -10 10 -12 -13 -14 -15
leaf_value=0.0001422576187430854 0.0013008296476387515 0.00029714088707269426 0.00039206894186179838 0.0027156004960784894 0.00071741561866174195 -0.0017795917666744967 0.010356997816162644 -0.00073331431002044193 0.00020130068141374212 -0.0027359362812280595 -0.0010479891077989478 -0.0027289257370548057 -7.7757037867365078e-06 0.0026697204519945429
leaf_weight=6157 346 914 232 174 1320 639 56 484 1450 48 90 75 1512 57
leaf_count=6157 346 914 232 174 1320 639 56 484 1450 48 90 75 1512 57
internal_value=0.000362993 0.00301587 9.11015e-05 0.000308798 -0.00014003 -0.00137199 7.06993e-05 3.57428e-05 -0.000354626 -0.00140648 -0.00405797 0.000321638 0.000409605 -0.000730129
internal_weight=13554 1260 12294 6331 5963 871 5092 5036 2129 679 138 2907 2832 541
internal_count=13554 1260 12294 6331 5963 871 5092 5036 2129 679 138 2907 2832 541
is_linear=0
shrinkage=0.05


Tree=64
num_leaves=15
num_cat=4
split_feature=0 0 0 4 4 4 4 0 4 6 5 4 5 4
split_gain=4.25029 0.873566 0.338669 0.457577 0.377827 0.371646 0.325927 0.282557 0.405165 0.280477 0.231154 0.229204 0.185943 0.261302
threshold=0 1 2 13.141666666666667 12.925000000000002 22.450000000000003 18.808333333333337 3 9.9916666666666689 2.2916436531882503 1.5000000000000002 20.358333333333338 1.5000000000000002 8.1916666666666682
decision_type=9 9 9 2 2 2 2 9 2 2 2 2 2 2
left_child=-1 6 3 4 7 11 -2 8 -3 -4 -8 -5 -9 -14
right_child=1 2 9 5 -6 -7 10 12 -10 -11 -12 -13 13 -15
leaf_value=0.00047564657870567228 0.00038700409044717117 -0.0015748167635983553 8.045739943737557e-05 -4.2957744412961946e-05 -0.00081583303658801568 -0.001379265672961664 -0.00071838627018375851 0.0025089310104483955 -0.0025363433611486096 0.0099834816936361093 0.00031802881880607403 0.0016501950702709864 -0.0022326078047263929 1.4585009659298675e-05
leaf_weight=534 674 184 9410 1754 58 41 41 141 81 94 130 97 127 246
leaf_count=534 674 184 9410 1754 58 41 41 141 81 94 130 97 127 246
internal_value=0.00030194 0.000121486 1.34773e-05 -0.000476451 -0.00145161 -4.75685e-05 0.00166667 -0.00116175 -0.00245455 0.000154509 -0.000263158 5.67263e-05 -0.000438931 -0.00103217
internal_weight=13612 13078 12233 2729 837 1892 845 779 265 9504 171 1851 514 373
internal_count=13612 13078 12233 2729 837 1892 845 779 265 9504 171 1851 514 373
cat_boundaries=0 1 2 4 5
cat_threshold=1073758208 537001984 3211803 33280 3146243
is_linear=0
shrinkage=0.05


Tree=65
num_leaves=15
num_cat=5
split_feature=0 0 0 6 4 4 5 5 5 4 0 4 4 0
split_gain=4.25781 0.817287 0.390667 0.509816 0.182482 0.163684 0.483898 0.501021 0.483108 0.320608 0.356124 0.257508 0.247743 0.73708
threshold=0 1 2 2.4586944599067744 22.975000000000005 5.4583333333333348 1.0000000180025095e-35 5.5000000000000009 4.5000000000000009 4.5666666666666673 3 1.7500000000000002 9.3750000000000018 4
decision_type=9 9 9 2 2 2 2 2 2 2 9 2 2 9
left_child=1 -1 4 5 -2 6 -4 8 9 10 11 -8 13 -7
right_child=2 -3 3 -5 -6 12 7 -9 -10 -11 -12 -13 -14 -15
leaf_value=0.00043154677436729651 -0.00020236870311876132 0.00032366112790152866 0.004220459624499847 0.018702711508980341 -0.00083861551764719596 0.0025741490622012437 -0.0046277554635982309 0.0030053342163182516 -0.0023469653286844754 -0.0010577105581132686 0.00037048252147856383 2.4822694742980653e-06 0.00010251612764388906 -3.5716905504710152e-07
leaf_weight=520 6313 662 64 76 78 221 48 78 70 45 147 63 4790 427
leaf_count=520 6313 662 64 76 78 221 48 78 70 45 147 63 4790 427
internal_value=0.00025805 0.00311242 -1.60899e-05 0.000272396 -0.000288236 0.000220897 -0.000631068 -0.00120843 -0.00197051 -0.00110561 -0.000426356 -0.00243802 0.000301582 0.00121914
internal_weight=13602 1182 12420 6029 6391 5953 515 451 373 303 258 111 5438 648
internal_count=13602 1182 12420 6029 6391 5953 515 451 373 303 258 111 5438 648
cat_boundaries=0 1 2 4 6 8
cat_threshold=1610629120 1073758208 2098841 35388 2282749952 128 0 192
is_linear=0
shrinkage=0.05


Tree=66
num_leaves=15
num_cat=4
split_feature=0 0 0 6 4 4 4 4 0 4 4 4 4 5
split_gain=4.06942 0.693196 0.463027 0.438955 0.257508 0.183048 0.475646 0.256292 0.165913 0.954987 0.265543 0.322285 0.612747 0.261326
threshold=0 1 2 2.2916436531882503 20.625000000000004 3.5666666666666669 4.5666666666666673 0.82500000000000007 3 11.975000000000001 19.808333333333337 19.19166666666667 18.69166666666667 1.5000000000000002
decision_type=9 9 9 2 2 2 2 2 9 2 2 2 2 2
left_child=1 -1 5 -4 -3 7 -7 -2 9 -8 11 12 -10 -12
right_child=2 4 3 -5 -6 6 8 -9 10 -11 13 -13 -14 -15
leaf_value=0.00042761480395900889 0.0019751022656074643 0.00044229812452192325 0.00010933493726729827 0.0095456333792418597 -0.00017203629359380669 0.0070899058158046015 -0.002559129599907512 -0.0024378150329213265 -9.3994063266322257e-05 0.00090946674788963374 0.00017397485758449281 0.0040297521168037812 -0.0042529860597109751 -0.0024706990476401933
leaf_weight=518 40 592 9484 116 56 40 62 113 2144 140 47 88 77 109
leaf_count=518 40 592 9484 116 56 40 62 113 2144 140 47 88 77 109
internal_value=0.000317775 0.00312925 5.21253e-05 0.000218523 0.00196049 -0.000505226 -0.000411895 -0.00218954 -0.000493063 -0.00183962 -0.000373737 -0.000240364 -0.000357947 -0.00237179
internal_weight=13626 1166 12460 9600 648 2860 2707 153 2667 202 2465 2309 2221 156
internal_count=13626 1166 12460 9600 648 2860 2707 153 2667 202 2465 2309 2221 156
cat_boundaries=0 1 2 4 5
cat_threshold=1610629120 1073758208 67175051 34306 642
is_linear=0
shrinkage=0.05


Tree=67
num_leaves=15
num_cat=4
split_feature=0 0 0 4 4 6 5 4 5 4 4 0 5 4
split_gain=4.02682 0.759088 0.31203 0.507853 0.32028 0.304588 0.266554 0.266185 0.201964 0.284197 0.207315 0.301266 0.26319 0.214854
threshold=0 1 2 20.008333333333336 2.8916666666666671 2.6746039791475802 1.5000000000000002 21.008333333333336 3.5000000000000004 6.6916666666666673 14.29166666666667 3 5.5000000000000009 9.908333333333335
decision_type=9 9 9 2 2 2 2 2 2 2 2 9 2 2
left_child=-1 7 3 4 -3 -4 -5 -2 9 -6 13 -12 -13 -10
right_child=1 2 5 6 8 -7 -8 -9 10 -11 11 12 -14 -15
leaf_value=0.00040451111262094716 0.00030669141153211209 -0.0035085243661142659 1.7523947932696369e-05 -0.0020114475444417091 0.0034679275804189859 0.019835134733430737 -0.0011876857100709549 -0.00025027511132379659 -0.00019433717080916271 6.4974231665091751e-05 -0.0037757920636787936 0.00046619067162041104 0.0037411170155954793 -0.0011410219019442154
leaf_weight=510 611 97 10711 41 48 49 64 42 137 820 199 121 58 159
leaf_count=510 611 97 10711 41 48 49 64 42 137 820 199 121 58 159
internal_value=0.000203776 3.30373e-05 -5.4339e-05 -0.000672748 -0.000460647 4.64254e-05 -0.00404762 0.00168175 -0.000285344 0.000218894 -0.000934718 -0.00015873 0.0012963 -0.00192568
internal_weight=13667 13157 12504 1744 1639 10760 105 653 1542 868 674 378 179 296
internal_count=13667 13157 12504 1744 1639 10760 105 653 1542 868 674 378 179 296
cat_boundaries=0 1 2 4 5
cat_threshold=1073758208 536870912 69207705 512 2097160
is_linear=0
shrinkage=0.05


Tree=68
num_leaves=15
num_cat=6
split_feature=0 0 6 0 4 4 0 0 4 0 4 5 4 4
split_gain=3.74245 0.697525 0.369588 0.341986 0.339728 0.460198 0.516274 0.433393 0.297337 0.336457 0.244752 0.285964 0.23709 0.231941
threshold=0 1 1.4874286478830445 2 9.4416666666666682 6.9750000000000005 3 4 17.675000000000004 5 18.175000000000004 1.0000000180025095e-35 17.008333333333336 17.541666666666671
decision_type=9 9 2 9 2 2 9 9 2 9 2 2 2 2
left_child=-1 2 10 -3 5 7 -7 -5 13 -10 12 -12 -2 -6
right_child=1 3 -4 4 8 6 -8 -9 9 -11 11 -13 -14 -15
leaf_value=0.00038615871182589028 0.00021625750197152134 -0.00049072597358749981 0.012478078326516396 0.00094542661232229006 -0.00014372300312911012 0.00023822574096936676 0.0015295482898184838 -0.00037721619933442423 -0.00013015180695752246 0.00056457783754753591 -0.0006960790057501541 0.00017600072321323921 0.00087906970536980814 -0.00095500401620458083
leaf_weight=510 1250 3101 56 473 4205 307 504 496 571 1522 59 300 185 67
leaf_count=510 1250 3101 56 473 4205 307 504 496 571 1522 59 300 185 67
internal_value=0.000263119 9.76654e-05 0.000994624 -5.06395e-05 0.000119559 0.000730337 0.00160912 -5.15977e-06 -5.10603e-05 0.000437172 0.00087514 -0.000292479 0.00116725 -0.000290262
internal_weight=13606 13096 1850 11246 8145 1780 811 969 6365 2093 1794 359 1435 4272
internal_count=13606 13096 1850 11246 8145 1780 811 969 6365 2093 1794 359 1435 4272
cat_boundaries=0 1 3 5 7 9 11
cat_threshold=1073758208 671285256 1 2097811 34320 1048576 2082 67108864 2210 67109888 65674
is_linear=0
shrinkage=0.05


Tree=69
num_leaves=15
num_cat=0
split_feature=7 2 6 4 4 2 4 4 4 2 4 4 2 4
split_gain=3.01028 0.990167 0.19667 0.229483 0.194362 0.326565 0.226745 0.182212 0.182452 0.469565 0.241518 0.18195 0.436904 0.407384
threshold=1.0000000180025095e-35 29.450000000000003 2.4586944599067744 17.541666666666671 3.058333333333334 1189.6500000000003 3.5666666666666669 3.7750000000000004 23.208333333333336 576.55000000000007 22.575000000000003 9.4416666666666682 26.300000000000004 9.5083333333333346
decision_type=2 2 2 2 2 2 2 2 2 2 2 2 2 2
left_child=2 -2 4 -4 5 -1 -6 -8 10 -10 11 12 -9 -13
right_child=1 -3 3 -5 6 -7 7 8 9 -11 -12 13 -14 -15
leaf_value=-0.00062523165070615375 0.0011784434018981939 0.000212765735460679 0.0026623051438418878 0.0093134883569562857 0.0042239786632482764 0.0022760687972678542 -0.0005303696052659341 -0.0022641528682800882 0.0012901173890211407 -0.0039943981654488583 0.0007979717050663861 -0.0027276185833814116 0.00058428611076071673 -2.8571749099712648e-05
leaf_weight=561 343 927 76 42 84 106 50 122 69 46 113 53 1546 9458
leaf_count=561 343 927 76 42 84 106 50 122 69 46 113 53 1546 9458
internal_value=0.000241248 0.00255906 2.43407e-06 0.0020339 -1.72016e-05 -0.000847076 3.07601e-05 1.17834e-05 2.49848e-05 -0.00195652 4.51649e-05 2.19163e-05 0.000503597 -6.2559e-05
internal_weight=13596 1270 12326 118 12208 667 11541 11457 11407 115 11292 11179 1668 9511
internal_count=13596 1270 12326 118 12208 667 11541 11457 11407 115 11292 11179 1668 9511
is_linear=0
shrinkage=0.05


Tree=70
num_leaves=15
num_cat=1
split_feature=7 2 1 4 4 2 4 5 4 5 2 4 2 2
split_gain=3.39973 0.723268 0.304307 0.247642 0.227959 0.304855 0.256136 0.244697 0.168216 0.138968 0.126792 0.142857 0.125158 0.152102
threshold=1.0000000180025095e-35 29.450000000000003 0 23.208333333333336 20.625000000000004 417.30000000000007 20.225000000000005 1.0000000180025095e-35 20.625000000000004 4.5000000000000009 128.05000000000004 22.166666666666668 67.300000000000026 41.350000000000009
decision_type=2 2 1 2 2 2 2 2 2 2 2 2 2 2
left_child=2 -2 -1 4 6 7 -4 -6 12 10 -9 -12 13 -3
right_child=1 8 3 -5 5 -7 -8 9 -10 -11 11 -13 -14 -15
leaf_value=-0.00086059624907470459 0.0010911643212243194 0.00033771199739167628 6.127346998530429e-05 -0.0014988846324682588 0.0047780430074838677 0.0011803764296730423 -0.0015640812214066343 -0.00042455290631265022 -2.3187388765975311e-05 -0.0042124505851473034 0.0022024506064154932 3.4412852207373133e-05 4.4118496734450902e-05 0.00020281191181536486
leaf_weight=1720 338 615 9985 94 43 153 77 82 64 70 84 42 73 183
leaf_count=1720 338 615 9985 94 43 153 77 82 64 70 84 42 73 183
internal_value=0.00026169 0.00272192 8.09735e-06 0.000108083 0.00013098 0.00120253 8.05011e-05 0.000327103 0.00200535 -0.000215827 0.000432692 0.00142857 0.00218714 0.00236842
internal_weight=13623 1273 12350 10630 10536 474 10062 321 935 278 208 126 871 798
internal_count=13623 1273 12350 10630 10536 474 10062 321 935 278 208 126 871 798
cat_boundaries=0 1
cat_threshold=2
is_linear=0
shrinkage=0.05


Tree=71
num_leaves=15
num_cat=3
split_feature=7 2 4 0 4 6 3 4 0 4 4 4 4 0
split_gain=3.70451 0.706176 0.231267 0.507598 0.36736 0.280823 0.368777 0.304708 0.999953 0.421934 0.484818 0.627946 0.530832 0.414645
threshold=1.0000000180025095e-35 29.450000000000003 4.0083333333333337 0 3.5666666666666669 1.7981909629808028 19.250000000000004 9.3750000000000018 1 8.6416666666666675 7.8583333333333343 7.0250000000000012 6.6916666666666673 2
decision_type=2 2 2 9 2 2 2 2 9 2 2 2 2 9
left_child=2 -2 3 4 -1 7 -7 8 -4 10 11 12 -10 -12
right_child=1 -3 5 -5 -6 6 -8 -9 9 -11 13 -13 -14 -15
leaf_value=-0.0013900306338746635 0.0010649630157420654 0.00020730216139386816 0.0010836065592364872 0.00034441487071529254 -0.0033575394161448079 0.013315320483651045 -0.00070530464374365552 -8.033526908536305e-05 3.3327308359979215e-05 0.0016010798006131999 -0.00031308089791673801 0.0049126170025429114 -0.0031318044959113335 -0.0023476079117367172
leaf_weight=375 343 934 809 461 55 152 41 9744 198 211 120 65 57 113
leaf_count=375 343 934 809 461 55 152 41 9744 198 211 120 65 57 113
internal_value=0.000203977 0.00276821 -6.00756e-05 -0.000836139 -0.00204545 1.86265e-10 0.00189119 -3.22522e-05 0.000613478 -0.000684754 -0.00141953 -0.00015625 -0.00127451 -0.00315451
internal_weight=13678 1277 12401 891 430 11510 193 11317 1573 764 553 320 255 233
internal_count=13678 1277 12401 891 430 11510 193 11317 1573 764 553 320 255 233
cat_boundaries=0 2 4 6
cat_threshold=3145728 620 2214658049 2252 0 560
is_linear=0
shrinkage=0.05


Tree=72
num_leaves=15
num_cat=3
split_feature=0 0 6 5 0 6 6 5 4 4 4 3 6 4
split_gain=2.7859 0.71051 0.445004 0.38177 0.258774 0.342247 0.31431 0.239994 0.361837 0.423909 0.405554 0.24495 0.178733 0.175676
threshold=0 1 1.4874286478830445 3.5000000000000004 2 2.5708020820541093 2.1045847118018899 4.5000000000000009 15.091666666666669 18.975000000000005 13.075000000000001 9.2500000000000018 1.3766220136373084 11.341666666666669
decision_type=9 9 2 2 9 2 2 2 2 2 2 2 2 2
left_child=-1 2 3 13 6 -6 12 -5 10 -10 -9 -12 -3 -2
right_child=1 4 -4 7 5 -7 -8 8 9 -11 11 -13 -14 -15
leaf_value=0.00031691466042511055 0.00050170044433273109 -0.00038918816966420012 0.011816285468649879 -0.00028780533484907281 3.8577245862159794e-05 0.019136750430125485 -0.002068491715624966 0.00019985413894749575 0.0015401371042644996 -0.00030942661235898049 -6.7176824663235806e-05 -0.0038869436805928446 0.0021120603208230524 0.00036099758637085367
leaf_weight=506 343 3681 66 284 7295 54 41 250 151 65 43 40 45 752
leaf_count=506 343 3681 66 284 7295 54 41 250 151 65 43 40 45 752
internal_value=0.000233549 9.14636e-05 0.000958084 0.000824689 -6.47131e-05 0.000108031 -0.000401112 1.80074e-05 0.000628415 0.00222222 -0.000405405 -0.00343373 -0.000354267 0.00143836
internal_weight=13616 13110 1994 1928 11116 7349 3767 833 549 216 333 83 3726 1095
internal_count=13616 13110 1994 1928 11116 7349 3767 833 549 216 333 83 3726 1095
cat_boundaries=0 1 3 5
cat_threshold=1073758208 671219720 128 69207699 35336
is_linear=0
shrinkage=0.05


Tree=73
num_leaves=15
num_cat=2
split_feature=2 0 6 4 0 5 2 4 5 5 4 4 4 2
split_gain=2.47498 1.16673 0.312581 0.193635 0.461685 0.236857 0.445111 0.189104 0.174368 0.259148 0.390569 0.215131 0.367317 0.18583
threshold=24.500000000000004 0 1.3766220136373084 4.0083333333333337 1 2.5000000000000004 295.25000000000006 20.883333333333336 2.5000000000000004 1.0000000180025095e-35 16.975000000000005 13.808333333333335 11.525000000000002 189.85000000000002
decision_type=2 9 2 2 9 2 2 2 2 2 2 2 2 2
left_child=-1 2 7 4 5 6 -3 8 9 10 11 12 13 -2
right_child=1 3 -4 -5 -6 -7 -8 -9 -10 -11 -12 -13 -14 -15
leaf_value=0.0010004056415151563 0.00019415278136326042 7.1915389560341862e-06 0.013441049940335162 5.6267516116063129e-06 0.00048382260078833202 -0.000890903517745678 -0.0037067827790059171 -0.00031157085257464164 0.00018680436178264233 0.00035660016885575506 -0.0010704039162593901 0.00072149005572084708 -0.00034753323141978451 0.0020110774818704619
leaf_weight=349 42 76 76 10210 367 222 118 130 1217 611 71 58 51 40
leaf_count=349 42 76 76 10210 367 222 118 130 1217 611 71 58 51 40
internal_value=0.000270568 0.000161412 0.00118387 -5.31671e-05 -0.000810983 -0.00192488 -0.00324742 0.00108108 0.00119617 0.0017354 0.000419848 0.00159686 0.000488722 0.00256098
internal_weight=13638 13289 2296 10993 783 416 194 2220 2090 873 262 191 133 82
internal_count=13638 13289 2296 10993 783 416 194 2220 2090 873 262 191 133 82
cat_boundaries=0 2 4
cat_threshold=671236112 16512 3145728 590
is_linear=0
shrinkage=0.05


Tree=74
num_leaves=15
num_cat=3
split_feature=0 0 0 6 5 4 4 3 3 4 4 4 4 4
split_gain=2.76359 0.693092 0.396367 0.338759 0.287628 0.205678 0.189466 0.785108 0.202174 0.175838 0.177636 0.293023 0.22059 0.313092
threshold=0 1 2 1.3766220136373084 3.5000000000000004 13.691666666666668 9.5083333333333346 15.650000000000002 15.650000000000002 23.375000000000004 22.975000000000005 22.575000000000003 22.091666666666672 21.491666666666671
decision_type=9 9 9 2 2 2 2 2 2 2 2 2 2 2
left_child=5 3 -3 4 -2 -1 7 -6 -8 10 11 12 13 -4
right_child=1 2 9 -5 6 -7 8 -9 -10 -11 -12 -13 -14 -15
leaf_value=0.00023299069024982166 0.00033238496167669809 -0.001029035887203573 3.9179526002858049e-05 0.010910247298274283 0.00023096998834812017 0.00073147308674141511 -5.2179985512302686e-06 -0.0027773643991596316 0.0025165662175920989 0.001538416516647558 -0.00059314736719108616 0.00083863085975452781 -0.00045876432997827367 0.0033730307053160638
leaf_weight=301 728 1355 10130 57 81 227 263 41 143 79 51 65 56 97
leaf_count=301 728 1355 10130 57 81 227 263 41 143 79 51 65 56 97
internal_value=0.000279362 0.0001353 1.39325e-05 0.00122071 0.00105892 0.00379182 0.000170455 -0.00155738 0.000689655 0.000118231 0.000100491 0.000114998 9.38444e-05 0.000110981
internal_weight=13674 13146 11833 1313 1256 528 528 122 406 10478 10399 10348 10283 10227
internal_count=13674 13146 11833 1313 1256 528 528 122 406 10478 10399 10348 10283 10227
cat_boundaries=0 1 3 5
cat_threshold=1073758208 671219712 65536 650 33280
is_linear=0
shrinkage=0.05


Tree=75
num_leaves=15
num_cat=0
split_feature=2 7 5 4 4 4 4 2 4 4 3 4 2 2
split_gain=2.05383 0.680746 0.281925 0.219014 0.369148 0.186889 0.117283 0.348883 0.150032 0.144952 0.402433 0.222222 0.169213 0.146939
threshold=24.500000000000004 1.0000000180025095e-35 1.0000000180025095e-35 23.608333333333338 23.208333333333336 22.908333333333335 2.8916666666666671 1189.6500000000003 3.5666666666666669 1.0083333333333335 11.750000000000002 0.67500000000000016 27.700000000000003 585.60000000000002
decision_type=2 2 2 2 2 2 2 2 2 2 2 2 2 2
left_child=-1 3 -3 4 5 6 7 9 -8 10 12 -12 -2 -11
right_child=1 2 -4 -5 -6 -7 8 -9 -10 13 11 -13 -14 -15
leaf_value=0.00090766149179341408 -0.0003994483596760035 -4.2243348623904886e-05 0.00018614493591041529 0.0023425179053749167 -0.00086207691937210658 0.00077247011283594494 0.0025670476640203724 0.0020792123056933855 1.134342046036979e-05 -0.0015380059911385649 -0.0033476512459203809 -0.00017049240450273302 0.0031297782627618034 0.00045976541548238916
leaf_weight=332 41 109 814 69 48 65 136 101 11407 250 50 40 90 55
leaf_count=332 41 109 814 69 48 65 136 101 11407 250 50 40 90 55
internal_value=0.000212023 0.000114878 0.0014247 1.70015e-05 1.22139e-06 1.83901e-05 4.10865e-06 -0.000661882 4.02843e-05 -0.00117871 -0.00020362 -0.00277778 0.00156489 -0.00188525
internal_weight=13607 13275 923 12352 12283 12235 12170 627 11543 526 221 90 131 305
internal_count=13607 13275 923 12352 12283 12235 12170 627 11543 526 221 90 131 305
is_linear=0
shrinkage=0.05


Tree=76
num_leaves=15
num_cat=3
split_feature=0 0 6 5 4 5 0 4 4 4 4 4 4 4
split_gain=2.24689 0.44604 0.302005 0.293025 0.482612 0.367309 0.230578 0.309517 0.287587 0.228728 0.216473 0.329808 0.261459 0.441667
threshold=0 1 1.4874286478830445 3.5000000000000004 18.275000000000002 1.0000000180025095e-35 2 22.975000000000005 20.358333333333338 22.908333333333335 9.4416666666666682 9.0083333333333346 10.141666666666667 10.075000000000001
decision_type=9 9 2 2 2 2 9 2 2 2 2 2 2 2
left_child=-1 2 3 4 -2 -6 7 8 -3 10 11 -8 13 -12
right_child=1 6 -4 -5 5 -7 9 -9 -10 -11 12 -13 -14 -15
leaf_value=0.00027349655064123977 0.00036843875720823379 -0.00037674205259513431 0.014875149987200888 8.7581400871800223e-07 -0.00082788995406081153 0.00024064911956190872 0.00017768427296391054 -0.00070041587423486974 0.00065879819040066479 0.0012460054057368438 -0.00063787516573735536 0.0024473185732289578 2.1657063627912969e-05 -0.0038458952194777582
leaf_weight=523 488 2137 46 484 40 113 1795 41 106 139 384 212 7090 40
leaf_count=523 488 2137 46 484 40 113 1795 41 106 139 384 212 7090 40
internal_value=0.000222907 9.33335e-05 0.00102032 0.000866667 0.00156786 -0.000882353 1.67327e-06 -0.000448997 -0.000372269 0.000108583 7.92986e-05 0.000540608 -4.39178e-05 -0.00125
internal_weight=13638 13115 1171 1125 641 153 11944 2284 2243 9660 9521 2007 7514 424
internal_count=13638 13115 1171 1125 641 153 11944 2284 2243 9660 9521 2007 7514 424
cat_boundaries=0 1 2 4
cat_threshold=1073758208 671219840 538 50689
is_linear=0
shrinkage=0.05


Tree=77
num_leaves=15
num_cat=4
split_feature=3 0 6 4 4 4 0 4 4 0 5 4 0 5
split_gain=1.62662 0.582632 0.247524 0.177443 0.225791 0.345779 0.766536 0.510961 0.364708 0.289629 0.702281 0.264267 0.343019 0.237858
threshold=4.6500000000000012 0 1.7513494864480113 0.67500000000000016 3.7750000000000004 9.4416666666666682 1 7.2833333333333341 6.4166666666666679 2 1.5000000000000002 10.575000000000001 3 5.5000000000000009
decision_type=2 9 2 2 2 2 9 2 2 9 2 2 9 2
left_child=-1 2 -2 -3 9 6 7 8 -6 10 -5 12 -7 -8
right_child=1 3 -4 4 5 11 13 -9 -10 -11 -12 -13 -14 -15
leaf_value=0.00084946120835623366 0.0001782294217282369 0.0016718592317792878 0.0060651648358548554 0.0037303718283429581 0.00089662833616769081 0.0013752371830057721 -0.00041014254105081657 0.0022211932151592318 -0.00085358099849458979 8.8315632020820855e-06 -0.0020736564384235927 -2.3660368967460535e-05 -0.00093304087209957604 0.0004070541293304377
leaf_weight=332 2015 150 57 68 201 156 703 548 43 321 192 8064 653 108
leaf_count=332 2015 150 57 68 201 156 703 548 43 321 192 8064 653 108
internal_value=0.000187716 0.000101288 0.000869357 -4.14547e-05 -6.46647e-05 -1.14546e-05 0.000664379 0.0017581 -0.000122951 -0.0010241 -0.00222222 -0.000133551 -0.000995055 -0.000420219
internal_weight=13611 13279 2072 11207 11057 10476 1603 792 244 581 260 8873 809 811
internal_count=13611 13279 2072 11207 11057 10476 1603 792 244 581 260 8873 809 811
cat_boundaries=0 1 3 5 7
cat_threshold=739393552 2147484672 716 2147483648 706 2147483648 17
is_linear=0
shrinkage=0.05


Tree=78
num_leaves=15
num_cat=3
split_feature=3 0 6 4 4 4 5 4 0 4 0 5 4 4
split_gain=1.70284 0.652536 0.30307 0.291231 0.377913 0.631773 0.306818 0.207529 0.353732 0.278683 0.220867 0.256507 0.349428 0.469498
threshold=4.6500000000000012 0 2.4586944599067744 0.67500000000000016 2.8916666666666671 1.7500000000000002 4.5000000000000009 19.808333333333337 1 19.19166666666667 2 2.5000000000000004 13.941666666666668 16.325000000000003
decision_type=2 9 2 2 2 2 2 2 9 2 9 2 2 2
left_child=-1 3 -3 -2 5 6 -5 9 -9 10 -6 12 -12 -14
right_child=1 2 -4 4 7 -7 -8 8 -10 -11 11 -13 13 -15
leaf_value=0.00080765398406815756 0.0030495858315750454 0.00018090785582527022 0.020776792674091035 0.00069326127420990178 -1.1714889233403935e-05 -0.0018512760592081388 -0.0032469135004655966 -0.0016871906384743598 4.5831922524429307e-05 0.00098490908305459571 -0.0013706883744232685 -6.5387317533717733e-05 0.0010689099009016296 -0.0012120734473321101
leaf_weight=343 85 7142 56 110 3848 116 40 245 168 221 251 745 97 206
leaf_count=343 85 7142 56 110 3848 116 40 245 168 221 251 745 97 206
internal_value=0.000209537 0.00012003 0.000442564 -0.000258873 -0.000300149 -0.00214286 1.86265e-10 -0.00021536 -0.0012954 -0.000132265 -0.000206916 -0.000767761 -0.00158845 -0.000445544
internal_weight=13673 13330 7198 6132 6047 266 150 5781 413 5368 5147 1299 554 303
internal_count=13673 13330 7198 6132 6047 266 150 5781 413 5368 5147 1299 554 303
cat_boundaries=0 2 4 6
cat_threshold=69272089 52810 2097168 2570 2162704 1610
is_linear=0
shrinkage=0.05


Tree=79
num_leaves=15
num_cat=3
split_feature=2 0 5 4 4 0 4 4 4 0 4 4 4 5
split_gain=1.29586 0.53581 0.408048 0.275731 0.353923 0.27345 0.412625 0.381589 0.378103 0.250145 0.247163 0.642857 0.315178 0.289686
threshold=24.500000000000004 0 3.5000000000000004 11.208333333333334 11.658333333333335 1 18.175000000000004 21.008333333333336 20.525000000000002 2 3.058333333333334 2.1583333333333337 6.4166666666666679 2.5000000000000004
decision_type=2 9 2 2 2 9 2 2 2 9 2 2 2 2
left_child=-1 2 -2 9 -5 6 -6 8 -7 10 11 -3 -12 -14
right_child=1 3 -4 4 5 7 -8 -9 -10 -11 12 -13 13 -15
leaf_value=0.00075645151959228499 2.7323700649990194e-05 0.00045280459760741181 -0.00054320852546029929 -0.00098035419542729231 0.00036531720773458343 1.5281429655591092e-05 -0.00025102370570500952 0.0012948922245788873 -0.0027464315669767335 0.00015981772952881185 0.002758496255255859 -0.0012967907203634971 0.0003565419869408282 0.00010467118114986241
leaf_weight=338 3426 126 2571 161 616 3598 268 222 76 1346 139 42 317 432
leaf_count=338 3426 126 2571 161 616 3598 268 222 76 1346 139 42 317 432
internal_value=0.000167422 8.99552e-05 -0.000260529 0.000376037 0.000162923 0.000240586 0.00102908 5.8884e-05 -6.26019e-05 0.000815987 0.00138837 -0.000357143 0.00173423 0.00132844
internal_weight=13678 13340 5997 7343 4941 4780 884 3896 3674 2402 1056 168 888 749
internal_count=13678 13340 5997 7343 4941 4780 884 3896 3674 2402 1056 168 888 749
cat_boundaries=0 2 3 5
cat_threshold=3146395 18003 671286272 67125248 98472
is_linear=0
shrinkage=0.05


Tree=80
num_leaves=15
num_cat=3
split_feature=2 0 6 5 5 4 4 4 0 4 4 0 4 4
split_gain=1.61235 0.575194 0.385251 0.226511 0.49851 0.399985 0.328956 0.184065 0.539725 0.363623 0.339123 0.604715 0.360149 0.336982
threshold=24.500000000000004 0 1.4874286478830445 2.5000000000000004 1.0000000180025095e-35 10.958333333333334 6.1250000000000009 9.7083333333333339 1 3.058333333333334 10.141666666666667 2 9.9916666666666689 9.4416666666666682
decision_type=2 9 2 2 2 2 2 2 9 2 2 9 2 2
left_child=-1 2 3 4 5 -2 -5 8 9 -3 11 -9 -13 -11
right_child=1 7 -4 6 -6 -7 -8 10 -10 13 -12 12 -14 -15
leaf_value=0.00073105112754612853 0.00032673296775898589 -0.00026741157724639842 0.011916234996106209 -0.00016211640589340105 0.00025383013381451066 -0.00020935602656531614 7.9296594505784412e-05 -0.0016265441724144193 -0.00019352694636977133 0.0014771697543340034 -9.1760571677726454e-05 0.0022764408751810923 -0.0025316370055921389 -0.0003832983696507182
leaf_weight=335 52 251 56 84 415 134 722 116 1489 753 8863 130 85 97
leaf_count=335 52 251 56 84 415 134 722 116 1489 753 8863 130 85 97
internal_value=8.1726e-05 -4.90658e-06 0.00092668 0.000771144 0.00150582 -0.000645161 0.000223325 -0.000121248 0.000250965 0.00108461 -0.000226234 -0.00179758 -0.000111111 0.00158824
internal_weight=13582 13247 1463 1407 601 186 806 11784 2590 1101 9194 331 215 850
internal_count=13582 13247 1463 1407 601 186 806 11784 2590 1101 9194 331 215 850
cat_boundaries=0 2 4 6
cat_threshold=738344960 16384 2147549186 204 1048578 518
is_linear=0
shrinkage=0.05


Tree=81
num_leaves=15
num_cat=3
split_feature=0 0 4 5 5 0 5 5 4 4 2 4 4 4
split_gain=1.60676 0.43226 0.257257 0.181722 0.174663 0.301047 0.230365 0.327983 0.472467 0.607845 0.454231 0.328439 0.211017 0.460526
threshold=0 1 1.0000000180025095e-35 1.0000000180025095e-35 3.5000000000000004 2 1.5000000000000002 1.0000000180025095e-35 16.425000000000004 13.691666666666668 325.55000000000007 9.4416666666666682 20.008333333333336 22.166666666666668
decision_type=9 9 2 2 2 9 2 2 2 2 2 2 2 2
left_child=3 4 -3 -1 5 6 7 11 9 -9 -10 -2 -6 -14
right_child=1 2 -4 -5 12 -7 -8 8 10 -11 -12 -13 13 -15
leaf_value=0.0001215954908311489 0.0010332192216025006 0.0030317047782605082 -0.00018888125306266266 0.00022969452297450562 3.3608214001937984e-05 0.00028483126095501902 0.00042401325734429469 -0.00028464689580716662 0.0044007856847106423 -0.0032105320558894154 -0.00047859434620208793 -8.6511354441673317e-06 -0.0017794800814378631 0.00077265966522777573
leaf_weight=82 86 40 6620 440 2627 1886 876 209 59 62 121 367 126 64
leaf_count=82 86 40 6620 440 2627 1886 876 209 59 62 121 367 126 64
internal_value=0.00014453 3.53533e-05 -0.000247376 0.00283835 0.000325736 0.000553737 8.37991e-05 -0.000475664 -0.00143015 -0.00274908 0.000555556 0.000474614 3.01741e-05 -0.00157895
internal_weight=13665 13143 6660 522 6483 3666 1780 904 451 271 180 453 2817 190
internal_count=13665 13143 6660 522 6483 3666 1780 904 451 271 180 453 2817 190
cat_boundaries=0 1 3 5
cat_threshold=1073758208 2819752960 83098 2148532224 65672
is_linear=0
shrinkage=0.05


Tree=82
num_leaves=15
num_cat=4
split_feature=3 0 6 0 4 4 0 0 5 5 4 5 5 5
split_gain=1.60292 0.384634 0.439655 0.196592 0.178122 0.47227 0.791717 0.297655 0.408408 0.321562 0.283599 0.28295 0.525347 0.85973
threshold=4.6500000000000012 0 2.2987267968673764 1 16.158333333333335 13.008333333333335 2 3 1.0000000180025095e-35 1.5000000000000002 10.141666666666667 1.0000000180025095e-35 1.5000000000000002 2.5000000000000004
decision_type=2 9 2 9 2 2 9 9 2 2 2 2 2 2
left_child=-1 2 4 -3 5 7 11 9 -9 10 -2 -7 -13 -14
right_child=1 3 -4 -5 -6 6 -8 8 -10 -11 -12 12 13 -15
leaf_value=0.00069111549879262804 0.00026492756294629985 -0.00035235260992477502 0.021097934567653416 -4.9974594925929375e-06 0.00046781984329777229 0.0011016080193714702 0.00023452970785083286 -0.00017399140186764473 0.00021924017478340788 -9.3182939720386064e-05 0.00085190998090318353 -0.0031710070626022914 0.001333880206093198 -0.0017261961786688975
leaf_weight=342 163 1635 52 6811 1852 101 257 150 977 686 99 76 88 332
leaf_count=342 163 1635 52 6811 1852 101 257 150 977 686 99 76 88 332
internal_value=0.000158212 7.11652e-05 0.000426389 -0.00013245 0.000377536 0.000134858 -0.000854801 0.000542169 0.00108619 -0.000114822 0.00137405 -0.0018369 -0.00235887 -0.00166667
internal_weight=13621 13279 4833 8446 4781 2929 854 2075 1127 948 262 597 496 420
internal_count=13621 13279 4833 8446 4781 2929 854 2075 1127 948 262 597 496 420
cat_boundaries=0 2 4 6 7
cat_threshold=2886877312 1156 1563 49664 2147483648 1156 2819620864
is_linear=0
shrinkage=0.05


Tree=83
num_leaves=15
num_cat=2
split_feature=3 0 6 4 6 4 0 4 4 5 3 5 4 4
split_gain=1.47529 0.43204 0.402924 0.216498 0.203693 0.170167 0.169745 0.204451 0.189459 0.374268 0.321017 0.286477 0.348413 0.312064
threshold=4.6500000000000012 0 1.4874286478830445 22.166666666666668 2.0643809316102675 23.208333333333336 1 20.358333333333338 15.141666666666667 1.0000000180025095e-35 55.050000000000004 1.0000000180025095e-35 13.008333333333335 13.375000000000002
decision_type=2 9 2 2 2 2 9 2 2 2 2 2 2 2
left_child=-1 2 3 6 5 -3 7 8 11 -10 -11 -2 -13 -14
right_child=1 4 -4 -5 -6 -7 -8 -9 9 10 -12 12 13 -15
leaf_value=0.00065277898712996091 0.00028301437730838484 -5.2528877226859223e-05 0.0076763469250661952 0.00062043614735248669 -0.0011349656982042936 -0.00058061878375465479 4.0917267317221515e-05 -0.00027401461370185962 -0.00077033744806563186 0.00055449395242390318 -0.0038151736398756748 9.7256818506083866e-05 -0.00065741829197195811 -0.00019341987896014459
leaf_weight=330 157 6775 206 158 70 65 4054 90 74 424 53 951 43 167
leaf_count=330 157 6775 206 158 70 65 4054 90 74 424 53 951 43 167
internal_value=0.000182493 0.000100474 0.0003969 0.000324907 -0.00017341 -0.000146199 0.0002769 0.000657694 0.000773141 0.00155172 0.00206499 0.000447648 0.000176572 -0.00166667
internal_weight=13617 13287 6377 6171 6910 6840 6013 1959 1869 551 477 1318 1161 210
internal_count=13617 13287 6377 6171 6910 6840 6013 1959 1869 551 477 1318 1161 210
cat_boundaries=0 2 4
cat_threshold=2885894162 82124 738213890 128
is_linear=0
shrinkage=0.05


Tree=84
num_leaves=15
num_cat=5
split_feature=0 0 6 4 4 0 0 4 4 4 0 5 5 5
split_gain=1.40914 0.28213 0.411124 0.231816 0.373875 0.285667 0.254939 0.361988 0.512394 0.381927 0.402374 0.412211 0.878187 0.772298
threshold=0 1 1.3766220136373084 13.075000000000001 13.375000000000002 2 3 17.008333333333336 16.908333333333335 16.425000000000004 4 1.0000000180025095e-35 1.5000000000000002 2.5000000000000004
decision_type=9 9 2 2 2 9 9 2 2 2 9 2 2 2
left_child=-1 2 3 5 -5 -2 -6 8 9 10 -8 -12 -13 -14
right_child=1 -3 -4 4 6 -7 7 -9 -10 -11 11 12 13 -15
leaf_value=0.0001783483287357978 -6.9928173670061014e-06 -4.6578647814776168e-05 0.0065205520589846789 -0.00078677480778536904 0.00019507611719392874 0.00088239803905167775 0.00084741235534314366 0.00032320651767877586 -0.00098938560476840394 0.0025242186527787702 0.0033737713975551492 -0.0031019325627531921 0.0024816964867719663 -0.0012216089707076147
leaf_weight=512 615 8745 133 77 446 1078 207 1184 63 58 64 62 65 248
leaf_count=512 615 8745 133 77 446 1078 207 1184 63 58 64 62 65 248
internal_value=0.000153795 5.17045e-05 0.000382831 0.000296376 -1.21259e-05 0.000747194 9.80394e-05 -0.000150433 -0.000997392 -0.000610795 -0.000959752 -0.00179287 -0.00246667 -0.00138978
internal_weight=13557 13045 4300 4167 2474 1693 2397 1951 767 704 646 439 375 313
internal_count=13557 13045 4300 4167 2474 1693 2397 1951 767 704 646 439 375 313
cat_boundaries=0 1 3 4 5 7
cat_threshold=1073758208 740492304 65669 740360192 738197504 196624 65536
is_linear=0
shrinkage=0.05


Tree=85
num_leaves=15
num_cat=6
split_feature=2 0 6 0 5 5 0 0 6 6 0 0 5 5
split_gain=1.24192 0.564186 0.210659 0.120589 0.216292 0.235334 0.627882 0.378814 0.184474 0.393326 0.169052 0.13039 0.138532 0.112713
threshold=24.500000000000004 0 2.2409863868481232 1 2.5000000000000004 1.0000000180025095e-35 2 3 1.7755748620751304 1.1557608829651618 4 5 1.5000000000000002 1.0000000180025095e-35
decision_type=2 9 2 9 2 2 9 9 2 2 9 9 2 2
left_child=13 2 -2 8 5 6 -5 -7 9 -3 -6 -9 -13 -1
right_child=1 3 -4 4 10 7 -8 11 -10 -11 -12 12 -14 -15
leaf_value=0.00023168272568466764 0.00012752156671715924 -1.7646386195097674e-05 0.015484532319338502 -0.00081702899774731622 -0.0019527428225110046 -0.00022037834125362846 0.0019238380089618248 -0.0040365424345743693 0.0050408823787847327 -0.00074946791691221128 0.00018271324356465253 -0.0020801196997300218 -0.00060828510602016017 0.00069396724188933233
leaf_weight=50 5141 4750 93 258 273 468 186 100 90 40 1535 165 171 281
leaf_count=50 5141 4750 93 258 273 468 186 100 90 40 1535 165 171 281
internal_value=0.000162121 8.66618e-05 0.000490084 -0.000176485 -0.00041693 -0.000897626 4.50452e-05 -0.00136062 -2.04497e-05 -6.26303e-05 -6.08405e-05 -0.0023991 -0.00179191 0.00318731
internal_weight=13601 13270 5234 8036 3156 1348 444 904 4880 4790 1808 436 336 331
internal_count=13601 13270 5234 8036 3156 1348 444 904 4880 4790 1808 436 336 331
cat_boundaries=0 2 4 6 8 9 11
cat_threshold=2885697688 1220 1179648 16443 65536 2560 2163202 512 2097152 1025 65536
is_linear=0
shrinkage=0.05


Tree=86
num_leaves=15
num_cat=3
split_feature=2 0 6 6 6 0 5 5 0 5 5 5 5 2
split_gain=1.04997 0.442458 0.51697 0.414288 0.143512 0.0996986 0.133353 0.088357 0.0654869 0.125438 0.215213 0.19915 0.294476 0.273097
threshold=24.500000000000004 0 2.2409863868481232 2.0154586348681138 1.4647778729936263 1 1.5000000000000002 1.0000000180025095e-35 2 4.5000000000000009 3.5000000000000004 1.5000000000000002 2.5000000000000004 576.55000000000007
decision_type=2 9 2 2 2 9 2 2 9 2 2 2 2 2
left_child=7 3 8 4 5 6 -2 -1 9 10 11 -3 13 -13
right_child=1 2 -4 -5 -6 -7 -8 -9 -10 -11 -12 12 -14 -15
leaf_value=0.00022009858940043593 0.00020584195074607533 -7.6374418974569452e-06 0.017459020739456505 -0.0042905144133747576 0.0022638682660957011 -1.6703764707017614e-05 -0.00053294774214036054 0.00070658143313174777 0.00011966249212480124 0.00014674043126518824 -0.00046992833827068641 0.00032679122740561387 2.7633041239529357e-05 -0.00030370749561217788
leaf_weight=50 411 333 99 80 57 4733 1077 290 5632 355 197 147 173 46
leaf_count=50 411 333 99 80 57 4733 1077 290 5632 355 197 147 173 46
internal_value=0.000197369 0.000127436 0.000401888 -0.000174309 -0.000129022 -0.000151905 -0.000507343 0.00294118 0.000350865 0.000678033 0.000368304 0.000779685 0.0015847 0.00292746
internal_weight=13680 13340 6982 6358 6278 6221 1488 340 6883 1251 896 699 366 193
internal_count=13680 13340 6982 6358 6278 6221 1488 340 6883 1251 896 699 366 193
cat_boundaries=0 2 4 6
cat_threshold=69206683 19002 2097282 16896 134234112 128
is_linear=0
shrinkage=0.05


Tree=87
num_leaves=15
num_cat=1
split_feature=2 0 4 4 4 4 4 6 5 4 5 4 4 4
split_gain=1.1777 0.523837 0.274106 0.255363 0.742946 0.595538 0.714498 0.498424 0.368708 0.578297 0.526311 0.383619 0.50173 0.48078
threshold=24.500000000000004 0 22.908333333333335 10.29166666666667 10.508333333333335 4.8750000000000009 4.2750000000000012 2.2987267968673764 2.5000000000000004 12.008333333333335 5.5000000000000009 10.725000000000001 11.075000000000001 11.591666666666669
decision_type=2 9 2 2 2 2 2 2 2 2 2 2 2 2
left_child=-1 -2 3 5 -5 6 -3 8 -6 10 11 -10 -13 -14
right_child=1 2 -4 4 7 -7 -8 -9 9 -11 -12 12 13 -15
leaf_value=0.00053757394991601841 -0.00012911997032463663 1.9071065943629657e-05 0.00069290459095983645 -0.0022703188798580431 0.00019685912895191376 0.00031977153748297116 -0.0020561659503688153 0.014078755338067635 0.0016239439900142469 4.2038951830303323e-05 0.00011028559515357951 -0.0018308782636068405 0.0014957524936147803 -0.00029040854097709686
leaf_weight=336 7315 325 69 64 1876 1074 48 55 41 2035 102 78 71 87
leaf_count=336 7315 325 69 64 1876 1074 48 55 41 2035 102 78 71 87
internal_value=0.000142163 6.7976e-05 0.000417018 0.000380806 0.000191654 0.000957153 -0.000764075 0.000270426 0.00020979 -0.00019884 -0.00199208 -0.00312274 -0.0038983 -0.00227848
internal_weight=13576 13240 5925 5856 4409 1447 373 4345 4290 2414 379 277 236 158
internal_count=13576 13240 5925 5856 4409 1447 373 4345 4290 2414 379 277 236 158
cat_boundaries=0 2
cat_threshold=202376728 35449
is_linear=0
shrinkage=0.05


Tree=88
num_leaves=15
num_cat=3
split_feature=0 0 5 4 5 4 4 0 4 4 5 5 4 2
split_gain=1.68476 0.403469 0.241694 0.191568 0.520557 0.325341 0.266071 0.173684 0.140212 0.179374 0.144984 0.191278 0.280632 0.138104
threshold=0 1 1.0000000180025095e-35 5.6750000000000016 1.5000000000000002 8.8416666666666686 1.0083333333333335 2 7.5750000000000002 11.341666666666669 5.5000000000000009 3.5000000000000004 16.908333333333335 41.350000000000009
decision_type=9 9 2 2 2 2 2 9 2 2 2 2 2 2
left_child=2 3 -1 4 -2 -5 -6 -3 -4 -10 11 13 -13 -11
right_child=1 7 8 5 6 -7 -8 -9 9 10 -12 12 -14 -15
leaf_value=5.2422272559269995e-05 -0.004387820755889049 -0.00030233755004983051 0.00030924755150716867 0.00087265385208358959 0.0017398794570783343 0.00017390047018947757 -1.9799802969409654e-05 1.1328342839029519e-05 0.00016572725753901887 0.00074172890020078879 0.00052135844385497695 -6.4129702123920767e-05 0.00047590827344133678 4.8709767930183592e-05
leaf_weight=96 76 2876 42 251 47 2467 159 7103 190 118 52 70 41 68
leaf_count=96 76 2876 42 251 47 2467 159 7103 190 118 52 70 41 68
internal_value=0.000185267 5.73564e-05 0.00259825 0.000564784 -0.000673759 0.000695364 0.000631068 -9.5605e-05 0.00302065 0.00323748 0.00256447 0.00213805 0.000495496 0.00311828
internal_weight=13656 12979 677 3000 282 2718 206 9979 581 539 349 297 111 186
internal_count=13656 12979 677 3000 282 2718 206 9979 581 539 349 297 111 186
cat_boundaries=0 2 4 6
cat_threshold=1140867072 16384 671219720 65668 1050243 33296
is_linear=0
shrinkage=0.05


Tree=89
num_leaves=15
num_cat=3
split_feature=0 0 4 4 0 4 4 4 5 4 5 4 4 2
split_gain=1.33387 0.409958 0.294811 0.212175 0.172588 0.379806 0.447654 0.265476 0.19883 0.224172 0.169426 0.155007 0.748978 0.150437
threshold=0 1 10.29166666666667 14.441666666666668 2 9.5083333333333346 8.8416666666666686 16.758333333333336 2.5000000000000004 19.141666666666669 1.0000000180025095e-35 6.4166666666666679 4.2750000000000012 576.55000000000007
decision_type=9 9 2 2 9 2 2 2 2 2 2 2 2 2
left_child=2 -2 -1 -4 5 6 11 10 9 -9 -7 12 -3 -12
right_child=1 4 3 -5 -6 7 -8 8 -10 -11 13 -13 -14 -15
leaf_value=0.00016980617037391207 -0.00025292861104410998 0.00038236493073405065 5.2511256077520136e-05 0.00036391125613782532 6.2329629568302525e-05 0.00048250903731617733 -0.00056530353600631167 -0.0009845027144889443 0.00018141121405974991 0.00062700878315943289 0.00017293652217346923 0.00070025859704974465 -0.00025977827950593446 0.0032345289108236461
leaf_weight=106 3741 78 225 199 8317 71 43 74 152 62 370 112 44 96
leaf_count=106 3741 78 225 199 8317 71 43 74 152 62 370 112 44 96
internal_value=0.000157049 5.69478e-05 0.00259259 0.00205189 0.000232793 0.000818345 -0.000776173 0.00136364 0.000138889 -0.00125 0.00202048 8.54703e-05 -0.00114754 0.00167382
internal_weight=13690 13160 530 424 9419 1102 277 825 288 136 537 234 122 466
internal_count=13690 13160 530 424 9419 1102 277 825 288 136 537 234 122 466
cat_boundaries=0 1 3 5
cat_threshold=1073758208 2098818 49704 671088640 65536
is_linear=0
shrinkage=0.05


Tree=90
num_leaves=15
num_cat=4
split_feature=2 0 6 6 6 0 5 5 2 2 0 5 0 5
split_gain=1.25344 0.429754 0.384482 0.216268 0.293423 0.162735 0.132749 0.230278 0.412063 0.361344 0.173428 0.474881 0.139808 0.129592
threshold=24.500000000000004 0 2.4586944599067744 2.1641160589318189 1.5127994973200007 1 2.5000000000000004 1.0000000180025095e-35 1036.8500000000001 608.50000000000011 2 1.5000000000000002 3 3.5000000000000004
decision_type=2 9 2 2 2 9 2 2 2 2 9 2 9 2
left_child=-1 3 5 4 -2 6 7 9 10 12 -9 -12 -3 -8
right_child=1 2 -4 -5 -6 -7 13 8 -10 -11 11 -13 -14 -15
leaf_value=0.00053098481542692962 -0.00011204299131787285 0.00024980095387115969 0.016199673865884858 -0.0039569096718349173 0.0047980395864527297 0.000100976745624875 0.00061416800576607816 -0.00028650879143560487 0.00046940389660707073 -0.00078345879212481865 2.9909993274829463e-05 -0.0014087680500977809 0.002408997956614917 0.00026867175172481662
leaf_weight=333 5606 246 81 61 44 3816 492 632 85 126 171 192 149 1605
leaf_count=333 5606 246 81 61 44 3816 492 632 85 126 171 192 149 1605
internal_value=0.000168268 9.24397e-05 0.000338593 -0.000235099 -0.00020354 0.000302103 6.47251e-05 -0.000277951 -0.000694444 0.000585413 -0.000979899 -0.00183646 0.00132911 0.000326657
internal_weight=13639 13306 7595 5711 5650 7514 3698 1601 1080 521 995 363 395 2097
internal_count=13639 13306 7595 5711 5650 7514 3698 1601 1080 521 995 363 395 2097
cat_boundaries=0 2 4 6 8
cat_threshold=2163353 52785 2215773184 65608 2148532224 8 2147483648 64
is_linear=0
shrinkage=0.05


Tree=91
num_leaves=15
num_cat=4
split_feature=2 0 4 0 4 0 0 4 5 4 4 4 5 5
split_gain=0.900336 0.415786 0.386473 0.503535 0.313862 0.423389 0.357311 0.450754 0.42672 0.348624 0.322464 0.269093 0.262506 0.695098
threshold=24.500000000000004 0 19.075000000000003 1 14.908333333333335 2 3 20.625000000000004 1.5000000000000002 14.708333333333334 20.008333333333336 19.758333333333336 5.5000000000000009 4.5000000000000009
decision_type=2 9 2 9 2 9 9 2 2 2 2 2 2 2
left_child=-1 2 -2 11 5 -3 7 8 -6 -7 12 -4 13 -10
right_child=1 4 3 -5 6 9 -8 -9 10 -11 -12 -13 -14 -15
leaf_value=0.00050944373866698787 -0.00029998727808582025 0.002194587320415586 0.0042246220857999443 0.00082195134396328333 0.00025977279320967136 7.7769566866329139e-05 0.00013071138352108231 0.001054130021482374 -0.00099725143208129695 0.0014235349969916153 -0.0029188321372974058 -0.0017184395501610124 -0.0017460727245578957 0.0016104340833679076
leaf_weight=338 4322 248 42 418 437 4279 2022 194 662 94 42 89 196 238
leaf_count=338 4322 248 42 418 437 4279 2022 194 662 94 42 89 196 238
internal_value=8.47957e-05 1.99505e-05 -0.000347265 0.00090164 0.000232724 0.00050963 -0.000104194 -0.000621135 -0.000904762 0.000391285 -0.00141476 -0.00173759 -0.00125 -0.000888889
internal_weight=13621 13283 4871 549 8412 4621 3791 1769 1575 4373 1138 131 1096 900
internal_count=13621 13283 4871 549 8412 4621 3791 1769 1575 4373 1138 131 1096 900
cat_boundaries=0 2 4 6 8
cat_threshold=2149647899 51716 2098192 512 131072 66560 131072 66649
is_linear=0
shrinkage=0.05


Tree=92
num_leaves=15
num_cat=2
split_feature=2 0 6 4 4 4 4 4 4 4 4 4 4 0
split_gain=1.01605 0.241642 0.325467 0.274797 0.359398 0.235171 0.234463 0.265871 0.202292 0.34153 0.519836 0.262382 0.239032 0.343448
threshold=24.500000000000004 0 2.5708020820541093 22.450000000000003 21.491666666666671 13.29166666666667 23.208333333333336 22.908333333333335 18.625000000000004 19.475000000000005 19.875000000000004 20.358333333333338 10.008333333333335 1
decision_type=2 9 2 2 2 2 2 2 2 2 2 2 2 9
left_child=5 3 6 4 8 -1 7 -3 12 -10 -11 -12 -2 -14
right_child=1 2 -4 -5 -6 -7 -8 -9 9 10 11 -13 13 -15
leaf_value=0.00063848954126330024 -0.00074234717542797203 5.0479936067145158e-05 0.014970358645960505 -0.00056218467458856618 0.0013203629752111846 0.00033507328315499898 -0.0013394129593180986 0.00088068477571053851 -0.0020491637619308055 0.0034936937342110726 -0.0029658882192225597 0.0012215169874224569 -0.0019508700520020927 0.000254619808754645
leaf_weight=121 619 10040 70 57 49 222 104 63 122 52 66 65 134 1902
leaf_count=121 619 10040 70 57 49 222 104 63 122 52 66 65 134 1902
internal_value=0.000126407 5.73336e-05 0.00017352 -0.000331599 -0.000267531 0.00281341 0.000150387 0.000174701 -0.000337838 -0.00155738 -0.000191257 -0.00187023 -0.00019774 6.38509e-05
internal_weight=13686 13343 10277 3066 3009 343 10207 10103 2960 305 183 131 2655 2036
internal_count=13686 13343 10277 3066 3009 343 10207 10103 2960 305 183 131 2655 2036
cat_boundaries=0 2 3
cat_threshold=2228763 33296 522
is_linear=0
shrinkage=0.05


Tree=93
num_leaves=15
num_cat=0
split_feature=2 4 4 4 2 4 4 6 6 5 4 3 5 4
split_gain=0.681026 0.261993 0.196507 0.168164 0.150368 0.402034 0.366694 0.394579 0.284509 0.160986 0.144543 0.196131 0.214218 0.179764
threshold=24.500000000000004 1.0083333333333335 13.075000000000001 15.258333333333335 608.50000000000011 2.0166666666666671 2.6583333333333337 2.2916436531882503 1.7215724797947727 4.5000000000000009 17.891666666666669 31.050000000000004 4.5000000000000009 17.408333333333335
decision_type=2 2 2 2 2 2 2 2 2 2 2 2 2 2
left_child=2 -2 -1 -4 6 -6 9 -8 10 -3 11 -7 13 -13
right_child=1 4 3 -5 5 8 7 -9 -10 -11 -12 12 -14 -15
leaf_value=0.00052124434535557045 0.0009908347182518997 -0.00046966275938637049 -0.000159070595277768 0.00038461932935779245 0.0023655755189961217 -0.00046366476002841002 7.260491079096077e-05 0.014470498100255852 -0.00083400681461667575 -0.0015910600016988707 0.00018990534368187265 0.00014651704470488631 -0.00083209966650763022 -0.00099091633909015775
leaf_weight=113 270 191 50 167 70 176 9133 96 50 55 1723 1084 473 43
leaf_count=113 270 191 50 167 70 176 9133 96 50 55 1723 1084 473 43
internal_value=0.000180371 0.000124963 0.00242424 0.00154378 9.31726e-05 -0.000180989 0.000197889 0.000248673 -0.000255001 -0.00170732 -0.000201486 -0.000518018 -0.00034375 3.10561e-05
internal_weight=13694 13364 330 217 13094 3619 9475 9229 3549 246 3499 1776 1600 1127
internal_count=13694 13364 330 217 13094 3619 9475 9229 3549 246 3499 1776 1600 1127
is_linear=0
shrinkage=0.05


Tree=94
num_leaves=15
num_cat=2
split_feature=3 0 4 4 4 5 4 4 4 0 4 4 4 4
split_gain=0.773427 0.285886 0.209517 0.346183 0.406017 0.364719 0.242875 0.354796 0.226416 0.211713 0.20779 0.199147 0.347353 0.257398
threshold=4.6500000000000012 0 10.958333333333334 4.8750000000000009 4.0083333333333337 1.5000000000000002 11.725000000000001 11.525000000000002 11.075000000000001 1 21.683333333333337 19.358333333333338 18.858333333333338 18.225000000000005
decision_type=2 9 2 2 2 2 2 2 2 9 2 2 2 2
left_child=-1 2 3 4 5 -2 7 8 -4 10 -8 12 13 -11
right_child=1 -3 6 -5 -6 -7 9 -9 -10 11 -12 -13 -14 -15
leaf_value=0.00036700162397628372 -0.0034684962504245315 -1.3685628591564165e-05 -4.9540628059292348e-05 0.00023232857827242749 -0.00047248058309111424 0.00043388164634442585 0.00017204216385984211 -0.0014138706683117057 0.00098979392704168028 -1.5486514546955395e-05 -0.00033308714872617816 0.0002881671723311019 -0.0047775964412948889 0.0039308126339469094
leaf_weight=340 56 10015 94 792 46 151 587 43 65 1014 60 199 62 71
leaf_count=340 56 10015 94 792 46 151 587 43 65 1014 60 199 62 71
internal_value=0.000145274 8.48738e-05 0.000492308 0.00107656 -0.000533597 0.000410628 0.000216401 -0.00143564 -0.000345912 0.000383844 0.00111872 2.21241e-05 -0.000231037 -2.30413e-05
internal_weight=13595 13255 3240 1045 253 207 2195 202 159 1993 647 1346 1147 1085
internal_count=13595 13255 3240 1045 253 207 2195 202 159 1993 647 1346 1147 1085
cat_boundaries=0 2 3
cat_threshold=671170688 82052 671154176
is_linear=0
shrinkage=0.05


Tree=95
num_leaves=15
num_cat=0
split_feature=2 3 6 4 4 4 4 2 4 2 4 4 4 4
split_gain=0.797896 0.260098 0.209056 0.156439 0.230944 0.454809 0.355968 0.262008 0.308177 0.164636 0.234998 0.138985 0.136751 0.29193
threshold=24.500000000000004 44.050000000000004 2.6746039791475802 1.2750000000000001 8.9916666666666689 10.008333333333335 9.7083333333333339 977.10000000000002 3.5666666666666669 867.75000000000011 12.991666666666669 10.29166666666667 9.8416666666666686 8.1916666666666682
decision_type=2 2 2 2 2 2 2 2 2 2 2 2 2 2
left_child=11 2 12 -3 7 6 -6 8 -5 -7 -11 -1 13 -2
right_child=1 3 -4 4 5 9 -8 -9 -10 10 -12 -13 -14 -15
leaf_value=0.0006020512667408662 -1.1122904034645308e-06 -0.0032615746763221434 0.013740761154220236 -0.0024173105809723056 -0.0016329490318572747 -0.0019121255943245711 -0.0019680435571882578 0.0015025724593855871 0.0026423525722523563 0.0019376369390270228 -0.00041238165123612999 0.00032507710231469925 -1.0095745172973245e-06 0.0005614933364043944
leaf_weight=47 1601 48 55 45 56 48 45 112 102 178 1352 290 8590 1096
leaf_count=47 1601 48 55 45 56 48 45 112 102 178 1352 290 8590 1096
internal_value=7.50093e-05 1.42559e-05 0.000106683 -0.000513595 -0.000443756 -0.00065813 -0.00391089 0.000945946 -0.000442177 -0.000449936 -0.000359477 0.00247774 9.16986e-05 0.000402299
internal_weight=13665 13328 11342 1986 1938 1679 101 259 147 1578 1530 337 11287 2697
internal_count=13665 13328 11342 1986 1938 1679 101 259 147 1578 1530 337 11287 2697
is_linear=0
shrinkage=0.05


Tree=96
num_leaves=15
num_cat=5
split_feature=0 0 4 4 0 0 4 5 0 4 4 5 4 4
split_gain=0.726379 0.285452 0.317109 0.204081 0.311217 0.252721 0.231694 0.669155 0.327892 0.424909 0.476318 1.31928 0.504337 0.320338
threshold=0 1 0.67500000000000016 18.125000000000004 2 3 15.191666666666668 1.0000000180025095e-35 4 15.608333333333336 17.508333333333336 3.5000000000000004 17.008333333333336 16.841666666666672
decision_type=9 9 2 2 9 9 2 2 9 2 2 2 2 2
left_child=-1 -2 -3 5 -5 -4 -7 -8 9 -9 12 -12 13 -11
right_child=1 2 3 4 -6 6 7 8 -10 10 11 -13 -14 -15
leaf_value=0.0003360226381326581 6.8505317208948882e-05 0.0020457842408833781 -0.0018686046250792996 -0.00031488204991816059 0.00048240708685016526 -5.1692137443823637e-06 0.00092157113685064078 -0.0033337866646399429 -0.00061910453968140372 -0.00057167520927649013 -0.0029171877248984814 0.00076096673054832612 0.0029004011427535381 -0.0045656499789275776
leaf_weight=449 6099 103 147 461 708 3736 254 76 1021 265 74 50 128 41
leaf_count=449 6099 103 147 461 708 3736 254 76 1021 265 74 50 128 41
internal_value=0.000103585 3.52997e-05 -0.000180944 -0.000221951 0.000380667 -0.000343577 -0.000287356 -0.000735987 -0.00110272 -0.00198758 -0.00154122 -0.00427419 -0.000760368 -0.00186274
internal_weight=13612 13163 7064 6961 1169 5792 5645 1909 1655 634 558 124 434 306
internal_count=13612 13163 7064 6961 1169 5792 5645 1909 1655 634 558 124 434 306
cat_boundaries=0 1 3 5 6 8
cat_threshold=1140851712 2819768448 154 2097168 34336 514 0 67141
is_linear=0
shrinkage=0.05


Tree=97
num_leaves=15
num_cat=3
split_feature=2 0 6 6 5 4 0 4 4 0 5 4 4 4
split_gain=0.713318 0.390621 0.457262 0.35872 0.27153 0.328162 0.300718 0.30133 0.267465 0.285304 0.80305 0.352095 0.47899 0.328317
threshold=24.500000000000004 0 2.5708020820541093 2.0643809316102675 2.5000000000000004 22.908333333333335 1 1.2750000000000001 22.008333333333336 2 4.5000000000000009 18.508333333333336 19.875000000000004 11.658333333333335
decision_type=2 9 2 2 2 2 9 2 2 9 2 2 2 2
left_child=-1 3 4 -2 6 8 -3 -8 9 -6 -11 13 -13 -12
right_child=1 2 -4 -5 5 -7 7 -9 -10 10 11 12 -14 -15
leaf_value=0.00031767790505294306 -8.441820697054219e-05 3.9103781667285642e-05 0.015117816687735994 -0.0046000511212010101 0.00024719658460750377 0.0012779287032582964 -0.0038447635310669228 0.00045526588302437996 -0.0016805261963545094 -0.00051987431992985076 -2.3191839901619169e-05 -0.0023642978942550593 0.0013859596509226896 0.00086508635727651755
leaf_weight=334 4092 1789 71 40 1914 67 43 2008 60 1641 450 128 67 845
leaf_count=334 4092 1789 71 40 1914 67 43 2008 60 1641 450 128 67 845
internal_value=0.000173076 0.000115399 0.000298582 -0.000287301 0.000267421 3.0936e-05 0.000585938 0.000997089 -1.46913e-05 2.47772e-05 -0.000269022 0.00057047 -0.00141026 0.000868726
internal_weight=13549 13215 9083 4132 9012 5172 3840 2051 5105 5045 3131 1490 195 1295
internal_count=13549 13215 9083 4132 9012 5172 3840 2051 5105 5045 3131 1490 195 1295
cat_boundaries=0 2 4 6
cat_threshold=67227 117257 2685419520 96 2751463424 192
is_linear=0
shrinkage=0.05


Tree=98
num_leaves=15
num_cat=3
split_feature=2 0 4 4 4 4 0 4 4 4 4 4 4 0
split_gain=0.92174 0.226245 0.275037 0.227661 0.217511 0.302644 0.316282 0.532407 0.427635 0.536457 0.362899 0.256618 1.12855 0.323091
threshold=24.500000000000004 0 2.8916666666666671 2.0166666666666671 9.4416666666666682 11.525000000000002 1 9.9916666666666689 10.075000000000001 9.6416666666666675 9.7750000000000021 7.0250000000000012 6.4166666666666679 2
decision_type=2 9 2 2 2 2 9 2 2 2 2 2 2 9
left_child=-1 2 -2 -3 11 6 8 10 9 -6 -8 12 13 -4
right_child=1 3 4 -5 5 -7 7 -9 -10 -11 -12 -13 -14 -15
leaf_value=0.00030302889033393191 -0.0012065987658789008 0.00068966588834712742 -0.0016986326795488775 3.8016640358902409e-05 -0.0011763077829021846 -5.7664289778493101e-05 -0.00091236177636352651 0.00095522939266014782 -0.0019678323138517559 0.0033533553762548976 -0.0018590319772404393 0.00096994772110225015 -0.0033133181630347081 0.0027439745299468014
leaf_weight=338 307 279 114 6311 52 4543 69 344 278 74 48 645 47 180
leaf_count=338 307 279 114 6311 52 4543 69 344 278 74 48 645 47 180
internal_value=5.4663e-05 -1.09095e-05 -0.000215318 0.00019697 -0.000145449 -0.00026997 -0.00112717 -0.000201698 -0.0021256 0.000238095 -0.00311966 0.000537526 -0.000571847 0.000578231
internal_weight=13629 13291 6701 6590 6394 5408 865 461 404 126 117 986 341 294
internal_count=13629 13291 6701 6590 6394 5408 865 461 404 126 117 986 341 294
cat_boundaries=0 2 4 6
cat_threshold=2149647896 34350 2147484160 10 2147483648 516
is_linear=0
shrinkage=0.05


Tree=99
num_leaves=15
num_cat=1
split_feature=2 6 4 1 4 4 5 4 4 4 6 4 5 3
split_gain=0.763738 0.174189 0.146303 0.136582 0.177592 0.255355 0.235905 0.209243 0.176818 0.299003 0.1366 0.126219 0.156552 0.338629
threshold=24.500000000000004 2.5947191574750361 10.29166666666667 0 12.29166666666667 10.875000000000002 4.5000000000000009 20.991666666666671 6.6916666666666673 4.0083333333333337 2.1641160589318189 2.0166666666666671 1.5000000000000002 9.2500000000000018
decision_type=2 2 2 1 2 2 2 2 2 2 2 2 2 2
left_child=2 3 -1 4 5 6 8 -6 9 -2 11 12 13 -5
right_child=1 -3 -4 10 7 -7 -8 -9 -10 -11 -12 -13 -14 -15
leaf_value=0.00070262337804561379 -0.00046199049456282734 0.0096156363559305874 0.00025353459172804642 0.00067159200259864758 0.00022740996100118179 -0.0017264061016396424 -0.0014755952966165229 -0.0014948784608887684 -0.0011665610665741748 0.0035945901557813556 -0.00099776802096504156 3.922638829136809e-06 0.000474929519470435 -0.0017892108771398194
leaf_weight=46 86 89 297 41 1175 79 118 63 156 40 78 10997 299 53
leaf_count=46 86 89 297 41 1175 79 118 63 156 40 78 10997 299 53
internal_value=4.66331e-05 -1.35602e-05 0.00237609 -2.84412e-05 -0.000442964 -0.00126305 -0.00075 -0.000129241 3.54612e-05 0.00142857 3.39782e-05 4.82882e-05 0.000928753 -0.000851064
internal_weight=13617 13274 343 13185 1717 479 400 1238 282 126 11468 11390 393 94
internal_count=13617 13274 343 13185 1717 479 400 1238 282 126 11468 11390 393 94
cat_boundaries=0 1
cat_threshold=2
is_linear=0
shrinkage=0.05


Tree=100
num_leaves=15
num_cat=5
split_feature=0 3 4 6 5 0 4 4 4 0 5 0 0 4
split_gain=0.715296 0.373331 0.222905 0.2201 0.211869 0.179748 0.208754 0.152894 0.390022 0.231254 0.148141 0.42712 0.295255 0.427995
threshold=0 4.6500000000000012 23.208333333333336 2.0154586348681138 1.0000000180025095e-35 1 22.450000000000003 21.19166666666667 20.883333333333336 2 1.5000000000000002 3 4 9.158333333333335
decision_type=9 2 2 2 2 9 2 2 2 9 2 9 9 2
left_child=1 4 3 5 -1 -2 -7 8 10 -9 11 -3 -12 -14
right_child=2 7 -4 -5 -6 6 -8 9 -10 -11 12 -13 13 -15
leaf_value=-9.3251787473903022e-07 -0.00036782553661130797 0.002223285700701621 -0.0029391950701984889 -0.0011795062401383427 0.00036376186291949279 -1.0892667073131547e-05 0.0019157629410890744 0.00026501900924239197 -0.0021758576740742541 0.00055575467606880423 -0.00011204540275545968 0.00021625121148261353 0.00059983244441285917 6.7969263428143786e-05
leaf_weight=52 1241 159 61 69 283 5608 67 142 50 137 1763 1498 479 2026
leaf_count=52 1241 159 61 69 283 5608 67 142 50 137 1763 1498 479 2026
internal_value=0.000163183 0.000537203 -0.000187075 -0.000161059 0.00216418 -0.000133025 -1.31924e-05 0.000450912 0.00039749 0.00159498 0.000434599 0.000835848 0.000278819 0.000626243
internal_weight=13635 6589 7046 6985 335 6916 5675 6254 5975 279 5925 1657 4268 2505
internal_count=13635 6589 7046 6985 335 6916 5675 6254 5975 279 5925 1657 4268 2505
cat_boundaries=0 2 4 6 8 10
cat_threshold=3892446209 83156 67175042 512 2281701376 144 134218752 1024 134217729 1104
is_linear=0
shrinkage=0.05


Tree=101
num_leaves=15
num_cat=4
split_feature=2 0 5 0 5 6 6 6 5 5 5 5 0 0
split_gain=0.857786 0.274827 0.144921 0.1134 0.197623 0.159758 0.325171 0.109005 0.090183 0.0877414 0.18348 0.329472 0.182489 0.171842
threshold=24.500000000000004 0 1.0000000180025095e-35 1 5.5000000000000009 2.2987267968673764 2.0154586348681138 1.6160276926508292 3.5000000000000004 4.5000000000000009 2.5000000000000004 1.5000000000000002 2 3
decision_type=2 9 2 9 2 2 2 2 2 2 2 2 9 9
left_child=2 -2 -1 4 9 6 7 -5 -7 10 11 12 -3 -12
right_child=1 3 -4 5 -6 8 -8 -9 -10 -11 13 -13 -14 -15
leaf_value=6.3504305140841489e-05 -0.00024573171447751216 0.0006665698115304148 0.00041551650582532894 3.0323750073658398e-05 -4.1540101283533981e-05 0.0016827618999505954 -0.0011935592987482137 0.0044710959366512995 0.015050394825977129 0.00020628763426028211 8.5360297513327175e-05 0.00021639599832363692 -0.00012207458573923501 -9.8669488826238249e-05
leaf_weight=52 1998 155 284 8998 289 46 65 81 43 286 397 301 385 187
leaf_count=52 1998 155 284 8998 289 46 65 81 43 286 397 301 385 187
internal_value=0.000124199 6.08421e-05 0.00261905 0.000156987 0.000497513 8.27655e-05 6.23361e-05 8.75649e-05 0.00219101 0.000704267 0.00054386 0.00101665 0.000277778 -0.000136986
internal_weight=13567 13231 336 11233 2000 9233 9144 9079 89 1711 1425 841 540 584
internal_count=13567 13231 336 11233 2000 9233 9144 9079 89 1711 1425 841 540 584
cat_boundaries=0 2 4 5 7
cat_threshold=69207578 33280 134365185 129 134348801 1 129
is_linear=0
shrinkage=0.05


Tree=102
num_leaves=15
num_cat=5
split_feature=0 4 4 5 4 4 4 0 4 0 0 4 4 0
split_gain=0.782141 0.450843 0.52306 0.426294 0.915124 0.698659 0.341901 0.264784 0.309496 0.244246 0.244029 0.447918 0.303763 0.428458
threshold=0 10.958333333333334 5.0750000000000002 1.0000000180025095e-35 17.541666666666671 13.375000000000002 15.141666666666667 1 12.008333333333335 2 3 23.208333333333336 18.325000000000003 4
decision_type=9 2 2 2 2 2 2 9 2 9 9 2 2 9
left_child=1 2 -1 4 5 -3 7 -5 -9 -4 11 12 -2 -14
right_child=10 3 9 6 -6 -7 -8 8 -10 -11 -12 -13 13 -15
leaf_value=-4.2880735762304492e-05 -0.00034677501965285916 -0.00029014016516722672 0.00021523275852028523 -4.0867700868238134e-05 -0.00079546012079131511 0.00033256764612693996 0.0003177394383611153 -0.00013543577517410749 0.00020000094776740992 0.00027394792388505952 5.1205858788939174e-05 -0.0038616790770731658 -0.00066294841173163621 0.0020290076186171807
leaf_weight=160 3609 64 202 453 71 103 733 61 150 400 7053 43 207 326
leaf_count=160 3609 64 202 453 71 103 733 61 150 400 7053 43 207 326
internal_value=8.98425e-05 0.000907769 0.00191601 0.000443425 -0.0015126 0.000508982 0.000776664 -4.51805e-05 0.00138009 0.00259136 -8.53483e-05 -0.000387366 -0.000335586 0.000778612
internal_weight=13635 2397 762 1635 238 167 1397 664 211 602 11238 4185 4142 533
internal_count=13635 2397 762 1635 238 167 1397 664 211 602 11238 4185 4142 533
cat_boundaries=0 2 4 5 7 9
cat_threshold=1610695682 16512 536887296 128 536870914 137363976 36353 2097160 34304
is_linear=0
shrinkage=0.05


Tree=103
num_leaves=15
num_cat=1
split_feature=2 4 0 4 4 4 4 4 2 5 5 4 5 4
split_gain=0.538637 0.173601 0.163849 0.276862 0.291613 0.198904 0.168738 0.250149 0.227391 0.392922 0.220869 0.172067 0.168389 0.432346
threshold=24.500000000000004 10.29166666666667 0 11.525000000000002 12.991666666666669 12.29166666666667 9.8416666666666686 8.5750000000000011 867.75000000000011 2.5000000000000004 4.5000000000000009 9.2416666666666689 1.0000000180025095e-35 16.425000000000004
decision_type=2 2 9 2 2 2 2 2 2 2 2 2 2 2
left_child=1 -1 3 6 5 -5 7 10 -8 -10 -2 -9 13 -6
right_child=2 -3 -4 4 12 -7 8 11 9 -11 -12 -13 -14 -15
leaf_value=0.00048925939806561132 -0.00050878461332506085 0.00019521089016929426 2.9736294626315303e-05 0.00072043766820100168 -0.0031394802216456082 0.0063210115249605243 -0.0026116827316639704 0.0046126954994823539 0.0022668806336161424 -0.0018260440804107457 -0.0018597015948363081 -0.0011305055971811105 -1.5613112405068161e-05 2.3844448498744945e-05
leaf_weight=43 165 294 11457 56 46 45 41 55 48 79 59 41 985 125
leaf_count=43 165 294 11457 56 46 45 41 55 48 79 59 41 985 125
internal_value=5.87194e-05 0.00203264 8.33226e-06 -0.000441595 -5.17102e-05 0.00252475 -0.00145492 -0.00078125 -0.00273809 -0.00169291 -0.00169643 0.00135417 -0.000276816 -0.00172515
internal_weight=13539 337 13202 1745 1257 101 488 320 168 127 224 96 1156 171
internal_count=13539 337 13202 1745 1257 101 488 320 168 127 224 96 1156 171
cat_boundaries=0 2
cat_threshold=2163226 512
is_linear=0
shrinkage=0.05


Tree=104
num_leaves=15
num_cat=3
split_feature=2 0 6 4 5 5 0 4 6 0 4 5 2 4
split_gain=0.644881 0.243885 0.282374 0.264024 0.26194 0.455609 1.20347 0.407981 0.389016 0.352164 0.4682 0.292948 0.493463 0.360963
threshold=24.500000000000004 0 2.0154586348681138 1.0000000180025095e-35 3.5000000000000004 4.5000000000000009 1 16.758333333333336 1.3225635810616778 2 12.008333333333335 5.5000000000000009 560.05000000000007 11.208333333333334
decision_type=2 9 2 2 2 2 9 2 2 9 2 2 2 2
left_child=-1 2 3 -2 -3 6 7 -6 9 -7 11 13 -13 -11
right_child=1 4 -4 -5 5 8 -8 -9 -10 10 -12 12 -14 -15
leaf_value=0.00024999214421147483 0.0024370585949223577 0.00010128406960362774 -0.0014384361460259593 -0.00014516693264880263 -0.0023888719671662701 0.0006188820082952684 5.2083756806209168e-05 -0.0016820944782806324 0.011027148495338569 -0.00022006919608787663 0.00010239767542481444 6.9419507349866472e-05 -0.00037642484249825241 -0.00094578361793569161
leaf_weight=340 41 4567 79 5231 242 982 746 160 94 147 790 143 80 40
leaf_count=340 41 4567 79 5231 242 982 746 160 94 147 790 143 80 40
internal_value=5.55476e-05 7.49699e-07 -0.000260212 -0.000216237 0.000175603 -0.00015479 -0.000966899 -0.00313107 0.000254833 0.000119157 -0.000454545 -0.00182927 -0.000605381 -0.00328877
internal_weight=13682 13342 5351 5272 7991 3424 1148 402 2276 2182 1200 410 223 187
internal_count=13682 13342 5351 5272 7991 3424 1148 402 2276 2182 1200 410 223 187
cat_boundaries=0 2 4 6
cat_threshold=1690 35426 136314880 1044 65537 65692
is_linear=0
shrinkage=0.05


Tree=105
num_leaves=15
num_cat=0
split_feature=2 4 4 4 4 5 4 2 2 2 4 2 4 5
split_gain=0.772218 0.135486 0.130743 1.48346 0.358374 0.331917 0.373521 0.542244 0.277924 0.239304 0.238158 0.384728 0.253932 0.377726
threshold=24.500000000000004 10.29166666666667 6.9750000000000005 6.6916666666666673 5.4583333333333348 1.0000000180025095e-35 4.2750000000000012 102.90000000000002 1036.8500000000001 576.55000000000007 8.0083333333333346 977.10000000000002 8.1916666666666682 2.5000000000000004
decision_type=2 2 2 2 2 2 2 2 2 2 2 2 2 2
left_child=1 -1 3 4 5 -2 8 -8 -7 -9 11 -4 13 -12
right_child=2 -3 10 -5 -6 6 7 9 -10 -11 12 -13 -14 -15
leaf_value=0.00039935717108021134 0.00094437670570801679 0.00020711208254436885 0.001158349775062104 -0.0030409498466420163 0.00090128364389357573 -0.00014889584103941966 -0.0019270901330553211 0.0009195552377115042 0.0021085731379146414 -0.0012338421720651722 -0.0025194232621918531 -0.001946402572036263 4.7371259393640713e-05 0.00025716992165644606
leaf_weight=47 167 294 199 51 196 726 66 67 140 55 67 68 11440 68
leaf_count=47 167 294 199 51 196 726 66 67 140 55 67 68 11440 68
internal_value=0.000157864 0.00250733 9.76711e-05 -0.000347411 -4.58714e-05 -0.000364455 -0.000692599 -0.00271277 -0.000254041 -0.000737705 0.000152846 0.00162921 0.000118791 -0.00203704
internal_weight=13651 341 13310 1468 1417 1221 1054 188 866 122 11842 267 11575 135
internal_count=13651 341 13310 1468 1417 1221 1054 188 866 122 11842 267 11575 135
is_linear=0
shrinkage=0.05


Tree=106
num_leaves=15
num_cat=4
split_feature=2 0 4 4 4 0 4 4 4 4 0 4 4 0
split_gain=0.504799 0.359866 0.313489 0.347681 0.255747 0.221223 0.226016 0.237863 0.217425 0.494988 0.196653 0.228364 0.193316 0.188364
threshold=24.500000000000004 0 18.69166666666667 2.8916666666666671 18.575000000000003 1 21.008333333333336 19.675000000000004 5.4583333333333348 3.5666666666666669 2 11.975000000000001 2.1583333333333337 3
decision_type=2 9 2 2 2 9 2 2 2 2 9 2 2 9
left_child=-1 2 3 12 10 -4 7 -7 9 13 11 -5 -2 -3
right_child=1 8 5 4 -6 6 -8 -9 -10 -11 -12 -13 -14 -15
leaf_value=0.00020911502007966726 -0.0013203169974920969 0.00053517267661733745 -0.00065514112647706464 -0.0021039269895645435 0.0060394248293801252 -0.00063550207969625949 -0.0020842695963959545 5.7414138903690216e-05 6.7441587171013532e-05 -0.00051305404943402164 -4.4367796834040132e-06 -0.00080997755804129159 -0.0016097518096138696 -0.00030750525148203742
leaf_weight=341 209 233 559 47 42 121 47 92 6653 241 4458 251 58 266
leaf_count=341 209 233 559 47 42 121 47 92 6653 241 4458 251 58 266
internal_value=2.12955e-05 -2.7491e-05 -0.000318968 -0.000172754 -7.50311e-05 -0.00122711 -0.00240741 -0.00180751 0.000204647 -0.000608108 -0.000109335 -0.00133117 -0.00192884 0.000290581
internal_weight=13618 13277 5884 5065 4798 819 260 213 7393 740 4756 298 267 499
internal_count=13618 13277 5884 5065 4798 819 260 213 7393 740 4756 298 267 499
cat_boundaries=0 2 4 6 8
cat_threshold=2295432 34474 512 33442 512 32768 671088640 2053
is_linear=0
shrinkage=0.05


Tree=107
num_leaves=15
num_cat=1
split_feature=2 5 4 4 1 4 4 4 4 2 4 4 4 4
split_gain=0.641629 0.252556 0.104233 0.120979 0.0982525 0.172984 0.153713 0.283253 0.163257 0.272898 0.291237 0.236464 0.164247 0.182593
threshold=24.500000000000004 1.0000000180025095e-35 10.29166666666667 16.208333333333336 0 23.208333333333336 2.8916666666666671 6.1250000000000009 14.375000000000002 977.10000000000002 13.691666666666668 15.191666666666668 20.008333333333336 16.758333333333336
decision_type=2 2 2 2 1 2 2 2 2 2 2 2 2 2
left_child=1 -1 -3 -4 6 -6 -2 -8 9 10 -9 -10 13 -13
right_child=4 2 3 -5 5 -7 7 8 11 -11 -12 12 -14 -15
leaf_value=-1.610271317994189e-05 -0.0028060011215959141 0.00052563507197379009 0.00017543581478256758 0.00041049546346808968 1.3541235403116082e-05 -0.0012882636230988882 0.002714578556288926 -5.7860239084012765e-05 0.0021835419959589614 -0.00088669332204159308 -0.0025488134855274711 -0.0028742713002699945 -0.0013984856403821554 0.00035339763859991598
leaf_weight=49 80 44 138 108 11431 108 83 358 54 52 41 107 81 851
leaf_count=49 80 44 138 108 11431 108 83 358 54 52 41 107 81 851
internal_value=4.96873e-05 0.00219764 0.00275862 0.00235772 -5.28443e-06 4.71904e-05 -0.000358183 -0.00025507 -0.000408031 -0.00120843 -0.000764411 -7.77674e-05 -0.000245428 -6.26303e-05
internal_weight=13585 339 290 246 13246 11539 1707 1627 1544 451 399 1093 1039 958
internal_count=13585 339 290 246 13246 11539 1707 1627 1544 451 399 1093 1039 958
cat_boundaries=0 1
cat_threshold=2
is_linear=0
shrinkage=0.05


Tree=108
num_leaves=15
num_cat=2
split_feature=0 4 5 0 5 4 4 4 4 4 4 5 4 4
split_gain=0.315533 0.269273 0.693068 0.189791 0.232074 0.76713 0.366179 0.237432 0.649082 0.431016 0.328288 0.254372 0.187581 0.248648
threshold=0 18.808333333333337 2.5000000000000004 1 4.5000000000000009 7.8583333333333343 3.058333333333334 9.5083333333333346 12.008333333333335 13.375000000000002 14.29166666666667 5.5000000000000009 15.141666666666667 13.075000000000001
decision_type=9 2 2 9 2 2 2 2 2 2 2 2 2 2
left_child=1 12 -3 4 -2 6 -6 -7 11 -10 -11 -9 13 -1
right_child=3 2 -4 -5 5 7 -8 8 9 10 -12 -13 -14 -15
leaf_value=0.00017338164064216856 -1.9373693914633876e-05 -0.00049536319098216017 0.0003183550197108891 3.2855119099896249e-05 -0.0011620174059083159 0.00074657154919139507 -0.0020443038305485929 -0.0012992740225302619 0.004456916587282045 -0.0014962670257213432 0.00010597969137134052 -0.0016147303698456914 0.00029385133545225633 -0.00023105467596393027
leaf_weight=490 2067 73 96 9705 44 48 54 51 57 62 403 64 281 150
leaf_count=490 2067 73 96 9705 44 48 54 51 57 62 403 64 281 150
internal_value=9.71054e-05 0.000909091 -0.00091716 2.58657e-05 -0.000332168 -0.00106641 -0.00520408 -0.000474452 -0.000729984 1.91573e-05 -0.000483871 -0.00413043 0.00125407 0.00078125
internal_weight=13645 1090 169 12555 2850 783 98 685 637 522 465 115 921 640
internal_count=13645 1090 169 12555 2850 783 98 685 637 522 465 115 921 640
cat_boundaries=0 1 3
cat_threshold=1610612737 2098842 82434
is_linear=0
shrinkage=0.05


Tree=109
num_leaves=15
num_cat=2
split_feature=2 5 0 4 5 4 4 0 4 4 4 4 4 4
split_gain=0.383374 0.212514 0.204592 0.417047 0.194771 0.231301 0.23891 0.42032 0.378128 0.486201 0.2695 0.40914 0.875316 0.429504
threshold=24.500000000000004 1.0000000180025095e-35 0 23.208333333333336 2.5000000000000004 22.575000000000003 18.508333333333336 1 19.475000000000005 19.808333333333337 17.458333333333336 16.841666666666672 17.008333333333336 17.208333333333336
decision_type=2 2 9 2 2 2 2 9 2 2 2 2 2 2
left_child=1 -1 3 4 -2 6 10 8 -8 -10 11 -6 -13 -14
right_child=2 -3 -4 -5 5 -7 7 -9 9 -11 -12 12 13 -15
leaf_value=-8.6148339726044282e-05 0.00010601671084791822 0.00026907558009562602 -5.0010476669182414e-05 -0.0013918253491880645 2.8109234301735672e-05 0.00065928983454325858 -0.0027949023845961385 0.00036916902263521849 0.0046735836780431418 -0.0015569810953147084 0.00077382918465998128 -0.0014684417432938024 0.0025868442032960914 -0.0023772041918330381
leaf_weight=47 2258 290 7868 48 2197 41 115 237 42 106 235 45 53 40
leaf_count=47 2258 290 7868 48 2197 41 115 237 42 106 235 45 53 40
internal_value=7.04744e-05 0.00173591 2.82275e-05 0.000264419 0.000306389 4.98234e-05 1.86265e-10 -0.001 -0.00232601 -0.000743243 0.000194553 3.21201e-05 -0.0026087 0.000161291
internal_weight=13622 337 13285 5417 5369 3111 3070 500 263 148 2570 2335 138 93
internal_count=13622 337 13285 5417 5369 3111 3070 500 263 148 2570 2335 138 93
cat_boundaries=0 2 4
cat_threshold=2818719745 65683 131072 146
is_linear=0
shrinkage=0.05


Tree=110
num_leaves=15
num_cat=4
split_feature=0 0 4 4 5 0 4 4 4 4 0 4 4 5
split_gain=0.539557 0.342659 0.342445 0.295639 0.234098 0.30327 0.261236 0.280415 0.330443 0.239997 0.692651 0.718979 0.400769 0.454288
threshold=0 1 20.358333333333338 19.241666666666671 1.5000000000000002 2 9.9916666666666689 13.141666666666667 12.075000000000001 14.908333333333335 3 15.991666666666669 8.4916666666666689 4.5000000000000009
decision_type=9 9 2 2 2 9 2 2 2 2 9 2 2 2
left_child=3 2 4 -1 6 -6 -2 8 -8 12 -11 -12 13 -7
right_child=1 -3 -4 -5 5 9 7 -9 -10 10 11 -13 -14 -15
leaf_value=0.0002077951413075483 0.0012914827281987292 5.8671869029067011e-05 0.00024910690126328218 -0.00044183938022575244 -0.0017066927754684361 -3.6971912183325473e-06 -7.0578213313479552e-05 0.00023385397552321796 -0.0018610060556024533 -7.0888503160543344e-05 -0.0033685617334171195 -0.00066612978544335771 4.4647354907012641e-05 -0.0014276380832382723
leaf_weight=451 190 9481 195 41 105 223 143 548 54 700 95 345 887 136
leaf_count=451 190 9481 195 41 105 223 143 548 54 700 95 345 887 136
internal_value=0.000104458 4.27092e-05 -0.000370421 0.00171315 -0.000487449 -0.000740666 0.000187166 -0.000234899 -0.00185279 -0.000613522 -0.00114035 -0.00266667 -0.000136436 -0.00154596
internal_weight=13594 13102 3621 492 3426 2491 935 745 197 2386 1140 440 1246 359
internal_count=13594 13102 3621 492 3426 2491 935 745 197 2386 1140 440 1246 359
cat_boundaries=0 1 3 4 6
cat_threshold=1073742849 69222922 116288 514 2097152 49664
is_linear=0
shrinkage=0.05


Tree=111
num_leaves=15
num_cat=5
split_feature=0 0 6 5 2 0 5 5 0 6 5 5 5 0
split_gain=0.645729 0.207099 0.240754 0.193003 0.123871 0.123269 0.117383 0.101386 0.280573 0.103559 0.0958679 0.151436 0.135702 0.0951376
threshold=0 1 2.5708020820541093 2.5000000000000004 1189.6500000000003 2 4.5000000000000009 1.0000000180025095e-35 3 1.7903978284912496 3.5000000000000004 5.5000000000000009 4.5000000000000009 4
decision_type=9 9 2 2 2 9 2 2 9 2 2 2 2 9
left_child=3 2 6 5 10 -1 7 8 -2 -9 -5 12 -12 -8
right_child=1 -3 -4 4 -6 -7 13 9 -10 -11 11 -13 -14 -15
leaf_value=-2.2100624872540598e-05 -0.00025765504455847336 -3.5479463822298613e-05 0.010471571018999756 0.00046794206169674998 0.00013495834363440391 0.0001600141626880178 5.2617093295931061e-05 2.041810908131348e-06 0.00076715994944970831 -0.0010459353941957006 0.00024295110144137942 0.00034104504011695582 -1.6811726344703549e-05 0.00075289410849882163
leaf_weight=102 398 6680 45 77 168 241 584 3459 438 64 70 66 66 1174
leaf_count=102 398 6680 45 77 168 241 584 3459 438 64 70 66 66 1174
internal_value=0.000121772 3.57923e-05 0.000244653 0.0015 0.00220358 0.000626822 0.000218244 7.91468e-05 0.000574163 -3.83194e-05 0.00284946 0.00227723 0.00132353 0.00056314
internal_weight=13632 12842 6162 790 447 343 6117 4359 836 3523 279 202 136 1758
internal_count=13632 12842 6162 790 447 343 6117 4359 836 3523 279 202 136 1758
cat_boundaries=0 2 4 6 8 10
cat_threshold=1073873921 16384 2283799042 65765 1025 16384 2147483648 96 2147484160 64
is_linear=0
shrinkage=0.05


Tree=112
num_leaves=15
num_cat=3
split_feature=0 4 4 0 4 0 5 4 4 5 4 5 4 5
split_gain=0.542613 0.541274 0.239403 0.591876 0.266399 0.238168 0.191877 0.560691 1.16226 0.322017 0.696806 0.250803 0.205346 0.179066
threshold=0 22.166666666666668 19.708333333333336 1 19.808333333333337 2 1.5000000000000002 11.075000000000001 14.958333333333334 1.0000000180025095e-35 17.241666666666671 1.0000000180025095e-35 3.058333333333334 1.5000000000000002
decision_type=9 2 2 9 2 9 2 2 2 2 2 2 2 2
left_child=1 6 5 -4 -5 13 7 -1 11 10 -10 -9 -8 -2
right_child=2 -3 3 4 -6 -7 12 8 9 -11 -12 -13 -14 -15
leaf_value=0.00051716722237140711 4.6308150564957635e-05 -0.0012742713055344404 0.00078663519999909275 0.0030788211248110593 -0.00044486132913179881 -2.9631927876520414e-05 -0.00030837794181230553 -0.00056568838027468236 0.00029308967437688556 0.00063673748980026638 -0.0022141159681811095 -0.0037724377369252517 0.00028933009686988784 -0.001553737014632462
leaf_weight=122 65 41 405 52 556 10826 73 49 43 90 51 45 1052 155
leaf_count=122 65 41 405 52 556 10826 73 49 43 90 51 45 1052 155
internal_value=3.48626e-05 0.000907361 -7.91282e-05 0.000656466 -0.000339806 -0.000146659 0.00106557 0.000125 -0.00111511 0.00119565 -0.000851064 -0.0056383 0.0014 -0.00173913
internal_weight=13625 1566 12059 1013 608 11046 1525 400 278 184 94 94 1125 220
internal_count=13625 1566 12059 1013 608 11046 1525 400 278 184 94 94 1125 220
cat_boundaries=0 2 4 5
cat_threshold=1207959568 16512 2685403650 1044 67109378
is_linear=0
shrinkage=0.05


Tree=113
num_leaves=15
num_cat=3
split_feature=0 5 0 4 4 0 2 5 5 4 4 4 4 4
split_gain=0.406971 0.342353 0.286324 0.327896 0.250564 0.396638 0.237968 0.36 0.215781 0.197354 0.196598 0.19382 0.193261 0.177666
threshold=0 1.0000000180025095e-35 1 2.8916666666666671 18.925000000000004 2 325.55000000000007 2.5000000000000004 2.5000000000000004 19.675000000000004 19.808333333333337 21.683333333333337 18.69166666666667 18.858333333333338
decision_type=9 2 9 2 2 9 2 2 2 2 2 2 2 2
left_child=1 -1 3 6 -4 8 -2 -8 10 -10 -6 -12 -5 -14
right_child=2 -3 4 12 5 -7 7 -9 9 -11 11 -13 13 -15
leaf_value=-0.00011093083015856617 -0.00071518945809778884 0.00012855119694085701 1.3695986291132258e-05 -1.2846512283698303e-05 -0.00076007906776867022 2.056999925358088e-05 -0.0022901438985544432 -0.00059699397700201334 0.0057517168035513431 0.0019695066668916771 0.002216423985764712 -0.00022586961170320744 -0.00416344934978931 -0.00065486490728906095
leaf_weight=57 107 368 6955 4232 93 692 50 50 81 186 59 49 44 595
leaf_count=57 107 368 6955 4232 93 692 50 50 81 186 59 49 44 595
internal_value=4.69968e-05 0.00155172 -2.65073e-06 -0.000296777 0.000181539 0.000862069 -0.00224638 -0.004 0.00196653 0.00294008 0.000771144 0.00222222 -0.000214535 -0.00102504
internal_weight=13618 425 13193 5078 8115 1160 207 100 468 267 201 108 4871 639
internal_count=13618 425 13193 5078 8115 1160 207 100 468 267 201 108 4871 639
cat_boundaries=0 2 4 6
cat_threshold=1073741824 16384 2179209 34346 2215641602 2052
is_linear=0
shrinkage=0.05


Tree=114
num_leaves=15
num_cat=3
split_feature=2 0 4 4 0 4 4 2 4 4 4 0 4 4
split_gain=0.323149 0.170117 0.405017 0.202071 0.463505 0.26174 0.178171 0.368029 0.253896 0.394173 0.449155 0.301317 0.444634 0.527093
threshold=24.500000000000004 0 21.891666666666669 20.008333333333336 1 19.875000000000004 4.0083333333333337 1036.8500000000001 14.008333333333335 17.008333333333336 17.408333333333335 2 13.941666666666668 13.591666666666669
decision_type=2 9 2 2 9 2 2 2 2 2 2 9 2 2
left_child=-1 2 6 5 -5 -3 7 -2 11 -10 -11 -8 13 -13
right_child=1 3 -4 4 -6 -7 8 -9 9 10 -12 12 -14 -15
leaf_value=0.00015381582030317355 -0.0020700771603985244 0.00011981509576658989 0.00067201724708633177 0.0002246243047678768 -0.001160885717777696 0.0012827470556515137 -0.00064417748894988883 0.0040749650809202122 -0.0012258712107587316 0.0032588503252886317 -0.00010841445677464653 6.3518405288180875e-05 0.00049403358461933369 -0.0013042904931420487
leaf_weight=326 195 8849 101 295 353 82 210 43 647 78 1045 1266 56 53
leaf_count=326 195 8849 101 295 353 82 210 43 647 78 1045 1266 56 53
internal_value=0.000223914 0.000185716 -0.000102592 0.000296694 -0.000555555 0.000358863 -0.000190648 -0.0015126 -9.68702e-05 -0.000508474 5.78809e-05 0.000362776 0.000631769 0.000451099
internal_weight=13599 13273 3694 9579 648 8931 3593 238 3355 1770 1123 1585 1375 1319
internal_count=13599 13273 3694 9579 648 8931 3593 238 3355 1770 1123 1585 1375 1319
cat_boundaries=0 2 4 6
cat_threshold=67256843 98828 2685403136 16449 67109387 32768
is_linear=0
shrinkage=0.05


Tree=115
num_leaves=15
num_cat=4
split_feature=0 4 0 4 0 5 4 4 5 2 4 0 5 4
split_gain=0.343439 0.281525 0.343142 0.363326 0.276978 0.275577 0.76899 0.514334 0.27029 0.255357 0.222011 0.2468 0.196003 0.193222
threshold=0 16.258333333333336 1 9.9916666666666689 2 4.5000000000000009 12.991666666666669 14.375000000000002 5.5000000000000009 24.500000000000004 21.891666666666669 3 1.0000000180025095e-35 12.991666666666669
decision_type=9 2 9 2 9 2 2 2 2 2 2 9 2 2
left_child=1 2 3 8 -3 13 -7 -8 -1 12 -11 -12 -2 -5
right_child=9 4 -4 5 -6 6 7 -9 -10 10 11 -13 -14 -15
leaf_value=-0.00040994778039742325 -7.3487808189519495e-05 0.0015709345795225434 -1.4756962734020985e-05 5.8608710764630994e-05 5.3695568661309366e-05 -0.0023176164349366468 0.0078548014218991265 -0.0026723129143142958 0.0051323924530561451 6.6689711964469433e-05 -0.00017600455021605916 0.00061813612971457863 0.00026335723241496724 -0.0010141106058647051
leaf_weight=302 48 302 2193 160 2147 87 40 51 55 7465 104 156 286 227
leaf_count=302 48 302 2193 160 2147 87 40 51 55 7465 104 156 286 227
internal_value=0.000144242 -0.000157876 -0.000473515 -0.00127682 0.000242956 -0.00207965 -0.00370786 -0.000494505 -4.20166e-05 0.000352584 0.000294499 0.00173077 0.00170659 -0.00133075
internal_weight=13623 5564 3115 922 2449 565 178 91 357 8059 7725 260 334 387
internal_count=13623 5564 3115 922 2449 565 178 91 357 8059 7725 260 334 387
cat_boundaries=0 2 4 5 7
cat_threshold=2217821834 33440 2150629898 32768 2147484160 671088640 17
is_linear=0
shrinkage=0.05


Tree=116
num_leaves=15
num_cat=3
split_feature=2 0 5 4 4 4 0 2 4 5 4 5 2 0
split_gain=0.29733 0.185795 0.30599 0.385022 0.449515 0.765087 0.396155 0.321849 0.259762 0.351051 0.420246 0.246508 0.239348 0.207636
threshold=24.500000000000004 0 1.5000000000000002 20.008333333333336 15.375000000000002 11.208333333333334 1 1382.5000000000002 9.5750000000000011 1.0000000180025095e-35 7.2833333333333341 1.0000000180025095e-35 867.75000000000011 2
decision_type=2 9 2 2 2 2 9 2 2 2 2 2 2 9
left_child=-1 2 3 4 5 6 -2 -6 9 12 -11 -9 -8 -7
right_child=1 -3 -4 -5 7 13 8 11 -10 10 -12 -13 -14 -15
leaf_value=0.00010555032304656335 0.0022267309014724589 7.8675117832483261e-05 4.687592459215425e-05 -0.0016263821310299516 0.00043909283779093139 -0.0018639725245270045 0.0028001940185474754 0.0008514026335793845 0.00010390065368240252 -0.0001406091399665014 -0.00406216000507596 -0.0028617314560149144 -0.0006904616457300086 -0.0023579226861115427
leaf_weight=341 104 7035 4557 98 508 155 76 60 135 82 75 77 58 313
leaf_count=341 104 7035 4557 98 508 155 76 60 135 82 75 77 58 313
internal_value=0.000169665 0.000132378 -6.49966e-05 -0.000628949 -0.000447352 -0.00111222 0.000188679 0.000581396 -0.000504587 -0.00135739 -0.00296178 -0.00156934 0.000522388 -0.00258547
internal_weight=13674 13333 6298 1741 1643 998 530 645 426 291 157 137 134 468
internal_count=13674 13333 6298 1741 1643 998 530 645 426 291 157 137 134 468
cat_boundaries=0 2 4 6
cat_threshold=2216773264 35489 16 32 0 160
is_linear=0
shrinkage=0.05


Tree=117
num_leaves=15
num_cat=4
split_feature=3 0 4 4 6 4 4 0 0 5 0 5 4 3
split_gain=0.579999 0.258065 0.180486 0.169388 0.154737 0.10355 0.773044 0.431895 0.35542 0.485461 0.414365 0.662979 0.420657 0.701198
threshold=4.6500000000000012 0 23.375000000000004 10.29166666666667 2.6746039791475802 14.908333333333335 15.091666666666669 1 2 1.5000000000000002 3 2.5000000000000004 17.541666666666671 11.750000000000002
decision_type=2 9 2 2 2 2 2 9 9 2 9 2 2 2
left_child=3 -2 4 -1 5 7 -7 -3 -8 -10 -11 12 13 -12
right_child=1 2 -4 -5 -6 6 8 -9 9 10 11 -13 -14 -15
leaf_value=0.00031864774389199642 -5.0987934718316309e-05 0.0013671215588134502 0.0012147719756681391 0.00013067194509134365 0.0099554390285087335 -0.0016061537890293234 0.00029275567403030283 4.407328100364819e-05 0.00039510703380635107 0.0002739438756043184 -0.0017319986578027829 -0.00050040745680186253 -0.0030075918111301561 0.0032252761303612717
leaf_weight=45 3831 275 67 288 49 145 1952 4475 702 777 58 755 108 47
leaf_count=45 3831 275 67 288 49 145 1952 4475 702 777 58 755 108 47
internal_value=8.61944e-05 3.43631e-05 0.000175159 0.00214715 0.000156802 0.000142027 -2.8609e-05 0.000305263 8.97933e-05 -0.000311355 -0.000759312 -0.00144172 -0.00392019 -0.00166667
internal_weight=13574 13241 9410 333 9343 9294 4544 4750 4399 2447 1745 968 213 105
internal_count=13574 13241 9410 333 9343 9294 4544 4750 4399 2447 1745 968 213 105
cat_boundaries=0 2 4 6 8
cat_threshold=67191441 16937 1024 66560 2819752968 32770 2097152 2176
is_linear=0
shrinkage=0.05


Tree=118
num_leaves=15
num_cat=5
split_feature=2 4 4 0 4 4 4 0 0 4 0 6 0 4
split_gain=0.435982 0.300532 0.728332 0.692788 0.603137 0.301096 0.229142 0.846903 0.296656 0.299797 0.412768 0.268074 0.248884 0.239421
threshold=24.500000000000004 7.0250000000000012 6.6916666666666673 0 6.9750000000000005 5.6750000000000016 9.3083333333333353 1 2 17.008333333333336 3 1.8196118850109693 4 7.8583333333333343
decision_type=2 2 2 9 2 2 2 9 9 2 9 2 9 2
left_child=-1 2 3 -2 -4 -5 7 -3 11 -10 -11 -8 -12 -9
right_child=1 6 4 5 -6 -7 8 13 9 10 12 -13 -14 -15
leaf_value=0.00013954131230297585 0.0003759128016242667 0.0010539309984973202 -0.0028455949888366084 -0.00052177892715097088 -0.0026585689807794789 0.00082463854041749183 0.00010055286450119277 0.00045994925006240998 -0.00010593114151885397 0.0019031762778779261 -0.0013444178311816462 0.013035861853719688 0.00015490806374007102 -0.00042891524225045861
leaf_weight=337 489 548 52 824 45 89 3857 106 3781 278 125 84 2555 516
leaf_count=337 489 548 52 824 45 89 3857 106 3781 278 125 84 2555 516
internal_value=0.00010814 6.33008e-05 -0.000603736 -0.000313837 -0.00479381 -0.00112134 0.00014768 0.000811966 7.49066e-05 -0.000126685 0.000250169 0.000418881 5.57623e-05 -0.000458861
internal_weight=13686 13349 1499 1402 97 913 11850 1170 10680 6739 2958 3941 2680 622
internal_count=13686 13349 1499 1402 97 913 11850 1170 10680 6739 2958 3941 2680 622
cat_boundaries=0 2 4 6 7 9
cat_threshold=2214592640 34977 2147500033 716 738394267 53 2147484160 1024 66560
is_linear=0
shrinkage=0.05


Tree=119
num_leaves=15
num_cat=3
split_feature=0 4 4 0 5 4 4 4 2 4 4 0 4 4
split_gain=0.364195 0.233639 0.219707 0.320792 0.385651 0.677419 0.253841 0.334528 0.244646 0.196527 0.373932 0.200374 0.227325 0.182029
threshold=0 14.375000000000002 5.4583333333333348 1 1.5000000000000002 4.5666666666666673 0.82500000000000007 2.1583333333333337 295.25000000000006 6.4166666666666679 6.9750000000000005 2 11.975000000000001 7.8583333333333343
decision_type=9 2 2 9 2 2 2 2 2 2 2 9 2 2
left_child=1 -1 3 4 8 6 -6 -8 -2 -4 -11 12 -12 -13
right_child=2 -3 9 -5 5 -7 7 -9 -10 10 11 13 -14 -15
leaf_value=0.00033979385687160028 0.0013869764435630221 6.9685278457543029e-05 0.0008295569031230946 4.0681903080403792e-05 0.00077498888422748442 -0.0021925343319438659 -0.0025304641453691634 -0.00012249014907795235 -0.002195737904320779 -0.0014491524937795381 -0.001502254093130853 0.0006091261389919721 -0.00056331772482179723 2.7012651470310743e-05
leaf_weight=227 103 272 145 584 86 62 100 186 75 100 42 193 355 11105
leaf_count=227 103 272 145 584 86 62 100 186 75 100 42 193 355 11105
internal_value=5.31722e-05 0.00136542 2.28225e-06 -0.000643813 -0.00143087 -0.00225806 -0.00145161 -0.00216783 0.000505618 6.70019e-05 4.45106e-05 7.05432e-05 -0.00101966 0.000109657
internal_weight=13635 499 13136 1196 612 434 372 286 178 11940 11795 11695 397 11298
internal_count=13635 499 13136 1196 612 434 372 286 178 11940 11795 11695 397 11298
cat_boundaries=0 2 4 6
cat_threshold=1073741824 65536 671090192 598 130 32768
is_linear=0
shrinkage=0.05


Tree=120
num_leaves=15
num_cat=0
split_feature=2 4 6 2 2 6 4 3 6 4 4 5 5 2
split_gain=0.222582 0.155201 0.146026 0.685094 0.128209 0.104699 0.0937845 0.108927 0.0894775 0.0993462 0.220639 0.143202 0.264417 0.558107
threshold=24.500000000000004 10.29166666666667 1.6027557735239222 977.10000000000002 6411.5000000000009 2.5708020820541093 0.67500000000000016 15.650000000000002 1.3225635810616778 5.4583333333333348 6.4166666666666679 4.5000000000000009 5.5000000000000009 585.60000000000002
decision_type=2 2 2 2 2 2 2 2 2 2 2 2 2 2
left_child=1 -1 4 5 6 -4 7 -2 9 11 -11 -8 -13 -14
right_child=2 -3 3 -5 -6 -7 8 -9 -10 10 -12 12 13 -15
leaf_value=0.00022905405313128899 6.3092608365487176e-05 4.7600511265421267e-05 0.002758921903162642 -0.0020834905585349348 0.0010820115660829914 0.0092192747878235091 -9.3301402801916279e-06 0.0037265138072163952 -0.00035309133894797308 0.00082839495111952796 3.1376238979586228e-06 -0.0018316126598141034 0.00092917762365463054 -0.0018115291259247091
leaf_weight=48 106 292 195 40 57 73 720 52 74 135 11549 122 82 49
leaf_count=48 106 292 195 40 57 73 720 52 74 135 11549 122 82 49
internal_value=6.03209e-05 0.00132353 2.79163e-05 0.0011039 2.3175e-06 0.00201493 -8.1463e-06 0.00120253 -2.31716e-05 -1.30361e-05 2.73881e-05 -0.000498458 -0.00152174 3.81681e-05
internal_weight=13594 340 13254 308 12946 268 12889 158 12731 12657 11684 973 253 131
internal_count=13594 340 13254 308 12946 268 12889 158 12731 12657 11684 973 253 131
is_linear=0
shrinkage=0.05


Tree=121
num_leaves=15
num_cat=2
split_feature=0 4 0 5 4 4 5 4 4 4 4 4 4 4
split_gain=0.41497 0.18876 0.180695 0.102357 0.29491 0.203792 0.174801 0.199748 0.170047 0.0951744 0.257818 0.245722 0.281482 0.216725
threshold=0 11.075000000000001 1 1.5000000000000002 17.675000000000004 18.008333333333336 5.5000000000000009 16.975000000000005 15.258333333333335 16.208333333333336 17.358333333333338 16.975000000000005 16.475000000000005 14.958333333333334
decision_type=9 2 9 2 2 2 2 2 2 2 2 2 2 2
left_child=1 -1 9 4 -3 6 7 8 -5 13 11 12 -11 -2
right_child=2 3 -4 5 -6 -7 -8 -9 -10 10 -12 -13 -14 -15
leaf_value=0.0002978550328524615 -3.2370759947601087e-05 0.00058097679557396508 5.0309311400041768e-05 -2.4053803493312393e-05 -0.0001005150586217387 0.00025028314268086101 0.00025211085984250942 -0.00062158297066163676 0.00064339271132424073 0.00067837709366621484 -9.0147646007949177e-05 0.002396513683404248 -0.0017203279601764522 -0.0021153764091664507
leaf_weight=82 1532 91 10254 114 40 43 47 48 47 51 878 84 65 224
leaf_count=82 1532 91 10254 114 40 43 47 48 47 51 878 84 65 224
internal_value=0.000169118 0.00155172 0.000113758 0.00116279 0.00232824 0.000652174 0.000117188 -0.000502392 0.000341615 -0.0002391 0.00012987 0.00175 0.000258621 -0.00046697
internal_weight=13600 512 13088 430 131 299 256 209 161 2834 1078 200 116 1756
internal_count=13600 512 13088 430 131 299 256 209 161 2834 1078 200 116 1756
cat_boundaries=0 2 4
cat_threshold=1073741824 65536 67175066 50696
is_linear=0
shrinkage=0.05


Tree=122
num_leaves=15
num_cat=0
split_feature=2 6 5 4 4 5 5 4 3 4 4 2 4 4
split_gain=0.105796 0.0986951 0.0869781 0.115356 0.310739 0.0718766 0.0604536 0.210161 0.450424 0.352038 0.57578 0.367832 0.351712 0.246798
threshold=24.500000000000004 2.5947191574750361 1.0000000180025095e-35 10.29166666666667 14.441666666666668 3.5000000000000004 5.5000000000000009 14.908333333333335 18.750000000000004 11.525000000000002 9.9916666666666689 1382.5000000000002 15.525000000000002 14.29166666666667
decision_type=2 2 2 2 2 2 2 2 2 2 2 2 2 2
left_child=2 6 -1 -4 -5 -3 -2 8 13 10 11 -10 -9 -8
right_child=1 5 3 4 -6 -7 7 12 9 -11 -12 -13 -14 -15
leaf_value=-9.4549312372942175e-05 1.097538649157346e-05 0.00081421675456294109 0.00022703017747531816 -2.524821102414049e-05 0.00024138411743463667 0.010448120308905233 0.00013293824629356584 -0.0027563722443883008 -0.00089205019314847554 0.0007720349230780708 -0.0016312197696152953 0.00093570890117096895 -0.00044301924027346742 0.0022575081705913866
leaf_weight=50 11390 41 40 83 158 49 655 77 96 122 66 67 705 56
leaf_count=50 11390 41 40 83 158 49 655 77 96 122 66 67 705 56
internal_value=3.84476e-05 1.65117e-05 0.00092145 0.00126335 0.000850623 0.00166667 5.28959e-06 -0.000260303 0.00019774 -0.00126781 -0.00242358 -0.000828221 -0.000882353 0.000921238
internal_weight=13655 13324 331 281 241 90 13234 1844 1062 351 229 163 782 711
internal_count=13655 13324 331 281 241 90 13234 1844 1062 351 229 163 782 711
is_linear=0
shrinkage=0.05


Tree=123
num_leaves=15
num_cat=7
split_feature=0 0 0 5 6 5 5 5 0 5 0 0 0 6
split_gain=0.222593 0.112668 0.08867 0.30196 0.261007 0.220591 0.211765 0.0722621 0.139183 0.145385 0.138979 0.101587 0.0778657 0.0630915
threshold=0 1 2 1.5000000000000002 1.4760988674747659 2.5000000000000004 2.5000000000000004 1.5000000000000002 3 1.0000000180025095e-35 4 5 6 1.5127994973200007
decision_type=9 9 9 2 2 2 2 2 9 2 9 9 9 2
left_child=2 -2 3 -1 7 -5 -6 8 -4 11 -11 -10 -9 -3
right_child=1 13 4 5 6 -7 -8 12 9 10 -12 -13 -14 -15
leaf_value=0.00042253707286225671 3.7829884638609233e-05 4.454357870295855e-05 9.5953956313793082e-05 -0.00048212100089185502 0.00079206945039452805 -0.0003604796357588461 0.010318166886977315 0.00025006804421495542 -0.00068742137032940269 -0.00018941056402350205 -0.0015152974833620761 0.00088325794842882596 -0.00010469149322546444 0.0024657265513730827
leaf_weight=142 646 7850 617 85 40 263 45 1140 137 153 165 142 1956 215
leaf_count=142 646 7850 617 85 40 263 45 1140 137 153 165 142 1956 215
internal_value=0.000101501 0.000252838 -0.000168539 -0.0008 -9.64811e-05 -0.0016092 0.00264706 -0.000150812 -0.000477759 -0.00101318 -0.00176101 -0.000197132 -2.26096e-05 0.000201239
internal_weight=13596 8711 4885 490 4395 348 85 4310 1214 597 318 279 3096 8065
internal_count=13596 8711 4885 490 4395 348 85 4310 1214 597 318 279 3096 8065
cat_boundaries=0 2 4 5 7 9 11 13
cat_threshold=2217739291 98825 1073758336 16384 67109915 2149580800 66048 1048576 1 1048576 1 1048576 32776
is_linear=0
shrinkage=0.05


Tree=124
num_leaves=15
num_cat=2
split_feature=0 5 4 4 4 0 5 4 4 3 4 3 6 3
split_gain=0.236216 0.273529 0.275583 0.294626 0.179721 0.130926 0.316361 0.316412 0.281083 0.392037 0.337373 0.139642 0.138728 0.127504
threshold=0 1.0000000180025095e-35 19.808333333333337 17.241666666666671 11.075000000000001 1 2.5000000000000004 18.325000000000003 13.075000000000001 49.000000000000007 10.208333333333334 49.000000000000007 2.6746039791475802 5.8000000000000016
decision_type=9 2 2 2 2 9 2 2 2 2 2 2 2 2
left_child=1 13 3 4 -3 6 7 -2 10 -10 11 -8 -7 -1
right_child=5 2 -4 -5 -6 12 8 -9 9 -11 -12 -13 -14 -15
leaf_value=1.2033306650851486e-05 8.4526847913674884e-05 0.00018017454541654346 -0.00023236470105963939 0.00029637587316065915 1.0805853590704354e-05 2.7872915158029039e-05 -0.00010169338477761941 -0.0011373419878261972 0.00042763093416417323 -0.0018362676396899886 -0.00018466885979181752 0.00080298955114184152 0.0085724210292339419 -0.00021228420354860156
leaf_weight=52 392 105 40 168 214 12000 68 40 45 294 89 41 46 41
leaf_count=52 392 105 40 168 214 12000 68 40 45 294 89 41 46 41
internal_value=8.61755e-05 0.00103175 0.00148956 0.00181725 0.000924765 4.03073e-05 -0.000515832 0.000486111 -0.00133147 -0.000457227 -0.00282828 -0.000963303 8.54348e-05 -0.00145161
internal_weight=13635 620 527 487 319 13015 969 432 537 339 198 109 12046 93
internal_count=13635 620 527 487 319 13015 969 432 537 339 198 109 12046 93
cat_boundaries=0 2 3
cat_threshold=1073872896 16384 2114073
is_linear=0
shrinkage=0.05


Tree=125
num_leaves=15
num_cat=3
split_feature=0 4 4 5 4 4 4 0 2 4 0 4 4 2
split_gain=0.228969 0.368923 0.323983 0.393573 0.291558 0.350117 0.62069 0.560654 0.458712 0.317827 0.329019 0.413845 0.364492 0.602506
threshold=0 23.375000000000004 22.091666666666672 2.5000000000000004 19.075000000000003 9.7083333333333339 10.008333333333335 1 295.25000000000006 18.625000000000004 2 13.141666666666667 11.975000000000001 189.85000000000002
decision_type=9 2 2 2 2 2 2 9 2 2 9 2 2 2
left_child=-1 2 4 -4 5 7 8 -2 -7 10 11 12 -8 -14
right_child=1 -3 3 -5 -6 6 9 -9 -10 -11 -12 -13 13 -15
leaf_value=4.3115125468363566e-05 0.00094616042848474902 0.0020340482487578269 -0.0015359348430171241 0.00013348835839498743 0.00044406926209139232 -0.00011382166432520099 -0.00020536808214932092 -0.00031828036406751989 -0.0013855048353468976 -0.0012451277024291784 0.00010792605306565344 -7.5305506102598643e-05 -0.0043626523036605974 -0.0015750933966224929
leaf_weight=5194 1206 70 56 69 767 67 476 616 94 210 3116 1421 60 199
leaf_count=5194 1206 70 56 69 767 67 476 616 94 210 3116 1421 60 199
internal_value=0.000117833 -4.32616e-05 -7.35908e-05 -0.0026 -3.52282e-05 -0.000130609 -0.000325181 0.000472009 -0.00338509 -0.000235315 -0.000159332 -0.000632502 -0.00159864 -0.00310811
internal_weight=13621 8427 8357 125 8232 7465 5643 1822 161 5482 5272 2156 735 259
internal_count=13621 8427 8357 125 8232 7465 5643 1822 161 5482 5272 2156 735 259
cat_boundaries=0 2 4 6
cat_threshold=1744912384 17451 2147485186 35012 2147484170 2240
is_linear=0
shrinkage=0.05


Tree=126
num_leaves=15
num_cat=4
split_feature=0 4 4 0 4 5 0 4 4 4 4 0 5 5
split_gain=0.272092 0.28966 0.270035 0.222103 0.183531 0.181841 0.23942 0.20868 0.469454 0.265332 0.204529 0.305916 0.219137 0.375978
threshold=0 22.166666666666668 5.6750000000000016 1 22.008333333333336 1.5000000000000002 2 14.908333333333335 13.691666666666668 15.991666666666669 17.208333333333336 3 5.5000000000000009 4.5000000000000009
decision_type=9 2 2 9 2 2 9 2 2 2 2 9 2 2
left_child=2 4 -1 -3 -2 -4 -7 8 -8 -9 -11 -12 13 -13
right_child=1 3 5 -5 -6 6 7 9 -10 10 11 12 -14 -15
leaf_value=-0.00023704790650167954 -2.588204172822549e-06 0.00060400424145101315 0.00027899486052189307 7.5120058462103159e-05 -0.00037033682317102806 0.00013325896767947551 0.0001984399892416975 -0.0018860487248756445 0.0019536626842989241 0.0012674077733448525 0.00068764315769733245 -0.0011937061145680947 -0.0026622203188724626 0.001717166746506934
leaf_weight=343 9580 107 978 112 42 295 766 162 181 212 537 172 46 69
leaf_count=343 9580 107 978 112 42 295 766 162 181 212 537 172 46 69
internal_value=0.000144097 5.58338e-06 0.000505171 0.00180365 -3.53355e-05 0.000640726 0.000409836 0.000220418 0.000776135 -0.000217028 7.72203e-05 -0.000279126 -0.00156566 -0.0010166
internal_weight=13602 9841 3761 219 9622 3418 2440 2145 947 1198 1036 824 287 241
internal_count=13602 9841 3761 219 9622 3418 2440 2145 947 1198 1036 824 287 241
cat_boundaries=0 2 4 6 8
cat_threshold=1277165592 83024 2684354560 2060 1073741824 16384 69206040 64
is_linear=0
shrinkage=0.05


Tree=127
num_leaves=15
num_cat=3
split_feature=0 6 5 0 4 4 4 4 4 0 4 4 5 5
split_gain=0.285023 0.21847 0.209388 0.403251 0.311039 0.286935 0.245262 0.253134 0.245906 0.1491 0.197772 0.423062 0.313518 0.186318
threshold=0 2.5947191574750361 1.5000000000000002 1 19.758333333333336 18.008333333333336 8.0083333333333346 9.4416666666666682 11.275000000000002 2 9.9916666666666689 9.4416666666666682 5.5000000000000009 2.5000000000000004
decision_type=9 2 2 9 2 2 2 2 2 9 2 2 2 2
left_child=2 -2 3 -1 5 6 -5 -8 -9 10 11 12 -4 -11
right_child=1 -3 9 4 -6 -7 7 8 -10 13 -12 -13 -14 -15
leaf_value=0.0001799696626136295 3.7078822090964218e-05 0.0072486434186390938 0.00036649900798999273 0.0035315635520906351 -0.0015927051218708754 0.0041952148081928963 -0.0017569154387582693 0.0015565403323506545 -0.0023253924338448137 -0.00045267603084757482 2.9029052033249148e-05 -0.0019240945403201648 -0.0015652823334561525 -3.4323677147463423e-05
leaf_weight=271 10874 86 173 69 41 41 47 45 240 176 868 40 56 593
leaf_count=271 10874 86 173 69 41 41 47 45 240 176 868 40 56 593
internal_value=5.13952e-05 0.000164084 -0.000411985 0.000291777 -0.000578093 -0.00020362 -0.000610972 -0.0011747 -0.000614035 -0.00069255 -0.000318221 -0.00150558 -0.000676856 -0.00122593
internal_weight=13620 10960 2660 754 483 442 401 332 285 1906 1137 269 229 769
internal_count=13620 10960 2660 754 483 442 401 332 285 1906 1137 269 229 769
cat_boundaries=0 2 4 6
cat_threshold=201344651 98817 201344010 65536 128 33281
is_linear=0
shrinkage=0.05


Tree=128
num_leaves=15
num_cat=3
split_feature=0 5 4 4 2 6 5 6 4 4 0 5 5 0
split_gain=0.170781 0.317388 0.551304 0.160643 0.305967 0.155412 0.19871 0.173404 0.137462 0.35106 0.427967 0.492299 0.460319 0.232423
threshold=0 1.0000000180025095e-35 12.075000000000001 16.975000000000005 304.90000000000003 2.2987267968673764 3.5000000000000004 2.0154586348681138 16.091666666666672 10.808333333333335 1 1.5000000000000002 2.5000000000000004 2
decision_type=9 2 2 2 2 2 2 2 2 2 9 2 2 9
left_child=1 2 -1 -4 -5 7 -7 -2 9 13 11 -11 -13 -3
right_child=5 8 3 4 -6 6 -8 -9 -10 10 -12 12 -14 -15
leaf_value=0.00080466339097244675 -2.1573363862119676e-07 -3.1849358318393646e-05 -0.00021022901151477314 -0.0018239394094160446 -0.00019260699743091136 -0.00046940592177004028 0.010875588987342989 -0.00072409519629475585 0.00020228393851225352 -0.0032459219224665499 0.00021245903963603566 0.0015157478012582163 -0.00079066881652379802 0.00059440348526737302
leaf_weight=66 11570 106 83 46 48 46 53 74 629 42 303 41 176 332
leaf_count=66 11570 106 83 46 48 46 53 74 629 42 303 41 176 332
internal_value=6.794e-05 0.000510096 -0.00117284 -0.00262712 -0.00404255 -2.97778e-06 0.0019697 -1.97525e-05 0.000764273 0.0004 -0.000427046 -0.00187732 -0.000990783 0.00146119
internal_weight=13615 1872 243 177 94 11743 99 11644 1629 1000 562 259 217 438
internal_count=13615 1872 243 177 94 11743 99 11644 1629 1000 562 259 217 438
cat_boundaries=0 2 4 6
cat_threshold=1073938458 16512 8 128 18 16384
is_linear=0
shrinkage=0.05


Tree=129
num_leaves=15
num_cat=5
split_feature=4 0 4 0 0 4 0 4 4 4 0 4 5 2
split_gain=0.217147 0.467794 0.336605 0.322809 0.261501 0.223556 0.191423 0.236041 0.184137 0.345873 0.265468 0.567216 0.540854 0.199705
threshold=19.291666666666671 0 20.008333333333336 1 2 17.241666666666671 3 18.858333333333338 21.491666666666671 23.208333333333336 4 20.991666666666671 2.5000000000000004 578.90000000000009
decision_type=2 9 2 9 9 2 9 2 2 2 9 2 2 2
left_child=4 2 -2 -4 5 -1 7 -6 10 -10 -3 12 13 -12
right_child=1 8 3 -5 6 -7 -8 -9 9 -11 11 -13 -14 -15
leaf_value=9.0719979393844247e-05 0.0012594552980294581 0.0014398601411805794 -0.00025711858192819761 0.00044389612524291472 -0.00015802275016208966 0.00030267007270291563 1.085537855780593e-06 -0.0042122982748883523 0.00080892997299479227 -0.0030129938143095463 -0.00099535864438600485 -0.0028359068184870065 0.0001037410604605705 -0.0002888633625127165
leaf_weight=311 346 122 272 279 2257 76 9472 65 125 44 44 40 137 58
leaf_count=311 346 122 272 279 2257 76 9472 65 125 44 44 40 137 58
internal_value=2.85758e-05 0.000603272 0.00130651 0.000553539 -4.06369e-05 0.00122166 -8.30225e-05 -0.000488851 -0.000517241 0.000857988 -0.00110973 -0.00192042 -0.00106695 -0.00382353
internal_weight=13648 1467 897 551 12181 387 11794 2322 570 169 401 279 239 102
internal_count=13648 1467 897 551 12181 387 11794 2322 570 169 401 279 239 102
cat_boundaries=0 2 4 5 7 9
cat_threshold=2685403650 18646 536870912 2194 1073742976 67174914 98820 134217728 32
is_linear=0
shrinkage=0.05


Tree=130
num_leaves=15
num_cat=3
split_feature=0 4 4 4 0 4 5 4 5 4 4 0 4 4
split_gain=0.272595 0.205089 0.231119 0.749492 0.133654 0.293081 0.336508 0.193838 0.661193 0.361962 0.182649 0.376388 0.516708 0.196037
threshold=0 19.358333333333338 18.125000000000004 17.308333333333337 1 2.6583333333333337 1.5000000000000002 9.8416666666666686 5.5000000000000009 10.008333333333335 13.375000000000002 2 10.208333333333334 10.508333333333335
decision_type=9 2 2 2 9 2 2 2 2 2 2 9 2 2
left_child=1 2 3 -1 7 6 -6 8 -2 -9 11 -11 -13 -14
right_child=4 -3 -4 -5 5 -7 -8 9 -10 10 -12 12 13 -15
leaf_value=0.00017954318398251992 3.8158786574636421e-05 -7.5527327094374627e-05 0.00038979033868768434 -0.00087592565869704846 -0.0038146944231272576 -2.8716783305912291e-05 -0.00040135047984118412 -0.0012974125901295296 0.0014173076955085906 0.00025701800381603025 3.7446625568550141e-05 0.0033487598951985696 -0.00222061572763704 -0.00079254356828326955
leaf_weight=691 1495 48 94 42 65 5312 173 77 275 625 3926 46 72 653
leaf_count=691 1495 48 94 42 65 5312 173 77 275 625 3926 46 72 653
internal_value=2.72181e-05 0.000875706 0.00107013 0.000770805 -3.18169e-05 -0.000215827 -0.00193277 0.00011074 0.000564972 -3.79698e-05 1.12741e-05 -0.000479942 -0.00120999 -0.00155172
internal_weight=13594 875 827 733 12719 5550 238 7169 1770 5399 5322 1396 771 725
internal_count=13594 875 827 733 12719 5550 238 7169 1770 5399 5322 1396 771 725
cat_boundaries=0 2 4 6
cat_threshold=1073741824 82944 2685403656 2259 537919488 19
is_linear=0
shrinkage=0.05


Tree=131
num_leaves=15
num_cat=3
split_feature=0 4 0 4 4 4 5 4 0 5 4 4 4 4
split_gain=0.116939 0.155092 0.0927664 0.153361 0.281066 0.163192 0.331465 0.225173 0.213934 0.51773 0.240461 0.153228 0.149323 0.220467
threshold=0 11.975000000000001 1 18.858333333333338 19.008333333333336 21.683333333333337 1.5000000000000002 19.19166666666667 2 2.5000000000000004 19.525000000000002 22.166666666666668 18.858333333333338 17.675000000000004
decision_type=9 2 9 2 2 2 2 2 9 2 2 2 2 2
left_child=1 -1 3 -2 -5 7 -7 -6 9 -9 -10 -8 13 -4
right_child=2 -3 12 4 5 6 11 8 10 -11 -12 -13 -14 -15
leaf_value=-0.0011994087212581696 -4.5237066203091871e-05 0.00040644816286281634 4.1507236325857573e-05 0.0024335407865209544 -0.00037123928736540473 -0.0011790204336761666 -0.000296596526756395 -0.0024485205426709204 0.0014665304509428887 0.0013933691225141587 0.00056137846332925503 0.00040977382052459791 -0.00019650304842790136 0.00034004975515692943
leaf_weight=75 6409 109 4494 70 72 61 68 44 107 74 353 111 829 765
leaf_count=75 6409 109 4494 70 72 61 68 44 107 74 353 111 829 765
internal_value=3.33555e-05 -0.00118557 5.08653e-05 -6.84373e-05 0.000520834 0.000280899 -0.000833333 0.000692308 0.00102076 -0.000859375 0.00148936 0.000251397 0.000195146 0.000293782
internal_weight=13641 184 13457 7369 960 890 240 650 578 118 460 179 6088 5259
internal_count=13641 184 13457 7369 960 890 240 650 578 118 460 179 6088 5259
cat_boundaries=0 1 3 5
cat_threshold=514 2821783560 69131 0 9
is_linear=0
shrinkage=0.05


Tree=132
num_leaves=15
num_cat=3
split_feature=0 4 4 6 4 4 4 0 5 4 4 4 0 4
split_gain=0.198383 0.212695 0.380015 0.177522 0.144482 0.201266 0.170668 0.531959 0.425777 0.318923 0.331414 0.269313 0.267881 0.253674
threshold=0 23.375000000000004 23.125000000000004 2.6746039791475802 22.908333333333335 22.091666666666672 19.075000000000003 1 3.5000000000000004 20.008333333333336 19.475000000000005 18.625000000000004 2 20.625000000000004
decision_type=9 2 2 2 2 2 2 9 2 2 2 2 9 2
left_child=-1 2 3 4 5 6 11 -8 13 10 -10 -2 -13 -9
right_child=1 -3 -4 -5 -6 -7 7 8 9 -11 -12 12 -14 -15
leaf_value=8.579811378384722e-05 -3.0844658972621063e-05 0.00082741957333183353 -0.0015431032294280242 0.0083381744043032353 0.0010635227830992613 -0.00039474442276962984 0.00093174604290947665 -0.00022764028885856585 -0.0047981046069893443 -0.0021567824599700819 0.0013671827559299039 0.001009421698377697 -0.0010144125782543766 0.00093391506363893614
leaf_weight=3671 8458 79 40 48 44 94 416 223 45 110 84 106 152 80
leaf_count=3671 8458 79 40 48 44 94 416 223 45 110 84 106 152 80
internal_value=1.86265e-10 -0.000115627 -0.000136363 -0.000116633 -0.000131471 -0.000144349 -0.000121976 0.000511482 -0.000525362 -0.00211297 -0.000426356 -0.000191601 -0.00178295 0.000709571
internal_weight=13650 9979 9900 9860 9812 9768 9674 958 542 239 129 8716 258 303
internal_count=13650 9979 9900 9860 9812 9768 9674 958 542 239 129 8716 258 303
cat_boundaries=0 2 4 6
cat_threshold=1075904648 1065 2685403650 2052 2148532224 2128
is_linear=0
shrinkage=0.05


Tree=133
num_leaves=15
num_cat=4
split_feature=0 4 4 0 4 5 4 5 2 0 0 5 4 4
split_gain=0.262929 0.30089 0.161869 0.489199 0.237988 0.409563 0.288126 0.24386 0.376323 0.236629 0.190375 0.30323 0.148148 0.14659
threshold=0 22.741666666666671 19.425000000000004 1 20.008333333333336 2.5000000000000004 22.008333333333336 3.5000000000000004 128.05000000000004 2 3 1.5000000000000002 11.975000000000001 15.008333333333335
decision_type=9 2 2 9 2 2 2 2 2 9 9 2 2 2
left_child=1 13 10 -4 9 -6 7 -7 -9 -5 11 -2 -13 -1
right_child=2 -3 3 4 5 6 -8 8 -10 -11 -12 12 -14 -15
leaf_value=3.6043252512828986e-05 0.0013347163468293284 -0.0014338543760665651 0.0010392373419072498 -0.00062745292737880604 -0.00083112224212671115 0.0012336450288227018 0.00057690256981849188 -0.0018309847251753797 0.00171293477033268 0.0010264196281035646 -1.9737229213339333e-05 -0.0012052085847385444 -0.0023008161747995709 0.00015529111450182003
leaf_weight=1150 44 40 385 129 204 49 100 47 55 174 9927 54 54 1226
leaf_count=1150 44 40 385 129 204 49 100 47 55 174 9927 54 54 1226
internal_value=7.62577e-05 0.000548228 -2.58189e-05 0.000538058 -0.000208333 -0.000934066 0.000418327 -0.000960265 -0.00235294 0.000874588 -8.97905e-05 -0.00179012 -0.00333333 0.000622896
internal_weight=13638 2416 11222 1143 758 455 251 151 102 303 10079 152 108 2376
internal_count=13638 2416 11222 1143 758 455 251 151 102 303 10079 152 108 2376
cat_boundaries=0 2 4 6 7
cat_threshold=1208090632 32897 2148532738 68 0 1576 514
is_linear=0
shrinkage=0.05


Tree=134
num_leaves=15
num_cat=2
split_feature=0 4 4 4 5 6 6 4 4 4 0 4 4 4
split_gain=0.200182 0.210795 0.132411 0.153095 0.374756 0.130125 0.27205 0.114006 0.203578 0.242959 0.102442 0.118381 0.149528 0.161486
threshold=0 23.375000000000004 1.0083333333333335 2.1583333333333337 1.5000000000000002 2.2409863868481232 1.957231865133048 23.208333333333336 22.450000000000003 22.008333333333336 1 4.0083333333333337 5.6750000000000016 8.0083333333333346
decision_type=9 2 2 2 2 2 2 2 2 2 9 2 2 2
left_child=5 2 -2 4 -4 6 7 8 9 -1 -5 -12 -13 -14
right_child=1 -3 3 10 -6 -7 -8 -9 -10 -11 11 12 13 -15
leaf_value=5.1628355901496954e-05 0.00091016948145850876 0.0010601666993814895 0.00063247976578316672 -1.6746803521547546e-05 -0.0026105067920394122 0.0085377826132441194 -0.00074970688664882472 -0.0011714540557939872 0.00055289206971736277 -0.0002463119051820299 0.0028236486257207294 -0.0010770666929939066 0.00025572732869055446 -0.00021396331784167297
leaf_weight=5350 196 66 49 6117 108 62 47 41 58 41 49 41 77 1357
leaf_count=5350 196 66 49 6117 108 62 47 41 58 41 49 41 77 1357
internal_value=7.28459e-05 -8.67408e-05 -0.000110082 -0.000142344 -0.0016879 0.000302193 0.000277226 0.000309654 0.000329418 0.000297719 -0.000110587 -0.00047588 -0.000559322 -0.000474198
internal_weight=13659 8060 7994 7798 157 5599 5537 5490 5449 5391 7641 1524 1475 1434
internal_count=13659 8060 7994 7798 157 5599 5537 5490 5449 5391 7641 1524 1475 1434
cat_boundaries=0 2 4
cat_threshold=3960684545 68616 2097168 743
is_linear=0
shrinkage=0.05


Tree=135
num_leaves=15
num_cat=4
split_feature=6 4 0 4 4 4 4 0 5 5 5 0 0 5
split_gain=0.179045 0.274887 0.194721 0.278125 0.20322 0.391044 0.390627 0.383042 0.369665 0.366804 0.313717 0.457722 0.309742 0.35361
threshold=2.4586944599067744 17.541666666666671 0 23.375000000000004 9.7083333333333339 4.8750000000000009 10.575000000000001 1 4.5000000000000009 5.5000000000000009 1.0000000180025095e-35 2 3 2.5000000000000004
decision_type=2 2 9 2 2 2 2 9 2 2 2 9 9 2
left_child=2 -2 -1 4 5 -4 7 -6 -9 -7 11 -8 13 -12
right_child=1 -3 3 -5 6 9 10 8 -10 -11 12 -13 -14 -15
leaf_value=7.8533850897356252e-05 0.00024127653778277457 0.0075351781711242129 -0.00018066132352716693 0.00080542284108659499 -2.8875573789419912e-05 9.1038465637125786e-05 0.00048803855763970838 -0.0010804539078746347 -0.0010998318191897782 0.00086345380517874521 -0.0019990177717537751 -0.00013040181151046648 -2.9298671949521225e-05 -5.3748585962052244e-05
leaf_weight=6325 71 47 601 44 244 914 301 139 49 145 102 417 4118 162
leaf_count=6325 71 47 601 44 244 914 301 139 49 145 102 417 4118 162
internal_value=9.46708e-05 0.0020339 7.77968e-05 -9.9365e-05 -0.000123748 0.000361446 -0.000269342 -0.00171296 -0.00333333 0.000939566 -0.000147059 0.000821727 -0.000305796 -0.00193431
internal_weight=13679 118 13561 7236 7192 1660 5532 432 188 1059 5100 718 4382 264
internal_count=13679 118 13561 7236 7192 1660 5532 432 188 1059 5100 718 4382 264
cat_boundaries=0 2 4 6 8
cat_threshold=3357671576 2225 536952832 584 16385 65612 67110401 65536
is_linear=0
shrinkage=0.05


Tree=136
num_leaves=15
num_cat=1
split_feature=0 4 4 4 5 4 4 4 3 4 4 5 4 4
split_gain=0.297791 0.240503 0.357215 0.190958 0.325483 0.332363 0.292221 0.5053 0.568182 0.306895 0.452326 0.287178 0.224079 0.430161
threshold=0 19.075000000000003 18.808333333333337 5.4583333333333348 4.5000000000000009 0.67500000000000016 9.7083333333333339 10.008333333333335 11.750000000000002 10.208333333333334 10.575000000000001 5.5000000000000009 8.5750000000000011 8.0083333333333346
decision_type=9 2 2 2 2 2 2 2 2 2 2 2 2 2
left_child=1 2 3 4 -1 -6 12 8 -8 -9 -11 -7 13 -5
right_child=-2 -3 -4 6 5 11 7 9 -10 10 -12 -13 -14 -15
leaf_value=-4.7965710845316514e-05 6.060087310185205e-05 0.00015052971167184333 -0.0029882533503197365 0.00034282429517087031 0.0032338372376784414 -0.0026764887978597968 -4.5776732581425349e-06 0.0010538887258682752 -0.0017182201423438428 -0.00069507662933528591 -2.2107654337716802e-05 -0.00017360901374103177 0.00045266475621847106 -0.00042360802283219161
leaf_weight=479 6965 788 96 284 41 78 88 74 88 166 3747 89 462 195
leaf_count=479 6965 788 96 284 41 78 88 74 88 166 3747 89 462 195
internal_value=4.03228e-05 -0.000198205 -0.000308306 -0.000258159 -0.00104076 -0.00269231 -0.000152821 -0.000332693 -0.00295455 -0.000216955 -0.000277281 -0.00368263 0.000642933 -0.000114822
internal_weight=13640 6675 5887 5791 687 208 5104 4163 176 3987 3913 167 941 479
internal_count=13640 6675 5887 5791 687 208 5104 4163 176 3987 3913 167 941 479
cat_boundaries=0 2
cat_threshold=606093971 20038
is_linear=0
shrinkage=0.05


Tree=137
num_leaves=15
num_cat=4
split_feature=6 2 4 2 0 5 0 5 4 5 4 5 0 0
split_gain=0.224256 0.457678 0.199441 0.233567 0.168553 0.127391 0.165839 0.178018 0.115997 0.113249 0.213571 0.109849 0.629834 0.458388
threshold=1.5127994973200007 977.10000000000002 4.5666666666666673 29.450000000000003 0 1.0000000180025095e-35 1 4.5000000000000009 11.891666666666667 3.5000000000000004 14.958333333333334 3.5000000000000004 2 3
decision_type=2 2 2 2 9 2 9 2 2 2 2 2 9 9
left_child=4 2 -2 -4 5 -1 9 8 -8 10 -7 13 -13 -6
right_child=1 -3 3 -5 11 6 7 -9 -10 -11 -12 12 -14 -15
leaf_value=-0.00018612185476853365 -0.00073745547755585069 -0.0016250372849236591 0.0027267766974298411 0.0077868618950576287 0.00026867320673666645 0.00068451179291341684 0.0002178205944730249 6.0925842729704912e-05 0.00015557573362593043 0.0007073002807176489 -0.0028275726018935779 -0.00032540408369294001 4.867035285487037e-05 -2.4074699641537752e-05
leaf_weight=84 41 41 76 161 2558 62 44 104 174 106 54 2165 3305 4626
leaf_count=84 41 41 76 161 2558 62 44 104 174 106 54 2165 3305 4626
internal_value=8.49204e-05 0.00139498 0.0021223 0.00267933 5.3456e-05 0.000846395 0.00113971 0.00183735 0.00270642 4.31036e-05 -0.00103448 1.34241e-05 -0.000155393 0.000141982
internal_weight=13601 319 278 237 13282 628 544 322 218 222 116 12654 5470 7184
internal_count=13601 319 278 237 13282 628 544 322 218 222 116 12654 5470 7184
cat_boundaries=0 2 4 6 8
cat_threshold=131209 81920 1 65536 673187330 1054 3357541890 1035
is_linear=0
shrinkage=0.05


Tree=138
num_leaves=15
num_cat=4
split_feature=0 4 4 4 4 4 0 4 0 4 4 4 4 0
split_gain=0.12922 0.303611 0.194245 0.166214 0.18862 0.520855 0.30691 0.387282 0.200091 0.303199 0.291147 0.225163 0.224721 0.299031
threshold=0 23.208333333333336 23.375000000000004 22.975000000000005 20.358333333333338 20.141666666666669 1 21.008333333333336 2 9.9916666666666689 11.975000000000001 16.758333333333336 8.5750000000000011 3
decision_type=9 2 2 2 2 2 9 2 9 2 2 2 2 9
left_child=1 -1 3 4 5 8 -6 -8 9 -2 -11 -12 13 -10
right_child=2 -3 -4 -5 6 -7 7 -9 12 10 11 -13 -14 -15
leaf_value=5.9453756663167739e-05 7.4943285312576222e-05 -0.0012303387082191874 0.0029440954606496815 -0.00089857483211917702 0.0026814199675512106 -0.002451788456872721 0.0014185949514706618 -0.00078399059973292102 -0.0010567921414783403 -0.00081812388961905879 9.7706273465738541e-05 -0.0015935954681828117 9.1862606729139842e-06 -1.0076133053819195e-05
leaf_weight=5790 115 60 50 50 101 42 63 188 377 45 76 77 5839 732
leaf_count=5790 115 60 50 50 101 42 63 188 377 45 76 77 5839 732
internal_value=2.75636e-05 0.000204778 -0.000106246 -0.000126541 -0.000107773 -0.000162262 0.00102273 1.91573e-05 -0.000130147 -0.00134675 -0.00257576 -0.00153595 -7.32967e-05 -0.000725879
internal_weight=13605 5850 7755 7705 7655 7303 352 251 7261 313 198 153 6948 1109
internal_count=13605 5850 7755 7705 7655 7303 352 251 7261 313 198 153 6948 1109
cat_boundaries=0 2 4 6 8
cat_threshold=740425736 36008 514 6 515 16384 1048592 514
is_linear=0
shrinkage=0.05


Tree=139
num_leaves=15
num_cat=1
split_feature=0 6 4 6 4 5 4 4 4 5 4 4 4 4
split_gain=0.293409 0.320342 0.300893 0.253796 0.181594 0.413187 0.277077 0.299298 0.237908 0.323425 0.473146 0.245532 0.227492 0.196805
threshold=0 1.7513494864480113 23.208333333333336 1.4903168760308272 18.125000000000004 2.5000000000000004 18.458333333333336 18.925000000000004 22.091666666666672 1.5000000000000002 19.675000000000004 19.758333333333336 18.008333333333336 22.908333333333335
decision_type=9 2 2 2 2 2 2 2 2 2 2 2 2 2
left_child=4 2 3 -2 12 8 -7 -8 9 11 -11 -6 -1 -9
right_child=1 -3 -4 -5 5 6 7 13 -10 10 -12 -13 -14 -15
leaf_value=-6.9225260073759771e-05 4.924113741973626e-05 0.0053493054224704774 -0.0021166127203593606 -0.0012716616053356587 0.00039534937226787546 0.0016653196381023862 -0.00071564196626538578 0.00026292672198945165 -0.0004928890650013018 -0.0018398866965994598 0.00059189328147750018 -0.00039191296721657713 -0.0004710498781787788 0.00061902316497082542
leaf_weight=5002 7306 158 60 40 163 68 79 372 57 90 65 77 45 57
leaf_count=5002 7306 158 60 40 163 68 79 372 57 90 65 77 45 57
internal_value=3.26272e-05 0.000240296 0.000193087 0.00022189 -0.000225965 0.000379378 0.00126736 0.000866142 -0.000752212 -0.000316456 -0.00209677 0.000833334 -0.000349713 0.00138695
internal_weight=13639 7564 7406 7346 6075 1028 576 508 452 395 155 240 5047 429
internal_count=13639 7564 7406 7346 6075 1028 576 508 452 395 155 240 5047 429
cat_boundaries=0 2
cat_threshold=3827303057 118276
is_linear=0
shrinkage=0.05


Tree=140
num_leaves=15
num_cat=4
split_feature=0 4 4 5 0 4 0 4 4 4 4 4 4 0
split_gain=0.22507 0.24054 0.487187 0.671311 0.346065 0.369902 0.703745 0.330389 0.302684 0.296879 0.270718 0.300355 0.269517 0.295757
threshold=0 14.375000000000002 14.075000000000001 2.5000000000000004 1 12.591666666666669 2 13.375000000000002 12.208333333333334 13.175000000000002 14.775000000000002 15.091666666666669 15.191666666666668 3
decision_type=9 2 2 2 9 2 9 2 2 2 2 2 2 9
left_child=-1 2 4 -4 -2 8 -7 9 -6 -8 -3 -12 -13 -14
right_child=1 10 3 -5 5 6 7 -9 -10 -11 11 12 13 -15
leaf_value=-9.0533104152705593e-05 0.0016491700307796624 0.00090269109317610025 -0.0040371643535969002 0.0004921352854563248 5.943778767618137e-06 0.00045980592139003646 -0.00028337072636870018 -0.0001255801932478943 0.00051947549557605137 -0.0019014239034010857 -0.0011515632246424153 0.0015795194353541203 0.00022168302048249019 -6.7319522064198193e-07
leaf_weight=5038 115 186 52 70 3121 382 171 207 177 44 181 69 1781 2076
leaf_count=5038 115 186 52 70 3121 382 171 207 177 44 181 69 1781 2076
internal_value=2.56037e-05 0.000180514 -8.18159e-05 -0.00319672 8.29993e-06 -7.05251e-05 -0.00103234 -0.00240741 0.000163736 -0.00383721 0.000446075 0.000361578 0.000453388 0.000397978
internal_weight=13670 8632 4339 122 4217 4102 804 422 3298 215 4293 4107 3926 3857
internal_count=13670 8632 4339 122 4217 4102 804 422 3298 215 4293 4107 3926 3857
cat_boundaries=0 2 4 6 8
cat_threshold=69273233 17500 131080 65536 1048578 547 3892445192 2050
is_linear=0
shrinkage=0.05


Tree=141
num_leaves=15
num_cat=2
split_feature=0 6 5 6 4 2 5 0 4 4 4 4 4 4
split_gain=0.217468 0.308632 0.521148 0.236005 0.217262 0.162161 0.146756 0.284658 0.436377 0.516613 0.243948 0.415268 0.232418 0.219298
threshold=0 1.957231865133048 2.5000000000000004 1.3766220136373084 1.0000000180025095e-35 29.450000000000003 1.5000000000000002 1 18.008333333333336 6.6916666666666673 8.7250000000000014 10.075000000000001 9.5083333333333346 2.6583333333333337
decision_type=9 2 2 2 2 2 2 9 2 2 2 2 2 2
left_child=3 4 -3 -1 -2 -5 7 -6 9 13 -11 12 -12 -9
right_child=1 2 -4 5 6 -7 -8 8 -10 10 11 -13 -14 -15
leaf_value=3.4659525135404109e-05 -0.00021033810605878829 -0.0025087108177083983 0.0060921835426434295 0.00070753875656688072 -0.000178719264196885 0.0054448303370322228 3.0951664467559211e-05 0.00035613299759109111 0.0010913627643332829 -0.0012109332749265481 0.0015545417181688035 -0.00059109030116345058 0.0045171319219716784 0.0069837703581603298
leaf_weight=5664 40 60 42 86 940 113 5500 57 236 84 65 679 47 57
leaf_count=5664 40 60 42 86 940 113 5500 57 236 84 65 679 47 57
internal_value=6.21801e-05 -0.000110656 -0.00284314 0.000292014 -7.46267e-05 0.00198492 -5.54466e-05 -0.000404157 0.000101215 -0.000358948 -0.000771428 -0.000499368 0.00232143 0.00280702
internal_weight=13670 7807 102 5863 7705 199 7665 2165 1225 989 875 791 112 114
internal_count=13670 7807 102 5863 7705 199 7665 2165 1225 989 875 791 112 114
cat_boundaries=0 2 4
cat_threshold=673202176 82133 1142030992 34824
is_linear=0
shrinkage=0.05


Tree=142
num_leaves=15
num_cat=3
split_feature=0 4 4 0 5 0 4 4 4 4 4 4 4 4
split_gain=0.198981 0.179099 0.331604 0.629284 0.344143 0.194081 0.241047 0.182469 0.230386 0.154854 0.145348 0.217557 0.189527 0.196088
threshold=0 19.675000000000004 19.008333333333336 1 2.5000000000000004 2 22.975000000000005 20.775000000000002 19.908333333333335 19.475000000000005 19.958333333333336 20.358333333333338 20.991666666666671 22.450000000000003
decision_type=9 2 2 9 2 9 2 2 2 2 2 2 2 2
left_child=10 2 -2 9 -5 6 7 8 -3 -4 -1 -12 -13 -14
right_child=1 5 3 4 -6 -7 -8 -9 -10 -11 11 12 13 -15
leaf_value=-2.1635456908313924e-05 5.0489486423968511e-05 0.0060259168775201417 -0.003113533810325024 -0.0012154010532605701 0.00394191376943725 0.00076562384117722152 -0.0021543992144820103 0.0010083322038975228 -0.0027676708532644043 -0.0011027307910640017 -0.0019423594494626805 0.00064313225146438396 -0.00050665001740663634 4.5321301811564146e-05
leaf_weight=6188 6080 48 86 75 78 335 41 105 65 44 84 76 158 129
leaf_count=6188 6080 48 86 75 78 335 41 105 65 44 84 76 158 129
internal_value=2.64864e-05 0.000213148 0.000135942 -0.0015371 0.000705522 0.00104377 -1.85872e-05 0.000642202 -0.000752212 -0.00392857 -0.0001693 -0.00104027 -0.000509642 -0.00109756
internal_weight=13592 6957 6363 283 153 594 259 218 113 130 6635 447 363 287
internal_count=13592 6957 6363 283 153 594 259 218 113 130 6635 447 363 287
cat_boundaries=0 2 4 6
cat_threshold=1679950865 117315 0 56 134217736 168
is_linear=0
shrinkage=0.05


Tree=143
num_leaves=15
num_cat=3
split_feature=0 4 4 4 4 4 4 0 4 4 4 0 4 4
split_gain=0.202461 0.335966 0.324127 0.464527 0.388085 0.352162 0.328359 0.236744 0.282149 0.53751 0.250548 0.424304 0.335846 0.313815
threshold=0 1.0000000180025095e-35 0.82500000000000007 2.1583333333333337 1.5083333333333335 9.908333333333335 10.575000000000001 1 20.625000000000004 19.808333333333337 15.141666666666667 2 14.491666666666669 15.79166666666667
decision_type=9 2 2 2 2 2 2 9 2 2 2 9 2 2
left_child=2 -2 -1 4 -4 -5 -7 -8 9 10 12 -12 -9 -13
right_child=1 -3 3 5 -6 6 7 8 -10 -11 11 13 -14 -15
leaf_value=0.0025806033426984498 -0.00040461333574314478 1.9361863784731177e-05 -0.00064461218491406673 0.00016805297322904986 -0.0026504431700939309 -0.00090846866943038022 -0.00019349740122626206 -1.0321937423303097e-05 0.00095805441825559429 -0.0026118021823980124 6.5227073379357119e-05 -0.0020999415389583637 0.0019191490500415215 -0.00060103614848962337
leaf_weight=59 50 10324 58 642 45 153 147 763 154 59 481 58 128 458
leaf_count=59 50 10324 58 642 45 153 147 763 154 59 481 58 128 458
internal_value=-1.87788e-05 8.8598e-05 -0.000365474 -0.000435473 -0.00373786 -0.000323694 -0.000601832 -0.000449288 -0.000305542 -0.000469954 -0.000323093 -0.000867603 0.000286195 -0.00184411
internal_weight=13579 10374 3205 3146 103 3043 2401 2248 2101 1947 1888 997 891 516
internal_count=13579 10374 3205 3146 103 3043 2401 2248 2101 1947 1888 997 891 516
cat_boundaries=0 2 4 6
cat_threshold=1073743515 83520 1160 16384 1073742353 512
is_linear=0
shrinkage=0.05


Tree=144
num_leaves=15
num_cat=4
split_feature=0 4 5 4 3 5 5 0 3 4 4 5 0 0
split_gain=0.186415 0.2687 0.997363 0.16633 0.747071 0.141043 0.129392 0.229275 0.216957 0.322689 0.210041 0.193239 0.325187 0.312381
threshold=0 9.9916666666666689 4.5000000000000009 11.975000000000001 31.050000000000004 1.5000000000000002 1.5000000000000002 1 49.000000000000007 15.858333333333336 18.008333333333336 4.5000000000000009 2 3
decision_type=9 2 2 2 2 2 2 9 2 2 2 2 9 9
left_child=1 2 5 4 -3 -1 7 10 9 -9 -5 13 -13 -8
right_child=-2 3 -4 6 -6 -7 11 8 -10 -11 -12 12 -14 -15
leaf_value=0.00040408085775130669 1.7380719320552988e-05 -1.6324428693510891e-05 -0.0009123284923685381 0.001373385346539304 -0.0010322722670690965 0.00032744830824409094 -0.00034086599483232333 0.00011647487352205444 0.00021035180636902234 -0.0012708000189987313 0.00042833770404278673 -0.0025033750991454791 0.00022191872407082048 -0.00028911150721649959
leaf_weight=54 12036 150 59 67 48 97 146 60 139 42 43 202 124 340
leaf_count=54 12036 150 59 67 48 97 146 60 139 42 43 202 124 340
internal_value=3.93182e-05 -0.000471221 0.00119048 -0.00073108 -0.00207071 0.00334437 -0.000503009 0.000299145 -0.000577689 -0.00235294 0.00208333 -0.000849753 9.20247e-05 -0.00148148
internal_weight=13607 1571 210 1361 198 151 1163 351 241 102 110 812 326 486
internal_count=13607 1571 210 1361 198 151 1163 351 241 102 110 812 326 486
cat_boundaries=0 2 4 6 8
cat_threshold=69223050 82944 67108874 1024 2097160 1024 67125250 65536
is_linear=0
shrinkage=0.05


Tree=145
num_leaves=15
num_cat=5
split_feature=0 4 4 4 4 0 5 6 4 5 4 0 0 0
split_gain=0.219338 0.320275 0.270173 0.259732 0.209787 0.461275 0.434615 0.41385 0.295193 0.236624 0.264678 0.270851 0.249613 0.217365
threshold=0 22.450000000000003 22.008333333333336 21.683333333333337 15.191666666666668 1 1.5000000000000002 1.3560995056197489 17.125000000000004 5.5000000000000009 14.491666666666669 2 3 4
decision_type=9 2 2 2 2 9 2 2 2 2 2 9 9 9
left_child=-1 2 3 4 9 -6 8 -8 -7 10 13 -12 -11 -2
right_child=1 -3 -4 -5 5 6 7 -9 -10 12 11 -13 -14 -15
leaf_value=-1.512391332012052e-05 0.0020981028323722815 0.00057305200208072709 -0.00021030435385605971 0.00090359430661522417 -0.0010665873013203102 -0.00019174263413221631 -0.00014687037304214715 0.0078679174088151973 0.00057659202843492023 2.17444481969925e-05 0.0013544676493778226 0.00010108327932590008 0.0016705506550761303 9.0927389573612138e-06
leaf_weight=6505 265 133 47 48 451 185 1691 70 490 303 104 203 285 2831
leaf_count=6505 265 133 47 48 451 185 1691 70 490 303 104 203 285 2831
internal_value=0.000121593 0.000313378 0.00026746 0.000293099 0.00026752 -5.71526e-05 0.00021668 -0.000195911 0.0012963 0.000502381 0.000342345 0.00174267 0.00142857 0.000203489
internal_weight=13611 7106 6973 6926 6878 2887 2436 1761 675 3991 3403 307 588 3096
internal_count=13611 7106 6973 6926 6878 2887 2436 1761 675 3991 3403 307 588 3096
cat_boundaries=0 2 4 6 8 10
cat_threshold=2349859352 51850 66562 66561 1073807360 65 1610629123 65 1026 66560
is_linear=0
shrinkage=0.05


Tree=146
num_leaves=15
num_cat=4
split_feature=6 0 3 4 4 4 4 4 0 4 2 0 0 4
split_gain=0.203029 0.151013 0.150051 0.118414 0.208308 0.345925 0.124261 0.110278 0.404563 0.40863 0.335135 0.2419 0.171798 0.129512
threshold=2.5947191574750361 0 12.000000000000002 23.375000000000004 22.091666666666672 22.575000000000003 21.891666666666669 16.908333333333335 1 17.408333333333335 67.300000000000026 2 3 18.275000000000002
decision_type=2 9 2 2 2 2 2 2 9 2 2 9 9 2
left_child=1 3 -2 4 6 -6 -1 11 9 -9 13 -3 -10 -11
right_child=2 7 -4 -5 5 -7 -8 8 12 10 -12 -13 -14 -15
leaf_value=-2.8685802465707775e-05 0.0066422568630167675 0.0017162970569336801 -2.8700221992980757e-05 0.00070642431134224862 -0.00085109229012892947 3.4098152574334295e-05 0.00055927109840315148 -0.0043287378304944111 -4.8526278910149394e-05 0.00076362176197447844 -0.00057873836650830079 4.6049820162565649e-05 0.00017364215621416858 -0.00030475017830083005
leaf_weight=6073 53 188 40 40 47 77 66 56 1531 51 52 4766 502 163
leaf_count=6073 53 188 40 40 47 77 66 56 1531 51 52 4766 502 163
internal_value=-1.64172e-05 -3.23242e-05 0.00231183 -0.000211468 -0.000229123 -0.00225806 -0.000188141 0.000122285 -0.000159235 -0.00177711 -0.00101504 0.000256359 0.000105238 -0.000140187
internal_weight=13705 13612 93 6303 6263 124 6139 7309 2355 322 266 4954 2033 214
internal_count=13705 13612 93 6303 6263 124 6139 7309 2355 322 266 4954 2033 214
cat_boundaries=0 2 4 6 8
cat_threshold=2685552267 34400 16 81936 16 65536 2097152 2187
is_linear=0
shrinkage=0.05


Tree=147
num_leaves=15
num_cat=4
split_feature=4 0 0 4 5 5 0 4 4 0 4 4 4 4
split_gain=0.216915 0.447546 0.287969 0.292965 0.279361 0.267952 0.376193 0.332321 0.240817 0.237642 0.43711 0.685169 0.614193 0.412316
threshold=14.375000000000002 0 1 21.683333333333337 2.5000000000000004 1.0000000180025095e-35 2 15.991666666666669 20.525000000000002 3 16.325000000000003 14.908333333333335 15.008333333333335 17.408333333333335
decision_type=2 9 9 2 2 2 9 2 2 9 2 2 2 2
left_child=1 -1 3 -2 -5 6 7 -4 -8 -7 11 -11 -13 -12
right_child=2 -3 5 4 -6 9 8 -9 -10 10 13 12 -14 -15
leaf_value=-9.1899429250365581e-05 0.00020866947483988348 4.36067029555358e-06 0.0050073315993295325 -0.00090875971796134053 0.00010673747457415035 7.9896075101025519e-05 0.00075843034442752268 -0.00066456939619957201 0.0035632347222241973 0.00084773627079033338 0.00066450000514281244 -0.003141005234723172 -0.001399881202264283 -0.00044595162276987152
leaf_weight=1749 1934 5092 46 61 105 1996 408 157 50 93 232 54 267 1351
leaf_count=1749 1934 5092 46 61 105 1996 408 157 50 93 232 54 267 1351
internal_value=1.8391e-06 -0.000196608 0.000202843 0.000687204 -0.0013253 -1.71525e-05 0.00091528 -0.000868544 0.00168803 -0.00017155 -0.000555555 -0.00200483 -0.00309969 -0.000180038
internal_weight=13595 6841 6754 2100 166 4654 661 203 458 3993 1997 414 321 1583
internal_count=13595 6841 6754 2100 166 4654 661 203 458 3993 1997 414 321 1583
cat_boundaries=0 2 4 6 8
cat_threshold=3291562643 512 3960537744 32 131072 2689 131072 2707
is_linear=0
shrinkage=0.05


Tree=148
num_leaves=15
num_cat=3
split_feature=0 6 4 5 0 4 0 4 4 4 4 4 5 4
split_gain=0.17439 0.429512 0.245889 0.162098 0.392532 0.280643 0.177205 0.27857 0.697341 0.243283 0.253612 0.416344 0.24128 0.339624
threshold=0 2.0154586348681138 23.608333333333338 1.0000000180025095e-35 1 15.441666666666668 2 11.008333333333335 10.208333333333334 11.658333333333335 12.075000000000001 12.925000000000002 2.5000000000000004 5.4583333333333348
decision_type=9 2 2 2 9 2 9 2 2 2 2 2 2 2
left_child=1 3 -2 4 5 -1 -5 8 12 -9 -11 -12 -8 -14
right_child=2 -3 -4 6 -6 -7 7 9 -10 10 11 -13 13 -15
leaf_value=-0.00059902120846902138 2.1340546610319964e-05 -0.0018698879430645455 0.0013376890883674602 3.2002950679063896e-05 0.00028395180888401712 3.7941392180219868e-06 0.00022097274204211747 0.0044911269566885346 -0.0021023507871909494 -0.00071102518158537933 0.0021076072121447233 -5.6932241314232285e-05 -0.0013453000197984936 -0.00014127942298433456
leaf_weight=244 8836 51 44 2251 271 144 140 55 85 67 57 1161 75 170
leaf_count=244 8836 51 44 2251 271 144 140 55 85 67 57 1161 75 170
internal_value=4.0292e-06 -0.000239489 0.000134983 -0.000190678 -0.000918057 -0.00190955 -7.2642e-05 -0.00043956 -0.00148936 -7.46267e-05 -0.000214008 -4.92609e-05 -0.000584415 -0.00153061
internal_weight=13651 4771 8880 4720 659 388 4061 1810 470 1340 1285 1218 385 245
internal_count=13651 4771 8880 4720 659 388 4061 1810 470 1340 1285 1218 385 245
cat_boundaries=0 2 4 6
cat_threshold=1140934282 117794 1140932608 2080 1140867080 18464
is_linear=0
shrinkage=0.05


Tree=149
num_leaves=15
num_cat=3
split_feature=0 4 4 0 5 5 4 4 4 0 4 4 4 4
split_gain=0.222215 0.279623 0.240328 0.203863 0.288805 0.372399 0.216453 0.20283 0.196199 0.198331 0.235138 0.256122 0.227438 0.567323
threshold=0 2.1583333333333337 14.641666666666667 1 5.5000000000000009 4.5000000000000009 19.675000000000004 0.67500000000000016 0.23333333333333336 2 1.7500000000000002 1.0083333333333335 12.441666666666668 12.858333333333336
decision_type=9 2 2 9 2 2 2 2 2 9 2 2 2 2
left_child=1 7 8 4 5 -4 -6 -1 -2 10 11 -10 -11 -14
right_child=2 -3 3 -5 6 -7 -8 -9 9 12 -12 -13 13 -15
leaf_value=0.00072630937125361126 -9.9497781114913446e-05 -6.1390569864399884e-05 2.5079583805754849e-05 0.00018579820966666981 -0.00028387530385101282 0.0010968789176570514 -0.0028911526319837532 -0.0020457185949512959 -3.2527306020111312e-05 5.4923434452680871e-05 -0.00011249151233548459 0.0017299075473803294 -0.0010688627611426082 1.1693060065118106e-05
leaf_weight=84 64 6049 1693 1096 265 332 42 181 46 1530 1688 41 79 430
leaf_count=84 64 6049 1693 1096 265 332 42 181 46 1530 1688 41 79 430
internal_value=1.46845e-05 -0.000202403 0.000202297 0.000507585 0.000239112 0.00045679 -0.00118892 -0.00179245 -6.70447e-05 -2.09752e-05 -0.000406162 0.00212644 0.000314788 -0.000599214
internal_weight=13620 6314 7306 3428 2332 2025 307 265 3878 3814 1775 87 2039 509
internal_count=13620 6314 7306 3428 2332 2025 307 265 3878 3814 1775 87 2039 509
cat_boundaries=0 2 4 6
cat_threshold=2216691347 99940 1179648 2201 1208025088 18435
is_linear=0
shrinkage=0.05


Tree=150
num_leaves=15
num_cat=2
split_feature=0 4 4 6 6 4 4 2 4 4 2 4 4 0
split_gain=0.272275 0.272487 0.736366 0.192435 0.207818 0.182802 0.278034 0.290813 0.278232 0.43627 0.629762 0.32674 0.219382 0.203847
threshold=0 1.7500000000000002 2.1583333333333337 2.2987267968673764 2.0643809316102675 12.441666666666668 12.858333333333336 189.85000000000002 13.008333333333335 13.375000000000002 295.25000000000006 13.491666666666669 12.075000000000001 1
decision_type=9 2 2 2 2 2 2 2 2 2 2 2 2 9
left_child=1 -1 -3 4 5 12 7 -7 -8 10 -10 -11 13 -2
right_child=3 2 -4 -5 -6 6 8 -9 9 11 -12 -13 -14 -15
leaf_value=0.00069090965510789411 0.00021424386882609931 -0.0018667726111773347 -6.4859288014504631e-05 0.0048051701030662076 -0.0010002017392409504 -0.00090719092346290347 0.00027412941091175982 5.7376887831674784e-05 -0.00079489539443018111 0.0023495968017810133 0.0014005403426241517 2.5070937946395969e-05 0.00065410487046878676 3.3923147335533145e-05
leaf_weight=227 498 48 5099 84 50 90 120 92 108 53 60 4579 139 2380
leaf_count=227 498 48 5099 84 50 90 120 92 108 53 60 4579 139 2380
internal_value=5.76064e-05 -0.000219168 -0.000294346 0.000237807 0.000213613 0.000233403 5.09606e-05 -0.00186813 0.000121951 6.25002e-05 -0.00244048 0.000153282 0.000541929 0.000448228
internal_weight=13627 5374 5147 8253 8169 8119 5102 182 4920 4800 168 4632 3017 2878
internal_count=13627 5374 5147 8253 8169 8119 5102 182 4920 4800 168 4632 3017 2878
cat_boundaries=0 2 4
cat_threshold=134416010 35395 1 17536
is_linear=0
shrinkage=0.05


Tree=151
num_leaves=15
num_cat=2
split_feature=0 5 4 4 4 3 4 0 4 4 4 5 4 4
split_gain=0.134666 0.20674 0.221895 0.0948673 0.0940044 0.415522 0.381757 0.122414 0.40652 0.21317 0.162056 0.170935 0.10941 0.257432
threshold=0 1.0000000180025095e-35 17.991666666666671 18.925000000000004 23.208333333333336 18.750000000000004 22.908333333333335 1 8.6416666666666675 7.2833333333333341 4.5666666666666673 3.5000000000000004 20.525000000000002 19.525000000000002
decision_type=9 2 2 2 2 2 2 9 2 2 2 2 2 2
left_child=1 2 -1 -3 6 -6 7 8 9 10 11 -2 13 -10
right_child=4 3 -4 -5 5 -7 -8 -9 12 -11 -12 -13 -14 -15
leaf_value=0.0031719366679846869 -0.00051302140550298254 -0.00032855264857005982 -2.5934550175458969e-05 -0.0010176268574838148 6.3194957272191723e-05 -0.003202265326176866 0.00057657720136872832 -2.1493298367286496e-06 0.00027020042048303729 -0.00060120964365511793 0.00021819901000346223 0.0012848452172199258 0.00035834957353921156 -0.00079204017511669061
leaf_weight=48 57 722 85 50 83 44 74 10817 1361 47 56 52 66 51
leaf_count=48 57 722 85 50 83 44 74 10817 1361 47 56 52 66 51
internal_value=1.2121e-05 -0.00057377 0.0012406 -0.000893782 5.4254e-05 -0.00129921 6.79598e-05 4.6774e-05 0.000441177 -0.00160377 -0.000757576 -0.00188073 0.000737483 0.000644476
internal_weight=13613 905 133 772 12708 127 12581 12507 1690 212 165 109 1478 1412
internal_count=13613 905 133 772 12708 127 12581 12507 1690 212 165 109 1478 1412
cat_boundaries=0 2 4
cat_threshold=69207560 65536 135462928 17408
is_linear=0
shrinkage=0.05


Tree=152
num_leaves=15
num_cat=2
split_feature=0 0 6 5 5 2 2 2 2 2 5 5 2 2
split_gain=0.151156 0.0630825 0.0787094 0.0583197 0.0448109 0.402453 0.225489 0.0349531 0.0330241 0.0819293 0.0782531 0.204417 0.153287 0.104094
threshold=0 1 2.751542603006087 4.5000000000000009 5.5000000000000009 576.55000000000007 576.55000000000007 1544.7500000000002 1544.7500000000002 1036.8500000000001 1.5000000000000002 2.5000000000000004 67.300000000000026 67.300000000000026
decision_type=9 9 2 2 2 2 2 2 2 2 2 2 2 2
left_child=3 -2 -3 8 5 -5 -6 -7 9 10 12 13 -1 -12
right_child=1 2 -4 4 6 7 -8 -9 -10 -11 11 -13 -14 -15
leaf_value=-1.2559103683837177e-05 -9.5990960068212492e-05 8.0614388332963897e-06 -0.0016322492233715271 -1.8916342214608227e-05 0.00013881193204073465 0.0023250876736545275 -4.4096165606156913e-05 0.0030900792384574711 -7.6383325638399523e-05 0.00041209564368982054 3.6263816356456083e-05 7.5088876575121906e-05 0.0002800167044127515 -8.4527533473225771e-05
leaf_weight=97 713 11760 42 64 54 51 93 41 193 43 49 205 88 61
leaf_count=97 713 11760 42 64 54 51 93 41 193 43 49 205 88 61
internal_value=3.83652e-05 -9.97985e-06 1.77787e-05 0.000614871 0.00120462 0.00179487 0.000578231 0.00391304 0.000380435 0.000580111 0.0004 -7.93649e-05 0.00121622 -0.00181818
internal_weight=13554 12515 11802 1039 303 156 147 92 736 543 500 315 185 110
internal_count=13554 12515 11802 1039 303 156 147 92 736 543 500 315 185 110
cat_boundaries=0 2 4
cat_threshold=1275068416 49152 198272 65536
is_linear=0
shrinkage=0.05


Tree=153
num_leaves=15
num_cat=2
split_feature=0 6 2 4 6 6 4 4 4 4 4 4 4 0
split_gain=0.167666 0.177595 0.238502 0.129983 0.106901 0.0988255 0.0964962 0.226341 0.426846 0.179362 0.102746 0.255127 0.118443 0.109257
threshold=0 2.0154586348681138 325.55000000000007 0.23333333333333336 2.2409863868481232 1.7513494864480113 23.375000000000004 22.091666666666672 22.575000000000003 21.491666666666671 19.008333333333336 19.291666666666671 18.758333333333336 1
decision_type=9 2 2 2 2 2 2 2 2 2 2 2 2 9
left_child=4 3 -3 -2 6 -5 7 9 -9 10 12 -12 -1 -13
right_child=1 2 -4 5 -6 -7 -8 8 -10 -11 11 13 -14 -15
leaf_value=4.5721863787870195e-05 -0.00059124448479924902 0.0046369780594316696 -0.001191653439735174 3.2065678886893026e-06 0.012127882484045059 0.0036820242687697208 0.00075639485031400993 -0.00052764462532213713 0.00013845702972279755 0.0010560800594378334 -0.0028613496943722789 0.00040547141941128101 0.0018884545172957951 -0.00067160130262996153
leaf_weight=4062 70 63 60 8465 59 40 43 41 58 70 82 136 89 255
leaf_count=4062 70 63 60 8465 59 40 43 41 58 70 82 136 89 255
internal_value=0.000107776 -2.41156e-05 -0.00191057 2.91564e-06 0.000341488 2.05763e-05 0.000316377 0.000295222 -0.00207071 0.000345122 0.000307094 -0.00039112 0.000386654 0.000140665
internal_weight=13593 8698 123 8575 4895 8505 4836 4793 99 4694 4624 473 4151 391
internal_count=13593 8698 123 8575 4895 8505 4836 4793 99 4694 4624 473 4151 391
cat_boundaries=0 2 3
cat_threshold=2684502544 65712 2684355072
is_linear=0
shrinkage=0.05


Tree=154
num_leaves=15
num_cat=5
split_feature=0 6 6 5 0 0 5 2 5 0 5 0 5 2
split_gain=0.282648 0.225985 0.209178 0.151889 0.380163 0.272286 0.231086 0.190134 0.144117 0.183155 0.124393 0.101522 0.176904 0.240055
threshold=0 2.0154586348681138 1.9979644026864869 2.5000000000000004 1 2 4.5000000000000009 29.450000000000003 1.0000000180025095e-35 3 1.5000000000000002 4 3.5000000000000004 608.50000000000011
decision_type=9 2 2 2 9 9 2 2 2 9 2 9 2 2
left_child=1 -1 3 4 -2 6 11 -8 -6 10 -10 12 -5 -14
right_child=2 -3 -4 5 8 -7 7 -9 9 -11 -12 -13 13 -15
leaf_value=-4.7966493910517636e-05 -0.00011171239801846716 -0.0015809225036892472 0.0033532129424498924 -0.00020025736972496594 1.6687647055713905e-05 8.7474019355566069e-05 0.001011725720079715 -2.8391775895649701e-05 0.00016810081746693184 0.00024474020295220188 5.6628565537409031e-05 -5.9494252674497939e-05 -0.002297020996716304 -5.5211644423742874e-05
leaf_weight=5095 786 83 140 247 906 2394 213 937 72 1732 68 688 165 94
leaf_count=5095 786 83 140 247 906 2394 213 937 72 1732 68 688 165 94
internal_value=4.77241e-05 -0.000242868 0.000225982 0.000193929 0.000440516 8.44257e-06 -0.000373832 0.000130435 0.000713773 0.000966881 0.00266667 -0.000862646 -0.00139535 -0.00233591
internal_weight=13620 5178 8442 8302 3564 4738 2344 1150 2778 1872 140 1194 506 259
internal_count=13620 5178 8442 8302 3564 4738 2344 1150 2778 1872 140 1194 506 259
cat_boundaries=0 2 4 6 8 10
cat_threshold=69338763 51778 2147483664 65544 672153600 1045 16384 1024 135266304 16
is_linear=0
shrinkage=0.05


Tree=155
num_leaves=15
num_cat=5
split_feature=0 5 0 6 6 6 5 6 6 0 5 0 5 0
split_gain=0.25344 0.109885 0.160056 0.123904 0.0888258 0.146788 0.570862 0.146093 0.317331 0.0830677 0.144875 0.325068 0.234726 0.171446
threshold=0 5.5000000000000009 1 1.7215724797947727 2.6746039791475802 1.957231865133048 3.5000000000000004 1.5127994973200007 1.3225635810616778 2 2.5000000000000004 3 1.5000000000000002 4
decision_type=9 2 9 2 2 2 2 2 2 9 2 9 2 9
left_child=1 3 -3 -1 5 7 -7 8 9 10 11 -2 -13 -12
right_child=4 2 -4 -5 -6 6 -8 -9 -10 -11 13 12 -14 -15
leaf_value=-1.6072222009546033e-05 -2.3675010845502704e-05 -3.2138926961783532e-05 -0.00030029650395268787 -0.00098200342444753545 0.0052823985120518616 -0.0044816942093726256 0.0092693497715101974 0.0067378004392209742 -0.00077962315931991947 1.0761819886970264e-05 0.00025601600452495671 0.00026424775611543795 0.0013784295756115155 -0.00010699320679369211
leaf_weight=2404 778 230 177 60 40 82 57 62 44 6417 985 623 327 1313
leaf_count=2404 778 230 177 60 40 82 57 62 44 6417 985 623 327 1313
internal_value=3.63999e-05 -0.000380076 -0.00114251 -0.000255682 0.000148072 0.000139409 -0.00147482 0.000160679 0.000146372 0.000164225 0.000341923 0.000688658 0.00130208 8.26808e-05
internal_weight=13599 2871 407 2464 10728 10688 139 10549 10487 10443 4026 1728 950 2298
internal_count=13599 2871 407 2464 10728 10688 139 10549 10487 10443 4026 1728 950 2298
cat_boundaries=0 2 4 6 8 10
cat_threshold=540164745 66560 539099136 65536 1026 171 0 40 0 40
is_linear=0
shrinkage=0.05


Tree=156
num_leaves=15
num_cat=2
split_feature=0 6 4 4 4 4 0 4 4 4 4 3 4 4
split_gain=0.283791 0.191099 0.176631 0.690592 0.212443 0.20823 0.187748 0.219518 0.530471 0.384372 0.250298 0.268705 0.165927 0.291902
threshold=0 2.3151687044779554 16.908333333333335 17.008333333333336 15.991666666666669 15.79166666666667 1 21.491666666666671 20.225000000000005 19.591666666666672 19.008333333333336 15.650000000000002 16.325000000000003 16.091666666666672
decision_type=9 2 2 2 2 2 9 2 2 2 2 2 2 2
left_child=1 2 4 -4 5 -1 7 8 9 10 11 -5 13 -6
right_child=-2 -3 3 6 12 -7 -8 -9 -10 -11 -12 -13 -14 -15
leaf_value=-1.0477037866636365e-05 4.056998226515393e-05 -0.0027859858965220471 -0.0012897826049352986 -5.259907857300163e-05 0.00087693162966837046 -0.0013354950985029028 -1.2300366523146549e-05 0.00028331567685014697 -0.0038178031031600628 0.001278920671653323 -0.0032735676071432062 -0.0027441536856645352 0.00017301993890647601 0.0034274394992582242
leaf_weight=3317 7678 55 85 356 118 55 1355 82 48 86 57 53 149 62
leaf_count=3317 7678 55 85 356 118 55 1355 82 48 86 57 53 149 62
internal_value=1.32784e-05 -0.000247962 -0.000220676 -0.000584354 -1.21587e-05 -0.000130486 -0.000400098 -0.00106936 -0.00141667 -0.000978261 -0.00154506 -0.00111247 0.00120061 0.00222222
internal_weight=13556 5878 5823 2122 3701 3372 2037 682 600 552 466 409 329 180
internal_count=13556 5878 5823 2122 3701 3372 2037 682 600 552 466 409 329 180
cat_boundaries=0 2 4
cat_threshold=605226499 100498 132098 65680
is_linear=0
shrinkage=0.05


Tree=157
num_leaves=15
num_cat=1
split_feature=0 4 4 4 4 3 4 4 4 4 3 5 4 5
split_gain=0.164548 0.375367 0.475249 0.354658 0.422777 0.461592 0.351487 0.340927 0.287062 0.278218 0.640179 0.235618 0.239498 0.231965
threshold=0 1.2750000000000001 2.3833333333333337 10.508333333333335 9.9916666666666689 20.000000000000004 13.175000000000002 12.008333333333335 0.23333333333333336 11.275000000000002 19.400000000000002 1.5000000000000002 12.525000000000002 2.5000000000000004
decision_type=9 2 2 2 2 2 2 2 2 2 2 2 2 2
left_child=1 -1 -3 4 -4 -6 7 9 -2 13 -11 -9 -13 -5
right_child=8 2 3 6 5 -7 -8 11 -10 10 -12 12 -14 -15
leaf_value=-0.00083957006331292271 0.00039368109458348921 0.0019692196626132827 -0.00022691729424337655 0.003376631833335668 -0.00033721537109932643 -0.0011350508870307473 -7.8297406651557208e-05 0.0040606619232317473 2.0238856340355013e-05 0.00031783593211365789 -0.0018411419600799191 0.0037751157317747171 0.00028151234838820954 -5.8709000624797282e-05
leaf_weight=112 81 63 908 89 112 43 3203 64 8394 158 43 83 167 107
leaf_count=112 81 63 908 89 112 43 3203 64 8394 158 43 83 167 107
internal_value=5.0268e-05 -0.000172414 -0.000109127 -0.000163753 -0.000973659 -0.0033871 5.62087e-05 0.00106188 0.000185622 8.81614e-05 -0.00121891 0.00229299 0.0016 0.00142857
internal_weight=13627 5152 5040 4977 1063 155 3914 711 8475 397 201 314 250 196
internal_count=13627 5152 5040 4977 1063 155 3914 711 8475 397 201 314 250 196
cat_boundaries=0 2
cat_threshold=70255259 66583
is_linear=0
shrinkage=0.05


Tree=158
num_leaves=15
num_cat=6
split_feature=0 6 6 6 6 5 0 0 6 5 5 0 0 0
split_gain=0.194785 0.0764475 0.12009 0.0827259 0.13771 0.064253 0.556816 0.211002 0.211075 0.136809 0.109256 0.818078 0.134073 0.132626
threshold=0 2.2013955467436794 2.5947191574750361 1.7981909629808028 1.3225635810616778 1.5000000000000002 1 2 1.4647778729936263 4.5000000000000009 2.5000000000000004 3 4 5
decision_type=9 2 2 2 2 2 9 9 2 2 2 9 9 9
left_child=5 3 -3 4 -2 6 -1 -7 10 -10 11 -9 -13 -12
right_child=1 2 -4 -5 -6 7 -8 8 9 -11 13 12 -14 -15
leaf_value=-9.0745196993026518e-05 4.8735690940374847e-05 -0.0034375838995322123 0.003903424770807247 0.0035092329044544221 -0.0007584671689441553 -0.00032743039911898057 0.00038534122175044503 -0.0010551593840617819 0.0016548598972796276 0.010141491604310162 -4.4878932907947873e-05 0.00062415910727674499 -2.8011523858587589e-05 2.1224985405770493e-05
leaf_weight=900 7707 43 45 40 55 745 693 162 54 50 636 224 303 2020
leaf_count=900 7707 43 45 40 55 745 693 162 54 50 636 224 303 2020
internal_value=5.374e-05 0.00021519 -0.00125 0.000231992 0.000220304 -0.000166465 0.000103578 -0.000269432 -0.000102631 0.00211538 -0.000171898 -0.000732946 0.000251397 -2.63552e-05
internal_weight=13677 7890 88 7802 7762 5787 1593 4194 3449 104 3345 689 527 2656
internal_count=13677 7890 88 7802 7762 5787 1593 4194 3449 104 3345 689 527 2656
cat_boundaries=0 2 4 6 8 10 12
cat_threshold=1746010651 50760 1074921984 49672 134218267 1024 0 16448 1179648 8 537001984 32768
is_linear=0
shrinkage=0.05


Tree=159
num_leaves=15
num_cat=0
split_feature=6 5 3 6 3 3 2 4 5 4 4 3 3 4
split_gain=0.0856237 0.508378 0.33753 0.126971 0.122358 0.0698829 0.0651125 0.143203 0.120587 0.378584 0.427079 0.351976 0.220963 0.275163
threshold=2.0643809316102675 3.5000000000000004 12.000000000000002 1.5127994973200007 11.050000000000002 7.3500000000000005 29.450000000000003 0.82500000000000007 5.5000000000000009 20.883333333333336 18.225000000000005 9.2500000000000018 12.550000000000002 8.908333333333335
decision_type=2 2 2 2 2 2 2 2 2 2 2 2 2 2
left_child=3 2 -2 6 -5 -3 7 -1 -8 10 12 -12 13 -10
right_child=1 5 -4 4 -6 -7 8 -9 9 -11 11 -13 -14 -15
leaf_value=0.0019483521668770586 -0.00050650838456586355 0.015333150600288553 -0.001465237913587528 0.0064434830996555476 0.0014151722275791364 0.0036864371487801821 1.1582331723080337e-06 2.3432509088776288e-05 0.0006658794662431646 -0.0022459601734686392 -0.00048174555615853199 0.0051173609491777586 -0.00054688109663574469 -5.942149961727229e-05
leaf_weight=62 65 48 42 42 77 53 8823 2950 99 45 44 124 687 441
leaf_count=62 65 48 42 42 77 53 8823 2950 99 45 44 124 687 441
internal_value=-2.94056e-06 -0.00100962 -0.00341121 1.26924e-05 0.00163866 0.00153465 -1.88305e-06 0.000202523 -6.18726e-05 -0.000486111 -0.000340502 0.00202381 -0.000664221 9.25928e-05
internal_weight=13602 208 107 13394 119 101 13275 3012 10263 1440 1395 168 1227 540
internal_count=13602 208 107 13394 119 101 13275 3012 10263 1440 1395 168 1227 540
is_linear=0
shrinkage=0.05


Tree=160
num_leaves=15
num_cat=4
split_feature=0 4 4 5 0 4 4 5 4 4 6 0 4 0
split_gain=0.245671 0.50539 0.207565 0.131495 0.552684 0.509539 0.520627 0.24585 0.621156 0.591673 0.341746 0.297309 0.231645 0.179684
threshold=0 0.23333333333333336 0.23333333333333336 5.5000000000000009 1 6.6916666666666673 9.5750000000000011 2.5000000000000004 22.008333333333336 21.891666666666669 1.9979644026864869 2 15.375000000000002 3
decision_type=9 2 2 2 9 2 2 2 2 2 2 9 2 9
left_child=1 -1 -2 7 12 -6 -7 8 13 10 11 -9 -5 -3
right_child=2 3 -4 4 5 6 -8 9 -10 -11 -12 -13 -14 -15
leaf_value=-0.0005921207136617224 0.0003784763853117398 -0.00011772460529694299 1.9257569927133274e-05 0.001656203457561768 -0.0025116549297456007 0.0012937046022145162 -0.00023663689254011297 5.7985912848574868e-05 -0.00068302467871990771 0.00062864600889365313 0.0054691342661802997 -0.00042141418757951903 0.0012295827176101045 0.00019094294804971598
leaf_weight=55 71 759 7237 218 47 44 429 618 74 91 41 1985 139 1889
leaf_count=55 71 759 7237 218 47 44 429 618 74 91 41 1985 139 1889
internal_value=-1.09494e-06 -0.000227379 0.000196775 -0.000186296 0.000381984 -0.000660377 -0.000179704 -0.000277625 5.87805e-05 -0.000612431 -0.000748865 -0.000820207 0.00186649 0.000185045
internal_weight=13697 6389 7308 6334 877 520 473 5457 2722 2735 2644 2603 357 2648
internal_count=13697 6389 7308 6334 877 520 473 5457 2722 2735 2644 2603 357 2648
cat_boundaries=0 2 4 6 8
cat_threshold=540213914 535 65552 22 1049216 512 1245696 512
is_linear=0
shrinkage=0.05


Tree=161
num_leaves=15
num_cat=3
split_feature=0 4 4 4 0 5 5 4 4 2 5 0 4 4
split_gain=0.0882853 0.34226 0.611488 0.223399 0.189921 0.191223 0.170612 0.169577 0.167296 0.25001 0.149628 0.346709 0.271707 0.39671
threshold=0 19.075000000000003 18.625000000000004 0.23333333333333336 1 3.5000000000000004 1.5000000000000002 23.208333333333336 18.975000000000005 560.05000000000007 1.5000000000000002 2 2.0166666666666671 8.0083333333333346
decision_type=9 2 2 2 9 2 2 2 2 2 2 9 2 2
left_child=1 2 3 -1 5 -3 -6 10 9 -4 11 -2 -13 -14
right_child=7 4 8 -5 6 -7 -8 -9 -10 -11 -12 12 13 -15
leaf_value=-0.00041502265993762389 -0.00016934522298198596 0.0011364813746731599 -0.0043104690483048462 -4.0485910049665498e-05 0.00091953669712284815 0.0033482241960606598 -0.00023944480848071549 -0.00082488545130695614 -0.0023196969365760225 0.0011407791002527709 5.1429996433780483e-05 -0.0028349531370872941 0.001086120948048698 1.2139072802465984e-05
leaf_weight=47 530 147 79 5921 143 112 387 69 47 47 4743 40 129 1120
leaf_count=47 530 147 79 5921 143 112 387 69 47 47 4743 40 129 1120
internal_value=8.88579e-05 -3.60229e-05 -0.000162026 -7.70776e-05 0.000944233 0.00202602 0.000370371 0.000219094 -0.00309249 -0.00214286 0.000245352 -0.000140187 0.00030408 0.000436349
internal_weight=13561 6930 6141 5968 789 259 530 6631 173 126 6562 1819 1289 1249
internal_count=13561 6930 6141 5968 789 259 530 6631 173 126 6562 1819 1289 1249
cat_boundaries=0 2 4 6
cat_threshold=2149646867 101910 514 2052 67240064 136
is_linear=0
shrinkage=0.05


Tree=162
num_leaves=15
num_cat=3
split_feature=0 4 4 2 4 4 0 4 4 4 4 4 4 0
split_gain=0.254939 0.288119 0.480553 0.841961 0.479688 0.343155 0.246469 0.192556 0.187571 0.362524 0.331415 0.327904 0.278731 0.412659
threshold=0 14.008333333333335 14.375000000000002 267.85000000000008 14.775000000000002 15.091666666666669 1 23.375000000000004 11.341666666666669 11.208333333333334 11.591666666666669 11.808333333333335 12.591666666666669 2
decision_type=9 2 2 2 2 2 9 2 2 2 2 2 2 9
left_child=8 6 3 -3 -4 -6 -2 -7 9 -1 -10 -12 13 -13
right_child=1 2 4 -5 5 7 -8 -9 10 -11 11 12 -14 -15
leaf_value=-7.1977074394073806e-05 0.001614128799555922 0.00097974536819400867 0.0023091106603340679 -0.0033027719638293465 -0.0012207264860638108 2.636977010593802e-06 0.00012428684307338238 0.0012670319071561625 0.0024124860447461158 -0.0037204142557444053 -0.00074374797840335574 0.0010798344316682792 -1.2895699922132218e-05 4.0846076824752053e-06
leaf_weight=2041 391 76 157 55 173 3317 3122 52 67 45 79 126 3749 185
leaf_count=2041 391 76 157 55 173 3317 3122 52 67 45 79 126 3749 185
internal_value=6.05062e-05 0.000260438 -3.91643e-05 -0.00301527 6.62343e-05 -5.36418e-05 0.000587817 5.78809e-05 -0.000172961 -0.000560882 1.90206e-05 -3.74485e-05 2.46307e-05 0.00146302
internal_weight=13635 7343 3830 131 3699 3542 3513 3369 6292 2086 4206 4139 4060 311
internal_count=13635 7343 3830 131 3699 3542 3513 3369 6292 2086 4206 4139 4060 311
cat_boundaries=0 2 4 6
cat_threshold=1814119042 19478 132104 65537 536870912 1044
is_linear=0
shrinkage=0.05


Tree=163
num_leaves=15
num_cat=6
split_feature=5 0 0 4 0 4 5 0 0 4 0 4 4 4
split_gain=0.203698 0.753874 0.292759 0.311904 0.225704 0.241737 0.214123 0.470957 0.298636 0.203709 0.617693 0.355118 0.269304 0.397899
threshold=1.0000000180025095e-35 0 1 22.741666666666671 2 17.991666666666671 1.5000000000000002 3 4 6.1250000000000009 5 4.8750000000000009 16.475000000000005 16.975000000000005
decision_type=2 9 9 2 9 2 2 9 9 2 9 2 2 2
left_child=1 4 3 -2 -1 -6 7 -4 -8 10 -10 -12 -11 -14
right_child=2 -3 6 -5 5 -7 8 -9 9 12 11 -13 13 -15
leaf_value=3.6676314313904249e-05 -5.6915211251068369e-05 -0.0003931878157327952 -0.00032825857958724701 0.0007532760088754596 0.0034804404937380713 0.00018820501365712653 0.00018257232470063152 0.00032100061790341832 -0.0010611458153904883 9.2038238349310926e-05 0.00065124675421922578 -0.0021968813041436087 -0.0014287230813606749 -4.748508651381404e-05
leaf_weight=644 5356 1039 248 77 81 106 1379 744 150 2260 208 40 108 1106
leaf_count=644 5356 1039 248 77 81 106 1379 744 150 2260 208 40 108 1106
internal_value=8.34196e-05 -0.000401069 0.000161014 -0.000107477 0.000719382 0.00220812 0.000394211 0.00106855 0.000267568 4.12161e-05 -0.00103015 0.000542636 0.000164076 -0.000436573
internal_weight=13546 1870 11676 5433 831 187 6243 992 5251 3872 398 248 3474 1214
internal_count=13546 1870 11676 5433 831 187 6243 992 5251 3872 398 248 3474 1214
cat_boundaries=0 2 4 6 8 10 12
cat_threshold=2820670979 99342 606144130 99501 2684354560 33806 1179649 2048 1074790401 2048 134217728 514
is_linear=0
shrinkage=0.05


Tree=164
num_leaves=15
num_cat=4
split_feature=0 4 6 5 0 5 4 0 4 4 4 5 0 4
split_gain=0.183391 0.285214 0.170569 0.167539 0.19529 0.209089 0.124023 0.0945395 0.2169 0.63336 0.257417 0.108641 0.389563 0.329233
threshold=0 19.708333333333336 2.6746039791475802 2.5000000000000004 1 1.5000000000000002 11.808333333333335 2 20.225000000000005 21.491666666666671 19.908333333333335 2.5000000000000004 3 22.908333333333335
decision_type=9 2 2 2 9 2 2 9 2 2 2 2 9 2
left_child=1 3 7 4 6 -6 -1 8 10 -10 -2 12 -9 -13
right_child=2 -3 -4 -5 5 -7 -8 11 9 -11 -12 13 -14 -15
leaf_value=-0.0037258060359482074 3.8610257315679301e-05 0.00018201440124972229 0.0047675876529924919 -0.00017776166910777832 -1.9877258030593358e-05 -0.00050983083157435383 0.00039145158584940985 0.00024273210689843111 -0.0027396349546185525 4.8405097926013593e-05 0.00070079811036705174 6.2895005623852609e-06 -0.00016576573350428954 0.00073057771330853902
leaf_weight=71 3075 76 49 707 114 62 299 1436 55 105 48 5038 2378 83
leaf_count=71 3075 76 49 707 114 62 299 1436 55 105 48 5038 2378 83
internal_value=-4.56015e-05 -0.000601195 1.5069e-05 -0.000786113 -0.000128205 -0.00145161 0.000526316 3.27404e-06 0.000232311 -0.0015625 0.000325008 -8.10507e-05 -0.000283167 6.93226e-05
internal_weight=13596 1329 12267 1253 546 176 370 12218 3283 160 3123 8935 3814 5121
internal_count=13596 1329 12267 1253 546 176 370 12218 3283 160 3123 8935 3814 5121
cat_boundaries=0 2 3 5 7
cat_threshold=69271579 81920 2162713 1074807936 145 134217728 1062
is_linear=0
shrinkage=0.05


Tree=165
num_leaves=15
num_cat=3
split_feature=0 6 2 6 4 4 2 3 4 4 4 0 4 0
split_gain=0.255872 0.503345 0.229044 0.22197 0.212624 0.180016 0.332184 0.249474 0.150972 0.247122 0.310142 0.276445 0.193858 0.209588
threshold=0 1.7215724797947727 518.00000000000011 1.6160276926508292 1.2750000000000001 3.058333333333334 29.450000000000003 12.550000000000002 4.0083333333333337 2.1583333333333337 1.2750000000000001 1 6.6916666666666673 2
decision_type=9 2 2 2 2 2 2 2 2 2 2 9 2 9
left_child=1 8 -3 4 -2 6 -6 -8 9 10 -1 -11 13 -10
right_child=3 2 -4 -5 5 -7 7 -9 12 11 -12 -13 -14 -15
leaf_value=-0.00070185212580869147 0.00083483965995268666 -0.0036499549516232654 -0.0012096781835509646 0.0038493165539263685 -0.0013156804112976772 2.0637221337269845e-05 0.00037992886483108882 -0.0009966825254212519 0.0023823913923186487 -0.0030012305259775776 0.00051763614744447409 3.2088951955265106e-05 -6.6969023519188023e-05 -0.00017213027810607343
leaf_weight=204 114 62 50 183 58 6133 47 40 121 109 107 122 6100 125
leaf_count=204 114 62 50 183 58 6133 47 40 121 109 107 122 6100 125
internal_value=5.34072e-05 -0.000156918 -0.00348214 0.000277145 0.000228411 0.000189551 -0.00155172 0.000402299 -0.000103078 -0.000904059 1.60774e-05 -0.00214286 -3.46673e-05 0.00134146
internal_weight=13575 7000 112 6575 6392 6278 145 87 6888 542 311 231 6346 246
internal_count=13575 7000 112 6575 6392 6278 145 87 6888 542 311 231 6346 246
cat_boundaries=0 2 4 6
cat_threshold=70255259 68262 1048576 2592 68157440 164
is_linear=0
shrinkage=0.05


Tree=166
num_leaves=15
num_cat=8
split_feature=0 6 6 5 0 5 0 0 0 5 0 0 0 5
split_gain=0.135182 0.280395 0.193726 0.118207 0.232225 0.243294 0.229623 0.229393 0.195044 0.178761 0.339394 0.20782 0.136063 0.128178
threshold=0 2.5708020820541093 2.1641160589318189 3.5000000000000004 1 1.5000000000000002 2 3 4 1.0000000180025095e-35 5 6 7 5.5000000000000009
decision_type=9 2 2 2 9 2 9 9 9 2 9 9 9 2
left_child=2 -2 3 4 -1 8 -5 -7 -6 11 -11 -10 -8 -14
right_child=1 -3 -4 6 5 7 12 -9 9 10 -12 -13 13 -15
leaf_value=5.9139855658075959e-05 1.505605010760198e-05 0.0068061421762068489 -0.0013862056243534272 -0.00026018419555964904 -0.00015814093239753321 -0.00014143493487195355 1.1472935194834882e-05 0.00028778465740158772 0.0013741025323676906 0.00021006792364717535 -0.0018148865740552267 -0.00022088502257990039 -0.00066836034177180444 0.00012527999967305509
leaf_weight=390 7789 63 55 277 369 198 691 1258 220 330 221 301 1004 462
leaf_count=390 7789 63 55 277 369 198 691 1258 220 330 221 301 1004 462
internal_value=-4.47606e-05 9.0308e-05 -0.000228137 -0.00020014 -4.56325e-06 -0.000159959 -0.000464256 0.00029533 -0.000621096 -0.000268022 -0.000898366 0.000393474 -0.000283802 -0.000555555
internal_weight=13628 7852 5776 5721 3287 2897 2434 1456 1441 1072 551 521 2157 1466
internal_count=13628 7852 5776 5721 3287 2897 2434 1456 1441 1072 551 521 2157 1466
cat_boundaries=0 2 4 6 8 10 12 14 16
cat_threshold=1142964363 68623 16394 1024 16394 1024 67108864 65537 1140850816 2048 0 7 2097153 65544 1140850689 67584
is_linear=0
shrinkage=0.05


Tree=167
num_leaves=15
num_cat=3
split_feature=0 5 0 0 4 4 4 4 4 4 4 4 4 4
split_gain=0.281048 0.218317 0.378558 0.255337 0.506351 0.479546 0.353505 0.495053 0.367084 0.274287 0.232901 0.365672 0.241969 0.263484
threshold=0 2.5000000000000004 1 2 11.075000000000001 9.7083333333333339 16.975000000000005 20.525000000000002 18.508333333333336 5.0750000000000002 12.925000000000002 14.575000000000001 10.575000000000001 8.0083333333333346
decision_type=9 2 9 9 2 2 2 2 2 2 2 2 2 2
left_child=1 2 10 4 5 9 -6 8 -8 -3 12 -12 13 -1
right_child=-2 3 -4 -5 6 -7 7 -9 -10 -11 11 -13 -14 -15
leaf_value=0.0017835787432632002 1.9701602062611266e-05 -0.0011816680756851048 -0.00074260357851183229 5.7859299103745599e-05 0.0013495759444317192 -0.0022548781296142712 -0.0016535187527996773 0.0024608888858438757 -0.0027893088824325375 0.0011897538592817486 -0.0010257682489079524 3.2728623763787755e-05 0.0006352171657883713 -0.0001705707435437304
leaf_weight=80 8357 64 1336 2102 249 71 315 46 65 73 67 536 92 121
leaf_count=80 8357 64 1336 2102 249 71 315 46 65 73 67 536 92 121
internal_value=-5.00956e-05 -0.00033767 -0.000712365 -5.86263e-05 -0.000767077 -0.00293269 -0.000111111 -0.000985915 -0.00157895 -0.00120438 8.83004e-05 -0.000472637 0.00124573 0.000273632
internal_weight=13574 5217 2232 2985 883 208 675 426 380 137 896 603 293 201
internal_count=13574 5217 2232 2985 883 208 675 426 380 137 896 603 293 201
cat_boundaries=0 2 4 6
cat_threshold=3290497682 100866 1075904530 2 2097170 2
is_linear=0
shrinkage=0.05


Tree=168
num_leaves=15
num_cat=4
split_feature=0 4 4 4 4 4 4 0 5 4 5 0 0 4
split_gain=0.153131 0.271707 0.62269 0.211153 0.205514 0.190435 0.371902 0.484293 0.434344 0.287642 0.286744 0.45948 0.408453 0.341527
threshold=0 20.625000000000004 20.008333333333336 19.908333333333335 21.683333333333337 15.741666666666669 12.591666666666669 1 1.0000000180025095e-35 13.808333333333335 1.5000000000000002 2 3 4.2750000000000012
decision_type=9 2 2 2 2 2 2 9 2 2 2 9 9 2
left_child=5 2 3 -2 -3 6 10 9 -9 -8 11 -1 13 -12
right_child=1 4 -4 -5 -6 -7 7 8 -10 -11 12 -13 -14 -15
leaf_value=0.00030882907918498164 -1.0770333478928506e-05 0.00097563748044671617 -0.0018977338350529495 0.00091173558323814354 3.9444042553042575e-05 0.00020973066456059366 -5.190231330570454e-05 0.00023835835908745393 -0.00069033580192799713 0.00093857514811035404 0.0032806315513167084 -0.00016128349341364509 0.00014099991522566755 -0.00039177257505568284
leaf_weight=118 7638 166 79 53 269 2042 40 131 779 88 42 525 1482 154
leaf_count=118 7638 166 79 53 269 2042 40 131 779 88 42 525 1482 154
internal_value=0.00012715 -9.12945e-06 -7.72199e-05 -3.18552e-05 0.0012069 0.00033358 0.000102709 -0.000684008 -0.00108696 0.00210145 0.000454546 -0.000443235 0.00079857 -0.00131068
internal_weight=13606 8205 7770 7691 435 5401 3359 1038 910 128 2321 643 1678 196
internal_count=13606 8205 7770 7691 435 5401 3359 1038 910 128 2321 643 1678 196
cat_boundaries=0 2 3 4 6
cat_threshold=671302785 51340 134283265 671088640 134283392 32768
is_linear=0
shrinkage=0.05


Tree=169
num_leaves=15
num_cat=4
split_feature=0 4 4 5 4 0 4 0 7 4 2 4 4 0
split_gain=0.224319 0.255794 0.598463 0.202769 0.133363 0.390421 0.290925 0.255599 0.192149 0.1805 0.341306 0.220885 0.316519 0.41812
threshold=0 11.975000000000001 7.5750000000000002 3.5000000000000004 12.525000000000002 1 11.125000000000002 2 1.0000000180025095e-35 10.875000000000002 576.55000000000007 8.5750000000000011 9.7083333333333339 3
decision_type=9 2 2 2 2 9 2 9 2 2 2 2 2 9
left_child=1 2 3 -1 5 6 9 -6 -8 11 -11 -2 13 -13
right_child=4 -3 -4 -5 7 -7 8 -9 -10 10 -12 12 -14 -15
leaf_value=0.0018052550275447351 -0.00033388134644389675 -0.00022743501070346275 -0.00076488148113379884 -0.0016987220145402073 0.00011885623882540932 0.00022473687300744824 0.00080745468795992122 -6.6421873568503077e-05 -4.4982859429313981e-05 -0.00011143889151372273 0.0028228300914400783 -0.0001052415372001847 -0.00016930356349353174 0.0005053172026711981
leaf_weight=72 942 720 79 53 607 2618 383 7104 69 102 52 106 456 315
leaf_count=72 942 720 79 53 607 2618 383 7104 69 102 52 106 456 315
internal_value=-3.36305e-05 -0.000781584 -0.00235294 -0.0002 2.11534e-05 0.000221099 -0.000236139 -0.000109584 0.00090708 -0.00049924 -0.00214286 -0.000360088 0.000210947 0.00119953
internal_weight=13678 924 204 125 12754 5043 2425 7711 452 1973 154 1819 877 421
internal_count=13678 924 204 125 12754 5043 2425 7711 452 1973 154 1819 877 421
cat_boundaries=0 1 3 5 7
cat_threshold=69206682 1209090049 16967 134299649 1 1208025088 1
is_linear=0
shrinkage=0.05


Tree=170
num_leaves=15
num_cat=3
split_feature=6 0 6 0 4 4 4 5 4 4 3 0 4 4
split_gain=0.288662 0.2411 0.216043 0.17799 0.230967 0.312797 0.17342 0.305858 0.638582 0.321115 0.547304 0.298348 0.289133 0.904914
threshold=2.6746039791475802 0 1.4599319601943472 1 11.975000000000001 9.9916666666666689 17.758333333333336 1.0000000180025095e-35 7.2833333333333341 17.208333333333336 9.2500000000000018 2 9.7750000000000021 10.508333333333335
decision_type=2 9 2 9 2 2 2 2 2 2 2 9 2 2
left_child=1 2 -1 4 5 -3 7 8 -5 -9 -11 -8 -10 -14
right_child=-2 3 -4 6 -6 -7 11 9 12 10 -12 -13 13 -15
leaf_value=3.2545494455097127e-05 0.0039165055228586347 0.00014438947944376643 0.0021424331527815786 -0.0031803606835820266 -7.5102079154261718e-05 -0.00074424243900070731 -1.3488781743652986e-05 1.3531720261818608e-05 0.0019870702382479405 -0.001551922347918067 0.001615511686304605 0.00026061380658377891 -0.0030065251782377869 -9.2969841394389136e-05
leaf_weight=5068 64 53 104 102 329 44 1672 4562 120 127 98 719 42 504
leaf_count=5068 64 53 104 102 329 44 1672 4562 120 127 98 719 42 504
internal_value=8.74487e-05 7.16186e-05 0.000339637 -9.42494e-05 -0.00107798 -0.00324742 -4.0221e-05 -0.000193519 -0.00111979 -4.49131e-05 -0.00188889 0.000315768 -0.000555555 -0.00104396
internal_weight=13608 13544 5172 8372 426 97 7946 5555 768 4787 225 2391 666 546
internal_count=13608 13544 5172 8372 426 97 7946 5555 768 4787 225 2391 666 546
cat_boundaries=0 2 3 5
cat_threshold=671171585 116235 131714 3145744 240
is_linear=0
shrinkage=0.05


Tree=171
num_leaves=15
num_cat=3
split_feature=0 6 5 6 2 5 4 4 4 0 4 4 0 4
split_gain=0.12824 0.316397 0.514034 0.241816 0.253661 0.239988 0.373731 0.538823 0.275818 0.277079 0.275352 0.486542 0.250455 0.262218
threshold=0 1.9382400940955269 2.5000000000000004 1.3225635810616778 29.450000000000003 1.5000000000000002 9.5083333333333346 8.8416666666666686 9.8416666666666686 1 12.725000000000001 13.29166666666667 2 21.891666666666669
decision_type=9 2 2 2 2 2 2 2 2 9 2 2 9 2
left_child=3 -2 -3 5 -5 10 7 -7 -8 -10 -1 -12 13 -13
right_child=1 2 -4 4 -6 6 8 -9 9 -11 11 12 -14 -15
leaf_value=0.00025797517691551731 -1.5130035385756934e-06 -0.00383419822941073 0.0030088576297097255 0.00085011655229413658 0.0099838305944229318 -7.9162931362184341e-06 0.0029959498177542297 -0.00079394882756212565 -1.1221595110973692e-05 0.00050518882719446294 -0.00077377266417105262 0.00036749496956792123 -0.00031287687425656749 -0.0004956121302010202
leaf_weight=463 9132 66 68 99 74 550 49 135 1756 572 46 356 254 40
leaf_count=463 9132 66 68 99 74 550 49 135 1756 572 46 356 254 40
internal_value=5.4905e-05 -5.06682e-05 -0.00246269 0.000277021 0.00210983 0.000202559 -2.93924e-05 -0.00105839 0.000267144 0.000189004 0.000815358 0.000186782 0.000538462 0.00130542
internal_weight=13660 9266 134 4394 173 4221 3062 685 2377 2328 1159 696 650 396
internal_count=13660 9266 134 4394 173 4221 3062 685 2377 2328 1159 696 650 396
cat_boundaries=0 2 4 6
cat_threshold=671302656 98385 536887296 65617 671105024 80
is_linear=0
shrinkage=0.05


Tree=172
num_leaves=15
num_cat=6
split_feature=0 6 5 0 6 5 0 6 3 0 5 0 0 5
split_gain=0.180867 0.10531 0.142256 0.0697596 0.0921373 0.0607819 0.184364 0.154603 0.285729 0.111012 0.326071 0.213011 0.0949763 0.158446
threshold=0 1.3766220136373084 3.5000000000000004 1 1.6160276926508292 4.5000000000000009 2 1.7215724797947727 12.550000000000002 3 2.5000000000000004 4 5 1.0000000180025095e-35
decision_type=9 2 2 9 2 2 9 2 2 9 2 9 9 2
left_child=1 -1 -3 4 -2 7 -7 9 -9 10 12 -12 -5 -14
right_child=3 2 -4 5 -6 6 -8 8 -10 -11 11 -13 13 -15
leaf_value=-2.5219252349992533e-05 4.4487963419500491e-05 0.0080350089073970028 -0.00035349222701545543 -0.00029603254243108426 0.0019909550505795462 0.00070822148125288312 -1.2967171849179601e-05 0.0033139645587357061 -0.0034341759089400537 0.00011040969565445255 0.0012590811921616113 -0.00051451869022535782 -8.7572599195889149e-05 0.00054795539582438285
leaf_weight=4063 1204 54 44 403 45 1029 1229 56 46 3201 282 794 391 726
leaf_count=4063 1204 54 44 403 45 1029 1229 56 46 3201 282 794 391 726
internal_value=8.36591e-05 -0.000190602 0.00142857 0.00020497 0.000552026 0.000151219 0.000372011 6.69607e-05 -0.00186274 0.000100914 -0.00014198 -0.00080855 0.000328948 0.000563443
internal_weight=13567 4161 98 9406 1249 8157 2258 5899 102 5797 2596 1076 1520 1117
internal_count=13567 4161 98 9406 1249 8157 2258 5899 102 5797 2596 1076 1520 1117
cat_boundaries=0 2 4 6 8 10 12
cat_threshold=3288416410 33924 671090177 16384 1179648 67632 1179648 66096 0 66048 0 66048
is_linear=0
shrinkage=0.05


Tree=173
num_leaves=15
num_cat=0
split_feature=4 5 2 4 6 4 4 4 5 2 4 2 4 2
split_gain=0.164199 0.174316 0.35303 0.268374 0.123673 0.079765 0.435085 0.308125 0.289392 0.166739 0.178228 0.334353 0.214033 0.15004
threshold=22.575000000000003 2.5000000000000004 576.55000000000007 23.375000000000004 2.6746039791475802 8.1916666666666682 8.0083333333333346 8.2583333333333346 2.5000000000000004 1544.7500000000002 6.9750000000000005 29.450000000000003 6.6916666666666673 1382.5000000000002
decision_type=2 2 2 2 2 2 2 2 2 2 2 2 2 2
left_child=4 3 -3 -2 5 6 9 -7 -8 10 12 -12 13 -1
right_child=1 2 -4 -5 -6 7 8 -9 -10 -11 11 -13 -14 -15
leaf_value=-7.4385219320359183e-05 -0.00070082241136790559 0.00063804555553229969 -0.00021395714294557665 0.001100883253453521 0.0037721291430245531 0.0032928340303890915 -0.0020081065163877359 1.179452703394724e-05 -1.772586975183708e-05 0.0017704274716329441 0.002505674514008419 0.00019480652397728501 -0.0021220063404698655 0.0014212262439151351
leaf_weight=1216 71 87 40 60 57 50 68 11452 70 86 45 176 53 136
leaf_count=1216 71 87 40 60 57 50 68 11452 70 86 45 176 53 136
internal_value=6.84132e-05 0.00131783 0.0026378 3.81681e-05 4.43734e-05 3.4452e-05 -0.00027027 8.34639e-05 -0.00297101 -5.25699e-05 -0.000166051 0.00115385 -0.000373665 -0.000251479
internal_weight=13667 258 127 131 13409 13352 1850 11502 138 1712 1626 221 1405 1352
internal_count=13667 258 127 131 13409 13352 1850 11502 138 1712 1626 221 1405 1352
is_linear=0
shrinkage=0.05


Tree=174
num_leaves=15
num_cat=4
split_feature=0 6 4 0 4 5 6 5 4 5 4 0 0 4
split_gain=0.246489 0.20452 0.146669 0.304874 0.376783 0.349654 0.267237 0.533189 0.190191 0.176393 0.360019 0.70768 0.612395 0.357724
threshold=0 2.6746039791475802 19.591666666666672 1 23.208333333333336 5.5000000000000009 2.1641160589318189 3.5000000000000004 19.758333333333336 1.0000000180025095e-35 16.425000000000004 2 3 4.0083333333333337
decision_type=9 2 2 9 2 2 2 2 2 2 2 9 9 2
left_child=-1 2 6 4 5 -4 9 -8 -5 10 11 -2 -12 -13
right_child=1 -3 3 8 -6 -7 7 -9 -10 -11 12 13 -14 -15
leaf_value=-0.00012054569559723894 -0.00095057293949022304 0.0030724918347364719 0.00042629486944241197 0.0019682699070053557 -0.0018484693568319892 -0.0032341461446599878 -0.005092947046349946 0.012315217467073205 0.00017702659734212276 4.5462790552309067e-05 0.0023620164815490838 0.0016801813928436664 -6.9611555557750406e-05 8.4792545799405868e-06
leaf_weight=1089 602 55 363 95 54 52 43 41 589 9734 220 41 241 451
leaf_count=1089 602 55 363 95 54 52 43 41 589 9734 220 41 241 451
internal_value=7.68107e-05 0.000139385 0.000126138 0.000663487 -0.000323591 0.000180723 7.16611e-05 -0.00273809 0.00132565 9.25682e-05 -0.000401929 -0.000895795 0.000770065 0.000517928
internal_weight=13670 12581 12526 1153 469 415 11373 84 684 11289 1555 1094 461 492
internal_count=13670 12581 12526 1153 469 415 11373 84 684 11289 1555 1094 461 492
cat_boundaries=0 2 4 6 8
cat_threshold=67109531 114688 2283930624 3232 2148532224 2620 2147483648 2622
is_linear=0
shrinkage=0.05


Tree=175
num_leaves=15
num_cat=6
split_feature=0 5 0 6 2 5 0 0 2 0 5 0 6 5
split_gain=0.194059 0.175182 0.10915 0.195696 0.0896856 0.0746214 0.341628 0.0473741 0.0725208 0.0411227 0.18184 0.237952 0.220486 0.143717
threshold=0 4.5000000000000009 1 1.957231865133048 102.90000000000002 1.0000000180025095e-35 2 3 417.30000000000007 4 1.5000000000000002 5 1.3225635810616778 1.5000000000000002
decision_type=9 2 9 2 2 2 9 9 2 9 2 9 2 2
left_child=1 4 3 -2 -1 6 -4 -8 -9 13 11 -11 -12 -7
right_child=2 -3 5 -5 -6 9 7 8 -10 10 12 -13 -14 -15
leaf_value=2.5787804433219624e-05 -5.4375023676740297e-05 -1.1449292505845451e-05 -0.00048263270143655818 -0.0015490017777490892 0.0021462991956024929 -0.00027960056324964134 -4.8284050177840968e-05 0.00086167565306896762 0.0026723841084272427 0.00057904620322397763 -1.0731303719022662e-05 -9.1901710780663507e-05 0.0044376345380452943 4.5962418319629639e-05
leaf_weight=387 3575 160 590 54 72 501 293 367 43 500 4286 354 133 2341
leaf_count=387 3575 160 590 54 72 501 293 367 43 500 4286 354 133 2341
internal_value=-7.10309e-05 0.000786964 -0.000112286 -0.000344875 0.0012963 -2.22975e-05 -0.000375096 0.000371669 0.000714286 3.3888e-05 0.000116411 0.000784543 -1.24461e-05 -0.000119214
internal_weight=13656 619 13037 3629 459 9408 1293 703 410 8115 5273 854 4419 2842
internal_count=13656 619 13037 3629 459 9408 1293 703 410 8115 5273 854 4419 2842
cat_boundaries=0 1 3 5 7 9 11
cat_threshold=1073759360 2216755739 116224 538050560 2096 0 133 135266304 140 536870912 112
is_linear=0
shrinkage=0.05


Tree=176
num_leaves=15
num_cat=2
split_feature=0 4 4 4 5 5 4 6 5 2 6 0 4 2
split_gain=0.147141 0.392534 0.405276 0.285371 0.275575 0.18444 0.161619 0.099849 0.277351 0.239609 0.125845 0.0912214 0.143174 0.269025
threshold=0 13.075000000000001 10.441666666666668 8.7250000000000014 3.5000000000000004 3.5000000000000004 15.191666666666668 1.6027557735239222 2.5000000000000004 518.00000000000011 1.3225635810616778 1 1.7500000000000002 1382.5000000000002
decision_type=9 2 2 2 2 2 2 2 2 2 2 9 2 2
left_child=1 2 3 5 6 -1 -3 10 9 -9 11 12 13 -2
right_child=7 4 -4 -5 -6 -7 -8 8 -10 -11 -12 -13 -14 -15
leaf_value=-7.1853102217456617e-05 0.00011307637531554028 0.00093379095828077872 -0.000618754192706158 0.0054052359708728539 0.002226660168343659 -0.00092883814382578556 -0.000494578115534684 0.00042228508045001335 0.0044990476502096846 -0.0014791678902962267 -0.00087768882001199641 -2.1019610131388537e-05 1.2940105301310018e-05 0.0030468076823560019
leaf_weight=62 148 43 84 53 89 40 75 71 188 45 70 7906 4760 62
leaf_count=62 148 43 84 53 89 40 75 71 188 45 70 7906 4760 62
internal_value=-3.79671e-05 -0.000921052 -0.00232218 -0.000806451 0.000652174 -0.00235294 -0.000932203 -7.54129e-06 0.000888158 -0.00103448 -2.85801e-05 -1.70859e-05 0.000150603 0.00142857
internal_weight=13696 446 239 155 207 102 118 13250 304 116 12946 12876 4970 210
internal_count=13696 446 239 155 207 102 118 13250 304 116 12946 12876 4970 210
cat_boundaries=0 1 3
cat_threshold=67175056 1074791435 2146
is_linear=0
shrinkage=0.05


Tree=177
num_leaves=15
num_cat=4
split_feature=0 4 4 4 4 4 0 4 4 5 0 2 0 5
split_gain=0.251003 0.23374 0.189492 0.469618 0.371249 0.376557 0.282004 0.239368 0.236428 0.198124 0.345073 0.324371 0.194782 0.341655
threshold=0 22.908333333333335 15.191666666666668 15.991666666666669 10.141666666666667 9.7083333333333339 1 9.0083333333333346 17.991666666666671 1.0000000180025095e-35 2 643.9000000000002 3 1.0000000180025095e-35
decision_type=9 2 2 2 2 2 9 2 2 2 9 2 9 2
left_child=1 2 4 -4 5 7 8 12 -5 10 -8 -12 13 -1
right_child=-2 -3 3 6 -6 -7 9 -9 -10 -11 11 -13 -14 -15
leaf_value=-0.0023721942658089983 1.3206356174452809e-05 0.00091483207296773588 -0.0021841476162315489 -5.3132551369711178e-05 0.0004067577882839186 -0.0010895031275647551 0.0010068561429035006 0.0030019786718681694 -0.0024448569612235374 -0.00037891281150281299 0.0013109344581242301 -0.0024500027160310233 0.0002318395956524814 -0.00017944381540370129
leaf_weight=74 8857 51 149 56 1285 141 160 132 78 1858 110 41 251 391
leaf_count=74 8857 51 149 56 1285 141 160 132 78 1858 110 41 251 391
internal_value=-3.52059e-05 -0.000326927 -0.000363944 -0.000668842 -3.51801e-05 -0.000763397 -0.000492835 -0.000365566 -0.00263889 -0.000346489 0.000819936 -0.000900621 -0.000726257 -0.00131579
internal_weight=13634 4777 4726 2452 2274 989 2303 848 134 2169 311 151 716 465
internal_count=13634 4777 4726 2452 2274 989 2303 848 134 2169 311 151 716 465
cat_boundaries=0 2 4 6 8
cat_threshold=70321282 99860 1026 65536 2097152 33796 68222976 1044
is_linear=0
shrinkage=0.05


Tree=178
num_leaves=15
num_cat=1
split_feature=0 4 4 2 2 4 4 4 4 4 4 2 4 4
split_gain=0.276608 0.201348 0.179023 0.240571 0.167712 0.157835 0.149599 0.1397 0.349274 0.240744 0.422897 0.20906 0.118082 0.343789
threshold=0 23.208333333333336 22.166666666666668 29.450000000000003 67.300000000000026 0.67500000000000016 1.2750000000000001 21.008333333333336 20.775000000000002 20.225000000000005 20.525000000000002 128.05000000000004 9.7083333333333339 9.908333333333335
decision_type=9 2 2 2 2 2 2 2 2 2 2 2 2 2
left_child=5 2 7 -4 -3 -1 -7 8 9 -2 -11 -9 -8 -14
right_child=1 4 3 -5 -6 6 12 11 -10 10 -12 -13 13 -15
leaf_value=0.0010908250903926707 2.4099963918504159e-05 0.00053433915381794362 -3.8938757078751062e-05 0.0004499811170197252 -0.0020055720513901475 -0.0023454807219503051 6.1344806087127346e-05 -0.0005432655850635997 0.0013388920058559366 -0.0029189148540312466 0.00014222206463951028 0.00015316103220525617 -0.0019831847526886001 -8.5601241858144971e-05
leaf_weight=56 8028 40 40 93 42 57 896 80 56 40 47 78 53 3996
leaf_count=56 8028 40 40 93 42 57 896 80 56 40 47 78 53 3996
internal_value=-2.49961e-05 0.000148469 0.000172536 0.00199248 -0.00231707 -0.000317679 -0.000347861 0.000143475 0.00017195 0.000144794 -0.00247126 -0.00132911 -0.000318503 -0.00043344
internal_weight=13602 8544 8462 133 82 5058 5002 8329 8171 8115 87 158 4945 4049
internal_count=13602 8544 8462 133 82 5058 5002 8329 8171 8115 87 158 4945 4049
cat_boundaries=0 2
cat_threshold=2149794450 3204
is_linear=0
shrinkage=0.05


Tree=179
num_leaves=15
num_cat=3
split_feature=0 4 4 4 5 0 6 4 4 4 0 5 4 4
split_gain=0.179707 0.249164 0.425979 0.286012 0.218395 0.378352 0.321566 0.254311 0.416793 0.294156 0.325527 0.372282 0.460203 0.262651
threshold=0 20.525000000000002 19.358333333333338 21.008333333333336 1.5000000000000002 1 1.6027557735239222 11.525000000000002 11.658333333333335 11.341666666666669 2 2.5000000000000004 10.075000000000001 2.0166666666666671
decision_type=9 2 2 2 2 9 2 2 2 2 9 2 2 2
left_child=1 2 -1 -3 5 -2 7 9 -9 10 13 12 -12 -6
right_child=4 3 -4 -5 6 -7 -8 8 -10 -11 11 -13 -14 -15
leaf_value=-7.7151079838183747e-05 -2.0949554943446236e-05 -0.0014679310085775163 0.002140117044506569 -7.676748241712844e-05 0.00045592487096119251 0.00023028107492235579 0.0044997760960203206 0.0018257290732040432 9.1581584555461588e-06 -0.00076095439009958414 -6.143390218094391e-06 0.00017911871921739959 -0.0027352669409083652 -0.00044639367517443265
leaf_weight=3418 1174 48 179 112 141 1566 174 63 4500 62 158 844 45 1098
leaf_count=3418 1174 48 179 112 141 1566 174 63 4500 62 158 844 45 1098
internal_value=3.75499e-05 -0.000256172 -0.000170976 -0.0021875 0.000149975 0.000529197 3.52877e-06 -4.99202e-05 0.000167653 -0.000472743 -0.000380577 0.000269631 -0.00165025 -0.00092474
internal_weight=13582 3757 3597 160 9825 2740 7085 6911 4563 2348 2286 1047 203 1239
internal_count=13582 3757 3597 160 9825 2740 7085 6911 4563 2348 2286 1047 203 1239
cat_boundaries=0 2 4 6
cat_threshold=69272200 3204 3222405121 115208 135282690 33331
is_linear=0
shrinkage=0.05


Tree=180
num_leaves=15
num_cat=3
split_feature=0 6 4 6 5 6 6 0 4 4 0 4 4 4
split_gain=0.334483 0.238472 0.217818 0.571236 0.19224 0.135851 0.254913 0.128953 0.135292 0.105326 0.0992587 0.287726 0.40381 0.333892
threshold=0 2.5708020820541093 18.391666666666669 1.957231865133048 1.0000000180025095e-35 2.1641160589318189 1.7513494864480113 1 10.208333333333334 20.008333333333336 2 19.875000000000004 21.491666666666671 18.275000000000002
decision_type=9 2 2 2 2 2 2 9 2 2 9 2 2 2
left_child=2 5 3 7 9 6 10 8 -1 -4 11 13 -13 -2
right_child=1 -3 4 -5 -6 -7 -8 -9 -10 -11 -12 12 -14 -15
leaf_value=0.00072543873132989217 4.4815182549628751e-05 0.0034245427311158567 0.00067521554876308755 -0.0021034346055161519 0.0002103889226532047 -0.0022974361231302008 0.002252372319364497 -7.2976975315911123e-05 -0.00075165762998148536 -0.00043864730585903614 1.5189504706461323e-05 -0.0022397753998812425 0.00020814463197410933 0.0019002453272931432
leaf_weight=59 1654 60 49 51 551 63 77 2923 92 41 7665 69 64 204
leaf_count=59 1654 60 49 51 551 63 77 2923 92 41 7665 69 64 204
internal_value=3.74396e-05 0.000190554 -0.000362818 -0.000536 0.000475819 0.000171499 0.000186479 -0.000448926 -0.0018323 -0.00166667 0.000163629 0.000477262 -0.00176692 0.000640474
internal_weight=13622 9856 3766 3125 641 9796 9733 3074 151 90 9656 1991 133 1858
internal_count=13622 9856 3766 3125 641 9796 9733 3074 151 90 9656 1991 133 1858
cat_boundaries=0 2 3 5
cat_threshold=2751529627 67585 514 148480 640
is_linear=0
shrinkage=0.05


Tree=181
num_leaves=15
num_cat=4
split_feature=0 5 0 0 6 4 4 4 4 5 4 0 4 4
split_gain=0.186769 0.131437 0.680293 0.281413 0.466339 0.36886 0.265854 0.374132 0.471996 0.282397 0.306214 0.291006 0.345339 0.284435
threshold=0 4.5000000000000009 1 2 1.5405688038045207 9.9916666666666689 22.091666666666672 20.775000000000002 20.225000000000005 2.5000000000000004 1.5083333333333335 3 19.808333333333337 12.441666666666668
decision_type=9 2 9 9 2 2 2 2 2 2 2 9 2 2
left_child=-1 3 -3 6 -5 -6 7 8 9 10 -2 -12 13 -13
right_child=1 2 -4 4 5 -7 -8 -9 -10 -11 11 12 -14 -15
leaf_value=4.2187797541281512e-05 -0.0019159229463137858 0.00044811447239629716 -0.00014011553285373879 4.8926227034882937e-05 0.00017533919166634582 -0.0022278062735872624 -0.00020752759101754618 0.0012003538007971904 -0.0016776208579698908 -0.0003020141456898175 -0.00068449378204719273 0.00027802244651093782 0.00161683265993413 -2.2938572253060466e-05
leaf_weight=770 73 2009 1616 4959 40 95 123 104 42 1576 576 577 40 1039
leaf_count=770 73 2009 1616 4959 40 95 123 104 42 1576 576 577 40 1039
internal_value=1.79634e-05 -2.75641e-05 0.000227586 -0.00012765 0.000121474 -0.00277778 -0.000432692 -0.000363794 -0.000442263 -0.00038521 -3.25378e-05 7.16848e-05 0.000408163 0.00029703
internal_weight=13639 12869 3625 9244 5094 135 4150 4027 3923 3881 2305 2232 1656 1616
internal_count=13639 12869 3625 9244 5094 135 4150 4027 3923 3881 2305 2232 1656 1616
cat_boundaries=0 2 4 6 8
cat_threshold=16512 16385 673251329 99004 606274065 98992 67109377 98816
is_linear=0
shrinkage=0.05


Tree=182
num_leaves=15
num_cat=3
split_feature=0 4 4 4 3 4 4 0 4 4 4 5 0 4
split_gain=0.227079 0.349108 0.236263 0.190957 0.42729 0.290909 0.15692 0.449684 0.449934 0.297022 0.334624 0.36343 0.259953 0.249396
threshold=0 22.450000000000003 23.375000000000004 19.075000000000003 11.750000000000002 18.858333333333338 17.175000000000004 1 22.008333333333336 19.591666666666672 20.141666666666669 3.5000000000000004 2 17.241666666666671
decision_type=9 2 2 2 2 2 2 9 2 2 2 2 9 2
left_child=1 3 6 5 -5 -1 12 8 9 -8 -11 -12 -2 -9
right_child=2 -3 -4 4 -6 -7 7 13 -10 10 11 -13 -14 -15
leaf_value=-5.871633461993789e-05 0.00013076100428612494 -0.00085839085990260626 0.0014194399440983115 -0.00084067976919328458 0.00092730759769960145 -0.0015150722270965158 -0.00048928829715725241 -0.00028902930105559815 -0.0005140487225524632 0.0011881735091141977 0.00039778991007283443 -0.0020429681382864522 2.3801902636096643e-05 0.00014411106403646983
leaf_weight=4382 1685 83 60 46 376 86 608 50 91 126 79 55 4659 1172
leaf_count=4382 1685 83 60 46 376 86 608 50 91 126 79 55 4659 1172
internal_value=5.08926e-05 -0.00021774 0.000206516 -0.000163599 0.000853081 -0.000259624 0.000184751 -0.000181109 -0.000985552 -0.000645161 0.000769231 -0.000970149 0.00031053 0.000454546
internal_weight=13558 4973 8585 4890 422 4468 8525 2181 959 868 260 134 6344 1222
internal_count=13558 4973 8585 4890 422 4468 8525 2181 959 868 260 134 6344 1222
cat_boundaries=0 2 4 6
cat_threshold=204604937 117252 536871042 1232 16514 1168
is_linear=0
shrinkage=0.05


Tree=183
num_leaves=15
num_cat=3
split_feature=0 6 6 4 4 4 0 4 4 4 4 4 0 4
split_gain=0.243495 0.191935 0.186326 0.147034 0.277781 0.340086 0.354332 0.285151 0.185091 0.204731 0.128168 0.385243 0.324051 0.52282
threshold=0 1.6160276926508292 2.0643809316102675 0.67500000000000016 4.0083333333333337 3.5666666666666669 1 4.5666666666666673 1.2750000000000001 2.1583333333333337 13.241666666666669 11.808333333333335 2 10.725000000000001
decision_type=9 2 2 2 2 2 9 2 2 2 2 2 9 2
left_child=3 -2 -3 -1 5 6 -5 -6 -8 -10 11 12 13 -9
right_child=1 2 -4 4 7 -7 8 10 9 -11 -12 -13 -14 -15
leaf_value=0.00020696694807287408 2.4138138972868801e-05 0.0094686184189366543 0.00048806973895887396 -0.0014562750066402206 0.0036245951092959087 -0.0029659984265758207 -0.0015641368967164203 -1.9023134413310107e-05 0.0016917692218557862 0.00036833666371120945 -0.00012448547398368479 0.00057166496902174419 4.3675929079630369e-07 -0.00063164516200003287
leaf_weight=93 6907 58 142 100 44 60 56 89 63 95 3968 517 1433 40
leaf_count=93 6907 58 142 100 44 60 56 89 63 95 3968 517 1433 40
internal_value=2.01246e-05 0.000222706 0.00175 -0.000199452 -0.000228151 -0.0015508 -0.00089172 -0.000146938 0.0003125 0.00120253 -0.00017612 0.000141895 -0.00024968 -0.00255396
internal_weight=13665 7107 200 6558 6465 374 314 6091 214 158 6047 2079 1562 129
internal_count=13665 7107 200 6558 6465 374 314 6091 214 158 6047 2079 1562 129
cat_boundaries=0 2 4 5
cat_threshold=1143996929 100902 2097152 514 1140851200
is_linear=0
shrinkage=0.05


Tree=184
num_leaves=15
num_cat=7
split_feature=0 5 0 0 0 6 5 0 0 5 0 5 5 2
split_gain=0.184201 0.148862 0.306895 0.144338 0.142355 0.163085 0.157777 0.464608 0.142393 0.194121 0.0840404 0.336427 0.161025 0.0691057
threshold=0 1.5000000000000002 1 2 3 1.4599319601943472 2.5000000000000004 4 5 4.5000000000000009 6 1.0000000180025095e-35 1.0000000180025095e-35 27.700000000000003
decision_type=9 2 9 9 9 2 2 9 9 2 9 2 2 2
left_child=1 2 10 -2 5 -3 7 -6 -8 -10 11 -1 -12 -9
right_child=3 4 -4 -5 6 -7 8 13 9 -11 12 -13 -14 -15
leaf_value=0.00046639762620540493 -8.3892110756823705e-05 -7.529152636696749e-05 0.00016405706008844196 2.8212479804034327e-06 0.00050925240223909346 0.0041185496003800087 2.1276193991856871e-05 1.9304423592251035e-05 0.00052236239518530252 4.9572117802675823e-05 -0.00024830532898772897 -0.0015896578699896265 0.00090740457051673943 -0.00058345958109445168
leaf_weight=47 143 1022 539 9503 112 44 707 50 382 368 203 56 216 205
leaf_count=47 143 1022 539 9503 112 44 707 50 382 368 203 56 216 205
internal_value=0.000105538 0.000392578 0.000900094 -1.24273e-05 0.000207613 -0.000250929 0.000474373 -0.000449591 0.000710364 0.00118421 1.87972e-05 -0.00119469 0.000337996 -0.00160377
internal_weight=13597 3951 1061 9646 2890 1066 1824 367 1457 750 522 103 419 255
internal_count=13597 3951 1061 9646 2890 1066 1824 367 1457 750 522 103 419 255
cat_boundaries=0 2 4 5 7 9 11 13
cat_threshold=1744897178 50241 144 49217 67109376 671154184 1024 0 49153 1073741954 32769 128 49152
is_linear=0
shrinkage=0.05


Tree=185
num_leaves=15
num_cat=0
split_feature=4 4 2 4 4 2 3 5 5 3 2 4 4 2
split_gain=0.0723822 0.247328 0.130804 0.124506 0.33742 0.173857 0.123291 0.262429 0.183692 0.697382 0.336136 0.453501 0.317475 0.330195
threshold=18.391666666666669 18.275000000000002 24.500000000000004 18.125000000000004 18.058333333333337 128.05000000000004 19.250000000000004 1.5000000000000002 2.5000000000000004 11.050000000000002 560.05000000000007 22.908333333333335 22.008333333333336 267.85000000000008
decision_type=2 2 2 2 2 2 2 2 2 2 2 2 2 2
left_child=1 3 -2 4 -1 -5 7 -4 9 -9 11 12 13 -10
right_child=2 -3 6 5 -6 -7 -8 8 10 -11 -12 -13 -14 -15
leaf_value=-3.5827061592115838e-06 0.00010073095347916696 -0.00058068708252257057 0.00017614388293367271 0.00078828635364021078 -0.00090168551923445475 0.0025769585147358116 0.00029088161713932889 0.00011730751231607915 -0.00033472533430291317 -0.0025607741952112933 -0.00098243342896388547 0.00048725771628496277 -0.001181582017306567 0.0017035843884088788
leaf_weight=11224 47 76 419 47 42 82 521 164 485 69 87 65 65 242
leaf_count=11224 47 76 419 47 42 82 521 164 485 69 87 65 65 242
internal_value=-1.83333e-06 -5.18697e-05 0.000263401 -3.2909e-05 -5.05945e-05 0.00151163 0.00020548 -1.25311e-05 -0.000395072 -0.00165236 -8.47456e-05 0.000215869 -0.000113636 0.000185695
internal_weight=13635 11471 2164 11395 11266 129 2117 1596 1177 233 944 857 792 727
internal_count=13635 11471 2164 11395 11266 129 2117 1596 1177 233 944 857 792 727
is_linear=0
shrinkage=0.05


Tree=186
num_leaves=15
num_cat=3
split_feature=0 4 4 4 0 4 0 4 5 5 4 4 4 4
split_gain=0.169171 0.157268 0.150923 0.125797 0.293204 0.264724 0.167623 0.186674 0.132445 0.308413 0.271021 0.177289 0.119532 0.160096
threshold=0 23.208333333333336 22.575000000000003 19.19166666666667 1 20.775000000000002 2 11.808333333333335 4.5000000000000009 3.5000000000000004 19.908333333333335 21.008333333333336 18.808333333333337 18.058333333333337
decision_type=9 2 2 2 9 2 9 2 2 2 2 2 2 2
left_child=-1 2 3 6 5 -5 7 -2 9 10 -6 -10 13 -8
right_child=1 -3 -4 4 8 -7 12 -9 11 -11 -12 -13 -14 -15
leaf_value=-4.2292378578788768e-05 0.00018780013868626133 -0.00013491739255395743 0.00049934859757983679 -0.0016240272306941189 -0.00015507512452557753 0.00036882523331135784 3.5491284389678402e-05 1.3145999308865882e-05 0.00071559153364458459 -0.0015772335463971323 0.0004361060421100526 -0.0010919039415498522 0.0021384457000240562 -0.00062054012197871147
leaf_weight=6738 59 69 76 168 82 60 5541 50 78 82 158 42 158 254
leaf_count=6738 59 69 76 168 82 60 5541 50 78 82 158 42 158 254
internal_value=-4.59051e-05 0.000128503 0.000152762 0.000127748 -0.000522388 -0.00193277 0.000199604 0.00205882 0.000243363 -0.000279503 0.000625 0.00166667 0.000161831 0.000125108
internal_weight=13615 6877 6808 6732 670 228 6062 109 442 322 240 120 5953 5795
internal_count=13615 6877 6808 6732 670 228 6062 109 442 322 240 120 5953 5795
cat_boundaries=0 2 4 6
cat_threshold=1678837249 69254 131072 40 128 16384
is_linear=0
shrinkage=0.05


Tree=187
num_leaves=15
num_cat=6
split_feature=0 5 6 0 6 6 5 5 0 0 5 0 0 5
split_gain=0.175356 0.14173 0.119739 0.118942 0.0559476 0.0828759 0.428917 0.0619396 0.271615 0.113942 0.0980711 0.437017 0.189628 0.20919
threshold=0 1.5000000000000002 2.5947191574750361 1 2.1641160589318189 1.6027557735239222 4.5000000000000009 5.5000000000000009 2 3 1.5000000000000002 4 5 2.5000000000000004
decision_type=9 2 2 9 2 2 2 2 9 9 2 9 9 2
left_child=1 -1 3 -2 5 7 -7 9 -9 10 11 -5 13 -12
right_child=2 -3 -4 4 -6 6 -8 8 -10 -11 12 -13 -14 -15
leaf_value=0.00014090272025039127 3.1065109023286826e-05 -0.00011353731769947887 0.0026695389955503548 0.00059964720232086593 -0.0015597215871863473 -0.00046750943157202325 0.0081189581305658055 0.0005208994450512527 -0.00061299625541626267 -7.8537348192577063e-05 -0.00045407468658059923 -0.00035599860051950462 0.00024637861897447292 3.5172128211656774e-05
leaf_weight=78 3424 200 81 446 69 73 46 385 980 3842 261 969 2066 720
leaf_count=78 3424 200 81 446 69 73 46 385 980 3842 261 969 2066 720
internal_value=-2.93253e-05 -0.00125 -2.99114e-06 -1.46824e-05 -0.000102868 -9.29708e-05 0.00121849 -0.000109111 -0.000421245 -5.78033e-05 0.000114043 -0.000229682 0.00027404 -0.000297679
internal_weight=13640 278 13362 13281 9857 9788 119 9669 1365 8304 4462 1415 3047 981
internal_count=13640 278 13362 13281 9857 9788 119 9669 1365 8304 4462 1415 3047 981
cat_boundaries=0 1 3 5 7 9 11
cat_threshold=67109400 3221241857 16418 537067520 65556 135266434 3273 134217730 1088 134217730 1088
is_linear=0
shrinkage=0.05


Tree=188
num_leaves=15
num_cat=3
split_feature=0 4 0 4 5 4 4 0 4 4 2 5 4 4
split_gain=0.243159 0.165425 0.467652 0.390128 0.275901 0.150628 0.23336 0.183001 0.199553 0.624262 0.148339 0.296411 0.216838 0.147071
threshold=0 18.625000000000004 1 18.325000000000003 1.0000000180025095e-35 2.6583333333333337 0.82500000000000007 2 12.991666666666669 13.375000000000002 267.85000000000008 2.5000000000000004 19.908333333333335 1.7500000000000002
decision_type=9 2 9 2 2 2 2 9 2 2 2 2 2 2
left_child=-1 3 -3 5 -4 6 -2 8 -7 -10 -6 12 -12 -8
right_child=1 2 4 -5 10 7 13 -9 9 -11 11 -13 -14 -15
leaf_value=3.4515064925148303e-05 0.00058823446086432314 -0.0006230099216936397 -0.0019990524665020547 0.0009994545388088492 -0.00042841423244944468 0.00056829142125720019 -0.0026657851352306452 -4.2567603390551317e-05 -0.0020015451105383701 0.00010019435110998742 -0.0016275367133399292 0.0027339117472834282 0.00020055966761817158 -7.1605758030982063e-05
leaf_weight=9034 52 152 60 54 103 522 63 2161 40 1004 45 187 49 58
leaf_count=9034 52 152 60 54 103 522 63 2161 40 1004 45 187 49 58
internal_value=3.45997e-05 -0.000263158 -0.00104027 -0.000146687 -0.000176211 -0.000205128 -0.0016474 -0.000138181 0.000272843 -0.000124521 0.0003125 0.000907473 -0.00138298 -0.00285124
internal_weight=13584 4550 596 3954 444 3900 173 3727 1566 1044 384 281 94 121
internal_count=13584 4550 596 3954 444 3900 173 3727 1566 1044 384 281 94 121
cat_boundaries=0 2 4 6
cat_threshold=1745879042 84095 67241104 33792 2229264 1152
is_linear=0
shrinkage=0.05


Tree=189
num_leaves=15
num_cat=3
split_feature=0 4 4 4 5 0 5 4 5 4 5 0 4 4
split_gain=0.185085 0.379229 0.397228 0.32101 0.260976 0.303276 0.252653 0.38607 0.233643 0.291451 0.209487 0.657793 0.336321 0.481823
threshold=0 12.925000000000002 16.541666666666671 1.7500000000000002 4.5000000000000009 1 4.5000000000000009 17.408333333333335 5.5000000000000009 18.225000000000005 2.5000000000000004 2 11.208333333333334 8.0083333333333346
decision_type=9 2 2 2 2 9 2 2 2 2 2 9 2 2
left_child=1 3 -3 -1 10 -6 7 -4 -8 -10 11 -5 13 -13
right_child=-2 2 6 4 5 -7 8 -9 9 -11 -12 12 -14 -15
leaf_value=0.0015643538863798494 1.9403441754061381e-05 0.0002553052310990777 -0.0030267143734240463 0.0016364237379903038 -0.00049841852161488847 -0.00020385999940580472 0.0030028568483196575 -0.00022429623045582177 -0.00241594298169051 0.0048326121579887072 3.0617219996971746e-05 -0.0021207334046384665 -0.0031189195265056363 -9.388336264701028e-06
leaf_weight=101 11283 409 62 132 117 162 121 614 82 44 261 48 55 110
leaf_count=101 11283 409 62 132 117 162 121 614 82 44 261 48 55 110
internal_value=1.50726e-05 -0.000390893 0.000157658 -0.0011359 -0.00144068 -0.00270609 -0.000417118 -0.00091716 0.000951417 -0.000555555 -0.000858086 -0.00166667 -0.00329596 -0.00227848
internal_weight=13601 2318 1332 986 885 279 923 676 247 126 606 345 213 158
internal_count=13601 2318 1332 986 885 279 923 676 247 126 606 345 213 158
cat_boundaries=0 2 4 5
cat_threshold=202392210 2048 0 2048 135266450
is_linear=0
shrinkage=0.05


Tree=190
num_leaves=15
num_cat=2
split_feature=0 6 4 5 4 4 4 3 5 4 4 6 4 0
split_gain=0.127773 0.400111 0.367321 0.291473 0.404942 0.362709 0.579691 0.258196 0.34823 0.180035 0.29297 0.163217 0.156863 0.153391
threshold=0 2.1641160589318189 22.908333333333335 5.5000000000000009 8.1916666666666682 8.2583333333333346 10.575000000000001 31.050000000000004 2.5000000000000004 13.991666666666669 17.891666666666669 1.6027557735239222 4.2750000000000012 1
decision_type=9 2 2 2 2 2 2 2 2 2 2 2 2 9
left_child=1 2 3 4 7 -5 -7 -1 12 -8 -11 -2 -9 -13
right_child=11 -3 -4 5 -6 6 9 8 -10 10 -12 13 -14 -15
leaf_value=-0.00037670970740996912 6.0667692966470193e-06 -0.0021494194500972568 -0.002003366075061813 0.00061799334431858065 0.00012224239593854684 -0.0010016549160892525 0.00042389046419058041 -4.9915041057208684e-05 0.0018644780147032689 -0.0020631409844974603 -0.00065009723321773167 0.0010852385834883432 -0.0018689386320926195 0.0027127589965453107
leaf_weight=90 10609 45 40 65 1911 44 63 51 117 80 119 107 51 127
leaf_count=90 10609 45 40 65 1911 44 63 51 117 80 119 107 51 127
internal_value=-1.51637e-05 -0.000323902 -0.000245154 -0.000171748 4.50452e-05 -0.001469 -0.00218954 -0.0016343 -0.000707762 -0.00129771 -0.00203518 6.12736e-05 -0.00284314 0.00136752
internal_weight=13519 2676 2631 2591 2220 371 306 309 219 262 199 10843 102 234
internal_count=13519 2676 2631 2591 2220 371 306 309 219 262 199 10843 102 234
cat_boundaries=0 2 4
cat_threshold=136446617 68608 0 212
is_linear=0
shrinkage=0.05


Tree=191
num_leaves=15
num_cat=2
split_feature=0 0 4 4 4 2 4 2 4 4 5 4 4 2
split_gain=0.242819 0.125967 0.366186 0.450024 0.167354 0.172334 0.156437 0.231771 0.158384 0.0962628 0.099106 0.140632 0.241929 0.18578
threshold=0 1 13.808333333333335 7.5750000000000002 20.225000000000005 6411.5000000000009 23.208333333333336 67.300000000000026 22.908333333333335 9.4416666666666682 4.5000000000000009 12.641666666666667 13.991666666666669 578.90000000000009
decision_type=9 9 2 2 2 2 2 2 2 2 2 2 2 2
left_child=9 2 3 -2 5 -4 8 -8 -3 -1 -11 -12 -13 -14
right_child=1 6 4 -5 -6 -7 7 -9 -10 10 11 12 13 -15
leaf_value=0.00012859512642047227 0.00038953696898422972 -1.1033570609471285e-06 0.0026860809101099878 -0.0005756895424644399 -0.00035540301444320397 0.00016063813558728373 0.00041189821304772389 -0.0012718926977666315 0.00021718529137200877 8.1502710277136724e-06 -1.4586115752517816e-05 0.0010915702009161117 -0.00016598435151899026 0.0019201284186566314
leaf_weight=281 64 11399 60 51 42 43 40 77 61 1047 100 46 135 105
leaf_count=281 64 11399 60 51 42 43 40 77 61 1047 100 46 135 105
internal_value=3.72668e-05 -4.34707e-05 -0.00111111 -0.00326087 0.000517242 0.00160194 -1.85551e-05 -0.00183761 1.86265e-10 0.000591648 0.00042917 0.00111399 0.00167832 0.00104167
internal_weight=13551 11837 260 115 145 103 11577 117 11460 1714 1433 386 286 240
internal_count=13551 11837 260 115 145 103 11577 117 11460 1714 1433 386 286 240
cat_boundaries=0 2 3
cat_threshold=67191808 98312 664
is_linear=0
shrinkage=0.05


Tree=192
num_leaves=15
num_cat=3
split_feature=0 4 0 5 4 4 4 4 0 4 4 4 4 4
split_gain=0.202264 0.277408 0.506478 0.25397 0.240862 0.213705 0.204848 0.414246 0.191644 0.182153 0.178191 0.4364 0.336063 0.343808
threshold=0 20.225000000000005 1 2.5000000000000004 4.0083333333333337 21.491666666666671 19.591666666666672 19.141666666666669 2 23.608333333333338 9.4416666666666682 8.2583333333333346 12.591666666666669 13.375000000000002
decision_type=9 2 9 2 2 2 2 2 9 2 2 2 2 2
left_child=1 3 -3 4 -1 -4 7 -5 10 -2 11 -6 -12 -14
right_child=9 2 5 6 8 -7 -8 -9 -10 -11 12 -13 13 -15
leaf_value=-0.00063723939563443683 2.9346461241010473e-05 3.9747913193145028e-05 -0.0013963601745368606 -7.9343201192673906e-05 0.00035305166266416113 -0.0003394751491562454 0.00063335062940665795 -0.0020347443105955348 0.00047280382000213498 -7.0844979700171156e-05 0.00026460736492849929 -0.00029889179212538755 -0.00053521409373136154 -4.2143317217909016e-06
leaf_weight=132 8440 125 57 2648 53 81 94 56 1186 51 143 60 40 427
leaf_count=132 8440 125 57 2648 53 81 94 56 1186 51 143 60 40 427
internal_value=-1.36098e-05 -0.000262128 -0.00184411 -0.000176689 0.000247428 -0.00378378 -0.000486061 -0.000565828 0.000390257 0.000135867 -0.000252387 -0.00207965 8.19674e-05 -0.000567452
internal_weight=13593 5102 263 4839 2041 138 2798 2704 1909 8491 723 113 610 467
internal_count=13593 5102 263 4839 2041 138 2798 2704 1909 8491 723 113 610 467
cat_boundaries=0 2 4 6
cat_threshold=1613758618 1680 536870914 512 1610612746 512
is_linear=0
shrinkage=0.05


Tree=193
num_leaves=15
num_cat=4
split_feature=0 6 6 5 0 0 5 2 0 6 6 6 6 2
split_gain=0.259392 0.117885 0.114928 0.114495 0.157543 0.149991 0.127083 0.245458 0.0860864 0.360667 0.255256 0.120369 0.092981 0.0762097
threshold=0 2.1641160589318189 2.6746039791475802 2.5000000000000004 1 2 1.5000000000000002 304.90000000000003 3 1.9382400940955269 1.6027557735239222 2.2164971291935474 1.3225635810616778 189.85000000000002
decision_type=9 2 2 2 9 9 2 2 9 2 2 2 2 2
left_child=1 3 8 4 6 -5 -1 13 10 -10 12 -12 -2 -8
right_child=2 -3 -4 5 -6 -7 7 -9 9 -11 11 -13 -14 -15
leaf_value=-0.00011944374123120264 3.1545042159029384e-05 -0.00014537307094530577 0.0028517705670372362 -3.8317177934265567e-05 0.00041541272322926043 -0.0014204960459363481 -0.00014572901465320848 -0.00027586210611913928 2.9151507880192149e-05 -0.0021750334856861383 0.0055466177261560426 0.0086061034501902275 -0.00080273909381706015 0.0017507278951360784
leaf_weight=390 5183 44 44 808 459 565 47 45 5684 63 61 48 51 119
leaf_count=390 5183 44 44 808 459 565 47 45 5684 63 61 48 51 119
internal_value=7.38375e-05 -0.000388017 0.000176777 -0.000343198 4.717e-05 -0.000644574 -0.000482815 0.000497631 0.000166817 3.2135e-05 0.000311041 0.00270642 0.00026175 0.00138554
internal_weight=13611 2477 11134 2433 1060 1373 601 211 11090 5747 5343 109 5234 166
internal_count=13611 2477 11134 2433 1060 1373 601 211 11090 5747 5343 109 5234 166
cat_boundaries=0 2 4 6 8
cat_threshold=1142947994 66688 1073741968 65664 1073741968 65664 537019393 17001
is_linear=0
shrinkage=0.05


Tree=194
num_leaves=15
num_cat=1
split_feature=0 5 4 4 4 4 4 4 5 5 4 5 5 4
split_gain=0.344444 0.256716 0.311917 0.50143 0.282205 0.502033 0.393137 0.620764 0.566962 0.312784 0.284065 0.234101 0.161157 0.212867
threshold=0 5.5000000000000009 14.908333333333335 16.758333333333336 5.6750000000000016 9.4416666666666682 11.008333333333335 10.725000000000001 1.0000000180025095e-35 2.5000000000000004 3.7750000000000004 4.5000000000000009 4.5000000000000009 7.5750000000000002
decision_type=9 2 2 2 2 2 2 2 2 2 2 2 2 2
left_child=1 4 -3 -4 10 12 7 8 -7 -10 -1 -11 13 -6
right_child=-2 2 3 -5 5 6 -8 -9 9 11 -12 -13 -14 -15
leaf_value=-2.5570774364005339e-05 -4.1071756808123305e-05 0.0011250778578551527 -0.0025214497803321989 0.00096149106936868069 0.001258823880791177 -0.00049666818966635567 0.00010475898383122092 -0.0028185930769694932 0.00050923040599854571 -0.00093209242445685945 -0.0017132958360868646 0.0023224064356255356 -3.5618294471058877e-06 0.00047323207328963898
leaf_weight=244 9793 323 62 120 64 48 2220 71 105 131 117 40 66 299
leaf_count=244 9793 323 62 120 64 48 2220 71 105 131 117 40 66 299
internal_value=-1.35005e-05 0.000382653 0.00143564 -0.00021978 0.000227607 0.000384363 0.000124283 -0.00132911 -0.000401234 0.000471015 -0.00109418 -0.000847953 0.0019697 0.00238292
internal_weight=13703 3910 505 182 3405 3044 2615 395 324 276 361 171 429 363
internal_count=13703 3910 505 182 3405 3044 2615 395 324 276 361 171 429 363
cat_boundaries=0 2
cat_threshold=67174400 16462
is_linear=0
shrinkage=0.05


Tree=195
num_leaves=15
num_cat=2
split_feature=0 4 6 6 3 4 4 4 4 0 5 4 4 6
split_gain=0.201172 0.296049 0.219864 0.310903 0.503638 0.171867 0.376278 0.356419 0.28747 0.203513 0.709092 0.502615 0.177041 0.162922
threshold=0 1.2750000000000001 2.5947191574750361 1.9382400940955269 11.050000000000002 11.008333333333335 12.925000000000002 10.725000000000001 16.69166666666667 1 2.5000000000000004 14.908333333333335 12.075000000000001 1.6027557735239222
decision_type=9 2 2 2 2 2 2 2 2 9 2 2 2 2
left_child=1 -1 3 13 -5 7 12 -3 9 10 -8 -12 -7 -2
right_child=2 5 -4 4 -6 6 8 -9 -10 -11 11 -13 -14 -15
leaf_value=-0.0011931106394500891 -2.9412826875771517e-05 5.971289691432606e-05 0.0027994795799526212 -4.4263506647573023e-05 -0.0023342286266999721 0.0013925214075876503 0.0026689315725642979 -0.0022253142668402551 0.0006937894760907341 9.2497916904808541e-05 -0.00061383846593080372 -0.0035165212524771714 0.0015656252039792464 0.0069550499640447785
leaf_weight=54 10609 735 92 83 41 151 99 41 991 399 65 60 104 46
leaf_count=54 10609 735 92 83 41 151 99 41 991 399 65 60 104 46
internal_value=-5.52688e-05 0.00033038 -0.000151181 -0.000172094 -0.00266129 0.000406427 0.000666132 -0.000219072 0.000384139 -0.000457464 -0.00162393 -0.0042 0.00245098 -0.000143125
internal_weight=13570 2699 10871 10779 124 2645 1869 776 1614 623 224 125 255 10655
internal_count=13570 2699 10871 10779 124 2645 1869 776 1614 623 224 125 255 10655
cat_boundaries=0 2 4
cat_threshold=1033 32775 8 4
is_linear=0
shrinkage=0.05


Tree=196
num_leaves=15
num_cat=1
split_feature=0 4 4 5 2 4 4 4 3 4 4 4 4 4
split_gain=0.176724 0.258575 0.430685 0.218531 0.284691 0.101819 0.237676 0.205006 0.327633 0.115041 0.127276 0.108004 0.0958302 0.567942
threshold=0 18.125000000000004 19.675000000000004 1.5000000000000002 1382.5000000000002 0.82500000000000007 4.0083333333333337 3.058333333333334 49.000000000000007 5.6750000000000016 8.0083333333333346 8.4916666666666689 14.908333333333335 15.091666666666669
decision_type=9 2 2 2 2 2 2 2 2 2 2 2 2 2
left_child=1 5 -3 -4 -5 -1 7 8 -7 -8 -11 -12 -2 -14
right_child=12 2 3 4 -6 6 9 -9 -10 10 11 -13 13 -15
leaf_value=0.001586277434752714 -7.6892827764381062e-06 0.00062869916552374112 -0.0018334661166369932 0.00045112829860450237 -0.00088917148676098126 0.0010234104367938014 0.00054810828638953118 -0.0026058614945417172 -0.0015467798514795798 -0.00040878945171131538 0.00039484881196483011 1.00957522332324e-05 -0.0011518636878946338 -7.6007035550763023e-05
leaf_weight=54 5572 232 65 85 58 88 70 47 43 80 56 2716 149 4277
leaf_count=54 5572 232 65 85 58 88 70 47 43 80 56 2716 149 4277
internal_value=-7.28368e-05 0.000227525 0.00136364 -0.000288461 0.000804196 6.97529e-05 3.22583e-05 -0.00174157 -0.000725191 0.000140315 9.11643e-05 0.000147908 -0.000180855 -0.000354722
internal_weight=13592 3594 440 208 143 3154 3100 178 131 2922 2852 2772 9998 4426
internal_count=13592 3594 440 208 143 3154 3100 178 131 2922 2852 2772 9998 4426
cat_boundaries=0 2
cat_threshold=1076969480 18944
is_linear=0
shrinkage=0.05


Tree=197
num_leaves=15
num_cat=2
split_feature=4 0 4 5 4 4 4 4 5 4 4 0 4 4
split_gain=0.152349 0.198995 0.336914 0.172274 0.181134 0.122648 0.115582 0.114683 0.114393 0.177435 0.370158 0.148788 0.147648 0.128961
threshold=23.375000000000004 0 8.3250000000000011 1.0000000180025095e-35 9.3083333333333353 15.258333333333335 11.808333333333335 7.2833333333333341 1.5000000000000002 12.208333333333334 11.891666666666667 1 10.29166666666667 18.625000000000004
decision_type=2 9 2 2 2 2 2 2 2 2 2 9 2 2
left_child=1 2 7 5 -5 6 -4 -1 -6 10 12 -11 -10 -13
right_child=-2 -3 3 4 8 -7 -8 -9 9 11 -12 13 -14 -15
leaf_value=-3.4474821129409824e-05 0.00042809157260073323 -1.7863606822322044e-05 0.00015743399592861359 0.00027248413108496935 0.00014680431824415482 0.0006694381600709275 -0.0020358458087068728 -0.00041851710347543702 -2.5861157256202403e-05 0.0023941145706316632 -0.00017502376993601152 -5.6536530872795229e-06 6.2493315983802518e-05 0.00041628904404005033
leaf_weight=140 99 12303 41 72 132 53 47 40 65 167 56 217 111 89
leaf_count=140 99 12303 41 72 132 53 47 40 65 167 56 217 111 89
internal_value=1.54051e-05 1.10859e-06 0.000604839 0.000952381 0.00120462 -0.000673759 -0.00181818 -0.00138889 0.000997611 0.000744681 -0.000387931 0.00130021 0.000738637 0.00056962
internal_weight=13632 13533 1230 1050 909 141 88 180 837 705 232 473 176 306
internal_count=13632 13533 1230 1050 909 141 88 180 837 705 232 473 176 306
cat_boundaries=0 2 3
cat_threshold=134299656 16385 134283264
is_linear=0
shrinkage=0.05


Tree=198
num_leaves=15
num_cat=3
split_feature=0 6 4 4 4 4 4 3 0 4 0 4 5 3
split_gain=0.208103 0.527253 0.17782 0.473024 0.194588 0.138828 0.252035 0.41678 0.288118 0.189007 0.177581 0.282063 0.170084 0.322689
threshold=0 2.0154586348681138 19.808333333333337 19.19166666666667 18.975000000000005 11.341666666666669 10.441666666666668 42.300000000000004 1 11.658333333333335 2 13.691666666666668 2.5000000000000004 5.1000000000000005
decision_type=9 2 2 2 2 2 2 2 9 2 9 2 2 2
left_child=1 2 3 4 5 6 8 12 -1 -7 11 -11 -8 -14
right_child=-2 -3 -4 -5 -6 9 7 -9 -10 10 -12 -13 13 -15
leaf_value=-0.0002044563889069076 1.8217438203885418e-05 -0.0044499572716840624 -0.00083207646123173527 0.0031428138007066398 -0.001166556729638064 0.0013241730694803311 6.9751776976822999e-05 -0.0018903205618249293 7.7969127202168305e-06 -9.8032134065040955e-05 -4.4604573866521179e-05 0.0018677969293493441 -0.0022750682955814893 6.5433573468245908e-06
leaf_weight=132 10215 41 235 106 40 51 62 43 808 54 1541 118 42 60
leaf_count=132 10215 41 235 106 40 51 62 43 808 54 1541 118 42 60
internal_value=2.95265e-06 -0.000339515 -0.000270352 -0.000168466 -0.000286343 -0.000238749 -0.000666957 -0.00224638 -0.000319149 3.96827e-05 -4.96204e-05 0.00142857 -0.00109756 -0.00235294
internal_weight=13548 3333 3292 3057 2951 2911 1147 207 940 1764 1713 172 164 102
internal_count=13548 3333 3292 3057 2951 2911 1147 207 940 1764 1713 172 164 102
cat_boundaries=0 2 3 4
cat_threshold=134301329 35842 134217744 134218384
is_linear=0
shrinkage=0.05


Tree=199
num_leaves=15
num_cat=5
split_feature=0 6 6 6 5 5 6 6 0 0 5 5 0 0
split_gain=0.147346 0.147356 0.106115 0.0715919 0.0619002 0.0509951 0.712296 0.340337 0.274044 0.22757 0.123302 0.0967083 0.298405 0.225986
threshold=0 2.2987267968673764 2.0976724615461966 1.7292853869062212 3.5000000000000004 2.5000000000000004 1.3225635810616778 1.3225635810616778 1 2 5.5000000000000009 4.5000000000000009 3 4
decision_type=9 2 2 2 2 2 2 2 9 9 2 2 9 9
left_child=5 2 3 -2 -3 6 9 8 10 -1 -7 12 -10 -13
right_child=1 4 -4 -5 -6 7 -8 -9 11 -11 -12 13 -14 -15
leaf_value=-0.00025990818965252116 1.1921156651128055e-05 0.0060937533860040754 -0.0021186571945625149 0.00029991368586131171 0.010141936507243658 0.00026215548174617428 -0.0029065785177688659 0.0028158293732858043 -7.7741238981078721e-06 0.00011305084551702252 -0.001185515017965871 5.2923905223590098e-05 -0.00055298470501691861 -0.00051453913145081155
leaf_weight=821 8152 46 40 62 54 819 44 74 410 1396 279 452 562 482
leaf_count=821 8152 46 40 62 54 819 44 74 410 1396 279 452 562 482
internal_value=-3.90709e-05 9.20614e-05 6.90576e-05 8.15682e-05 0.002 -0.000243971 -6.41307e-05 -0.000376868 -0.000459387 6.08933e-05 0.00017148 -0.000819415 -0.00117284 -0.000460385
internal_weight=13693 8354 8254 8214 100 5339 2261 3078 3004 2217 1098 1906 972 934
internal_count=13693 8354 8254 8214 100 5339 2261 3078 3004 2217 1098 1906 972 934
cat_boundaries=0 2 4 6 8 10
cat_threshold=2180096 85523 1024 68096 65536 68096 0 16387 2179072 16
is_linear=0
shrinkage=0.05


Tree=200
num_leaves=15
num_cat=1
split_feature=0 4 4 6 3 4 4 3 4 5 3 5 4 4
split_gain=0.181955 0.201216 0.140823 0.124778 0.217324 0.135816 0.383378 0.250182 0.177572 0.351648 0.20444 0.200366 0.124771 0.263957
threshold=0 23.375000000000004 1.0083333333333335 1.9382400940955269 12.000000000000002 19.808333333333337 20.625000000000004 6.5000000000000009 21.891666666666669 2.5000000000000004 12.000000000000002 3.5000000000000004 6.1250000000000009 4.0083333333333337
decision_type=9 2 2 2 2 2 2 2 2 2 2 2 2 2
left_child=12 2 -2 5 -5 -4 7 -7 11 -10 -11 -8 13 -1
right_child=1 -3 3 4 -6 6 8 -9 9 10 -12 -13 -14 -15
leaf_value=-1.6495094333827246e-05 0.00048812289504591522 0.0016701071074848473 6.0342231282319156e-05 0.0053429641074360752 -0.0022775891349097873 -0.0015896399468437218 0.0019039933468425207 -0.0013166568596025899 -0.0015462483130985307 -9.4425300236487234e-05 0.0045483752113661862 -0.00052447466114959181 -2.1903763204464498e-05 -0.00018983100281116697
leaf_weight=364 186 55 6786 65 50 59 85 121 72 41 43 64 5497 149
leaf_count=364 186 55 6786 65 50 59 85 121 72 41 43 64 5497 149
internal_value=6.23323e-06 0.00016826 0.000146593 0.000112375 -0.00152174 0.000138221 -0.000670103 -0.0025 0.000409836 -0.000769231 0.00142857 0.0016443 -0.000199335 -0.000945419
internal_weight=13637 7627 7572 7386 115 7271 485 180 305 156 84 149 6010 513
internal_count=13637 7627 7572 7386 115 7271 485 180 305 156 84 149 6010 513
cat_boundaries=0 2
cat_threshold=2887860355 16533
is_linear=0
shrinkage=0.05


Tree=201
num_leaves=15
num_cat=0
split_feature=4 6 6 4 4 2 2 2 2 4 2 4 4 3
split_gain=0.148486 0.255736 0.252231 0.229527 0.40209 0.385081 0.44067 0.384748 0.320809 0.289045 0.410954 0.209427 0.192286 0.152577
threshold=5.4583333333333348 1.9979644026864869 2.5947191574750361 7.8583333333333343 8.1916666666666682 67.300000000000026 585.60000000000002 560.05000000000007 41.350000000000009 7.0250000000000012 267.85000000000008 8.2583333333333346 5.0750000000000002 49.000000000000007
decision_type=2 2 2 2 2 2 2 2 2 2 2 2 2 2
left_child=1 12 3 5 7 -2 9 8 -5 10 -7 -6 -1 -8
right_child=2 -3 -4 4 11 6 13 -9 -10 -11 -12 -13 -14 -15
leaf_value=-5.2821323248961962e-05 0.0011774730649343882 -0.003892803369845771 0.0024962615285377301 -0.0026572329153434701 0.0030457936696914978 -6.5735405575228126e-05 0.0037587627385693282 -0.001714385966059573 0.00039429995319997422 0.00027882485723827369 -0.00037326429079773214 3.268133913611987e-06 -0.00066528887669024426 0.00029882529663355595
leaf_weight=1134 145 43 74 46 54 54 76 81 74 62 41 11613 47 65
leaf_count=1134 145 43 74 46 54 54 76 81 74 62 41 11613 47 65
internal_value=1.06549e-05 -0.000514706 6.25759e-05 4.50818e-05 3.37059e-06 0.00116253 0.000134228 -0.00221393 -0.000416666 -0.0016879 -0.00342105 4.15704e-05 -0.000376799 0.00216312
internal_weight=13609 1224 12385 12311 11868 443 298 201 120 157 95 11667 1181 141
internal_count=13609 1224 12385 12311 11868 443 298 201 120 157 95 11667 1181 141
is_linear=0
shrinkage=0.05


Tree=202
num_leaves=15
num_cat=3
split_feature=0 6 4 4 4 4 0 0 4 4 4 4 4 4
split_gain=0.255199 0.156498 0.126405 0.140001 0.339866 0.302974 0.283911 0.202037 0.383285 0.259788 0.225721 0.195265 0.345611 0.242869
threshold=0 2.0643809316102675 1.0000000180025095e-35 16.158333333333335 13.175000000000002 13.375000000000002 1 2 13.808333333333335 14.191666666666668 13.691666666666668 18.625000000000004 19.008333333333336 19.958333333333336
decision_type=9 2 2 2 2 2 9 9 2 2 2 2 2 2
left_child=1 2 -1 4 -4 -6 -5 8 -7 -10 -9 -8 -13 -14
right_child=-2 -3 3 6 5 7 11 10 9 -11 -12 12 13 -15
leaf_value=0.00010087514090743904 1.9602888551070263e-05 -0.0007974463307401198 -3.8351384439460964e-05 0.00020448717458906775 -0.0019858185620828333 -0.0022334551485803768 -7.3302804662996103e-05 0.00077880174096579911 0.0011404830380513573 -5.7314040086207549e-06 -0.00082841087912652051 -0.001866732832160916 0.00245595664242634 -0.00035837770313736691
leaf_weight=41 6494 73 2888 1596 70 56 951 87 78 321 661 47 71 133
leaf_count=41 6494 73 2888 1596 70 56 951 87 78 321 661 47 71 133
internal_value=-2.32179e-05 -0.000230834 -0.000207143 -0.000223451 -0.000407354 -0.00108798 5.00359e-05 -0.000901912 -5.37633e-05 0.000488722 -0.00139842 -0.000528053 -0.00177291 -0.000882353
internal_weight=13567 7073 7000 6959 4161 1273 2798 1203 455 399 748 1202 251 204
internal_count=13567 7073 7000 6959 4161 1273 2798 1203 455 399 748 1202 251 204
cat_boundaries=0 2 4 6
cat_threshold=2216886419 35463 2147549184 2567 2293777 2560
is_linear=0
shrinkage=0.05


Tree=203
num_leaves=15
num_cat=4
split_feature=0 4 4 0 4 4 0 4 0 4 4 4 4 6
split_gain=0.336748 0.27092 0.409851 0.392756 0.601968 0.221601 0.194107 0.198454 0.16559 0.200594 0.203044 0.164015 0.15554 0.237481
threshold=0 8.1916666666666682 8.4916666666666689 1 7.5750000000000002 6.9750000000000005 2 23.208333333333336 3 13.691666666666668 16.758333333333336 11.591666666666669 8.3250000000000011 1.5022573144106934
decision_type=9 2 2 9 2 2 9 2 9 2 2 2 2 2
left_child=12 3 -3 -2 5 -5 -4 8 9 11 -11 -8 -1 -14
right_child=1 2 6 4 -6 -7 7 -9 -10 10 -12 -13 13 -15
leaf_value=0.00022422749624587137 0.00011071772237383293 0.002914348610970635 -0.00020186822958872977 -0.00047729261981990876 -0.001561631023274831 0.0027102438707669058 0.00068552794142265393 -0.0004960761858049061 -1.237263474147973e-05 0.0032919739117299751 0.001523647248456586 -0.00019052593002582044 8.0764966615911555e-06 0.0048459298335080357
leaf_weight=806 398 117 583 556 85 51 67 64 6257 52 89 46 4343 117
leaf_count=806 398 117 583 556 85 51 67 64 6257 52 89 46 4343 117
internal_value=1.50394e-05 -0.000182089 -7.21648e-05 -0.000917431 -0.00162393 -0.00109555 -0.000120145 -4.17614e-05 -1.45905e-05 0.00121212 0.00251773 -0.000309734 0.0003279 0.000213005
internal_weight=13631 8365 7275 1090 692 607 7158 6575 6511 254 141 113 5266 4460
internal_count=13631 8365 7275 1090 692 607 7158 6575 6511 254 141 113 5266 4460
cat_boundaries=0 2 4 6 7
cat_threshold=1677738496 82040 2147484675 32898 66690 32768 134217744
is_linear=0
shrinkage=0.05


Tree=204
num_leaves=15
num_cat=3
split_feature=0 4 4 4 0 4 4 0 4 4 5 4 5 4
split_gain=0.166077 0.54469 0.293229 0.505251 0.432838 0.26986 0.362003 0.309783 0.821786 0.232289 0.242223 0.210301 0.601561 0.170217
threshold=0 23.375000000000004 18.758333333333336 23.208333333333336 1 19.241666666666671 19.358333333333338 2 20.008333333333336 18.275000000000002 2.5000000000000004 19.675000000000004 3.5000000000000004 8.6416666666666675
decision_type=9 2 2 2 9 2 2 9 2 2 2 2 2 2
left_child=2 5 9 4 -4 -2 -7 8 -8 13 -11 12 -9 -1
right_child=1 -3 3 -5 -6 6 7 11 -10 10 -12 -13 -14 -15
leaf_value=-0.00018600328637779557 3.1346191218516892e-05 0.0017769908303247352 -8.7471594990372187e-05 -0.0020240835796382604 0.0016745652977097941 -0.0019723828360878478 0.0012959137407483354 -0.00090048315650688568 -0.0015801391554345835 -4.998921061162183e-05 -0.0013862617851691321 0.00012254339829663623 0.0015067898754892912 -5.5606777634736805e-05
leaf_weight=764 7715 58 135 50 437 58 139 59 157 50 62 489 53 3373
leaf_count=764 7715 58 135 50 437 58 139 59 157 50 62 489 53 3373
internal_value=4.00767e-05 0.00017052 -0.000193608 0.000819936 0.00124126 0.000138408 -0.00065445 -0.000406912 -0.00169935 -0.000342433 -0.00258929 0.000253683 -0.00169643 -0.000281605
internal_weight=13599 8728 4871 622 572 8670 955 897 296 4249 112 601 112 4137
internal_count=13599 8728 4871 622 572 8670 955 897 296 4249 112 601 112 4137
cat_boundaries=0 2 4 6
cat_threshold=137429506 18451 2097152 16400 1040 1728
is_linear=0
shrinkage=0.05


Tree=205
num_leaves=15
num_cat=4
split_feature=0 4 4 0 5 4 2 4 5 0 0 4 4 4
split_gain=0.263658 0.184697 0.408916 0.249174 0.271325 0.248504 0.517676 0.395607 0.321905 0.171995 0.170485 0.451347 0.292947 0.162896
threshold=0 9.0083333333333346 9.3750000000000018 1 2.5000000000000004 10.008333333333335 608.50000000000011 9.8416666666666686 3.5000000000000004 2 3 20.358333333333338 19.591666666666672 10.808333333333335
decision_type=9 2 2 9 2 2 2 2 2 9 9 2 2 2
left_child=1 3 -3 4 -1 6 8 -8 -4 -5 11 12 13 -7
right_child=-2 2 5 9 -6 10 7 -9 -10 -11 -12 -13 -14 -15
leaf_value=4.3145684691469159e-05 3.7356603366819621e-05 0.0017322270141785685 0.0016255561939006189 0.00067285302312348376 -0.00052302809108895618 0.0034911997496848632 -0.00048078958992457872 -0.0012308821762111457 -0.0024533793666723569 -0.00021382364372041164 7.3347836599032835e-05 -0.0012502756463538872 0.0042957879654139724 -0.00014612555405626513
leaf_weight=41 6180 118 100 196 70 51 50 58 75 1049 4967 48 40 612
leaf_count=41 6180 118 100 196 70 51 50 58 75 1049 4967 48 40 612
internal_value=4.94326e-05 -0.0001503 -3.3502e-05 -0.000678466 -0.00285124 -9.0818e-05 -0.0015371 -0.00425926 0.000142857 -0.000458167 -1.92373e-05 -0.000716163 -0.000405405 -0.000656108
internal_weight=13655 7475 6119 1356 111 6001 283 108 175 1245 5718 751 703 663
internal_count=13655 7475 6119 1356 111 6001 283 108 175 1245 5718 751 703 663
cat_boundaries=0 2 3 5 7
cat_threshold=137561107 35478 134217744 1026 128 66560 128
is_linear=0
shrinkage=0.05


Tree=206
num_leaves=15
num_cat=4
split_feature=0 4 4 0 4 5 0 0 4 5 4 4 4 4
split_gain=0.195977 0.24281 0.22698 0.300546 0.199628 0.164678 0.295322 0.285014 0.548158 0.273945 0.248043 0.231252 0.445927 0.324234
threshold=0 0.23333333333333336 8.5750000000000011 1 8.408333333333335 2.5000000000000004 2 3 5.6750000000000016 1.5000000000000002 1.0083333333333335 4.5666666666666673 3.058333333333334 1.2750000000000001
decision_type=9 2 2 9 2 2 9 9 2 2 2 2 2 2
left_child=1 -1 3 -2 5 6 9 8 -7 -5 -9 12 13 -8
right_child=2 -3 -4 4 -6 7 11 10 -10 -11 -12 -13 -14 -15
leaf_value=0.0023109737737960555 0.00033639870822087204 2.085587110308569e-05 -8.6471545692032403e-06 0.0012293014704096927 -0.0020142426956259946 -0.0013335996941872934 -0.00097412617227551662 0.002684508142668057 0.0013190123260808683 -0.0011929270598257805 -5.5703040679143361e-05 -0.00015230742958387514 -0.0068936061309587907 0.0015154914970941233
leaf_weight=45 277 5449 6926 91 48 79 42 72 46 43 289 112 40 52
leaf_count=45 277 5449 6926 91 48 79 42 72 46 43 289 112 40 52
internal_value=3.67536e-07 0.000230741 -0.000155654 -0.000793451 -0.00122294 -0.00106236 -0.00184211 -0.000452675 -0.00240741 0.000138889 0.000283019 -0.0028125 -0.00432836 -0.00244681
internal_weight=13611 5494 8117 1191 914 866 380 486 125 134 361 246 134 94
internal_count=13611 5494 8117 1191 914 866 380 486 125 134 361 246 134 94
cat_boundaries=0 2 4 6 8
cat_threshold=2753578123 16488 1073742336 33921 16 514 134217744 2
is_linear=0
shrinkage=0.05


Tree=207
num_leaves=15
num_cat=4
split_feature=0 6 6 4 4 4 2 4 5 0 4 5 0 0
split_gain=0.288262 0.198273 0.222735 0.153693 0.210404 0.142775 0.338411 0.536508 0.166915 0.250721 0.418899 0.238933 0.348195 0.187979
threshold=0 2.1641160589318189 1.4599319601943472 23.375000000000004 23.125000000000004 20.225000000000005 709.9000000000002 22.091666666666672 3.5000000000000004 1 12.991666666666669 2.5000000000000004 2 3
decision_type=9 2 2 2 2 2 2 2 2 9 2 2 9 9
left_child=1 2 5 4 -2 8 7 -7 11 10 -10 13 -13 -1
right_child=3 -3 -4 -5 -6 6 -8 -9 9 -11 -12 12 -14 -15
leaf_value=0.00040418766090313351 3.6090490244764728e-05 -0.00090183486824562103 0.0013780138079275087 0.00041922464568827861 -0.00041642991538457002 -0.0029925621999321028 6.7757393115580651e-05 0.00029502862412923454 -0.00066044226936741858 -9.9523760604190649e-05 0.0021388579393506785 -0.00029314212216043225 0.0013531000447424407 -0.00016399764229356245
leaf_weight=419 9172 47 51 64 42 48 141 42 113 1546 69 125 422 1285
leaf_count=419 9172 47 51 64 42 48 141 42 113 1546 69 125 422 1285
internal_value=5.74122e-05 -0.000280222 -0.000245247 0.000214255 0.000197526 -0.000285035 -0.00149351 -0.00388889 -0.000214878 -0.000584491 -0.00229167 6.88585e-05 0.000978062 -0.000223005
internal_weight=13586 4308 4261 9278 9214 4210 231 90 3979 1728 182 2251 547 1704
internal_count=13586 4308 4261 9278 9214 4210 231 90 3979 1728 182 2251 547 1704
cat_boundaries=0 2 3 5 7
cat_threshold=136382099 69128 134218370 2162688 1024 2098306 1024
is_linear=0
shrinkage=0.05


Tree=208
num_leaves=15
num_cat=5
split_feature=0 6 5 5 0 6 2 6 5 0 5 0 0 5
split_gain=0.326531 0.238548 0.253046 0.183603 0.165249 0.140085 0.440801 0.136246 0.123422 0.268447 0.374647 0.1373 0.119938 0.139239
threshold=0 1.3560995056197489 3.5000000000000004 3.5000000000000004 1 1.9382400940955269 585.60000000000002 2.0643809316102675 2.5000000000000004 2 1.5000000000000002 3 4 2.5000000000000004
decision_type=9 2 2 2 9 2 2 2 2 9 2 9 9 2
left_child=1 2 8 7 -4 12 -7 -3 9 10 -1 -10 13 -2
right_child=5 3 4 -5 -6 6 -8 -9 11 -11 -12 -13 -14 -15
leaf_value=0.00012521844133663889 5.325751004278355e-06 0.0052110527830008359 0.00025831509216319722 0.0072414177278197047 -6.0426416102127228e-05 0.00084411564424801159 -0.0020211469309350332 -0.0012345868283644864 0.00041818117584324844 0.00014177272592346711 -0.00093699843345579695 0.0003867671079063285 1.1035096474694511e-06 -0.00010055099359103618
leaf_weight=494 508 41 534 104 1585 68 41 47 329 1316 282 373 7230 673
leaf_count=494 508 41 534 104 1585 68 41 47 329 1316 282 373 7230 673
internal_value=8.99084e-05 0.00040567 0.000338897 0.00213542 -7.31475e-05 -9.96481e-05 -0.00188073 0.000454546 0.000651396 0.000458891 -0.000279898 0.00122507 -7.66851e-05 -0.000541562
internal_weight=13625 5105 4913 192 2119 8520 109 88 2794 2092 776 702 8411 1181
internal_count=13625 5105 4913 192 2119 8520 109 88 2794 2092 776 702 8411 1181
cat_boundaries=0 2 4 6 8 10
cat_threshold=2885812352 82002 67108864 65600 2214592512 64 134217728 81938 82432 1025
is_linear=0
shrinkage=0.05


Tree=209
num_leaves=15
num_cat=2
split_feature=0 6 5 4 4 5 4 4 4 4 4 4 0 4
split_gain=0.265338 0.239333 0.314185 0.249709 0.256061 0.235161 0.371908 0.28936 0.377709 0.612319 0.261954 0.597077 0.581782 0.401694
threshold=0 1.5140896295432389 3.5000000000000004 22.975000000000005 23.375000000000004 2.5000000000000004 21.491666666666671 18.69166666666667 19.591666666666672 19.241666666666671 10.441666666666668 11.208333333333334 1 11.808333333333335
decision_type=9 2 2 2 2 2 2 2 2 2 2 2 9 2
left_child=5 3 -3 -2 -5 7 -7 10 9 -9 -1 -12 -13 -14
right_child=1 2 -4 4 -6 6 -8 8 -10 -11 11 12 13 -15
leaf_value=-0.00016031008406511326 1.602489269692301e-05 4.0038344972192729e-06 0.01206324750081836 -0.0016156911569096604 -3.1577102177891059e-05 -0.00019553480841451423 0.001094646815098344 -0.00040973967747333622 2.4785929801156317e-05 -0.0019485510854536374 0.0011798327243304329 -0.00054901604764543701 -0.00058626253182378612 0.00039564015819178611
leaf_weight=660 6979 90 77 44 66 3511 86 92 229 46 129 307 53 1236
leaf_count=660 6979 90 77 44 66 3511 86 92 229 46 129 307 53 1236
internal_value=-7.16646e-05 0.000134875 0.00200599 9.09862e-05 -0.00227273 -0.000307438 -0.000574089 3.99711e-05 -0.00126703 -0.00333333 0.00024109 0.000565218 0.000300752 0.000765974
internal_weight=13605 7256 167 7089 110 6349 3597 2752 367 138 2385 1725 1596 1289
internal_count=13605 7256 167 7089 110 6349 3597 2752 367 138 2385 1725 1596 1289
cat_boundaries=0 2 4
cat_threshold=1076954643 33949 66066 32769
is_linear=0
shrinkage=0.05


Tree=210
num_leaves=15
num_cat=2
split_feature=0 4 4 4 4 4 4 4 0 4 4 4 4 4
split_gain=0.219817 0.443788 0.303673 0.296323 0.262328 0.24521 0.194789 0.188757 0.187071 0.541935 0.251345 0.249896 0.137452 0.484047
threshold=0 1.0083333333333335 23.375000000000004 1.7500000000000002 23.208333333333336 18.858333333333338 0.23333333333333336 18.508333333333336 1 22.166666666666668 19.625000000000004 20.991666666666671 20.225000000000005 20.625000000000004
decision_type=9 2 2 2 2 2 2 2 9 2 2 2 2 2
left_child=4 6 3 -3 5 7 -2 -1 9 11 -10 -7 -5 -14
right_child=1 2 -4 12 -6 8 -8 -9 10 -11 -12 -13 13 -15
leaf_value=-6.8655898797521489e-05 0.00038598289193773352 -0.0024627554839893656 0.00086430674302810119 2.2223629511168325e-05 -0.0022943108282223539 6.5843169741135386e-06 0.0046175697974810623 -0.0020357469006973823 0.0043992400360205698 0.00049109148247342453 0.00078449760876915997 -0.00040036477369296408 -0.0021333357744159199 -7.0230583397534141e-06
leaf_weight=4974 73 98 66 7116 44 307 85 77 71 48 191 65 54 362
leaf_count=4974 73 98 66 7116 44 307 85 77 71 48 191 65 54 362
internal_value=-1.06373e-05 0.000161496 0.000107848 7.86371e-05 -0.000244513 -0.000215419 0.00278481 -0.000335577 0.000674487 1.81933e-10 0.00169118 -0.000645161 0.00011418 -0.000769231
internal_weight=13631 7854 7696 7630 5777 5733 158 5051 682 420 262 372 7532 416
internal_count=13631 7854 7696 7630 5777 5733 158 5051 682 420 262 372 7532 416
cat_boundaries=0 2 4
cat_threshold=674431507 101379 539099136 33795
is_linear=0
shrinkage=0.05


Tree=211
num_leaves=15
num_cat=0
split_feature=4 4 5 3 6 6 6 4 5 4 4 5 4 5
split_gain=0.181397 0.23408 0.386231 0.208131 0.368753 0.274991 0.135508 0.122379 0.208958 0.149671 0.166782 0.17812 0.16282 0.119777
threshold=3.058333333333334 2.3833333333333337 4.5000000000000009 15.650000000000002 2.5708020820541093 2.1641160589318189 1.3766220136373084 18.391666666666669 4.5000000000000009 15.191666666666668 15.79166666666667 2.5000000000000004 15.008333333333335 1.0000000180025095e-35
decision_type=2 2 2 2 2 2 2 2 2 2 2 2 2 2
left_child=1 -1 -3 4 -2 6 7 9 13 12 11 -11 -5 -9
right_child=3 2 -4 5 -6 -7 -8 8 -10 10 -12 -13 -14 -15
leaf_value=-3.7730774084602847e-05 3.6517389798565851e-05 0.00043196394588016185 -0.0017441924591393505 -1.0269814032266854e-05 0.0030003742340620025 -0.0013823267646569009 0.0045254374323208954 -0.0010644641474046553 0.0033738194408672361 0.0021104988121568389 -0.00020095621396186241 -0.0023995178753342711 0.0004578616617447966 3.6337450393505153e-05
leaf_weight=581 8212 85 62 2068 60 44 43 99 155 40 1729 59 48 369
leaf_count=581 8212 85 62 2068 60 44 43 99 155 40 1729 59 48 369
internal_value=6.73797e-05 -0.000700549 -0.00248299 0.00011063 0.000261122 -0.000156854 -0.000119306 -0.00014561 0.000505618 -0.000248479 -0.000579869 -0.00257576 3.78074e-05 -2.13673e-05
internal_weight=13654 728 147 12926 8272 4654 4610 4567 623 3944 1828 99 2116 468
internal_count=13654 728 147 12926 8272 4654 4610 4567 623 3944 1828 99 2116 468
is_linear=0
shrinkage=0.05


Tree=212
num_leaves=15
num_cat=0
split_feature=4 6 6 4 4 4 4 3 2 4 4 4 2 5
split_gain=0.141235 0.119263 0.184787 0.304004 0.223693 0.110454 0.104375 0.186002 0.303876 0.306442 0.212215 0.178129 0.171918 0.148296
threshold=23.375000000000004 2.5708020820541093 1.9382400940955269 17.358333333333338 10.725000000000001 23.758333333333336 20.008333333333336 9.2500000000000018 29.450000000000003 20.625000000000004 22.166666666666668 21.891666666666669 295.25000000000006 2.5000000000000004
decision_type=2 2 2 2 2 2 2 2 2 2 2 2 2 2
left_child=1 2 6 4 -4 -2 -1 8 9 -8 -10 -11 -9 -14
right_child=5 -3 3 -5 -6 -7 7 12 10 11 -12 -13 13 -15
leaf_value=1.0585806515652316e-05 0.00054708197276852777 0.0014652307024055466 -0.0015484717998961151 -0.0015629542164435515 0.0063198789836652518 0.00015569230753802315 -0.0015486598443835188 -0.00093177555747815601 7.5231183108128525e-05 0.0018822840462601412 0.00025586947293352425 -0.00016323492049004996 -0.00013490366911630446 0.00054036639808199697
leaf_weight=12516 43 94 45 44 51 55 47 92 120 55 41 60 137 179
leaf_count=12516 43 94 45 44 51 55 47 92 120 55 41 60 137 179
internal_value=4.75e-05 3.37514e-05 2.12895e-05 -0.00178571 -0.000208333 0.00193878 4.03867e-05 -0.000540355 0.000356037 -0.00117284 0.00189441 0.000217391 -0.00125 -0.000696202
internal_weight=13579 13481 13387 140 96 98 13247 731 323 162 161 115 408 316
internal_count=13579 13481 13387 140 96 98 13247 731 323 162 161 115 408 316
is_linear=0
shrinkage=0.05


Tree=213
num_leaves=15
num_cat=2
split_feature=0 4 6 6 4 4 4 4 0 4 4 4 4 4
split_gain=0.266391 0.244247 0.235719 0.136373 0.172599 0.12742 0.404831 0.161707 0.263113 0.312331 0.162174 0.179211 0.149732 0.123645
threshold=0 0.67500000000000016 2.5708020820541093 1.9382400940955269 12.725000000000001 7.8583333333333343 6.9750000000000005 6.4166666666666679 1 0.23333333333333336 0.82500000000000007 2.1583333333333337 4.5666666666666673 8.1916666666666682
decision_type=9 2 2 2 2 2 2 2 9 2 2 2 2 2
left_child=1 -1 3 5 -5 6 7 8 10 -10 -2 -12 -13 -3
right_child=2 13 -4 4 -6 -7 -8 -9 9 -11 11 12 -14 -15
leaf_value=0.00029579988376565773 0.0017479716307248266 -0.00018261762036933678 0.0085272181464526326 -0.0020994978148743829 0.0040659250230442399 1.8757287782122226e-05 0.0010348089235078341 -0.0011742449381388232 -0.00046336876745854737 0.00037573218708284914 -0.0021927483990598121 0.00034529324435416683 -0.00061703001198677374 -3.2008020050495256e-05
leaf_weight=67 53 686 60 52 63 7036 109 64 48 351 91 146 81 4763
leaf_count=67 53 686 60 52 63 7036 109 64 48 351 91 146 81 4763
internal_value=2.92613e-05 -0.000238871 0.000210681 0.000187794 -0.00152174 0.000212433 0.000758219 0.000383693 0.000584416 0.00145477 -0.000380577 -0.00081761 -6.60791e-05 -0.000276197
internal_weight=13670 5516 8154 8094 115 7979 943 834 770 399 371 318 227 5449
internal_count=13670 5516 8154 8094 115 7979 943 834 770 399 371 318 227 5449
cat_boundaries=0 2 4
cat_threshold=1075839123 117381 2281702912 66
is_linear=0
shrinkage=0.05


Tree=214
num_leaves=15
num_cat=2
split_feature=0 4 4 4 0 5 4 4 4 5 5 4 4 4
split_gain=0.202722 0.160199 0.774147 0.270154 0.23823 0.384763 0.202848 0.266265 0.195048 0.170112 0.230548 0.151397 0.284043 0.272398
threshold=0 8.1916666666666682 8.0083333333333346 9.3750000000000018 1 3.5000000000000004 0.67500000000000016 2.6583333333333337 9.0083333333333346 1.5000000000000002 4.5000000000000009 10.508333333333335 10.358333333333336 12.991666666666669
decision_type=9 2 2 2 9 2 2 2 2 2 2 2 2 2
left_child=1 2 6 4 8 -6 -1 -8 9 -3 -11 12 -5 -13
right_child=-2 3 -4 11 5 -7 7 -9 -10 10 -12 13 -14 -15
leaf_value=0.00046279238694760233 4.1578746898460005e-05 -8.4640749803774139e-05 -0.002032434914938608 -7.5941607414065101e-05 -0.00076383191748255138 0.00039546533068962847 -0.00048704978160971671 2.8427149316439107e-05 0.0025870868909024162 0.0027379969422529284 2.1226518274708929e-05 0.000106476381695862 -0.00072722085072516088 -5.0378170190157761e-05
leaf_weight=83 6950 48 63 432 104 65 211 482 75 83 44 944 53 3944
leaf_count=83 6950 48 63 432 104 65 211 482 75 83 44 944 53 3944
internal_value=6.29558e-05 -0.000134769 -0.000780691 -4.14363e-05 0.00118138 -0.000307262 -0.000347938 -0.000627705 0.00211538 0.00128571 0.00224409 -0.000136795 -0.000979381 -5.31913e-05
internal_weight=13581 6631 839 5792 419 169 776 693 250 175 127 5373 485 4888
internal_count=13581 6631 839 5792 419 169 776 693 250 175 127 5373 485 4888
cat_boundaries=0 2 4
cat_threshold=2310802 36487 0 2692
is_linear=0
shrinkage=0.05


Tree=215
num_leaves=15
num_cat=3
split_feature=0 4 4 0 5 5 4 5 4 4 4 4 5 0
split_gain=0.243577 0.154551 0.106223 0.243853 0.268633 0.23545 0.543462 0.182863 0.13269 0.412039 0.327402 0.24225 0.204411 0.166823
threshold=0 22.908333333333335 4.0083333333333337 1 2.5000000000000004 2.5000000000000004 2.3833333333333337 5.5000000000000009 7.8583333333333343 8.1916666666666682 8.0083333333333346 9.3750000000000018 4.5000000000000009 2
decision_type=9 2 2 9 2 2 2 2 2 2 2 2 2 9
left_child=1 2 3 4 -1 6 -5 -7 12 10 -10 13 -4 -11
right_child=-2 -3 8 5 -6 7 -8 -9 9 11 -12 -13 -14 -15
leaf_value=0.0015988735225501143 3.2928440153810494e-05 0.00095799174410519635 0.00067523503013598306 -0.0011525752739874268 -0.00043682404776173694 0.0012976321747328789 -0.0043161768345413463 -0.00077124990083073856 0.00066319253077288078 0.0009433900652608602 -0.0020341208422511941 -8.4198648721615769e-05 -0.0010328634515993696 2.8036032754226324e-05
leaf_weight=61 6908 83 214 81 54 132 59 42 41 255 61 5404 90 172
leaf_count=61 6908 83 214 81 54 132 59 42 41 255 61 5404 90 172
internal_value=5.74799e-05 -0.000156088 -0.000183018 -0.000944056 0.001 -0.0016358 -0.00321429 -0.00045977 -0.000130672 -0.000182875 -0.00333333 -0.000127765 0.000888158 0.00101874
internal_weight=13657 6749 6666 429 115 314 140 174 6237 5933 102 5831 304 427
internal_count=13657 6749 6666 429 115 314 140 174 6237 5933 102 5831 304 427
cat_boundaries=0 2 4 6
cat_threshold=3211779 34447 512 32771 0 652
is_linear=0
shrinkage=0.05


Tree=216
num_leaves=15
num_cat=4
split_feature=0 4 4 4 5 0 4 4 0 4 5 0 4 4
split_gain=0.256804 0.159093 0.295548 0.151931 0.171407 0.145305 0.141969 0.324057 0.282026 0.197871 0.170583 0.180413 0.287042 0.378952
threshold=0 23.208333333333336 22.450000000000003 1.7500000000000002 1.5000000000000002 1 8.4916666666666689 8.7250000000000014 2 8.8416666666666686 1.0000000180025095e-35 3 7.8583333333333343 4.8750000000000009
decision_type=9 2 2 2 2 9 2 2 9 2 2 9 2 2
left_child=1 2 3 4 -1 -2 8 -8 10 -9 -5 -12 13 -13
right_child=5 -3 -4 6 -6 -7 7 9 -10 -11 11 12 -14 -15
leaf_value=-0.0036949795223035968 0.00025642177063438324 -0.0017431843657181407 0.0018046971815580467 0.0020629792685889128 -5.7526701484677377e-05 3.4382939148212083e-05 -0.00037550802832985743 0.0017731567085345218 0.00082755538162424609 -6.3187993254909517e-05 0.00024069039735072096 -0.00094022407915487528 -0.0012391862395065229 0.00028743703780370681
leaf_weight=49 301 50 74 56 115 6869 84 49 255 5351 199 82 50 69
leaf_count=49 301 50 74 56 115 6869 84 49 255 5351 199 82 50 69
internal_value=3.77208e-05 -0.000190205 -0.000168661 -0.000205221 -0.00170732 0.000243733 -0.000165456 -0.000251641 0.000499297 -0.000203704 -0.000257511 -0.000625 -0.00163507 -0.000629139
internal_weight=13653 6483 6433 6359 164 7170 6195 5484 711 5400 456 400 201 151
internal_count=13653 6483 6433 6359 164 7170 6195 5484 711 5400 456 400 201 151
cat_boundaries=0 2 3 5 7
cat_threshold=3355639809 33963 1688 134217728 163 0 160
is_linear=0
shrinkage=0.05


Tree=217
num_leaves=15
num_cat=0
split_feature=4 2 4 2 4 4 5 2 4 4 4 3 5 4
split_gain=0.113638 0.207071 0.108864 0.115153 0.069482 0.188163 0.442167 0.154008 0.139697 0.187117 0.132886 0.0979264 0.134283 0.280402
threshold=23.208333333333336 576.55000000000007 22.450000000000003 325.55000000000007 12.525000000000002 12.29166666666667 2.5000000000000004 5596.7500000000009 12.858333333333336 12.925000000000002 12.991666666666669 20.000000000000004 5.5000000000000009 11.975000000000001
decision_type=2 2 2 2 2 2 2 2 2 2 2 2 2 2
left_child=2 -2 4 -4 5 7 -7 11 -6 -10 -11 12 -1 -14
right_child=1 -3 3 -5 8 6 -8 -9 9 10 -12 -13 13 -15
leaf_value=9.955946808257815e-06 9.7011163495918691e-05 -0.0028559398448512177 2.9892326229913337e-05 0.00057337301352785566 -0.00024353613762303095 -9.2698240541076097e-05 0.00094961758256627857 0.0014015219719829127 0.0010254676183260863 -0.00039515371694294021 -1.1875926046286287e-05 -6.958709028104113e-05 0.00014994097559590906 -0.0027213718490996389
leaf_weight=3515 80 43 96 55 239 65 81 48 50 45 7679 1025 539 44
leaf_count=3515 80 43 96 55 239 65 81 48 50 45 7679 1025 539 44
internal_value=8.82112e-06 -0.00150406 2.26246e-05 0.00135762 7.50206e-06 0.00014764 0.00191781 9.76602e-05 -8.54859e-05 -4.88807e-05 -6.86171e-05 7.12475e-05 0.000180576 0.000883362
internal_weight=13604 123 13481 151 13330 5317 146 5171 8013 7774 7724 5123 4098 583
internal_count=13604 123 13481 151 13330 5317 146 5171 8013 7774 7724 5123 4098 583
is_linear=0
shrinkage=0.05


Tree=218
num_leaves=15
num_cat=5
split_feature=0 0 4 0 4 4 2 4 4 4 0 4 4 0
split_gain=0.298766 0.164324 0.102916 0.252717 0.255924 0.178631 0.131998 0.0751003 0.277356 0.251117 0.0731005 0.204316 0.381398 0.227411
threshold=0 1 4.0083333333333337 2 0.82500000000000007 4.5666666666666673 867.75000000000011 22.908333333333335 23.208333333333336 22.091666666666672 3 15.141666666666667 14.958333333333334 4
decision_type=9 9 2 9 2 2 2 2 2 2 9 2 2 9
left_child=-1 -2 3 6 -5 -4 -3 9 -9 10 -7 12 -12 -13
right_child=1 2 5 4 -6 7 -8 8 -10 -11 11 13 -14 -15
leaf_value=4.3812761426001751e-05 -3.5242003699170953e-05 -0.00064945542827622195 0.0033682719405503225 0.00025823434381770383 -7.269777000942345e-05 -8.2645863102263277e-05 -0.0011398603766581395 0.0014137206979325245 -8.88551452752791e-05 -0.00051503180383948727 -4.0862024481669631e-05 -6.6798796215544051e-05 -0.0019685145385736308 0.0001101625979078444
leaf_weight=4282 534 226 48 58 210 2818 82 49 67 67 2427 1543 59 1147
leaf_count=4282 534 226 48 58 210 2818 82 49 67 67 2427 1543 59 1147
internal_value=-6.35233e-05 -0.000222044 -0.000169674 -0.000815972 0.000323741 -0.00012462 -0.00176101 -0.000142473 0.00112069 -0.00016065 -0.000135101 -2.3139e-05 -0.00034996 0.000278811
internal_weight=13617 9335 8801 576 268 8225 308 8177 116 8061 7994 5176 2486 2690
internal_count=13617 9335 8801 576 268 8225 308 8177 116 8061 7994 5176 2486 2690
cat_boundaries=0 2 3 5 7 9
cat_threshold=738197512 1136 17427 3145728 652 196736 100357 3145728 10
is_linear=0
shrinkage=0.05


Tree=219
num_leaves=15
num_cat=4
split_feature=0 4 5 0 6 0 4 4 4 4 4 4 0 3
split_gain=0.213812 0.253649 0.202639 0.600738 0.379281 0.312473 0.481523 0.74295 0.392873 0.368831 0.780375 0.276174 0.248692 0.213518
threshold=0 0.67500000000000016 1.5000000000000002 1 1.4647778729936263 2 3.7750000000000004 9.5750000000000011 1.7500000000000002 20.525000000000002 22.008333333333336 18.125000000000004 3 287.25000000000006
decision_type=9 2 2 9 2 9 2 2 2 2 2 2 9 2
left_child=1 -1 3 -3 5 6 8 -8 -4 11 -11 -9 -5 -7
right_child=-2 2 4 12 -6 13 7 9 -10 10 -12 -13 -14 -15
leaf_value=0.00082482379766651577 7.7808500990415925e-05 4.3261398223938435e-05 0.00043807055487693475 -0.00010876214458593478 0.004149256797573597 -3.0945704762550872e-05 0.00063748675181219522 -7.3639656041526941e-07 -0.00066030761167612138 -0.0029571257271543065 0.00023556850642584897 0.0018849284470583861 -0.00091619668893115874 -0.0008314384412211128
leaf_weight=70 7397 484 69 869 87 1704 407 1571 103 60 66 346 351 73
leaf_count=70 7397 484 69 869 87 1704 407 1571 103 60 66 346 351 73
internal_value=7.94466e-05 -0.000135566 -0.000169628 -0.000633803 6.68766e-06 -5.79675e-05 0.000288754 0.000469388 -0.00226744 8.07638e-05 -0.00253968 0.000253 -0.00121951 -0.000567991
internal_weight=13657 6260 6190 1704 4486 4399 2622 2450 172 2043 126 1917 1220 1777
internal_count=13657 6260 6190 1704 4486 4399 2622 2450 172 2043 126 1917 1220 1777
cat_boundaries=0 2 4 6 8
cat_threshold=1612726930 117385 1610612738 65537 128 51848 2113552 648
is_linear=0
shrinkage=0.05


Tree=220
num_leaves=15
num_cat=6
split_feature=0 6 5 0 5 0 6 0 6 0 5 3 0 5
split_gain=0.166393 0.260302 0.108952 0.24351 0.119519 0.442529 0.244329 0.221948 0.112216 0.1015 0.100962 0.0718158 0.06298 0.061667
threshold=0 1.3355396910605088 5.5000000000000009 1 3.5000000000000004 2 2.2013955467436794 3 1.8196118850109693 4 2.5000000000000004 19.400000000000002 5 5.5000000000000009
decision_type=9 2 2 9 2 9 2 9 2 9 2 2 9 2
left_child=1 13 4 12 6 11 7 -2 9 -7 -3 -6 -4 -1
right_child=2 10 3 -5 5 8 -8 -9 -10 -11 -12 -13 -14 -15
leaf_value=-2.5739690723475505e-05 -1.9926199185132328e-05 -0.001726840232402439 -8.7903744589216308e-05 0.0005425639521136719 6.479026295158437e-05 -8.0602466090219925e-05 -0.0019386333439908544 0.00026368319416492092 0.0034690063347865736 -0.0004354022943649971 -0.0030750850654170997 0.0013629756417837284 3.0137109127245583e-05 -4.1274208247714617e-05
leaf_weight=4736 1723 48 161 738 596 574 48 2785 46 978 56 141 236 789
leaf_count=4736 1723 48 161 738 596 574 48 2785 46 978 56 141 236 789
internal_value=-5.49231e-06 -0.00021369 0.000140617 0.000594714 6.60283e-05 -0.000224839 0.000215101 0.000252884 -0.000690298 -0.000766752 -0.00269231 0.000783133 -0.000405405 -0.000167421
internal_weight=13655 5629 8026 1135 6891 2335 4556 4508 1598 1552 104 737 397 5525
internal_count=13655 5629 8026 1135 6891 2335 4556 4508 1598 1552 104 737 397 5525
cat_boundaries=0 2 4 6 8 10 12
cat_threshold=1074857499 117408 16384 1097 537018368 65 606224384 65 2147483776 1032 16384 1032
is_linear=0
shrinkage=0.05


Tree=221
num_leaves=15
num_cat=0
split_feature=4 5 4 4 3 3 4 2 4 4 5 5 5 4
split_gain=0.0934904 0.233385 0.307341 0.263625 0.273711 0.238095 0.215265 0.210117 0.233942 0.152753 0.137021 0.351124 0.13573 0.217742
threshold=19.591666666666672 3.5000000000000004 22.450000000000003 22.008333333333336 20.000000000000004 20.000000000000004 21.341666666666672 585.60000000000002 20.358333333333338 19.525000000000002 1.5000000000000002 2.5000000000000004 4.5000000000000009 20.883333333333336
decision_type=2 2 2 2 2 2 2 2 2 2 2 2 2 2
left_child=9 3 5 6 -5 12 7 10 -9 -1 -2 -12 -3 -14
right_child=1 2 -4 4 -6 -7 -8 8 -10 -11 11 -13 13 -15
leaf_value=-8.7999890489606979e-08 0.0012777156769458663 -0.0010351870745682313 0.00051391467112368177 1.8508839977311332e-05 -0.0028845962133459031 0.002162405986517187 0.0017268340991198048 -0.0010387628314030778 0.00073813133487716012 -0.00017740544750768225 -0.00036977769992131395 0.0020171344000863897 0.00027488514577796798 -0.0014416806339153914
leaf_weight=12312 136 150 91 187 45 84 68 86 54 44 78 85 124 62
leaf_count=12312 136 150 91 187 45 84 68 86 54 44 78 85 124 62
internal_value=2.7929e-05 0.00044 -0.000381605 0.00100812 -0.000387931 -0.000952381 0.00164694 0.00124146 -0.000357143 -1.37583e-05 0.00198997 0.00101227 -0.00154762 -0.000645161
internal_weight=13606 1250 511 739 232 420 507 439 140 12356 299 163 336 186
internal_count=13606 1250 511 739 232 420 507 439 140 12356 299 163 336 186
is_linear=0
shrinkage=0.05


Tree=222
num_leaves=15
num_cat=3
split_feature=4 0 0 4 4 4 6 4 4 4 4 4 4 0
split_gain=0.264213 0.258611 0.234504 0.199243 0.176152 0.177573 0.172574 0.305254 0.200591 0.176313 0.168834 0.203246 0.168571 0.150107
threshold=20.625000000000004 0 1 1.0000000180025095e-35 1.2750000000000001 0.82500000000000007 1.4903168760308272 16.608333333333338 20.008333333333336 19.875000000000004 2.3833333333333337 2.8916666666666671 0.23333333333333336 2
decision_type=2 9 9 2 2 2 2 2 2 2 2 2 2 9
left_child=1 4 -2 -3 5 12 8 -8 9 13 -6 -12 -1 -5
right_child=2 3 -4 6 10 -7 7 -9 -10 -11 11 -13 -14 -15
leaf_value=-0.00074356996163078468 0.0012507942378518293 0.00021820198582236212 2.9135338768920829e-05 0.0017999145280286216 0.0013745975744298431 -0.001079236437243024 0.00033106228854220469 -0.0021853212440370228 -0.0012236266405351135 0.0012698115736071416 -0.00037989652932924592 -3.8827453060071663e-05 0.00083682473041114835 1.4686111470982389e-05
leaf_weight=43 233 53 468 127 81 40 110 58 73 65 46 5217 41 6951
leaf_count=43 233 53 468 127 81 40 110 58 73 65 46 5217 41 6951
internal_value=-8.23164e-05 -0.000133669 0.000863053 5.8413e-05 -0.000394304 -0.00225806 3.65657e-05 -0.00154762 7.34481e-05 0.000100098 -0.000351796 -0.000386661 -0.000952381 7.62929e-05
internal_weight=13606 12905 701 7437 5468 124 7384 168 7216 7143 5344 5263 84 7078
internal_count=13606 12905 701 7437 5468 124 7384 168 7216 7143 5344 5263 84 7078
cat_boundaries=0 2 4 5
cat_threshold=1677935123 541 131074 62 1160
is_linear=0
shrinkage=0.05


Tree=223
num_leaves=15
num_cat=2
split_feature=0 4 0 4 5 4 4 4 4 4 4 4 2 2
split_gain=0.27181 0.118553 0.320183 0.596014 0.246154 0.314436 0.503138 0.148716 0.224431 0.25817 0.15875 0.116429 0.162558 0.116086
threshold=0 19.19166666666667 1 19.875000000000004 3.5000000000000004 19.708333333333336 21.008333333333336 21.19166666666667 20.625000000000004 20.141666666666669 22.741666666666671 19.475000000000005 67.300000000000026 41.350000000000009
decision_type=9 2 9 2 2 2 2 2 2 2 2 2 2 2
left_child=-1 -2 3 11 13 -6 -7 8 9 -5 -9 -3 -13 -4
right_child=1 2 4 7 5 6 -8 10 -10 -11 -12 12 -14 -15
leaf_value=-6.1922715470054412e-05 3.526642192054183e-05 -0.0020950067335853829 0.00012660957896645027 0.0010630783172912498 0.0007691390267293394 -0.0017021783874689254 0.00035388865103772038 -0.00015375681731375954 0.0013544117185891724 -0.0016227926944329908 0.00033353214033798851 5.1525755374807475e-05 -0.0013129136120093746 0.001818595256659384
leaf_weight=5650 7036 70 148 56 55 57 44 105 50 53 83 41 80 86
leaf_count=5650 7036 70 148 56 55 57 44 105 50 53 83 41 80 86
internal_value=8.81464e-06 0.00019689 -0.000334052 -0.00111314 0.00075 -0.000769231 -0.00242574 0.000100865 0.00122642 -4.58714e-05 -0.000851064 -0.00337696 -0.00243802 0.00179487
internal_weight=13614 7964 928 538 390 156 101 347 159 109 188 191 121 234
internal_count=13614 7964 928 538 390 156 101 347 159 109 188 191 121 234
cat_boundaries=0 2 4
cat_threshold=2352153755 2564 0 16505
is_linear=0
shrinkage=0.05


Tree=224
num_leaves=15
num_cat=3
split_feature=4 0 4 0 4 4 4 4 2 4 4 4 0 5
split_gain=0.123509 0.346917 0.674665 0.309729 0.327544 0.210836 0.223282 0.433099 0.374401 0.218628 0.195006 0.4735 0.316909 0.190535
threshold=12.525000000000002 0 12.008333333333335 1 12.591666666666669 12.858333333333336 20.225000000000005 21.341666666666672 560.05000000000007 19.708333333333336 3.058333333333334 1.0083333333333335 2 3.5000000000000004
decision_type=2 9 2 9 2 2 2 2 2 2 2 2 9 2
left_child=1 2 13 5 -5 -2 9 8 -8 -7 11 -3 -13 -1
right_child=3 10 -4 4 -6 6 7 -9 -10 -11 -12 12 -14 -15
leaf_value=-2.7271069979547768e-05 -0.0013269334175797206 0.00056174320807195666 0.000858138617215039 -0.00023177839470024252 1.3297942927204511e-05 -0.00010309360180296183 -0.0041384011492545825 -2.7833191009597055e-05 -0.00029069885214500228 0.0017276654938264144 0.00017595375289626005 -0.0021286893610686828 1.7852007991906209e-06 -0.00013704883926703358
leaf_weight=1263 80 183 134 43 5385 2541 42 152 58 86 2407 110 136 1012
leaf_count=1263 80 183 134 43 5385 2541 42 152 58 86 2407 110 136 1012
internal_value=-6.16195e-05 0.000128694 -0.000312112 -0.000180637 4.41341e-05 -0.000591108 -0.000522751 -0.00194444 -0.0045 -0.000386372 0.00050246 -0.000477855 -0.00191057 -0.000516483
internal_weight=13632 5245 2409 8387 5428 2959 2879 252 100 2627 2836 429 246 2275
internal_count=13632 5245 2409 8387 5428 2959 2879 252 100 2627 2836 429 246 2275
cat_boundaries=0 2 4 6
cat_threshold=2821800595 518 203424795 117896 0 200
is_linear=0
shrinkage=0.05


Tree=225
num_leaves=15
num_cat=1
split_feature=0 4 6 6 3 4 4 4 4 4 4 4 2 2
split_gain=0.198228 0.229793 0.155962 0.208582 0.151201 0.109 0.218828 0.45244 0.280531 0.273556 0.247303 0.218442 0.196761 0.2
threshold=0 23.375000000000004 2.5947191574750361 1.3225635810616778 7.0000000000000009 3.5666666666666669 5.4583333333333348 6.6916666666666673 8.6416666666666675 8.4916666666666689 8.7750000000000021 2.3833333333333337 585.60000000000002 67.300000000000026
decision_type=9 2 2 2 2 2 2 2 2 2 2 2 2 2
left_child=1 -1 3 5 -5 11 12 -8 9 -9 -10 -2 13 -7
right_child=2 -3 -4 4 -6 6 7 8 10 -11 -12 -13 -14 -15
leaf_value=-6.0108616747577333e-05 8.5975177205056878e-05 0.00035783263041533917 0.0025004381994029926 0.00043692650182550885 -0.0013337450099461059 -0.0014347163638898431 0.0026154455358791107 -8.9759175232953276e-05 0.0010916375698034667 -0.0026698337004499488 2.8518506827233543e-05 0.0020293761860615267 -0.00077191897742525262 0.0003546667820255125
leaf_weight=7731 252 52 49 59 64 40 84 235 45 45 4736 100 76 40
leaf_count=7731 252 52 49 59 64 40 84 235 45 45 4736 100 76 40
internal_value=-7.05465e-05 -0.000235468 0.000149957 0.000126385 -0.00191057 0.000170706 0.00011413 0.000170068 0.000109662 -0.00142857 0.000199749 0.00102273 -0.00173077 1.86265e-10
internal_weight=13608 7783 5825 5776 123 5653 5301 5145 5061 280 4781 352 156 80
internal_count=13608 7783 5825 5776 123 5653 5301 5145 5061 280 4781 352 156 80
cat_boundaries=0 2
cat_threshold=2818768923 33438
is_linear=0
shrinkage=0.05


Tree=226
num_leaves=15
num_cat=2
split_feature=4 0 4 4 4 0 4 4 4 5 5 4 4 4
split_gain=0.228059 0.217513 0.239952 0.337531 0.217279 0.466619 0.677906 0.726282 0.298063 0.246319 0.204036 0.188009 0.145038 0.236427
threshold=23.375000000000004 0 5.0750000000000002 0.67500000000000016 19.19166666666667 1 19.475000000000005 20.225000000000005 22.166666666666668 3.5000000000000004 5.5000000000000009 1.7500000000000002 18.125000000000004 17.541666666666671
decision_type=2 9 2 2 2 9 2 2 2 2 2 2 2 2
left_child=1 2 3 -1 -3 6 -6 -8 -7 -9 11 -5 13 -4
right_child=-2 4 12 10 5 8 7 9 -10 -11 -12 -13 -14 -15
leaf_value=0.0023657488410911962 0.00037917198708310268 3.2194011848931996e-05 -3.8917278068957725e-05 0.0013126523850531268 -0.0018523178798782942 -5.5605168545741512e-05 0.0015968291484081175 -4.1481186609239696e-05 0.0005175012947398062 -0.0034132095512515192 -0.00066664749921043062 -0.0011425885298148254 0.000172588965803529 -0.00090589748284794307
leaf_weight=41 96 8704 2633 67 53 562 160 102 106 70 43 171 645 198
leaf_count=41 96 8704 2633 67 53 562 160 102 106 70 43 171 645 198
internal_value=-3.25982e-05 -4.97969e-05 -0.000370273 -0.00167702 7.52536e-05 -0.000603039 -0.00196203 -0.0011747 0.00020649 -0.00343023 -0.00229537 -0.00172269 -0.000250287 -0.000404451
internal_weight=13651 13555 3798 322 9757 1053 385 332 668 172 281 238 3476 2831
internal_count=13651 13555 3798 322 9757 1053 385 332 668 172 281 238 3476 2831
cat_boundaries=0 2 4
cat_threshold=1073807515 19972 1024 216
is_linear=0
shrinkage=0.05


Tree=227
num_leaves=15
num_cat=3
split_feature=0 6 4 4 4 5 4 0 0 4 4 4 4 4
split_gain=0.257109 0.34387 0.234763 0.305341 0.395628 0.267964 0.297934 0.27837 0.255481 0.316819 0.322514 0.222602 0.218314 0.217447
threshold=0 2.5708020820541093 19.758333333333336 23.375000000000004 22.975000000000005 1.5000000000000002 19.19166666666667 1 2 20.358333333333338 21.008333333333336 1.7500000000000002 16.975000000000005 17.675000000000004
decision_type=9 2 2 2 2 2 2 9 9 2 2 2 2 2
left_child=-1 2 5 4 8 6 7 11 -4 -10 -11 -2 -9 -13
right_child=1 -3 3 -5 -6 -7 -8 12 9 10 -12 13 -14 -15
leaf_value=-5.4854425332449105e-05 0.0021477716844294321 0.011863128939282113 0.00021757476935692048 0.00043228879564884072 -0.0014267079635252962 9.6357994712426949e-06 0.00099119745927743973 0.00022362358735090478 -0.001416127413064309 0.0032814250284392641 -0.00028030685921905883 -9.3194338528659711e-05 0.00017413567938423776 0.0011133880406066609
leaf_weight=6534 41 57 209 50 48 4621 63 506 101 50 126 866 204 118
leaf_count=6534 41 57 209 50 48 4621 63 506 101 50 126 866 204 118
internal_value=4.56085e-05 0.000254597 0.000223476 -0.000736301 -0.00108614 0.000310796 0.000828699 0.000706052 -0.000658436 -0.00162021 -0.000397727 0.000169082 0.00145833 2.03254e-05
internal_weight=13594 7060 7003 584 534 6419 1798 1735 486 277 176 1025 710 984
internal_count=13594 7060 7003 584 534 6419 1798 1735 486 277 176 1025 710 984
cat_boundaries=0 2 4 5
cat_threshold=2228747 52397 3221291152 578 2819620864
is_linear=0
shrinkage=0.05


Tree=228
num_leaves=15
num_cat=4
split_feature=4 5 0 4 4 0 4 5 0 5 5 4 0 4
split_gain=0.268118 0.276882 0.248904 0.447013 0.182747 0.410569 0.491397 0.438112 0.346126 0.286989 0.29378 0.522286 0.369783 0.27283
threshold=22.908333333333335 2.5000000000000004 0 22.091666666666672 15.141666666666667 1 15.79166666666667 2.5000000000000004 2 1.0000000180025095e-35 2.5000000000000004 19.241666666666671 3 16.475000000000005
decision_type=2 2 9 2 2 9 2 2 9 2 2 2 9 2
left_child=2 -2 3 -1 8 -6 7 -7 -4 -8 11 12 -11 -14
right_child=1 -3 4 -5 5 6 9 -9 -10 10 -12 -13 13 -15
leaf_value=-2.3080815815058116e-05 1.2368357706457981e-05 0.00034339119209965771 4.8263278489981301e-06 -0.00042097967330357677 0.00022807609598273198 -0.0004767971344961565 0.001753761941800609 -0.003507395912970411 0.00044127775335452884 0.00070915825412148036 -5.2199558579515161e-05 -0.001380201374832316 -0.0010570149820058939 -0.0016848815115274502
leaf_weight=7333 98 106 1947 71 1364 45 146 53 1524 108 583 63 40 109
leaf_count=7333 98 106 1947 71 1364 45 146 53 1524 108 583 63 40 109
internal_value=1.47169e-05 0.00181373 -1.26996e-05 -0.000206366 0.000226969 -9.75705e-05 -0.000790838 -0.00418367 0.000462403 -0.000481411 -0.000813953 -0.00203125 -0.00103113 -0.00254717
internal_weight=13590 204 13386 7404 5982 2511 1147 98 3471 1049 903 320 257 149
internal_count=13590 204 13386 7404 5982 2511 1147 98 3471 1049 903 320 257 149
cat_boundaries=0 2 4 6 8
cat_threshold=3760341634 34966 135267352 16928 135266328 16936 0 9
is_linear=0
shrinkage=0.05


Tree=229
num_leaves=15
num_cat=6
split_feature=0 5 0 0 5 5 0 5 2 0 0 6 6 6
split_gain=0.154254 0.201686 0.27961 0.0782073 0.318252 0.236772 0.150857 0.233095 0.0779388 0.0730076 0.0626703 0.0541486 0.19997 0.387284
threshold=0 1.0000000180025095e-35 1 2 2.5000000000000004 2.5000000000000004 3 1.5000000000000002 977.10000000000002 4 5 2.2312970028610066 1.957231865133048 1.6027557735239222
decision_type=9 2 9 9 2 2 9 2 2 9 9 2 2 2
left_child=1 2 -1 5 -5 6 -3 -8 -9 -4 -7 12 13 -2
right_child=11 3 9 4 -6 10 7 8 -10 -11 -12 -13 -14 -15
leaf_value=0.002161481932342839 8.8172078920567007e-06 0.0002635108598356854 0.00049267878338234389 -0.0011057381316929337 -2.3491371573033267e-05 -0.0016920504116419704 -0.00080498611499356691 4.9781292205882886e-05 0.001934827803232403 -9.1622672253357607e-05 -0.00019665013393164511 0.002024756835435737 -0.0015404950237931534 0.0075675756845110902
leaf_weight=104 9777 418 198 244 430 198 217 135 72 212 1426 117 65 40
leaf_count=104 9777 418 198 244 430 198 217 135 72 212 1426 117 65 40
internal_value=-1.72121e-05 -0.00029476 0.000622568 -0.00044586 -0.000921052 -0.000310985 0.000368171 -0.000299539 0.00089372 1.8183e-10 -0.000665024 8.44242e-05 7.1848e-05 9.01499e-05
internal_weight=13653 3654 514 3140 674 2466 842 424 207 410 1624 9999 9882 9817
internal_count=13653 3654 514 3140 674 2466 842 424 207 410 1624 9999 9882 9817
cat_boundaries=0 2 4 6 8 10 12
cat_threshold=3147275 115717 515 98304 3145736 17413 1048584 1025 2097152 4 8 1024
is_linear=0
shrinkage=0.05


Tree=230
num_leaves=15
num_cat=2
split_feature=4 0 0 5 4 4 4 4 4 3 5 4 4 4
split_gain=0.216692 0.354924 0.251161 0.239459 0.229973 0.15472 0.126873 0.500618 0.196723 0.122269 0.115717 0.339671 0.167923 0.121189
threshold=20.625000000000004 0 1 2.5000000000000004 21.491666666666671 20.225000000000005 3.2583333333333337 1.2750000000000001 4.0083333333333337 5.8000000000000016 4.5000000000000009 22.166666666666668 22.091666666666672 21.19166666666667
decision_type=2 9 9 2 2 2 2 2 2 2 2 2 2 2
left_child=2 10 6 4 -3 -4 7 -1 -8 -6 12 -12 13 -2
right_child=1 3 5 -5 9 -7 8 -9 -10 -11 11 -13 -14 -15
leaf_value=-0.0014193933076387401 0.0013175808327507469 -0.00019652365277865068 2.8041541583200661e-05 0.00048856889629372467 0.00012357349140492202 -0.0011647664732519426 -0.00057633033772743402 0.0023239863600969021 -7.5010425003338026e-05 -9.0788912880051132e-05 -0.00083447115043434189 0.0010914998328212075 5.0228426484788539e-05 0.0027648534978507665
leaf_weight=112 70 40 8187 195 43 53 61 137 4328 73 47 41 116 79
leaf_count=112 70 40 8187 195 43 53 61 137 4328 73 47 41 116 79
internal_value=2.65059e-05 0.000880682 -2.01893e-05 -0.000263158 -0.00173077 0.000145455 -0.000314113 0.000783133 -0.000377079 -0.000603448 0.0019697 0.000454546 0.00254717 0.00365772
internal_weight=13582 704 12878 351 156 8240 4638 249 4389 116 353 88 265 149
internal_count=13582 704 12878 351 156 8240 4638 249 4389 116 353 88 265 149
cat_boundaries=0 2 4
cat_threshold=2684486146 564 2214609410 54
is_linear=0
shrinkage=0.05


Tree=231
num_leaves=15
num_cat=4
split_feature=0 5 4 0 4 0 0 4 4 4 2 5 4 4
split_gain=0.208698 0.168318 0.231046 0.263437 0.221094 0.357636 0.268568 0.302341 0.253424 0.220143 0.220391 0.214242 0.482415 0.312469
threshold=0 3.5000000000000004 8.7250000000000014 1 15.608333333333336 2 3 15.991666666666669 13.758333333333335 9.3083333333333353 41.350000000000009 5.5000000000000009 6.6916666666666673 8.7250000000000014
decision_type=9 2 2 9 2 9 9 2 2 2 2 2 2 2
left_child=-1 2 3 -2 5 11 -6 -8 -7 10 -4 13 -13 -3
right_child=1 4 9 -5 6 8 7 -9 -10 -11 -12 12 -14 -15
leaf_value=-2.4068416354797577e-05 -0.00029624819805107195 0.00082072234703171225 8.6083432012748907e-05 0.00012274477930798134 -0.0012055306432042878 5.4255442331751029e-05 -0.0018367876876010513 -8.5726365956270599e-06 0.00067270827599998572 9.6152557775295891e-05 0.00081379971707042228 -0.0035773685487381387 0.0006082829528913777 -0.00033319345831224608
leaf_weight=4860 434 162 56 376 231 1073 57 1131 239 4022 126 43 277 537
leaf_count=4860 434 162 56 376 231 1073 57 1131 239 4022 126 43 277 537
internal_value=6.75281e-05 0.00021313 0.000402872 -0.00037037 -3.99998e-05 0.000259545 -0.000532065 -0.000217028 0.000801816 0.000551856 0.00225275 -0.000442177 0.000625 -0.000937053
internal_weight=13624 8764 5014 810 3750 2331 1419 1188 1312 4204 182 1019 320 699
internal_count=13624 8764 5014 810 3750 2331 1419 1188 1312 4204 182 1019 320 699
cat_boundaries=0 2 4 6 8
cat_threshold=2886861329 98337 2097152 654 1073742984 526 2 1026
is_linear=0
shrinkage=0.05


Tree=232
num_leaves=15
num_cat=1
split_feature=0 4 4 5 4 4 4 4 4 4 4 5 4 2
split_gain=0.184961 0.362818 0.278952 0.319225 0.206728 0.68223 0.332184 0.205155 0.513824 0.219666 0.287767 0.364069 0.207108 0.219435
threshold=0 18.975000000000005 19.241666666666671 2.5000000000000004 3.7750000000000004 5.6750000000000016 1.2750000000000001 7.5750000000000002 8.1916666666666682 9.6416666666666675 10.075000000000001 3.5000000000000004 18.575000000000003 709.9000000000002
decision_type=9 2 2 2 2 2 2 2 2 2 2 2 2 2
left_child=1 4 -3 -4 6 -6 -1 -7 -9 -10 11 -11 13 -12
right_child=-2 2 3 -5 5 7 -8 8 9 10 12 -13 -14 -15
leaf_value=-0.00031512009665726239 1.0221987263979836e-05 0.0044346844015465438 -0.00012331731188354336 0.001790378043133541 -0.0014078503902197714 0.0014001852153551224 0.0023259958241360189 -0.0015549433284372971 0.00042136471917359375 -0.0009087713463419143 -4.193650164123166e-05 -1.837059306065724e-05 -0.0050719521139399601 -0.00063329245171338223
leaf_weight=49 10988 42 119 143 71 69 96 52 170 54 1553 56 45 89
leaf_count=49 10988 42 119 143 71 69 96 52 170 54 1553 56 45 89
internal_value=-2.72137e-05 -0.000404889 0.00121711 0.000610687 -0.00062066 -0.0007434 0.0012069 -0.000579502 -0.000671124 -0.000541433 -0.000703951 -0.00318182 -0.000542383 -0.00045067
internal_weight=13596 2608 304 262 2304 2159 145 2088 2019 1967 1797 110 1687 1642
internal_count=13596 2608 304 262 2304 2159 145 2088 2019 1967 1797 110 1687 1642
cat_boundaries=0 2
cat_threshold=1065618 65541
is_linear=0
shrinkage=0.05


Tree=233
num_leaves=15
num_cat=3
split_feature=0 5 0 4 4 4 4 5 5 0 4 4 4 4
split_gain=0.201857 0.185033 0.35174 0.313043 0.542069 0.232394 0.420238 0.407361 0.2073 0.262354 0.189549 0.389897 0.58378 0.381458
threshold=0 4.5000000000000009 1 15.091666666666669 11.075000000000001 17.208333333333336 9.158333333333335 5.5000000000000009 2.5000000000000004 2 9.6416666666666675 15.858333333333336 17.008333333333336 6.9750000000000005
decision_type=9 2 9 2 2 2 2 2 2 9 2 2 2 2
left_child=1 8 3 4 -3 6 -4 -7 -1 -10 13 -12 -13 -11
right_child=-2 2 5 -5 -6 7 -8 -9 9 10 11 12 -14 -15
leaf_value=-4.5467710630388481e-05 2.6164413206376029e-05 -2.9140865787376064e-06 -0.0001593746953650646 0.00019392460816914088 -0.00039055439763347209 0.0016361347620824013 0.0014185667835939547 -0.0018072392279549531 1.9509520667587813e-05 -0.00025749495418014542 2.1096061818427983e-05 -0.001345871672738661 -0.00039682952399510405 -0.0035810061798148573
leaf_weight=1357 10494 66 110 92 49 158 268 131 339 71 217 47 177 45
leaf_count=1357 10494 66 110 92 49 158 268 131 339 71 217 47 177 45
internal_value=4.44169e-05 -0.000307619 0.000308925 -0.00145161 -0.00326087 0.000864107 0.00169312 -0.000190311 -0.000548158 -0.00113839 -0.00179012 -0.00134921 -0.0028125 -0.00362069
internal_weight=13621 3127 874 207 115 667 378 289 2253 896 557 441 224 116
internal_count=13621 3127 874 207 115 667 378 289 2253 896 557 441 224 116
cat_boundaries=0 2 4 6
cat_threshold=1276183065 114704 1073742361 16384 1074790921 16384
is_linear=0
shrinkage=0.05


Tree=234
num_leaves=15
num_cat=3
split_feature=4 0 0 6 6 3 4 4 4 4 0 4 4 4
split_gain=0.187356 0.423983 0.140281 0.411561 0.223984 0.191868 0.288542 0.165026 0.211859 0.15667 0.272372 0.296392 0.247606 0.173621
threshold=22.166666666666668 0 1 1.3225635810616778 1.4903168760308272 15.650000000000002 12.79166666666667 21.683333333333337 20.525000000000002 20.225000000000005 2 20.625000000000004 20.883333333333336 21.008333333333336
decision_type=2 9 9 2 2 2 2 2 2 2 9 2 2 2
left_child=2 -2 3 7 9 6 -6 8 -1 -4 12 -12 -11 -13
right_child=1 -3 4 -5 5 -7 -8 -9 -10 10 11 13 -14 -15
leaf_value=-6.464388778268314e-05 0.00026398321362228324 -4.840964529666001e-05 2.3508762933714918e-05 0.0027904804908777925 -0.0029114484603348896 -0.0011241202646738895 0.0016517304905174586 -0.00029730476686153047 0.00076814574512936373 -0.0022839590406757127 -0.002146132587139062 0.0006069227769463397 0.0027193743824279653 -0.0011709393021141295
leaf_weight=3965 102 213 8521 97 89 42 101 71 99 45 41 52 58 94
leaf_count=3965 102 213 8521 97 89 42 101 71 99 45 41 52 58 94
internal_value=-1.47165e-05 0.00119048 -4.33143e-05 -0.000280528 6.79335e-05 -0.00146552 -0.000789473 -0.000356711 -0.00031496 0.000108387 -0.00103448 -0.0021066 0.0010177 -0.00116438
internal_weight=13590 315 13275 4232 9043 232 190 4135 4064 8811 290 187 103 146
internal_count=13590 315 13275 4232 9043 232 190 4135 4064 8811 290 187 103 146
cat_boundaries=0 2 4 6
cat_threshold=2684354560 2060 2820735491 49665 131072 2084
is_linear=0
shrinkage=0.05


Tree=235
num_leaves=15
num_cat=6
split_feature=0 5 6 6 0 5 0 5 0 5 6 5 0 0
split_gain=0.232458 0.167322 0.379307 0.356338 0.184417 0.147311 0.264927 0.258362 0.216707 0.240893 0.233945 0.177764 0.503723 0.15505
threshold=0 2.5000000000000004 1.8196118850109693 1.957231865133048 1 2.5000000000000004 2 1.0000000180025095e-35 3 4.5000000000000009 1.7215724797947727 1.5000000000000002 4 5
decision_type=9 2 2 2 9 2 9 2 9 2 2 2 9 9
left_child=1 3 -3 4 -1 6 7 -2 9 -7 -10 13 -13 -8
right_child=5 2 -4 -5 -6 8 11 -9 10 -11 -12 12 -14 -15
leaf_value=3.4932184219324166e-05 6.2964424791315542e-05 -2.249917372194711e-06 0.0065541139547451617 -0.0072507696196832247 -8.8959366079267377e-05 -0.00019187761338288443 -0.00027556004137732989 0.00017865202511321745 0.00018880619568381959 4.8761702933078325e-05 -0.007037887853211024 0.0009616708792558543 -3.6401123140127238e-05 9.0655260105041975e-05
leaf_weight=923 200 3212 56 52 1443 1121 520 378 2277 1074 42 468 520 1308
leaf_count=923 200 3212 56 52 1443 1121 520 378 2277 1074 42 468 520 1308
internal_value=3.82524e-05 -0.000205407 2.754e-05 -0.000521092 -0.000431107 0.000213438 0.000462581 0.00142857 2.65841e-05 -0.000328798 0.000362817 0.000258316 0.000799595 -3.28226e-05
internal_weight=13594 5686 3268 2418 2366 7908 3394 578 4514 2195 2319 2816 988 1828
internal_count=13594 5686 3268 2418 2366 7908 3394 578 4514 2195 2319 2816 988 1828
cat_boundaries=0 2 4 6 8 10 12
cat_threshold=3892314627 83981 1207959555 5 16392 1040 2310144 1170 3342336 130 1179776 32896
is_linear=0
shrinkage=0.05


Tree=236
num_leaves=15
num_cat=1
split_feature=0 6 4 5 4 4 4 4 4 5 4 5 4 4
split_gain=0.262506 0.194939 0.130088 0.108139 0.184233 0.200287 0.137376 0.392767 0.133985 0.315778 0.131246 0.276742 0.246657 0.171948
threshold=0 1.4874286478830445 19.908333333333335 1.0000000180025095e-35 10.29166666666667 16.975000000000005 8.408333333333335 9.3750000000000018 12.858333333333336 4.5000000000000009 15.375000000000002 1.5000000000000002 14.575000000000001 13.491666666666669
decision_type=9 2 2 2 2 2 2 2 2 2 2 2 2 2
left_child=1 2 3 4 -1 -6 -5 -8 9 -9 12 -12 13 -10
right_child=-2 -3 -4 6 5 -7 7 8 10 -11 11 -13 -14 -15
leaf_value=-7.342666827209119e-06 -8.7467793386926155e-06 0.0028926264662182716 0.0002127002189430846 0.00020616284920732606 0.00023421544488624551 0.00050161578092367714 -0.00034845152809780881 0.00011768164250409442 -3.2119726960638186e-05 -1.1829352576034291e-05 -0.00024904095222416992 0.0002189916729404129 -0.00055065551925564135 0.00014107407219009341
leaf_weight=47 11754 61 133 220 68 107 62 177 67 109 131 589 55 52
leaf_count=47 11754 61 133 220 68 107 62 177 67 109 131 589 55 52
internal_value=3.00765e-05 0.000577331 0.000487067 0.000368171 0.0013964 0.00214286 0.000212038 8.05172e-06 0.000211865 0.00115385 -8.94853e-05 0.000208334 -0.00132184 -4.20166e-05
internal_weight=13632 1878 1817 1684 222 175 1462 1242 1180 286 894 720 174 119
internal_count=13632 1878 1817 1684 222 175 1462 1242 1180 286 894 720 174 119
cat_boundaries=0 2
cat_threshold=537936898 32768
is_linear=0
shrinkage=0.05


Tree=237
num_leaves=15
num_cat=3
split_feature=0 4 2 5 5 0 4 4 2 4 0 4 4 4
split_gain=0.174205 0.31227 0.505237 0.141412 0.37608 0.453117 0.371649 0.178009 0.411484 0.287745 0.267372 0.277268 0.186568 0.235233
threshold=0 1.2750000000000001 295.25000000000006 3.5000000000000004 4.5000000000000009 1 8.6416666666666675 17.125000000000004 267.85000000000008 15.608333333333336 2 12.008333333333335 13.241666666666669 11.441666666666668
decision_type=9 2 2 2 2 9 2 2 2 2 9 2 2 2
left_child=1 2 -1 -3 5 -5 -7 9 -9 10 11 -8 13 -12
right_child=-2 3 -4 4 -6 6 7 8 -10 -11 12 -13 -14 -15
leaf_value=0.00011091990928117767 2.832660080792499e-05 2.7406689064416201e-05 -0.0027193211232932656 -0.0019321736289861801 4.3217996384471203e-05 0.00091077397190040827 -0.00037769599933063988 -0.00034880311962167125 0.0019832657808362244 -0.0026208727261432694 -0.00042767526276430855 0.0028754762690756247 -0.00076792920195252804 0.00033436213993224016
leaf_weight=70 7310 3507 47 270 1755 85 79 96 79 69 76 73 51 45
leaf_count=70 7310 3507 47 270 1755 85 79 96 79 69 76 73 51 45
internal_value=5.95065e-05 -0.00013308 -0.00269231 -8.48826e-05 -0.000358476 -0.00117551 -0.000429864 -0.000897887 0.000428572 -0.00148855 -0.000864197 0.000679013 -0.00214286 -0.00119835
internal_weight=13612 6302 117 6185 2678 923 653 568 175 393 324 152 172 121
internal_count=13612 6302 117 6185 2678 923 653 568 175 393 324 152 172 121
cat_boundaries=0 2 4 6
cat_threshold=3424715265 83094 136314880 1040 2147549184 65664
is_linear=0
shrinkage=0.05


Tree=238
num_leaves=15
num_cat=4
split_feature=0 6 6 4 5 6 0 5 4 4 4 0 5 0
split_gain=0.233474 0.209472 0.159294 0.373486 0.330381 0.208282 0.150605 0.157982 0.2446 0.415641 0.755166 0.857954 0.521154 0.38575
threshold=0 1.4647778729936263 1.3225635810616778 18.225000000000005 3.5000000000000004 2.2312970028610066 1 2.5000000000000004 11.208333333333334 14.375000000000002 13.991666666666669 2 1.0000000180025095e-35 3
decision_type=9 2 2 2 2 2 9 2 2 2 2 9 2 9
left_child=1 -1 6 4 -4 -6 -2 8 13 10 11 -10 -13 -8
right_child=2 -3 3 -5 5 -7 7 -9 9 -11 -12 12 -14 -15
leaf_value=-4.7967559176790297e-05 0.00059848591832425383 0.00083850475440847201 -0.0026147414661197893 0.004543172274980173 -0.00054696658988855052 0.0075140619711632807 5.5975742844524222e-06 -1.8805601788054725e-05 -0.0017486644755300097 0.00010759300237913808 -0.0029024322599315801 -0.00045651990251820563 0.0015656069279117646 0.00064776755925540722
leaf_weight=4555 142 145 91 46 48 41 592 4979 297 1853 94 103 205 518
leaf_count=4555 142 145 91 46 48 41 592 4979 297 1853 94 103 205 518
internal_value=-3.31897e-05 -0.000318471 0.000115867 -0.00119469 -0.00222222 -5.61796e-05 0.000149721 0.000121951 0.000371382 0.000101881 -0.000937053 -0.000289256 0.00154088 0.000990991
internal_weight=13709 4700 9009 226 180 89 8783 8641 3662 2552 699 605 308 1110
internal_count=13709 4700 9009 226 180 89 8783 8641 3662 2552 699 605 308 1110
cat_boundaries=0 2 3 5 7
cat_threshold=2686534160 114700 1025 0 2272 1209008256 2640
is_linear=0
shrinkage=0.05


Tree=239
num_leaves=15
num_cat=2
split_feature=0 4 4 2 4 4 4 4 4 4 0 5 5 5
split_gain=0.16315 0.217927 0.250968 0.376305 0.198266 0.253913 0.159439 0.180655 0.477319 0.403849 0.290697 0.238202 0.240219 0.542666
threshold=0 17.458333333333336 18.058333333333337 295.25000000000006 23.375000000000004 20.225000000000005 19.908333333333335 17.241666666666671 17.758333333333336 16.975000000000005 1 5.5000000000000009 1.0000000180025095e-35 1.5000000000000002
decision_type=9 2 2 2 2 2 2 2 2 2 9 2 2 2
left_child=1 -1 3 -3 5 6 7 9 -9 -2 11 12 -10 -14
right_child=4 2 -4 -5 -6 -7 -8 8 10 -11 -12 -13 13 -15
leaf_value=-7.1753611921040358e-05 2.757934911884229e-05 0.0020629154161613292 -9.4227051072181546e-06 8.1027692133686527e-05 0.00057783763395632807 -0.00026615510538166749 0.00069726496978324217 -0.0016649131607312192 -0.00097347777550810049 0.0023295492164878331 0.0002503312929840557 -0.0019718111067884175 0.0015928754609247108 -0.00023203268498339321
leaf_weight=4599 4620 83 1206 282 54 355 91 198 66 173 1359 83 77 336
leaf_count=4599 4620 83 1206 282 54 355 91 198 66 173 1359 83 77 336
internal_value=-2.87143e-05 -0.000218446 0.000289625 0.00143836 0.000129345 0.000107366 0.000173497 0.000146123 -0.00023832 0.000316086 2.603e-06 -0.000944056 -0.000532359 -8.47456e-05
internal_weight=13582 6170 1571 365 7412 7358 7003 6912 2119 4793 1921 562 479 413
internal_count=13582 6170 1571 365 7412 7358 7003 6912 2119 4793 1921 562 479 413
cat_boundaries=0 2 4
cat_threshold=3422749329 18447 536870914 66768
is_linear=0
shrinkage=0.05


Tree=240
num_leaves=15
num_cat=0
split_feature=4 4 4 5 6 4 6 3 5 4 4 4 4 3
split_gain=0.0792488 0.0926476 0.235315 0.282404 0.169407 0.169173 0.154264 0.10573 0.208177 0.397859 0.325465 0.214613 0.200879 0.242773
threshold=23.375000000000004 18.625000000000004 18.391666666666669 3.5000000000000004 2.6495975099665858 18.275000000000002 1.3355396910605088 11.750000000000002 2.5000000000000004 22.008333333333336 22.008333333333336 21.008333333333336 20.141666666666669 49.000000000000007
decision_type=2 2 2 2 2 2 2 2 2 2 2 2 2 2
left_child=1 2 4 -4 5 -1 7 -3 10 11 12 -10 13 -9
right_child=-2 6 3 -5 -6 -7 -8 8 9 -11 -12 -13 -14 -15
leaf_value=-4.1905882923948923e-06 0.00015677316262012743 -0.00014529685517930316 0.0025182304614263344 -0.00090736920459393705 -0.002134097464035754 -0.00045664706164520768 0.0026529031939377824 -1.4506512302723851e-05 0.00067719323227816359 0.0031840791674685297 -0.00074519068263800381 -0.00093869289003175932 0.00056536370389325026 -0.0030038759842153828
leaf_weight=11333 96 1030 101 83 58 74 54 188 341 66 52 42 79 42
leaf_count=11333 96 1030 101 83 58 74 54 188 341 66 52 42 79 42
internal_value=-7.73515e-05 -8.74989e-05 -3.47667e-05 0.00173913 -6.32357e-05 -4.95308e-05 -0.000411827 -0.00048913 -6.17282e-05 0.000657016 -0.000955678 3.91647e-05 -0.000339806 -0.00108696
internal_weight=13639 13543 11649 184 11465 11407 1894 1840 810 449 361 383 309 230
internal_count=13639 13543 11649 184 11465 11407 1894 1840 810 449 361 383 309 230
is_linear=0
shrinkage=0.05


Tree=241
num_leaves=15
num_cat=8
split_feature=0 5 6 0 5 0 0 5 0 0 5 0 5 0
split_gain=0.163467 0.120478 0.223402 0.158168 0.144034 0.170465 0.134911 0.0807346 0.167817 0.154254 0.0746552 0.33028 0.190915 0.131807
threshold=0 3.5000000000000004 1.8305237646592867 1 1.5000000000000002 2 3 2.5000000000000004 4 5 1.5000000000000002 6 1.0000000180025095e-35 7
decision_type=9 2 2 9 2 9 9 2 9 9 2 9 2 9
left_child=1 2 3 -1 5 -5 -3 9 -9 -6 11 -2 -13 -14
right_child=10 6 -4 4 7 -7 -8 8 -10 -11 -12 12 13 -15
leaf_value=-5.7170199879105593e-05 -2.8265035225314081e-05 -8.4340421520252211e-05 -0.0034513294905734447 -0.00048899160719621283 0.0008097889667419341 3.4826983954863559e-05 -4.8201826925752917e-05 -0.00010327364278554725 0.00053239895410566948 1.7967072094602721e-05 1.216565723039831e-05 3.9180001924729847e-05 0.00076143263200130398 0.0015211495746252929
leaf_weight=331 1066 427 40 446 243 1037 2132 251 482 546 5534 537 279 235
leaf_count=331 1066 427 40 446 243 1037 2132 251 482 546 5534 537 279 235
internal_value=-3.45942e-05 -0.000231287 -3.55448e-05 8.99299e-06 0.000124378 -0.000225893 -0.000490426 0.000466492 8.86769e-05 0.000817491 0.000118131 0.000370808 0.000994345 0.00169261
internal_weight=13586 5935 3376 3336 3005 1483 2559 1522 733 789 7651 2117 1051 514
internal_count=13586 5935 3376 3336 3005 1483 2559 1522 733 789 7651 2117 1051 514
cat_boundaries=0 2 4 6 8 10 12 14 16
cat_threshold=1143031297 84614 67174401 81920 512 2176 1075840512 16384 16384 132 0 132 537919616 32841 2281701376 32
is_linear=0
shrinkage=0.05


Tree=242
num_leaves=15
num_cat=5
split_feature=0 0 6 5 5 5 0 2 0 5 2 5 0 6
split_gain=0.175082 0.0918317 0.096228 0.102799 0.119011 0.0636443 0.186854 0.0936424 0.085323 0.121472 0.101484 0.0566137 0.115502 0.0516758
threshold=0 1 1.4874286478830445 3.5000000000000004 5.5000000000000009 4.5000000000000009 2 1544.7500000000002 3 3.5000000000000004 1189.6500000000003 3.5000000000000004 4 1.4903168760308272
decision_type=9 9 2 2 2 2 9 2 9 2 2 2 9 2
left_child=-1 2 3 -2 -5 8 7 13 9 -3 -11 -10 -13 -7
right_child=1 5 -4 4 -6 6 -8 -9 11 10 -12 12 -14 -15
leaf_value=-3.5563493033774971e-05 5.4441014797804085e-05 -3.4619316182375063e-05 0.0024989721025987376 -6.4704273450403782e-05 8.4014347387003033e-05 0.0003327337245426366 -7.2817141423344721e-06 0.0010411874551666249 3.6835426665127475e-06 -0.00072842096052264235 0.00011536562769924311 -0.00011053038689648998 0.00032162984241295833 -0.00066780168623495069
leaf_weight=4308 624 1360 46 300 174 980 1162 107 3308 257 77 269 629 41
leaf_count=4308 624 1360 46 300 174 980 1162 107 3308 257 77 269 629 41
internal_value=4.10499e-05 0.000162671 0.000580589 0.000491803 -6.3291e-05 0.000103659 0.000327511 0.000782074 1.69493e-05 -0.00028169 -0.00113772 0.000137571 0.000489978 0.000641528
internal_weight=13642 9334 1144 1098 474 8190 2290 1128 5900 1694 334 4206 898 1021
internal_count=13642 9334 1144 1098 474 8190 2290 1128 5900 1694 334 4206 898 1021
cat_boundaries=0 2 4 6 8 10
cat_threshold=1140916242 68619 671089160 16384 131073 32948 131073 32788 0 640
is_linear=0
shrinkage=0.05


Tree=243
num_leaves=15
num_cat=3
split_feature=0 4 4 4 0 4 0 4 4 5 4 4 4 5
split_gain=0.147933 0.188594 0.574698 0.486677 0.378148 0.296956 0.340283 0.498843 0.220417 0.198967 0.229757 0.359786 0.445708 0.189866
threshold=0 14.775000000000002 13.941666666666668 13.591666666666669 1 8.408333333333335 2 12.79166666666667 8.0083333333333346 1.0000000180025095e-35 9.7750000000000021 12.141666666666667 10.958333333333334 1.0000000180025095e-35
decision_type=9 2 2 2 9 2 9 2 2 2 2 2 2 2
left_child=1 2 3 5 13 8 7 -7 -1 10 -8 12 -12 -3
right_child=-2 4 -4 -5 -6 6 9 -9 -10 -11 11 -13 -14 -15
leaf_value=-9.4199955615917774e-05 3.6701645531792381e-05 0.00020296247740852027 0.00050273086949267107 -0.001421282852124951 -9.0974423154118909e-05 -5.7744311213785321e-07 0.0063354702025093567 -0.00020279087210341618 -0.00047572866080307895 0.00093188124434912803 -0.00041142824323349078 0.0022033829448975823 -0.0040374175231215536 -0.0013360052868644696
leaf_weight=600 8456 47 279 100 2245 330 41 53 108 1053 47 47 40 246
leaf_count=600 8456 47 279 100 2245 330 41 53 108 1053 47 47 40 246
internal_value=8.10694e-05 -0.000127716 0.000163084 -8.47456e-05 -0.000437352 6.25271e-05 0.000437617 -0.000852417 -0.00079096 0.000840065 -0.000714286 -0.00171642 -0.00362069 -0.00209571
internal_weight=13692 5236 2698 2419 2538 2319 1611 383 708 1228 175 134 87 293
internal_count=13692 5236 2698 2419 2538 2319 1611 383 708 1228 175 134 87 293
cat_boundaries=0 2 4 5
cat_threshold=203638296 68629 67109888 66560 136397312
is_linear=0
shrinkage=0.05


Tree=244
num_leaves=15
num_cat=0
split_feature=6 4 4 5 5 6 2 4 4 2 4 5 4 4
split_gain=0.169883 0.259047 0.122188 0.0913874 0.273188 0.0685505 0.235192 0.0711858 0.234011 0.102764 0.0946603 0.488616 0.303535 0.213333
threshold=1.7292853869062212 4.8750000000000009 17.758333333333336 2.5000000000000004 4.5000000000000009 1.3225635810616778 102.90000000000002 17.825000000000003 17.675000000000004 5596.7500000000009 22.166666666666668 2.5000000000000004 23.375000000000004 23.208333333333336
decision_type=2 2 2 2 2 2 2 2 2 2 2 2 2 2
left_child=5 -2 3 -3 -5 7 -7 8 9 -1 -9 12 -12 -13
right_child=1 2 -4 4 -6 6 -8 10 -10 -11 11 13 -14 -15
leaf_value=1.155422708805713e-06 -0.0037585699153006276 0.0019190482056030999 0.0021951462282102231 -0.0014382330749799299 0.0031311308583172348 0.0010089928436386238 -0.00088328368863185174 -5.4940738029955393e-05 0.00062220043191967445 0.0010114612280380003 -0.00070057714386375378 0.00080763845910793814 0.00037080847142868123 -3.175662655161647e-06
leaf_weight=9378 40 46 89 45 58 43 60 3431 99 91 92 100 57 50
leaf_count=9378 40 46 89 45 58 43 60 3431 99 91 92 100 57 50
internal_value=-3.65338e-07 0.00122302 0.00184874 0.000973155 0.000145631 -2.57442e-05 -0.00131068 -1.57917e-05 5.64383e-05 3.11545e-05 -0.000201072 0.000652174 -0.00137584 0.00266667
internal_weight=13679 278 238 149 103 13401 103 13298 9568 9469 3730 299 149 150
internal_count=13679 278 238 149 103 13401 103 13298 9568 9469 3730 299 149 150
is_linear=0
shrinkage=0.05


Tree=245
num_leaves=15
num_cat=4
split_feature=0 4 0 4 4 2 4 4 0 4 4 4 4 0
split_gain=0.2686 0.156352 0.332753 0.364069 0.35827 0.306383 0.265274 0.232566 0.194368 0.28836 0.246575 0.107668 0.258707 0.0873586
threshold=0 4.0083333333333337 1 3.058333333333334 1.0083333333333335 325.55000000000007 4.5666666666666673 3.5666666666666669 2 1.5083333333333335 1.7500000000000002 23.375000000000004 22.975000000000005 3
decision_type=9 2 9 2 2 2 2 2 9 2 2 2 2 9
left_child=-1 2 7 4 -4 -6 -3 8 9 -2 -10 12 13 -8
right_child=1 6 3 -5 5 -7 11 -9 10 -11 -12 -13 -14 -15
leaf_value=-3.7313615438364686e-05 -0.0017158531880095175 0.0031844160286385891 0.0013423699357970166 0.0029411740874401107 -0.0020719696481157138 0.0014587914290300156 -2.2191512786062732e-05 -0.002156009771846084 -4.0835213811462124e-05 0.0021959961439115177 -0.00066300230888009749 0.00068903994254966203 -0.0014363916309236098 0.00016532822093510947
leaf_weight=5841 69 64 79 60 96 45 1982 45 73 86 73 57 47 5045
leaf_count=5841 69 64 79 60 96 45 1982 45 73 86 73 57 47 5045
internal_value=-2.48864e-05 0.000166646 -0.000591054 0.000689655 -0.000227273 -0.00173759 0.000232801 -0.00160112 -0.00114618 0.000151515 -0.00237179 0.000204039 0.000186599 0.000211328
internal_weight=13662 7821 626 280 220 141 7195 346 301 155 146 7131 7074 7027
internal_count=13662 7821 626 280 220 141 7195 346 301 155 146 7131 7074 7027
cat_boundaries=0 2 4 6 8
cat_threshold=3827515411 19473 135266304 550 1048576 36 640 98440
is_linear=0
shrinkage=0.05


Tree=246
num_leaves=15
num_cat=2
split_feature=0 4 4 4 4 4 5 4 4 2 4 5 4 0
split_gain=0.371045 0.241652 0.167156 0.31095 0.23006 0.262284 0.627262 0.469725 0.425776 0.293162 1.16806 0.253161 0.298818 0.253274
threshold=0 23.375000000000004 4.0083333333333337 3.2583333333333337 9.3750000000000018 10.575000000000001 1.0000000180025095e-35 10.29166666666667 10.008333333333335 295.25000000000006 9.7750000000000021 1.5000000000000002 8.7250000000000014 1
decision_type=9 2 2 2 2 2 2 2 2 2 2 2 2 9
left_child=-1 2 3 -2 11 6 -6 8 9 -8 -11 12 13 -4
right_child=1 -3 4 -5 5 -7 7 -9 -10 10 -12 -13 -14 -15
leaf_value=-4.4728977018292573e-05 -7.6733207271437615e-05 0.0015011271730043466 -0.0017191317842215358 -0.0011821644703475496 -0.0018555698113934351 4.9891159416203437e-05 3.9375792396841246e-05 -0.0014550502307723017 0.0023988959430695828 0.0024485195757161377 -0.0019380411667181759 0.00049117254924360048 0.0016578003476107252 0.00048485866861573386
leaf_weight=6043 495 60 112 97 67 5283 195 109 121 72 48 713 76 103
leaf_count=6043 495 60 112 97 67 5283 195 109 121 72 48 713 76 103
internal_value=-6.10562e-05 0.000172596 0.000147511 -0.000658784 0.000216698 9.75405e-05 -0.000882353 -0.000321101 0.000412844 -0.000555555 -0.0025 0.000916335 -0.00032646 -0.00127907
internal_weight=13594 7551 7491 592 6899 5895 612 545 436 315 120 1004 291 215
internal_count=13594 7551 7491 592 6899 5895 612 545 436 315 120 1004 291 215
cat_boundaries=0 2 4
cat_threshold=1746994202 50233 2147483648 134
is_linear=0
shrinkage=0.05


Tree=247
num_leaves=15
num_cat=3
split_feature=0 6 6 4 5 4 4 4 4 0 4 5 0 4
split_gain=0.20274 0.451343 0.157717 0.150731 0.391304 0.155566 0.151185 0.123944 0.411454 0.750965 0.378077 0.300998 0.606309 0.427887
threshold=0 2.2409863868481232 2.6495975099665858 22.450000000000003 2.5000000000000004 21.891666666666669 21.19166666666667 11.975000000000001 13.075000000000001 1 12.725000000000001 1.0000000180025095e-35 2 16.425000000000004
decision_type=9 2 2 2 2 2 2 2 2 9 2 2 9 2
left_child=2 3 7 5 -5 6 -2 -1 9 -9 -11 12 13 -10
right_child=1 -3 -4 4 -6 -7 -8 8 11 10 -12 -13 -14 -15
leaf_value=7.6652450709414259e-05 -3.9143412415083822e-05 0.006853824681054989 -0.0012997557951605313 -0.00037891820687674019 0.00023210150423911191 -9.4210866338901883e-05 0.0011643996739243497 -0.0016471175962003003 -0.0043327046795800976 0.00018078866494446926 -0.00012256914271448113 6.6593553851168749e-06 0.00071186920087504062 0.00014131453846488203
leaf_weight=3071 5016 41 53 46 46 42 43 114 54 278 160 4014 507 106
leaf_count=3071 5016 41 53 46 46 42 43 114 54 278 160 4014 507 106
internal_value=1.87626e-05 -0.000225019 0.000171507 -0.000266705 0.00173913 -0.000302882 -0.000277723 0.000189066 4.10856e-05 -0.00125 -0.000245536 0.000193335 0.00117691 -0.00147059
internal_weight=13591 5234 8357 5193 92 5101 5059 8304 5233 552 438 4681 667 160
internal_count=13591 5234 8357 5193 92 5101 5059 8304 5233 552 438 4681 667 160
cat_boundaries=0 2 4 6
cat_threshold=2283946011 2780 0 192 131072 528
is_linear=0
shrinkage=0.05


Tree=248
num_leaves=15
num_cat=3
split_feature=0 4 4 4 0 5 5 0 4 4 4 4 5 4
split_gain=0.231995 0.220641 0.092703 0.328457 0.270912 0.560668 0.329335 0.147153 0.185431 0.436075 0.305388 0.226985 0.199775 0.19644
threshold=0 23.125000000000004 18.925000000000004 19.475000000000005 1 3.5000000000000004 2.5000000000000004 2 14.008333333333335 15.258333333333335 2.8916666666666671 17.825000000000003 3.5000000000000004 4.8750000000000009
decision_type=9 2 2 2 9 2 2 9 2 2 2 2 2 2
left_child=1 -1 7 4 6 -6 -4 8 10 -10 -2 12 -11 -12
right_child=2 -3 3 -5 5 -7 -8 -9 9 11 13 -13 -14 -15
leaf_value=-3.1697413726093483e-05 -0.00087141861842137682 -7.8048276292714546e-05 -0.00052016248053046298 5.4759603649079198e-05 -0.00061655853644930567 -0.0038628694298946317 0.0011558416886394147 3.2796706655994045e-05 -0.0012726746776459382 0.0028443087830483152 0.0027488612482623413 0.00021123615909445219 0.001332244614344431 0.00046358312676191959
leaf_weight=4746 57 53 60 888 91 75 64 6408 78 104 45 499 59 417
leaf_count=4746 57 53 60 888 91 75 64 6408 78 104 45 499 59 417
internal_value=-2.19858e-06 -0.000281763 0.000149633 -0.000263158 -0.00172414 -0.00295455 0.000149254 0.000213252 0.00070528 0.000202703 0.00143545 0.000619336 0.00223926 0.00186147
internal_weight=13644 4799 8845 1178 290 166 124 7667 1259 740 519 662 163 462
internal_count=13644 4799 8845 1178 290 166 124 7667 1259 740 519 662 163 462
cat_boundaries=0 2 4 6
cat_threshold=672350363 84996 3221225472 67 69207040 8
is_linear=0
shrinkage=0.05


Tree=249
num_leaves=15
num_cat=0
split_feature=3 6 5 5 2 4 3 4 4 4 4 2 4 2
split_gain=0.0848499 0.246257 0.315309 0.152031 0.410815 0.264032 0.31161 0.281089 0.234261 0.180529 0.306298 0.297651 0.243503 0.215605
threshold=7.0000000000000009 1.5127994973200007 3.5000000000000004 1.5000000000000002 5596.7500000000009 20.991666666666671 19.400000000000002 20.141666666666669 1.0083333333333335 11.208333333333334 11.591666666666669 189.85000000000002 10.441666666666668 560.05000000000007
decision_type=2 2 2 2 2 2 2 2 2 2 2 2 2 2
left_child=1 -1 -3 4 5 7 -7 8 -2 11 -11 -10 13 -13
right_child=3 2 -4 -5 -6 6 -8 -9 9 10 -12 12 -14 -15
leaf_value=1.0979908856508317e-05 -0.0011451854581273502 -0.00039084406300452586 0.0085515765579364505 5.766719476333665e-06 0.0016058844672015992 -9.693322951722474e-05 -0.00077997743265136499 0.00055822474377584567 0.00379019833325183 -0.0021059741655111929 -0.00013468838018417423 -0.00025364440867458237 0.0010252596139006492 0.00013318535750153661
leaf_weight=3956 44 53 77 6856 51 62 45 40 94 53 1651 266 103 273
leaf_count=3956 44 53 77 6856 51 62 45 40 94 53 1651 266 103 273
internal_value=-2.42218e-05 0.000166422 0.00230769 -0.000105892 -0.000425056 -0.000511212 -0.00294392 -0.000408082 -0.00047504 -0.000409836 -0.000692488 0.000244565 -0.000140187 -0.000565863
internal_weight=13624 4086 130 9538 2682 2631 107 2524 2484 2440 1704 736 642 539
internal_count=13624 4086 130 9538 2682 2631 107 2524 2484 2440 1704 736 642 539
is_linear=0
shrinkage=0.05


end of trees

feature_importances:
Column_4=1533
Column_0=796
Column_5=539
Column_6=265
Column_2=236
Column_3=102
Column_7=18
Column_1=11

parameters:
[boosting: gbdt]
[objective: quantile]
[metric: quantile]
[tree_learner: serial]
[device_type: cpu]
[data_sample_strategy: bagging]
[data: ]
[valid: ]
[num_iterations: 250]
[learning_rate: 0.05]
[num_leaves: 15]
[num_threads: 8]
[seed: 7]
[deterministic: 0]
[force_col_wise: 0]
[force_row_wise: 0]
[histogram_pool_size: -1]
[max_depth: -1]
[min_data_in_leaf: 40]
[min_sum_hessian_in_leaf: 0.001]
[bagging_fraction: 0.9]
[pos_bagging_fraction: 1]
[neg_bagging_fraction: 1]
[bagging_freq: 1]
[bagging_seed: 17422]
[bagging_by_query: 0]
[feature_fraction: 0.9]
[feature_fraction_bynode: 1]
[feature_fraction_seed: 7040]
[extra_trees: 0]
[extra_seed: 6516]
[early_stopping_round: 0]
[early_stopping_min_delta: 0]
[first_metric_only: 0]
[max_delta_step: 0]
[lambda_l1: 0]
[lambda_l2: 0]
[linear_lambda: 0]
[min_gain_to_split: 0]
[drop_rate: 0.1]
[max_drop: 50]
[skip_drop: 0.5]
[xgboost_dart_mode: 0]
[uniform_drop: 0]
[drop_seed: 15215]
[top_rate: 0.2]
[other_rate: 0.1]
[min_data_per_group: 100]
[max_cat_threshold: 32]
[cat_l2: 10]
[cat_smooth: 10]
[max_cat_to_onehot: 4]
[top_k: 20]
[monotone_constraints: ]
[monotone_constraints_method: basic]
[monotone_penalty: 0]
[feature_contri: ]
[forcedsplits_filename: ]
[refit_decay_rate: 0.9]
[cegb_tradeoff: 1]
[cegb_penalty_split: 0]
[cegb_penalty_feature_lazy: ]
[cegb_penalty_feature_coupled: ]
[path_smooth: 0]
[interaction_constraints: ]
[verbosity: -1]
[saved_feature_importance_type: 0]
[use_quantized_grad: 0]
[num_grad_quant_bins: 4]
[quant_train_renew_leaf: 0]
[stochastic_rounding: 1]
[linear_tree: 0]
[max_bin: 255]
[max_bin_by_feature: ]
[min_data_in_bin: 3]
[bin_construct_sample_cnt: 200000]
[data_random_seed: 61]
[is_enable_sparse: 1]
[enable_bundle: 1]
[use_missing: 1]
[zero_as_missing: 0]
[feature_pre_filter: 1]
[pre_partition: 0]
[two_round: 0]
[header: 0]
[label_column: ]
[weight_column: ]
[group_column: ]
[ignore_column: ]
[categorical_feature: 0,1]
[forcedbins_filename: ]
[precise_float_parser: 0]
[parser_config_file: ]
[objective_seed: 15521]
[num_class: 1]
[is_unbalance: 0]
[scale_pos_weight: 1]
[sigmoid: 1]
[boost_from_average: 1]
[reg_sqrt: 0]
[alpha: 0.1]
[fair_c: 1]
[poisson_max_delta_step: 0.7]
[tweedie_variance_power: 1.5]
[lambdarank_truncation_level: 30]
[lambdarank_norm: 1]
[label_gain: ]
[lambdarank_position_bias_regularization: 0]
[eval_at: ]
[multi_error_top_k: 1]
[auc_mu_weights: ]
[num_machines: 1]
[local_listen_port: 12400]
[time_out: 120]
[machine_list_filename: ]
[machines: ]
[gpu_platform_id: -1]
[gpu_device_id: -1]
[gpu_device_id_list: ]
[gpu_use_dp: 0]
[num_gpu: 1]

end of parameters

pandas_categorical:null
