tree
version=v4
num_class=1
num_tree_per_iteration=1
label_index=0
max_feature_idx=7
objective=quantile
feature_names=Column_0 Column_1 Column_2 Column_3 Column_4 Column_5 Column_6 Column_7
feature_infos=-1:38:37:43:33:34:36:31:39:41:35:29:20:21:32:30:42:47:27:17:14:48:16:1:0:4:46:9:26:3:10:7 -1:0:1:2:3 [23.899999999999999:7208.8999999999996] [4.5999999999999996:349.30000000000001] [0:23.983333333333334] [0:6] [1:5.3980184264707525] [0:1]
tree_sizes=1408 1492 1498 1504 1516 1493 1514 1510 1490 1508 1494 1481 1495 1494 1516 1511 1510 1509 1501 1500 1488 1509 1517 1503 1520 1517 1518 1499 1517 1497 1487 1512 1507 1509 1521 1495 1506 1509 1504 1503 1494 1525 1501 1489 1512 1485 1498 1505 1515 1519 1495 1468 1520 1491 1531 1517 1503 1483 1529 1524 1508 1517 1515 1473 1520 1520 1525 1524 1533 1480 1500 1517 1517 1514 1523 1472 1524 1530 1519 1512 1504 1521 1515 1531 1522 1530 1543 1513 1513 1522 1524 1514 1530 1532 1514 1496 1508 1497 1520 1503 1503 1504 1515 1516 1507 1503 1514 1472 1539 1526 1504 1519 1525 1513 1521 1514 1510 1542 1502 1499 1509 1530 1477 1519 1530 1501 1526 1519 1507 1508 1523 1534 1517 1520 1524 1519 1517 1520 1511 1531 1503 1510 1488 1523 1536 1534 1508 1508 1532 1504 1539 1525 1551 1509 1537 1550 1509 1501 1536 1495 1531 1520 1550 1543 1524 1530 1539 1538 1531 1520 1530 1536 1539 1490 1515 1565 1522 1515 1516 1524 1535 1497 1494 1529 1522 1509 1525 1514 1520 1531 1524 1517 1504 1538 1538 1506 1517 1507 1532 1533 1504 1479 1513 1523 1497 1533 1536 1489 1558 1507 1509 1509 1485 1521 1517 1519 1504 1477 1517 1521 1527 1487 1523 1523 1533 1531 1496 1521 1518 1556 1516 1523 1529 1509 1526 1514 1499 1522 1535 1519 1484 1542 1524 1521 1486 1494 1524 1514 1515 1471

Tree=0
num_leaves=15
num_cat=6
split_feature=6 0 0 0 2 0 3 4 4 4 0 4 0 4
split_gain=72.4045 59.9907 40.525 7.26827 5.11839 4.80867 2.40095 2.31268 1.61079 1.4212 1.23082 1.8424 1.16523 1.09933
threshold=1.3560995056197489 0 1 2 6411.5000000000009 3 42.300000000000004 1.7500000000000002 16.608333333333338 8.7250000000000014 4 11.591666666666669 5 14.841666666666669
decision_type=2 9 9 9 2 9 2 2 2 2 9 2 9 2
left_child=1 5 4 7 -3 8 -2 -4 13 -7 -9 -12 -5 -1
right_child=6 2 3 12 -6 9 -8 10 -10 -11 11 -13 -14 -15
leaf_value=1.0204082369804381 1.0644981682300567 1.014112901687622 1.0125069335103034 1.015843889117241 1.013268455862999 1.0163754612207412 1.0272290736436844 1.0169514298439026 1.0220087230205537 1.0188692718744279 1.0171516209840774 1.0153654903173446 1.0156649470329284 1.0182658195495606
leaf_weight=1429 334 256 122 1025 57 394 46 2171 741 1674 708 1737 2719 289
leaf_count=1429 334 256 122 1025 57 394 46 2171 741 1674 708 1737 2719 289
internal_value=1.01699 1.01637 1.01397 1.01463 0.996574 1.02105 1.03851 1.01594 1.02255 1.01924 1.01612 1.01535 1.01299 1.02173
internal_weight=13702 13322 8795 8482 313 4527 380 4738 2459 2068 4616 2445 3744 1718
internal_count=13702 13322 8795 8482 313 4527 380 4738 2459 2068 4616 2445 3744 1718
cat_boundaries=0 2 4 6 8 10 12
cat_threshold=2282815504 196 16392 16384 132097 66619 2147483648 132 1024 1058 536870914 32768
is_linear=0
shrinkage=1


Tree=1
num_leaves=15
num_cat=0
split_feature=6 7 2 2 3 2 3 4 2 2 4 5 5 5
split_gain=69.346 33.7268 32.334 21.7318 8.1453 12.3063 2.22883 1.94985 1.89254 1.62586 2.57214 1.6116 1.27625 1.04967
threshold=1.3560995056197489 1.0000000180025095e-35 41.350000000000009 643.9000000000002 9.2500000000000018 304.90000000000003 42.300000000000004 19.758333333333336 518.00000000000011 26.300000000000004 9.6416666666666675 3.5000000000000004 2.5000000000000004 1.5000000000000002
decision_type=2 2 2 2 2 2 2 2 2 2 2 2 2 2
left_child=1 3 7 4 9 -6 -2 13 11 -1 -11 12 -7 -3
right_child=6 2 -4 -5 5 8 -8 -9 -10 10 -12 -13 -14 -15
leaf_value=-0.001414341181516643 0.047653741538524634 -0.00010542057454586141 -0.0026663383841514566 -0.0026727716624736831 0.0036587801575660665 -0.0012315467000007631 0.012500321716070174 -0.0010103861987590835 0.00095179721713065666 -0.0013984044268727292 0.00063046567142009409 -0.0021156384050846078 0.0040513625741004982 -0.00050043568015099014
leaf_weight=812 322 250 268 3054 2453 366 47 85 1923 738 2220 357 108 626
leaf_count=812 322 250 268 3054 2453 366 47 85 1923 738 2220 357 108 626
internal_value=-3.85208e-05 -0.000633484 -0.00852319 0.000172471 0.00141194 0.00269349 0.0213415 -0.00424037 0.000399419 -0.00035809 0.000185936 -0.00159446 0.000316456 -0.00353881
internal_weight=13629 13260 1229 12031 8977 5207 369 961 2754 3770 2958 831 474 876
internal_count=13629 13260 1229 12031 8977 5207 369 961 2754 3770 2958 831 474 876
is_linear=0
shrinkage=0.05


Tree=2
num_leaves=15
num_cat=0
split_feature=6 7 2 2 3 2 3 4 2 2 2 4 5 4
split_gain=67.4496 31.4967 32.6477 19.4687 7.59187 12.9057 2.79343 2.30229 1.64474 1.53786 1.38744 1.12935 1.16248 1.14793
threshold=1.1557608829651618 1.0000000180025095e-35 41.350000000000009 643.9000000000002 9.2500000000000018 304.90000000000003 42.300000000000004 3.058333333333334 576.55000000000007 26.300000000000004 5596.7500000000009 10.075000000000001 3.5000000000000004 13.29166666666667
decision_type=2 2 2 2 2 2 2 2 2 2 2 2 2 2
left_child=1 3 -3 4 7 -6 -2 -1 -7 11 -5 -9 -13 -14
right_child=6 2 -4 10 5 8 -8 9 -10 -11 -12 12 13 -15
leaf_value=-0.0026478523537516565 0.042822298958897602 -0.00038974765315651918 -0.0025390147119760511 -0.0025408437326550517 0.0035191285759210602 -0.0006149420365691217 0.00639196143299341 0.00062483625859022229 0.0010421623066067642 0.0002817138526588603 -0.0043764045313000712 -0.00062823129445314105 -0.0068397524729371054 -0.0024242414310574503
leaf_weight=237 340 952 264 2901 2462 1279 52 165 1481 2735 183 381 60 188
leaf_count=237 340 952 264 2901 2462 1279 52 165 1481 2735 183 381 60 188
internal_value=-3.28947e-05 -0.000635912 -0.00830592 0.00013668 0.00131286 0.00254692 0.0204082 -0.000398301 0.000199275 -7.79258e-05 -0.00329118 -0.00201511 -0.00298092 -0.00564516
internal_weight=13680 13288 1216 12072 8988 5222 392 3766 2760 3529 3084 794 629 248
internal_count=13680 13288 1216 12072 8988 5222 392 3766 2760 3529 3084 794 629 248
is_linear=0
shrinkage=0.05


Tree=3
num_leaves=15
num_cat=5
split_feature=6 0 0 0 0 0 2 3 4 4 4 4 4 6
split_gain=65.0734 49.8015 28.4783 10.6606 6.19247 2.49804 8.29671 2.39852 2.29504 0.965189 1.13346 0.932776 0.884431 1.0566
threshold=1.3560995056197489 0 1 2 3 4 1544.7500000000002 42.300000000000004 10.875000000000002 15.308333333333335 2.8916666666666671 12.008333333333335 4.8750000000000009 1.5127994973200007
decision_type=2 9 9 9 9 9 2 2 2 2 2 2 2 2
left_child=1 3 -3 -1 5 6 -4 12 -5 10 -6 -10 -2 -14
right_child=7 2 4 8 9 -7 -8 -9 11 -11 -12 -13 13 -15
leaf_value=0.0028228731762617756 0.022443560438603172 -0.0022603627048432772 -0.0088903825484216159 -0.00096920945048332161 -0.0032938875209540088 -0.0012175717262551235 -0.0056407776426523953 0.008839294418320055 0.0028562615576200158 -0.0012220259068533746 -0.00050376282744108998 0.00069745284942909769 0.011569673495739709 0.050274944978207364
leaf_weight=3445 40 184 76 1127 184 1560 280 46 216 2075 2041 2064 43 247
leaf_count=3445 40 184 76 1127 184 1560 280 46 216 2075 2041 2064 43 247
internal_value=-3.30203e-05 -0.000615002 -0.00378315 0.00234625 -0.00318824 -0.00555556 -0.00942623 0.0204787 0.000358502 -0.00212297 -0.00140449 0.00127193 0.0219697 0.022931
internal_weight=13628 13252 6400 6852 6216 1916 356 376 3407 4300 2225 2280 330 290
internal_count=13628 13252 6400 6852 6216 1916 356 376 3407 4300 2225 2280 330 290
cat_boundaries=0 2 3 5 7 9
cat_threshold=2349924369 1254 16384 2282815488 132 536870922 49664 0 49152
is_linear=0
shrinkage=0.05


Tree=4
num_leaves=15
num_cat=5
split_feature=6 0 0 3 0 0 3 4 0 4 4 4 4 3
split_gain=60.0225 47.5848 34.1704 8.5839 5.76483 3.27105 2.82048 2.20131 1.3885 1.55357 1.42134 1.14651 1.10124 1.04132
threshold=1.3560995056197489 0 1 287.25000000000006 2 3 42.300000000000004 20.991666666666671 4 11.075000000000001 3.058333333333334 1.7500000000000002 5.4583333333333348 20.000000000000004
decision_type=2 9 9 2 9 9 2 2 9 2 2 2 2 2
left_child=1 3 5 -1 7 12 -2 -4 11 10 -10 -6 13 -3
right_child=6 2 4 -5 8 -7 -8 -9 9 -11 -12 -13 -14 -15
leaf_value=-0.0022890337509289373 0.040268244190402341 -0.0022409068710077529 -0.00080531377521343434 -0.0041974599198345121 -0.0026192068001627878 0.0031463722042180623 0.0054085710141994038 -0.0023506627621967427 -0.0030686616479046582 -0.0012438246106868556 0.00026931014476344606 4.7080496011764339e-05 0.0014322550704260308 0.0045874485592730333
leaf_weight=249 338 178 2487 116 70 2546 43 112 175 2254 825 2444 1742 48
leaf_count=249 338 178 2487 116 70 2546 43 112 175 2254 825 2444 1742 48
internal_value=5.32032e-05 -0.000509588 1.93934e-06 -0.0180667 -0.0018891 0.00350354 0.0196194 -0.00384247 -0.00100381 -0.00168505 -5e-05 -0.000118859 0.00194641 -0.00132743
internal_weight=13627 13246 12881 365 8367 4514 381 2599 5768 3254 1000 2514 1968 226
internal_count=13627 13246 12881 365 8367 4514 381 2599 5768 3254 1000 2514 1968 226
cat_boundaries=0 2 4 6 8 10
cat_threshold=16386 16384 2282815504 196 1612710408 33280 135331840 64 67108865 66594
is_linear=0
shrinkage=0.05


Tree=5
num_leaves=15
num_cat=0
split_feature=6 7 2 2 3 2 3 2 5 4 4 3 4 4
split_gain=54.2679 23.6824 36.0095 16.5977 6.46443 6.79771 2.43582 1.87963 1.66215 1.81328 1.33419 1.26095 1.60208 1.22833
threshold=1.3560995056197489 1.0000000180025095e-35 41.350000000000009 643.9000000000002 9.2500000000000018 325.55000000000007 42.300000000000004 518.00000000000011 5.5000000000000009 12.725000000000001 19.808333333333337 44.050000000000004 20.991666666666671 3.058333333333334
decision_type=2 2 2 2 2 2 2 2 2 2 2 2 2 2
left_child=1 3 10 4 13 -6 -2 8 9 -7 -3 -5 -13 -1
right_child=6 2 -4 11 5 7 -8 -9 -10 -11 -12 12 -14 -15
leaf_value=-0.0021183563434395481 0.037573497023401792 -0.00021440607611601382 -0.0022055183641370379 -0.0010246191669062155 0.0029189048875710058 0.00093009636155981794 0.00535997008971777 0.0011021371325034336 -0.003151853992078563 -0.0019826795395270383 -0.000822361336830535 -0.0030244048560787887 -0.0056899412836837531 -6.6962469390707821e-05
leaf_weight=234 322 877 252 1148 2513 287 44 1907 88 376 86 1850 97 3543
leaf_count=234 322 877 252 1148 2513 287 44 1907 88 376 86 1850 97 3543
internal_value=-3.66999e-06 -0.000527983 -0.00718107 0.000143237 0.00123491 0.00238348 0.0189891 0.000620767 -0.001498 -0.000641026 -0.00277778 -0.00301292 -0.00378788 -0.000337569
internal_weight=13624 13258 1215 12043 8948 5171 366 2658 751 663 963 3095 1947 3777
internal_count=13624 13258 1215 12043 8948 5171 366 2658 751 663 963 3095 1947 3777
is_linear=0
shrinkage=0.05


Tree=6
num_leaves=15
num_cat=6
split_feature=6 0 0 2 0 0 4 2 5 6 0 4 0 4
split_gain=53.7895 52.2027 28.8645 4.46528 4.17472 3.18706 1.56796 1.49499 1.4315 1.36031 1.33196 1.12624 1.07473 1.13941
threshold=1.3560995056197489 0 1 6411.5000000000009 2 3 10.875000000000002 709.9000000000002 5.5000000000000009 2.2916436531882503 4 16.475000000000005 5 9.9916666666666689
decision_type=2 9 9 2 9 9 2 2 2 2 9 2 9 2
left_child=1 3 5 -1 8 11 10 9 -4 -2 -7 -3 -6 -14
right_child=7 2 4 -5 12 6 -8 -9 -10 -11 -12 -13 13 -15
leaf_value=-0.0020743182353817891 0.022417347455925964 0.0024963046844674766 -0.0014243730355363638 -0.0035883820588341608 -0.00013723069815324007 -0.0011710699065834885 0.0013747101757475512 0.012539115974384408 -0.00027897061160436223 0.063949200237698581 0.0024425744407788109 0.0038552525934598351 -5.5845030041745684e-06 -0.00066734530211134404
leaf_weight=252 205 1993 2029 58 2126 421 1390 53 358 119 140 860 845 2761
leaf_count=252 205 1993 2029 58 2126 421 1390 53 358 119 140 860 845 2761
internal_value=1.10213e-05 -0.000519534 -2.51295e-05 -0.0204688 -0.00184217 0.00304321 0.00146609 0.018634 -0.00359825 0.0199074 -0.000757576 0.00411282 -0.00110589 -0.00163164
internal_weight=13610 13233 12923 310 8119 4804 1951 377 2387 324 561 2853 5732 3606
internal_count=13610 13233 12923 310 8119 4804 1951 377 2387 324 561 2853 5732 3606
cat_boundaries=0 2 4 6 8 10 12
cat_threshold=16392 16384 2282816528 1220 538968706 33280 2281766912 132 0 1088 67108864 65570
is_linear=0
shrinkage=0.05


Tree=7
num_leaves=15
num_cat=5
split_feature=6 0 0 2 0 3 5 0 6 0 4 5 4 5
split_gain=49.0193 45.9665 23.5029 10.759 6.11237 2.46489 1.66754 1.51276 1.33763 1.31018 1.72478 1.03086 1.00783 1.22715
threshold=1.4760988674747659 0 1 5596.7500000000009 2 42.300000000000004 1.5000000000000002 3 2.2916436531882503 4 10.875000000000002 1.5000000000000002 8.908333333333335 4.5000000000000009
decision_type=2 9 9 2 9 2 2 9 2 9 2 2 2 2
left_child=1 3 6 -1 9 8 7 -3 11 12 -11 -2 -4 -14
right_child=5 2 4 -5 -6 -7 -8 -9 -10 10 -12 -13 13 -15
leaf_value=-0.0019605902334065561 0.016185749256274962 -0.0017654231182760551 0.00030642397211070319 -0.0031622857903780611 -0.0012401760035861021 0.0072319468434889796 0.00264220694803059 0.001550721570758018 0.060751740225813644 -0.00095222570629088234 0.00074769545559792987 0.023335166507623458 -0.00027565644042275571 -0.00084928412246423337
leaf_weight=253 41 177 391 120 3449 46 2608 857 119 1058 2379 142 1447 548
leaf_count=253 41 177 391 120 3449 46 2608 857 119 1058 2379 142 1447 548
internal_value=-0.000133847 -0.000619026 -0.000112194 -0.0176893 -0.00144904 0.0183908 0.00328587 0.00159574 0.0200331 -0.000458598 0.000166812 0.0173497 -0.00135643 -0.00181704
internal_weight=13635 13287 12914 373 9272 348 3642 1034 302 5823 3437 183 2386 1995
internal_count=13635 13287 12914 373 9272 348 3642 1034 302 5823 3437 183 2386 1995
cat_boundaries=0 2 4 6 7 9
cat_threshold=16386 16384 2349925392 132 1073741825 66683 1049600 1073741824 25
is_linear=0
shrinkage=0.05


Tree=8
num_leaves=15
num_cat=0
split_feature=6 7 2 2 3 2 3 6 4 4 4 2 4 4
split_gain=43.2249 22.6958 36.2845 11.7081 5.40966 5.81647 3.00583 2.28976 2.58336 1.38749 1.1783 1.16074 1.1174 1.60106
threshold=1.3560995056197489 1.0000000180025095e-35 41.350000000000009 643.9000000000002 9.2500000000000018 325.55000000000007 42.300000000000004 1.6160276926508292 5.6750000000000016 3.058333333333334 5.6750000000000016 576.55000000000007 13.375000000000002 19.808333333333337
decision_type=2 2 2 2 2 2 2 2 2 2 2 2 2 2
left_child=1 3 12 4 9 -6 7 -2 -9 -1 -5 -7 -3 -14
right_child=6 2 -4 10 5 11 -8 8 -10 -11 -12 -13 13 -15
leaf_value=-0.0020834916830698271 0.0072656636763461738 -0.00044890616790159714 -0.0018637885774186016 1.8506065705514721e-05 0.0025447405000382454 -0.00038840573826728344 0.004103418444338214 0.016789826294386169 0.041230526861527339 -0.00011665607972468629 -0.0023075464486469856 0.00076761183348274535 1.5883270017769124e-05 -0.00067570497508672171
leaf_weight=251 58 448 248 304 2517 1225 44 40 224 3505 2762 1466 426 90
leaf_count=251 58 448 248 304 2517 1225 44 40 224 3505 2762 1466 426 90
internal_value=-0.000146972 -0.000615466 -0.00713696 4.15628e-05 0.000953815 0.00199693 0.0168033 0.0184783 0.0204545 -0.000492545 -0.00262557 0.000380899 -0.00274896 -0.00116279
internal_weight=13608 13242 1212 12030 8964 5208 366 322 264 3756 3066 2691 964 516
internal_count=13608 13242 1212 12030 8964 5208 366 322 264 3756 3066 2691 964 516
is_linear=0
shrinkage=0.05


Tree=9
num_leaves=15
num_cat=4
split_feature=6 0 0 2 0 3 4 4 6 4 4 4 4 0
split_gain=43.1276 43.3814 20.8677 16.8278 4.84021 2.59548 1.99406 1.5794 1.42542 1.15446 2.36786 1.10319 1.09137 0.909291
threshold=1.4903168760308272 0 1 1544.7500000000002 2 42.300000000000004 10.875000000000002 6.1250000000000009 1.7292853869062212 19.808333333333337 19.591666666666672 22.975000000000005 21.491666666666671 3
decision_type=2 9 9 2 9 2 2 2 2 2 2 2 2 9
left_child=1 3 11 -1 6 7 -4 -2 -9 10 13 12 -3 -6
right_child=5 2 4 -5 9 -7 -8 8 -10 -11 -12 -13 -14 -15
leaf_value=-0.0017891004302859504 0.015950334979666858 0.0019962498563106611 -0.00073900358967605724 -0.0050837812328007942 -0.00093915316397660267 0.0092959368646200798 0.00026907288820198215 0.010881969085566386 0.040242700708041423 -0.0017562444934749234 0.0028699374492010214 -0.0045371987979098694 0.0055384910543278326 -0.0010655670781226868
leaf_weight=258 40 3505 1099 271 2748 42 2833 44 211 415 109 40 100 1908
leaf_count=258 40 3505 1099 271 2748 42 2833 44 211 415 109 40 100 1908
internal_value=-8.25809e-05 -0.000530634 5.6787e-05 -0.0144249 -0.00122232 0.0175816 0.000101471 0.0192373 0.0206863 -0.00222543 -0.00200944 0.00324897 0.00334951 -0.00217998
internal_weight=13623 13286 12757 529 9112 337 3932 295 255 5180 4765 3645 3605 4656
internal_count=13623 13286 12757 529 9112 337 3932 295 255 5180 4765 3645 3605 4656
cat_boundaries=0 2 4 6 8
cat_threshold=16384 49152 2282815505 132 1140981760 66658 520 2073
is_linear=0
shrinkage=0.05


Tree=10
num_leaves=15
num_cat=5
split_feature=0 6 0 2 0 0 3 6 4 5 5 0 4 4
split_gain=50.3579 39.1712 20.1191 8.76751 5.34848 2.73898 1.75303 1.996 1.64276 1.47861 0.994139 0.808957 1.44174 0.84939
threshold=0 1.4760988674747659 1 5596.7500000000009 2 3 42.300000000000004 2.2312970028610066 10.508333333333335 3.5000000000000004 2.5000000000000004 4 10.358333333333336 16.758333333333336
decision_type=9 2 9 2 9 9 2 2 2 2 2 9 2 2
left_child=3 2 4 -1 9 -4 7 10 -6 -2 -3 12 -11 -14
right_child=1 6 5 -5 8 -7 -8 -9 -10 11 -12 -13 13 -15
leaf_value=-0.001699645408771655 0.0015705989091943874 0.014634425473981028 -0.0036457818018252874 -0.0038385464801662553 -0.00049487705903162313 -0.00069129541127636038 0.0097721632519417456 0.052947826259109702 0.00037973995607215594 0.0073349468774293047 0.020326073462335493 0.0020883553094361408 0.002166371047528687 0.0062306961405909746
leaf_weight=272 1950 59 1207 123 1099 4522 40 135 2611 99 105 1109 200 109
leaf_count=272 1950 59 1207 123 1099 4522 40 135 2611 99 105 1109 200 109
internal_value=2.19941e-05 0.000552622 0.000112351 -0.0173457 0.00187491 -0.00209531 0.0173304 0.0186455 0.000551075 0.00328588 0.014939 0.00446605 0.00645933 0.00493528
internal_weight=13640 13245 12906 395 7177 5729 339 299 3710 3467 164 1517 408 309
internal_count=13640 13245 12906 395 7177 5729 339 299 3710 3467 164 1517 408 309
cat_boundaries=0 2 4 6 8 10
cat_threshold=16386 16384 3356558353 1254 2282815488 132 520 33280 65536 4
is_linear=0
shrinkage=0.05


Tree=11
num_leaves=15
num_cat=0
split_feature=6 7 2 2 3 3 2 4 2 4 2 4 4 4
split_gain=34.2739 17.7228 41.7965 10.2914 3.13749 2.78448 3.62051 2.51905 1.6962 1.60732 1.17128 1.85756 1.31103 0.88872
threshold=1.6160276926508292 1.0000000180025095e-35 41.350000000000009 643.9000000000002 20.000000000000004 9.2500000000000018 325.55000000000007 5.6750000000000016 608.50000000000011 3.058333333333334 26.300000000000004 16.475000000000005 20.141666666666669 2.0166666666666671
decision_type=2 2 2 2 2 2 2 2 2 2 2 2 2 2
left_child=1 3 -3 5 7 9 -7 -2 13 -1 11 -11 -13 -8
right_child=4 2 -4 -5 -6 6 8 -9 -10 10 -12 12 -14 -15
leaf_value=-0.0019224948311713176 0.022154031892162074 -0.00019063713922007341 -0.0016249061965377233 -0.0017975091937313143 0.0082841115191991232 0.0020015924397468023 -0.0076634938883221098 0.03452261459741459 0.0015689729322703851 0.00026098144772673251 0.00042617626314428447 -0.0037323698347402345 0.0015605541885349351 2.8505062129446924e-05
leaf_weight=244 40 961 257 3090 51 2548 40 210 565 500 2795 223 53 2086
leaf_count=244 40 961 257 3090 51 2548 40 210 565 500 2795 223 53 2086
internal_value=9.1488e-06 -0.000366712 -0.00611658 0.00020998 0.0166944 0.0010603 0.00180855 0.019 0.000529543 3.27654e-05 0.000301036 -0.00141753 -0.00471014 -0.000117592
internal_weight=13663 13362 1218 12144 301 9054 5239 250 2691 3815 3571 776 276 2126
internal_count=13663 13362 1218 12144 301 9054 5239 250 2691 3815 3571 776 276 2126
is_linear=0
shrinkage=0.05


Tree=12
num_leaves=15
num_cat=4
split_feature=0 6 0 2 3 0 6 0 6 4 4 4 4 4
split_gain=46.7404 31.8346 15.2605 10.545 2.68056 2.02952 1.92673 1.73639 1.26772 1.22926 1.62442 1.10353 3.50144 1.00963
threshold=0 1.6160276926508292 1 5596.7500000000009 20.000000000000004 2 2.2013955467436794 3 2.0154586348681138 15.308333333333335 13.141666666666667 19.525000000000002 20.991666666666671 7.8583333333333343
decision_type=9 2 9 2 2 9 2 9 2 2 2 2 2 2
left_child=3 2 7 -1 6 9 8 -2 -3 10 -4 -11 -13 -9
right_child=1 4 5 -5 -6 -7 -8 13 -10 11 -12 12 -14 -15
leaf_value=-0.0015127543882786755 0.0023793301733282426 0.017635994850818078 -0.0030183563531795579 -0.0032035809926957651 0.0088693495133847066 -0.00036173316083906173 0.044478078728842678 -0.0005559032398272046 0.025170704349714714 -0.0046359762641623283 0.0023444738782091969 0.0067660064930732573 -0.0047474529114687582 0.001050201287075664
leaf_weight=266 1897 64 467 115 50 6916 141 379 41 487 153 53 61 2594
leaf_count=266 1897 64 467 115 50 6916 141 379 41 487 153 53 61 2594
internal_value=-0.000160772 0.000339893 -2.88306e-05 -0.0171995 0.0165541 -0.00135326 0.0186992 0.00218238 0.0135714 -0.00322908 -0.00169355 -0.00486689 -0.000438596 0.00141636
internal_weight=13684 13303 13007 381 296 8137 246 4870 105 1221 620 601 114 2973
internal_count=13684 13303 13007 381 296 8137 246 4870 105 1221 620 601 114 2973
cat_boundaries=0 2 4 6 8
cat_threshold=16386 16384 2349924369 65732 648 33280 134217728 132
is_linear=0
shrinkage=0.05


Tree=13
num_leaves=15
num_cat=6
split_feature=0 6 2 0 3 0 5 6 0 1 5 0 5 2
split_gain=39.6207 29.2284 16.3907 15.5062 3.26322 3.21126 1.59691 1.15135 1.07017 0.824187 1.00984 0.817466 0.805656 1.1867
threshold=0 1.3560995056197489 1544.7500000000002 1 12.550000000000002 2 3.5000000000000004 1.6160276926508292 3 4 4.5000000000000009 5 3.5000000000000004 267.85000000000008
decision_type=9 2 2 9 2 9 2 2 9 1 2 9 2 2
left_child=2 3 -1 8 7 -5 -6 -3 12 10 -7 -12 -2 -14
right_child=1 4 -4 5 6 9 -8 -9 -10 -11 11 -13 13 -15
leaf_value=-0.0014543349606242319 0.00035811459324582853 0.0091004483403869692 -0.0041355108529669785 -4.7155379236540898e-05 0.0055556064836941033 -0.00033587342520891017 0.021801891911459495 0.034171315693318258 0.0021806347000656481 -0.0025690995918560447 -0.0028508743966914165 -0.00058515252438455241 0.00020350968646793978 0.0022627211864407527
leaf_weight=257 1430 41 280 3473 80 2229 43 194 2002 1586 185 656 438 747
leaf_count=257 1430 41 280 3473 80 2229 43 194 2002 1586 185 656 438 747
internal_value=-0.000115461 0.00043465 -0.0132998 3.9228e-05 0.0145251 -0.00127473 0.00792683 0.0179787 0.00235033 -0.00213245 -0.00163961 -0.00312128 0.00166667 0.00263713
internal_weight=13641 13104 537 12746 358 8129 123 235 4617 4656 3070 841 2615 1185
internal_count=13641 13104 537 12746 358 8129 123 235 4617 4656 3070 841 2615 1185
cat_boundaries=0 2 4 6 8 9 11
cat_threshold=16384 49152 2349924368 196 1073873921 66595 2215706624 64 1 0 8
is_linear=0
shrinkage=0.05


Tree=14
num_leaves=15
num_cat=3
split_feature=0 6 0 3 6 0 5 4 5 4 5 4 4 4
split_gain=46.0868 27.0304 14.4099 11.1131 3.75517 2.70538 2.37254 1.23524 0.95181 1.29835 1.01596 1.14744 0.926728 1.17885
threshold=0 1.1557608829651618 1 287.25000000000006 2.2409863868481232 2 2.5000000000000004 18.225000000000005 1.5000000000000002 12.641666666666667 1.0000000180025095e-35 8.0083333333333346 3.058333333333334 0.82500000000000007
decision_type=9 2 9 2 2 9 2 2 2 2 2 2 2 2
left_child=3 2 7 -1 6 12 -3 8 9 10 -2 -12 13 -4
right_child=1 4 5 -5 -6 -7 -8 -9 -10 -11 11 -13 -14 -15
leaf_value=-0.0013656277765159042 0.0037697249727951967 0.0046994435865282741 0.00097699989659934543 -0.0027387910078074534 0.040578385330671873 -0.00086599484924796419 0.014410330984556352 0.0028420366262529085 0.0017010651370225173 -0.00030933219744612163 -0.006389323155073446 0.0021693976192928735 -1.4518039295224883e-05 -0.0022103160053143444
leaf_weight=272 200 90 87 116 147 4381 138 623 2222 483 65 154 4502 154
leaf_count=272 200 90 87 116 147 4381 138 623 2222 483 65 154 4502 154
internal_value=-6.96787e-05 0.000433766 4.85588e-05 -0.0168342 0.0136667 -0.00102365 0.00964912 0.00265504 0.00225672 0.000886918 0.00292363 0.000570776 -0.000194614 -0.00321577
internal_weight=13634 13246 12871 388 375 9124 228 3747 3124 902 419 219 4743 241
internal_count=13634 13246 12871 388 375 9124 228 3747 3124 902 419 219 4743 241
cat_boundaries=0 2 4 6
cat_threshold=16386 16384 2349924881 132 1073873920 66674
is_linear=0
shrinkage=0.05


Tree=15
num_leaves=15
num_cat=5
split_feature=0 0 0 2 0 4 4 4 5 0 4 4 4 3
split_gain=50.5974 18.2909 3.99915 3.70421 1.3541 1.00154 1.43066 0.960347 1.12698 0.93134 0.887866 0.818686 0.683852 0.680978
threshold=0 1 2 643.9000000000002 3 5.6750000000000016 8.1916666666666682 3.058333333333334 1.0000000180025095e-35 4 10.075000000000001 9.7750000000000021 9.5750000000000011 7.0000000000000009
decision_type=9 9 9 2 9 2 2 2 2 9 2 2 2 2
left_child=3 4 5 -1 -2 -3 -7 8 -4 -9 11 12 -11 -10
right_child=1 2 7 -5 -6 6 -8 9 13 10 -12 -13 -14 -15
leaf_value=-0.0013090393288789194 0.0026358426175131125 0.0007133928609344975 -0.0028443204226305282 -0.0029759036045109268 0.0013100790806290453 -0.0059510275729006473 -0.0030826297167666165 0.00014160054354923625 0.00030380122093813522 0.00015220033139381475 -0.0003810164860735155 0.002108323248536559 -0.0022399127552509392 -0.0023224968328520836
leaf_weight=267 1814 114 50 40 2826 42 1084 2659 98 768 3497 77 40 205
leaf_count=267 1814 114 50 40 2826 42 1084 2659 98 768 3497 77 40 205
internal_value=-5.33834e-05 0.000417796 -0.000942851 -0.019795 0.00294624 -0.00356 -0.00404085 -0.00049973 -0.00304533 -0.000372816 -0.000819672 0.00059322 0.000123762 -0.00189769
internal_weight=13581 13274 8634 307 4640 1240 1126 7394 353 7041 4382 885 808 303
internal_count=13581 13274 8634 307 4640 1240 1126 7394 353 7041 4382 885 808 303
cat_boundaries=0 2 4 6 8 10
cat_threshold=16512 16384 2282815504 196 10 33280 65536 132 1073873921 65570
is_linear=0
shrinkage=0.05


Tree=16
num_leaves=15
num_cat=4
split_feature=0 6 0 2 6 5 0 0 4 4 4 4 5 4
split_gain=48.2289 27.5066 13.0144 4.03348 2.88561 3.08377 1.72299 1.51636 1.29922 1.22508 1.17721 1.48874 1.23921 1.92962
threshold=0 1.6027557735239222 1 643.9000000000002 2.4586944599067744 2.5000000000000004 2 3 18.391666666666669 17.241666666666671 3.2583333333333337 10.441666666666668 4.5000000000000009 13.941666666666668
decision_type=9 2 9 2 2 2 9 9 2 2 2 2 2 2
left_child=3 2 7 -1 5 -3 -4 10 -9 -8 -2 -12 -13 -14
right_child=1 4 6 -5 -6 -7 9 8 -10 -11 11 12 13 -15
leaf_value=-0.0012212624427343499 -0.00055303952966855865 0.0030659648138791963 -0.0002768451839399 -0.0028271084242853795 0.049320981827437937 0.021502137622638917 -0.00048154402599463465 0.00047399298597636811 0.0021455618113562281 -0.0015543885586400076 0.0038549037921521757 0.0011677249746482432 0.00036136845683512055 0.0033290056851894346
leaf_weight=257 124 67 4893 42 125 113 1956 2332 374 1386 487 1034 142 248
leaf_count=257 124 67 4893 42 125 113 1956 2332 374 1386 487 1034 142 248
internal_value=-0.000132548 0.000321646 -2.69729e-05 -0.0196602 0.0151639 0.0111111 -0.00122802 0.00205746 0.00127025 -0.00210322 0.00309291 0.00341444 0.00259831 0.005
internal_weight=13580 13281 12976 299 305 180 8235 4741 2706 3342 2035 1911 1424 390
internal_count=13580 13281 12976 299 305 180 8235 4741 2706 3342 2035 1911 1424 390
cat_boundaries=0 2 4 6 8
cat_threshold=16512 16384 2282815505 65732 1140981760 3115 134283264 132
is_linear=0
shrinkage=0.05


Tree=17
num_leaves=15
num_cat=5
split_feature=0 6 0 2 3 0 4 4 0 0 4 4 5 4
split_gain=48.1372 25.561 12.5559 5.88118 2.41624 2.08019 1.66695 1.44707 1.22979 0.991894 1.25687 1.74362 0.920221 1.31751
threshold=0 1.6160276926508292 1 6411.5000000000009 20.000000000000004 2 6.6916666666666673 4.2750000000000012 3 4 19.525000000000002 21.341666666666672 1.5000000000000002 19.958333333333336
decision_type=9 2 9 2 2 9 2 2 9 9 2 2 2 2
left_child=3 2 7 -1 6 12 -3 8 -2 -7 -11 -12 13 -4
right_child=1 4 5 -5 -6 9 -8 -9 -10 10 11 -13 -14 -15
leaf_value=-0.0011569612982702093 -0.0017867217504195288 0.015976630229436611 0.00039403981285054404 -0.0027314830999223801 0.0045013845216564435 -0.0010099063839133615 0.028698063052123635 0.0013887010137844269 0.0023126672664643857 -0.0030188700237988395 0.0052434920065155327 -0.0026906591508153777 -0.00021972242059404846 -0.0018690002615323054
leaf_weight=266 257 40 951 58 46 3456 205 4256 124 1206 65 63 2559 70
leaf_count=266 257 40 951 58 46 3456 205 4256 124 1206 65 63 2559 70
internal_value=-0.000264278 0.000206643 -0.000121089 -0.019012 0.0148625 -0.00127685 0.0168367 0.00196363 -0.000984252 -0.00195833 -0.003125 0.0015625 -0.000362117 0.000905975
internal_weight=13622 13298 13007 324 291 8370 245 4637 381 4790 1334 128 3580 1021
internal_count=13622 13298 13007 324 291 8370 245 4637 381 4790 1334 128 3580 1021
cat_boundaries=0 2 4 6 8 10
cat_threshold=16392 16384 2282815505 196 1677852672 66594 2281701376 192 2098176 2073
is_linear=0
shrinkage=0.05


Tree=18
num_leaves=15
num_cat=5
split_feature=0 6 0 0 2 6 0 3 3 3 6 0 5 5
split_gain=35.6547 23.4615 10.8981 6.27513 10.6428 3.08096 1.75378 1.66383 0.821069 0.715143 0.474739 0.405538 0.855143 0.771349
threshold=0 1.4874286478830445 1 2 1544.7500000000002 2.2409863868481232 3 12.550000000000002 31.050000000000004 15.650000000000002 1.7981909629808028 4 1.5000000000000002 1.0000000180025095e-35
decision_type=9 2 9 9 2 2 9 2 2 2 2 9 2 2
left_child=-1 2 6 4 -4 7 -2 10 -5 -7 -3 12 -8 -13
right_child=1 5 3 8 -6 9 11 -9 -10 -11 -12 13 -14 -15
leaf_value=-0.00095738828924201162 0.0018706023086710211 0.0066264845174801579 -0.0073081029280712253 -0.00023811426758066356 -0.0031341667290106126 0.038462900566582026 -0.00020002810631321034 0.00095074111167652855 -0.0011963653527403474 0.026824200382195851 0.02427376058110059 0.0010276270083828976 0.0014991498079058474 4.6545635636341402e-05
leaf_weight=176 2014 58 78 4144 276 107 418 56 2398 42 77 356 1034 2344
leaf_count=176 2014 58 78 4144 276 107 418 56 2398 42 77 356 1034 2344
internal_value=-3.31418e-05 0.000268416 -6.89022e-05 -0.00143354 -0.00782967 0.0132353 0.00145725 0.00903141 -0.00107601 0.0186242 0.012037 0.000864969 0.00153899 0.000498155
internal_weight=13578 13402 13062 6896 354 340 6166 191 6542 149 135 4152 1452 2700
internal_count=13578 13402 13062 6896 354 340 6166 191 6542 149 135 4152 1452 2700
cat_boundaries=0 1 3 5 7 8
cat_threshold=16384 2886795281 198 0 49152 134217729 132 2148532240
is_linear=0
shrinkage=0.05


Tree=19
num_leaves=15
num_cat=6
split_feature=0 6 0 2 6 5 0 0 3 0 3 5 5 0
split_gain=48.5422 23.061 9.39295 5.67113 3.6757 1.75529 1.71565 1.43829 0.713776 0.618863 0.553086 0.503712 0.484353 0.55246
threshold=0 1.1557608829651618 1 6411.5000000000009 2.4586944599067744 2.5000000000000004 2 3 12.550000000000002 4 12.000000000000002 1.5000000000000002 2.5000000000000004 5
decision_type=9 2 9 2 2 2 9 9 2 9 2 2 2 9
left_child=3 2 7 -1 5 8 -4 11 -3 -8 -6 -2 -9 -14
right_child=1 4 6 -5 10 -7 9 12 -10 -11 -12 -13 13 -15
leaf_value=-0.0010672759782230591 0.0011521526165198526 0.0098279521126656347 -0.00016197792025567372 -0.0025597693423219884 0.053848729804305176 0.0136729846252036 -0.00039324501337064668 0.00021803365158015731 -0.00063624600001570557 -0.0022831882012111894 0.0332543754046708 0.0023751876633734906 0.00029690059332240781 0.0014797794300844382
leaf_weight=261 459 58 4241 56 81 148 2669 1266 47 1324 45 1144 620 1171
leaf_count=261 459 58 4241 56 81 148 2669 1266 47 1324 45 1144 620 1171
internal_value=-0.000158205 0.000310547 -4.65333e-05 -0.0191896 0.012467 0.00899209 -0.00106138 0.00174518 0.00404762 -0.0018049 0.0194444 0.00296032 0.00110042 0.00163317
internal_weight=13590 13273 12894 317 379 253 8234 4660 105 3993 126 1603 3057 1791
internal_count=13590 13273 12894 317 379 253 8234 4660 105 3993 126 1603 3057 1791
cat_boundaries=0 2 4 6 8 10 12
cat_threshold=16392 16384 2349924369 196 1073741824 66618 0 132 539100160 2049 67108864 64
is_linear=0
shrinkage=0.05


Tree=20
num_leaves=15
num_cat=5
split_feature=0 6 2 0 6 5 0 0 5 5 5 0 2 3
split_gain=42.2911 20.6449 11.5222 7.31609 2.39993 3.05067 1.26606 1.10415 1.07367 0.674797 0.640243 0.611555 0.634005 0.430647
threshold=0 1.7292853869062212 5596.7500000000009 1 2.2164971291935474 2.5000000000000004 2 3 1.5000000000000002 5.5000000000000009 1.5000000000000002 4 1544.7500000000002 12.000000000000002
decision_type=9 2 2 9 2 2 9 9 2 2 2 9 2 2
left_child=2 3 -1 6 5 -3 8 9 -2 -5 -4 -11 -13 -6
right_child=1 4 10 7 13 -7 -8 -9 -10 11 -12 12 -14 -15
leaf_value=-0.0010194941542951198 0.00049504494991433614 -0.00063079415590729386 0.00095866055741818947 -0.0021993797556172034 0.038671306937603206 0.019278734315478288 0.00056128680778848034 -0.00021505960776109224 0.0023508515398981025 -0.0031039392474864706 -0.0033527411210802272 0.0026287652187769019 -0.0016326066074154489 0.030057876510252948
leaf_weight=265 464 40 40 1403 108 69 3906 5799 1168 111 81 73 49 46
leaf_count=265 464 40 40 1403 108 69 3906 5799 1168 111 81 73 49 46
internal_value=-0.000187197 0.000294429 -0.0162879 1.34896e-05 0.0141635 0.00848624 0.00138789 -0.00101075 0.00255786 -0.00215674 -0.00392562 0.000321888 0.00265152 0.0181818
internal_weight=13622 13236 386 12973 263 109 5538 7435 1632 1636 121 233 122 154
internal_count=13622 13236 386 12973 263 109 5538 7435 1632 1636 121 233 122 154
cat_boundaries=0 2 4 6 8 10
cat_threshold=16386 16384 2349925392 198 0 132 2097288 33280 0 512
is_linear=0
shrinkage=0.05


Tree=21
num_leaves=15
num_cat=4
split_feature=0 2 0 0 4 0 4 4 4 4 4 4 4 2
split_gain=36.8427 18.2555 9.40447 1.5172 1.85524 0.895354 1.33584 1.97275 1.16353 0.755565 0.671835 0.700041 0.928793 0.658207
threshold=0 1544.7500000000002 1 2 2.8916666666666671 3 20.141666666666669 18.69166666666667 4.2750000000000012 1.0083333333333335 4.2750000000000012 1.5083333333333335 2.3833333333333337 5596.7500000000009
decision_type=9 2 9 9 2 9 2 2 2 2 2 2 2 2
left_child=1 -1 5 4 -4 6 7 -2 9 -7 11 -5 -13 -12
right_child=2 -3 3 10 -6 8 -8 -9 -10 -11 13 12 -14 -15
leaf_value=-0.00096851944658036268 0.0024223456686161995 -0.0031030468368931918 -0.0031670312899902521 -0.0011092261217014842 0.00010028304723889159 0.001679084437171452 0.0052411112321889726 -0.0020810389389919861 0.001250171498534658 -0.001347555912340437 -0.00051948695517691217 0.0038068911294911302 6.9683196875980352e-05 -0.0023038629254837129
leaf_weight=267 984 283 146 137 3619 92 62 97 3342 239 3977 61 153 171
leaf_count=267 984 283 146 137 3619 92 62 97 3342 239 3977 61 153 171
internal_value=-0.000209098 -0.0127679 0.000328495 -0.000694948 4.63576e-05 0.00208247 0.00331743 0.0029371 0.0016902 -0.00113293 -0.00131404 0.000783476 0.00257009 -0.0014947
internal_weight=13630 550 13080 8264 3765 4816 1143 1081 3673 331 4499 351 214 4148
internal_count=13630 550 13080 8264 3765 4816 1143 1081 3673 331 4499 351 214 4148
cat_boundaries=0 2 4 6 8
cat_threshold=16384 49152 2349925392 196 1073873408 66602 65552 4
is_linear=0
shrinkage=0.05


Tree=22
num_leaves=15
num_cat=6
split_feature=0 2 0 0 4 4 0 4 4 0 0 4 4 4
split_gain=32.7813 19.0336 8.10779 1.48853 1.13144 1.12379 1.32899 1.24214 0.956805 1.09911 0.928987 0.892188 1.20539 1.49283
threshold=0 1544.7500000000002 1 2 16.758333333333336 18.225000000000005 3 23.125000000000004 17.358333333333338 4 5 18.69166666666667 20.525000000000002 19.758333333333336
decision_type=9 2 9 9 2 2 9 2 2 9 9 2 2 2
left_child=1 -1 5 4 -4 6 -2 10 9 -6 11 -7 13 -13
right_child=2 -3 3 -5 8 7 -8 -9 -10 -11 -12 12 -14 -15
leaf_value=-0.0009101871822896735 0.0020454138202892825 -0.0028224833422088704 5.7016452080083103e-05 -0.0012914791376095914 -0.00012571688931649618 0.0039105041769734953 0.0005600162334286618 -0.0022331847276436112 -0.00022091444771951132 -0.0029292829040533487 0.0032889226593819047 0.0020764234528605932 0.0025505531655775019 -0.0022564422845997912
leaf_weight=255 1008 277 2837 3080 116 95 3773 53 1185 128 356 206 138 85
leaf_count=255 1008 277 2837 3080 116 95 3773 53 1185 128 356 206 138 85
internal_value=-0.000312684 -0.0123616 0.000187452 -0.000910821 -0.000304022 0.00159853 0.00129157 0.00318864 -0.00145206 -0.00430328 0.00363636 0.00215356 0.00122378 -0.000601375
internal_weight=13592 532 13060 7346 4266 5714 4781 933 1429 244 880 524 429 291
internal_count=13592 532 13060 7346 4266 5714 4781 933 1429 244 880 524 429 291
cat_boundaries=0 2 4 6 8 10 12
cat_threshold=16384 49152 2282815504 65734 1677853696 1080 134217744 4 1610612736 32 134217728 70
is_linear=0
shrinkage=0.05


Tree=23
num_leaves=15
num_cat=4
split_feature=0 6 2 0 6 0 5 2 5 4 4 0 4 4
split_gain=35.4891 19.8663 18.2706 5.52602 2.84137 1.81328 1.79423 1.33484 1.12745 0.95238 0.975296 0.843848 1.26965 1.34125
threshold=0 1.1557608829651618 1544.7500000000002 1 2.1144066871268676 2 2.5000000000000004 325.55000000000007 2.5000000000000004 3.058333333333334 2.3833333333333337 3 14.491666666666669 10.575000000000001
decision_type=9 2 2 9 2 9 2 2 2 2 2 9 2 2
left_child=2 3 -1 8 6 -5 7 -3 11 10 -7 -2 13 -13
right_child=1 4 -4 5 -6 9 -8 -9 -10 -11 -12 12 -14 -15
leaf_value=-0.00085537502824187261 -0.00039029170676379015 0.0099690591265309894 -0.0027873600753669792 -0.0018369835946419389 0.030073587381504216 -0.00082513315376512577 0.0093147678603930587 -0.00065131853748157673 0.0015275220256399881 -7.6013130957541813e-05 -0.0025686882815580737 0.0010795432846779308 0.0017846002543378593 -0.0011090746316817003
leaf_weight=268 357 41 283 1373 170 334 96 46 2150 7122 73 376 576 310
leaf_count=268 357 41 283 1373 170 334 96 46 2150 7122 73 376 576 310
internal_value=-0.000119705 0.000410465 -0.0124332 8.48394e-05 0.0121105 -0.000594704 0.00778689 0.00258621 0.00168695 -0.0002885 -0.00264128 0.000694873 0.00129717 -0.000145773
internal_weight=13575 13024 551 12671 353 8902 183 87 3769 7529 407 1619 1262 686
internal_count=13575 13024 551 12671 353 8902 183 87 3769 7529 407 1619 1262 686
cat_boundaries=0 2 4 6 7
cat_threshold=16384 49152 2349925393 132 2097154 512 1114113
is_linear=0
shrinkage=0.05


Tree=24
num_leaves=15
num_cat=3
split_feature=0 0 2 0 4 4 4 4 4 4 4 4 4 4
split_gain=44.872 6.95131 4.54192 1.9352 1.33467 1.10676 1.22279 1.0271 0.928501 0.649926 0.617223 0.613957 1.20097 1.7422
threshold=0 1 643.9000000000002 2 19.075000000000003 5.6750000000000016 10.725000000000001 23.125000000000004 18.858333333333338 4.0083333333333337 6.9750000000000005 20.225000000000005 19.425000000000004 19.241666666666671
decision_type=9 9 2 9 2 2 2 2 2 2 2 2 2 2
left_child=2 4 -1 10 8 9 -7 -6 -2 -5 -3 12 13 -12
right_child=1 3 -4 5 7 6 -8 -9 -10 -11 11 -13 -14 -15
leaf_value=-0.00082623338874155414 0.00092593911935331399 -0.00076112428073132627 -0.0021565138752155269 6.6711577549510853e-05 0.0025239568439684281 -0.0014416889643845299 -0.00056428016801743917 -0.0010146316597956563 -0.0030461835938204286 0.0033101791964700897 6.5274570124040926e-05 -0.00081161104080657021 0.0010833524269443673 -0.0032156928971449616
leaf_weight=267 4444 530 40 229 546 448 2549 50 66 58 3743 303 274 53
leaf_count=267 4444 530 40 229 546 448 2549 50 66 58 3743 303 274 53
internal_value=-0.000257353 0.000186048 -0.0188486 -0.000716726 0.00163213 -0.00165452 -0.00194361 0.00385906 0.00134146 0.00130662 -8.65052e-05 0.000108621 0.00027027 3.95153e-05
internal_weight=13600 13293 307 8187 5106 3284 2997 596 4510 287 4903 4373 4070 3796
internal_count=13600 13293 307 8187 5106 3284 2997 596 4510 287 4903 4373 4070 3796
cat_boundaries=0 2 4 6
cat_threshold=16512 16384 2282815504 66756 603980801 59
is_linear=0
shrinkage=0.05


Tree=25
num_leaves=15
num_cat=4
split_feature=0 6 0 4 4 0 0 4 3 4 4 4 5 4
split_gain=46.7275 21.1716 5.16267 2.01644 1.4227 1.14738 1.06373 1.43101 1.01336 0.931152 0.86928 1.40495 1.40248 1.07
threshold=0 1.7292853869062212 1 5.0750000000000002 4.0083333333333337 2 3 11.075000000000001 12.550000000000002 11.275000000000002 10.575000000000001 13.891666666666667 2.5000000000000004 11.208333333333334
decision_type=9 2 9 2 2 9 9 2 2 2 2 2 2 2
left_child=-1 2 4 -3 -2 10 7 -4 -5 -9 -6 12 -12 -14
right_child=1 3 6 8 5 -7 -8 9 -10 -11 11 -13 13 -15
leaf_value=-0.00079247809814587684 -0.00087922922103369778 0.010625712132681731 0.00019432878771123986 0.02494262199518775 0.0020626813152913649 0.00019127406202077424 -0.0018782210127581912 -0.0026260724797319505 0.013491196417334844 -0.00049316336004348593 -0.0021796568288436013 0.0014094490409315265 0.0037681330606663455 -0.00026350352591750784
leaf_weight=266 476 40 1249 164 682 4098 1518 48 62 3061 240 1314 71 282
leaf_count=266 476 40 1249 164 682 4098 1518 48 62 3061 240 1314 71 282
internal_value=-0.00028922 0.000133308 -0.000151469 0.0140977 0.000749338 0.000938388 -0.00124873 -0.00084707 0.0159292 -0.00142329 0.00176029 0.00121919 -0.000801012 0.00120397
internal_weight=13571 13305 13039 266 7163 6687 5876 4358 226 3109 2589 1907 593 353
internal_count=13571 13305 13039 266 7163 6687 5876 4358 226 3109 2589 1907 593 353
cat_boundaries=0 2 4 6 8
cat_threshold=16384 16384 3356557313 66790 2281701377 132 539099152 2073
is_linear=0
shrinkage=0.05


Tree=26
num_leaves=15
num_cat=4
split_feature=0 0 0 5 4 4 4 4 0 4 4 4 4 4
split_gain=46.017 6.55142 1.73754 0.812011 0.838089 0.768968 0.912613 0.74781 0.798451 0.849748 1.19596 1.11903 0.594455 0.537649
threshold=0 1 2 5.5000000000000009 20.625000000000004 15.675000000000002 6.9750000000000005 4.2750000000000012 3 6.6916666666666673 7.8583333333333343 8.2583333333333346 1.0083333333333335 20.625000000000004
decision_type=9 9 9 2 2 2 2 2 9 2 2 2 2 2
left_child=-1 7 -3 4 -4 6 -5 12 9 -9 -11 -12 -2 -13
right_child=1 2 3 5 -6 -7 -8 8 -10 10 11 13 -14 -15
leaf_value=-0.00075697734454092122 0.00081001186336500115 -5.3562169109822039e-05 -0.001376435848431018 0.0042568245861125511 -0.0029099653005162599 0.002215028626402138 -0.0030280909124075664 0.0046398999384644479 0.0007031375860654832 -0.0036737491268591161 0.0058023572041584594 0.0015290823350823657 -0.0010755764528408678 0.0027330070383328577
leaf_weight=264 99 6126 1935 46 136 174 139 110 2064 40 47 2115 250 135
leaf_count=264 99 6126 1935 46 136 174 139 110 2064 40 47 2115 250 135
internal_value=-0.000153509 0.000260688 -0.000572029 -0.00170082 -0.00208836 0.000487465 -0.00175676 0.00172485 0.00190091 0.00251323 0.00232135 0.00247061 -0.000501433 0.00231111
internal_weight=13680 13416 8556 2430 2071 359 185 4860 4511 2447 2337 2297 349 2250
internal_count=13680 13416 8556 2430 2071 359 185 4860 4511 2447 2337 2297 349 2250
cat_boundaries=0 2 4 6 8
cat_threshold=16384 16384 2349006849 66756 1611661328 2106 0 196
is_linear=0
shrinkage=0.05


Tree=27
num_leaves=15
num_cat=7
split_feature=0 6 0 6 5 0 0 6 6 0 5 0 5 0
split_gain=44.9309 19.4293 4.99918 2.75151 1.23385 1.01832 0.835355 0.827224 0.470793 0.454009 0.694881 1.30079 0.45346 0.647379
threshold=0 1.1557608829651618 1 2.2987267968673764 2.5000000000000004 2 3 1.7292853869062212 1.6821438309044103 4 1.0000000180025095e-35 5 4.5000000000000009 6
decision_type=9 2 9 2 2 9 9 2 2 9 2 9 2 9
left_child=-1 2 6 4 8 -4 -2 -6 -3 10 11 -7 13 -12
right_child=1 3 5 -5 7 9 -8 -9 -10 -11 12 -13 -14 -15
leaf_value=-0.00070499323580539008 0.0017831624411762559 0.0068625576570246595 -0.0021156410311177322 0.03630906806055334 0.0035121087063778259 0.00023347764987082244 0.00051637901796712797 0.017683596910053969 0.0039865364290738838 -0.0004519893981894452 0.00023736052898241101 -0.0012815782606899085 -0.00024366640310395928 2.098987470958158e-05
leaf_weight=263 842 47 434 130 54 250 3926 89 59 4640 374 157 921 1458
leaf_count=263 842 47 434 130 54 250 3926 89 59 4640 374 157 921 1458
internal_value=-0.000157578 0.000252035 -7.30657e-05 0.0114116 0.00833333 -0.000818777 0.0012139 0.0113636 0.00424528 -0.000685019 -0.00022082 -0.00214988 6.3567e-05 0.000518559
internal_weight=13644 13381 13002 379 249 8234 4768 143 106 7800 3160 407 2753 1832
internal_count=13644 13381 13002 379 249 8234 4768 143 106 7800 3160 407 2753 1832
cat_boundaries=0 2 4 6 8 10 12 13
cat_threshold=16384 16384 2349924353 1158 130 32768 0 4 1073873928 67649 0 67648 1073873928
is_linear=0
shrinkage=0.05


Tree=28
num_leaves=15
num_cat=4
split_feature=0 6 0 6 0 5 0 5 5 6 5 5 2 5
split_gain=43.2201 16.6277 3.68843 2.55621 1.45104 0.993966 0.445674 0.555784 0.801071 0.405904 0.315217 0.601796 0.512268 0.304386
threshold=0 2.1144066871268676 1 1.3560995056197489 2 3.5000000000000004 3 4.5000000000000009 5.5000000000000009 1.6160276926508292 4.5000000000000009 3.5000000000000004 560.05000000000007 5.5000000000000009
decision_type=9 2 9 2 9 2 9 2 2 2 2 2 2 2
left_child=-1 2 3 6 -4 -3 7 -2 -9 -6 11 -8 -13 -12
right_child=1 5 4 -5 9 -7 10 8 -10 -11 13 12 -14 -15
leaf_value=-0.00066974357401511928 0.00054673479411298522 0.018509891306584838 -0.001672042445787797 0.010815509958902758 -0.0001159658342331893 0.034872753325956053 0.0001460092450146222 0.0026070449310724888 0.00065862143293156101 0.003147122946311998 -0.00038851034147606715 0.00092021674532758455 -0.0002550856007706104 0.0001364991130338833
leaf_weight=269 1596 87 1693 80 6453 88 1480 311 293 57 392 319 81 405
leaf_count=269 1596 87 1693 80 6453 88 1480 311 293 57 392 319 81 405
internal_value=-0.000147016 0.000260397 5.69909e-05 0.00113247 -0.000593571 0.0155714 0.000989338 0.00151584 0.00281457 -0.000253067 0.000548939 0.000904255 0.002625 -0.000282309
internal_weight=13604 13335 13160 4957 8203 175 4877 2200 604 6510 2677 1880 400 797
internal_count=13604 13335 13160 4957 8203 175 4877 2200 604 6510 2677 1880 400 797
cat_boundaries=0 2 4 6 8
cat_threshold=16384 16384 3356491776 1220 2097282 33280 1048576 132
is_linear=0
shrinkage=0.05


Tree=29
num_leaves=15
num_cat=4
split_feature=0 6 0 4 4 3 4 2 2 0 4 4 4 0
split_gain=39.6559 14.6115 3.538 1.72906 1.46298 1.1123 1.10773 0.894793 0.894705 0.861873 1.24753 1.59016 0.847569 1.00566
threshold=0 1.7292853869062212 1 9.0083333333333346 23.125000000000004 11.750000000000002 18.225000000000005 29.450000000000003 128.05000000000004 2 19.808333333333337 20.525000000000002 14.075000000000001 3
decision_type=9 2 9 2 2 2 2 2 2 9 2 2 2 9
left_child=-1 2 4 -3 6 7 -2 -5 -6 10 -8 -12 13 -4
right_child=1 3 12 5 8 -7 9 -9 -10 -11 11 -13 -14 -15
leaf_value=-0.00063871210667910689 0.00018075112443285415 0.0089119840338686817 0.00064793504625116911 0.024192625544478947 0.00015021576963135109 0.010371048591002296 0.00034527324502809379 0.02456003632681758 -0.0056439062069965299 0.0012305472326416989 -0.002286445403839077 0.00020812128269213082 -0.0011454776612410012 -0.00069752964084110198
leaf_weight=265 6679 63 472 60 40 87 294 63 53 827 66 136 2821 1722
leaf_count=265 6679 63 472 60 40 87 294 63 53 827 66 136 2821 1722
internal_value=-0.000205158 0.000181065 -5.72082e-05 0.01163 0.000589143 0.0138095 0.000662334 0.0168699 -0.00564516 0.00198413 0.000296443 -0.00272277 -0.0010995 -0.000364631
internal_weight=13648 13383 13110 273 8095 210 8002 123 93 1323 496 202 5015 2194
internal_count=13648 13383 13110 273 8095 210 8002 123 93 1323 496 202 5015 2194
cat_boundaries=0 2 4 6 8
cat_threshold=16384 16384 3893428752 65767 1074790416 67 67239944 16
is_linear=0
shrinkage=0.05


Tree=30
num_leaves=15
num_cat=0
split_feature=6 7 2 4 2 3 6 4 4 4 2 4 5 4
split_gain=17.0142 10.2626 32.6632 3.19306 2.63553 1.11182 1.08938 1.07632 1.11258 0.898951 0.856656 0.786895 0.784161 0.74927
threshold=1.7292853869062212 1.0000000180025095e-35 41.350000000000009 4.5666666666666673 643.9000000000002 19.250000000000004 2.5708020820541093 15.308333333333335 15.741666666666669 23.125000000000004 29.450000000000003 19.808333333333337 2.5000000000000004 1.0000000180025095e-35
decision_type=2 2 2 2 2 2 2 2 2 2 2 2 2 2
left_child=1 4 11 -2 9 6 10 -6 -9 13 -5 12 -3 -1
right_child=3 2 -4 5 7 -7 -8 8 -10 -11 -12 -13 -14 -15
leaf_value=-0.0037989361759969589 -0.0022821248632273585 0.00010361438621492303 -0.0005923164145226423 0.018176813650269304 -0.00020665008900249416 0.0094403200914242869 0.040305924764635417 -0.0034100034048135221 -0.0015245721633525278 -0.0032413061868380335 0.014263467879605973 -0.00031347800587242517 -0.00016200243914785695 0.00024167095507509064
leaf_weight=45 40 375 255 42 1398 44 63 49 1636 91 92 91 513 8893
leaf_count=45 40 375 255 42 1398 44 63 49 1636 91 92 91 513 8893
internal_value=-0.000343069 -0.000599431 -0.00494327 0.0118327 -0.000156869 0.0140041 0.0156091 -0.00141907 -0.00227003 0.000274117 0.0130597 -0.000791624 -0.000337838 0.000324457
internal_weight=13627 13346 1234 281 12112 241 197 3083 1685 9029 134 979 888 8938
internal_count=13627 13346 1234 281 12112 241 197 3083 1685 9029 134 979 888 8938
is_linear=0
shrinkage=0.05


Tree=31
num_leaves=15
num_cat=4
split_feature=0 6 0 6 5 4 0 4 4 4 4 0 4 5
split_gain=38.5951 14.5638 3.80335 3.30021 1.22704 1.16428 1.05172 0.917723 1.12261 0.822171 0.820685 1.18097 0.936514 0.941915
threshold=0 1.1557608829651618 1 2.2916436531882503 2.5000000000000004 7.8583333333333343 2 5.6750000000000016 8.0916666666666686 23.375000000000004 6.6916666666666673 3 4.0083333333333337 3.5000000000000004
decision_type=9 2 9 2 2 2 9 2 2 2 2 9 2 2
left_child=-1 2 5 4 -3 10 7 -4 -9 -7 11 -2 -13 -14
right_child=1 3 6 -5 -6 9 -8 8 -10 -11 -12 12 13 -15
leaf_value=-0.00056436654361798348 0.0020605604615480666 0.0014402679883818992 0.0021820078018267466 0.028761930918982784 0.0090990849248806516 0.0003422731919257016 -0.00027455792078174282 -0.0048762758841500997 -0.0017165677138382851 -0.0021199033940827562 -0.0022253179187803006 -0.0015668094495195795 -0.001003244269644199 0.0015039492910783325
leaf_weight=263 165 108 127 130 141 6391 4016 42 1455 47 109 397 91 98
leaf_count=263 165 108 127 130 141 6391 4016 42 1455 47 109 397 91 98
internal_value=-0.000346097 3.56419e-05 -0.000247333 0.00969657 0.0063253 0.000506294 -0.00122124 -0.00229498 -0.00265531 0.000737807 -0.00122093 -0.00063249 -0.00167785 0.00119048
internal_weight=13580 13317 12938 379 249 7298 5640 1624 1497 6438 860 751 586 189
internal_count=13580 13317 12938 379 249 7298 5640 1624 1497 6438 860 751 586 189
cat_boundaries=0 2 4 6 8
cat_threshold=16384 16384 3423798288 1254 2097154 33280 1048592 4
is_linear=0
shrinkage=0.05


Tree=32
num_leaves=15
num_cat=5
split_feature=0 6 0 3 0 5 6 6 2 6 2 5 0 0
split_gain=35.7676 13.1823 4.00434 1.63488 1.37576 1.32467 1.08611 0.971176 0.96299 0.834939 0.666009 0.491364 0.473879 0.331692
threshold=0 1.7292853869062212 1 11.750000000000002 2 2.5000000000000004 1.3560995056197489 2.5708020820541093 67.300000000000026 2.5947191574750361 29.450000000000003 1.0000000180025095e-35 3 4
decision_type=9 2 9 2 9 2 2 2 2 2 2 2 9 9
left_child=8 2 4 7 5 -2 11 10 -1 -5 -3 12 -6 -4
right_child=1 3 13 9 6 -7 -8 -9 -10 -11 -12 -13 -14 -15
leaf_value=-0.00039118524999497421 0.0001628325332367675 0.017850340406612274 -0.00027737753133381948 0.0055169864817760598 0.00075561853112171562 0.0014699798782248808 0.0040787640672685591 0.039249005234518575 -0.0063183364345240191 0.013731989796590445 0.01305616490372179 -7.1017354210711761e-05 8.3454281472583608e-05 -0.00090953846613581191
leaf_weight=186 1314 52 1332 74 195 1741 51 51 82 46 49 4000 430 4027
leaf_count=186 1314 52 1332 74 195 1741 51 51 82 46 49 4000 430 4027
internal_value=-0.000234776 0.00013461 -9.1673e-05 0.0110294 0.000636223 0.00146003 9.60307e-05 0.0144737 -0.0179856 0.00666667 0.0116337 1.62162e-05 0.00132 -0.00114081
internal_weight=13630 13362 13090 272 7731 3055 4676 152 268 120 101 4625 625 5359
internal_count=13630 13362 13090 272 7731 3055 4676 152 268 120 101 4625 625 5359
cat_boundaries=0 2 4 6 8 10
cat_threshold=16384 16384 3893428753 65766 2281766929 132 536871424 64 67239936 1032
is_linear=0
shrinkage=0.05


Tree=33
num_leaves=15
num_cat=3
split_feature=0 6 0 4 2 4 4 6 2 4 0 4 4 4
split_gain=34.3718 13.2696 2.80048 1.82932 0.952889 0.918326 1.80537 0.910817 0.857959 0.835351 0.757668 0.945013 2.16144 1.33426
threshold=0 1.7292853869062212 1 4.5666666666666673 295.25000000000006 19.808333333333337 19.425000000000004 2.5708020820541093 67.300000000000026 19.241666666666671 2 10.875000000000002 12.141666666666667 5.6750000000000016
decision_type=9 2 9 2 2 2 2 2 2 2 9 2 2 2
left_child=8 2 10 -3 7 6 9 -5 -1 -4 11 13 -13 -2
right_child=1 3 5 4 -6 -7 -8 -9 -10 -11 -12 12 -14 -15
leaf_value=-0.00038814392467860785 -0.00021632337797486412 0.003374933327587665 -0.00046306619837443167 0.014244160855126442 0.010181568074933712 -0.0017517786572220891 0.0034757120812696387 0.037100652737608632 -0.0060043671945658522 -0.0028335503144916508 9.6199182377865189e-05 -0.002291393452433821 0.000839779434648641 0.0028834844632928849
leaf_weight=176 230 40 5618 81 109 470 162 44 84 48 4572 188 1278 509
leaf_count=176 230 40 5618 81 109 470 162 44 84 48 4572 188 1278 509
internal_value=-0.000115732 0.00024141 1.33843e-05 0.0111314 0.0128205 -0.000745086 -0.000574811 0.0158 -0.0177778 -0.000723615 0.000718285 0.00147856 0.000750341 0.00294317
internal_weight=13609 13349 13075 274 234 6298 5828 125 260 5666 6777 2205 1466 739
internal_count=13609 13349 13075 274 234 6298 5828 125 260 5666 6777 2205 1466 739
cat_boundaries=0 2 4 6
cat_threshold=16384 16384 3960537617 1228 201392640 132
is_linear=0
shrinkage=0.05


Tree=34
num_leaves=15
num_cat=4
split_feature=0 0 2 0 4 5 4 2 4 5 4 0 5 5
split_gain=32.7938 3.78508 0.960876 0.942683 1.10124 0.864517 0.757157 0.965727 0.9821 0.676534 0.58413 1.53057 0.485137 0.476887
threshold=0 1 67.300000000000026 2 20.991666666666671 2.5000000000000004 18.008333333333336 608.50000000000011 22.450000000000003 5.5000000000000009 1.7500000000000002 3 2.5000000000000004 1.0000000180025095e-35
decision_type=9 9 2 9 2 2 2 2 2 2 2 9 2 2
left_child=2 5 -1 4 9 6 13 8 -8 -3 11 -5 -13 -2
right_child=1 3 -4 10 -6 -7 7 -9 -10 -11 -12 12 -14 -15
leaf_value=-0.00035514090897141305 0.00052567304391799017 -0.0016413462558928062 -0.0058082289754282264 0.00061232313708702588 -0.0042788191447225626 0.0011754480245544487 0.0024887849619425143 -0.0024394788176707594 -0.0017778936138820867 0.001826019038091148 -0.00010336447544703753 -0.0052261463340002286 -0.0016163970873830315 -0.00028098509227180156
leaf_weight=188 542 825 80 104 48 2685 275 54 44 135 7468 60 66 1103
leaf_count=188 542 825 80 104 48 2685 275 54 44 135 7468 60 66 1103
internal_value=-0.000268699 8.38364e-05 -0.0172662 -0.000533502 -0.00196464 0.00122533 0.000445986 0.00247989 0.00352665 -0.00161458 -0.000343799 -0.00282609 -0.00625 -1.51976e-05
internal_weight=13677 13409 268 8706 1008 4703 2018 373 319 960 7698 230 126 1645
internal_count=13677 13409 268 8706 1008 4703 2018 373 319 960 7698 230 126 1645
cat_boundaries=0 2 4 6 8
cat_threshold=16384 16384 2349989888 196 2097794 32768 536870912 2560
is_linear=0
shrinkage=0.05


Tree=35
num_leaves=15
num_cat=3
split_feature=0 0 2 1 4 4 2 4 4 2 2 4 4 4
split_gain=32.7539 3.77506 1.17652 1.016 0.610268 0.768926 0.636842 0.568397 0.68007 0.878042 0.592688 0.581168 0.543622 0.527062
threshold=0 1 67.300000000000026 2 4.2750000000000012 1.0083333333333335 295.25000000000006 6.6916666666666673 7.8583333333333343 576.55000000000007 576.55000000000007 8.1916666666666682 23.125000000000004 11.125000000000002
decision_type=9 9 2 1 2 2 2 2 2 2 2 2 2 2
left_child=2 4 -1 -3 5 -2 -7 10 9 -9 -6 -10 -13 -5
right_child=1 3 -4 13 7 6 -8 8 11 -11 -12 12 -14 -15
leaf_value=-0.00033833157737477308 0.0010003383398438481 -8.9921328675407483e-05 -0.0054391155536953895 -0.0022301939259118083 0.004182033036770583 -0.0018358932839732667 0.0024662780758772486 -0.0046924156074825592 0.0039263901190926933 0.0011062823647425169 -0.0026197754062016188 0.00098593939405009498 -0.001095865313898098 -0.00092313282588541714
leaf_weight=185 115 6672 85 416 117 171 114 51 73 46 45 4087 56 1372
leaf_count=185 115 6672 85 416 117 171 114 51 73 46 45 4087 56 1372
internal_value=-0.00021867 0.000136755 -0.0171429 -0.000501771 0.0012436 -0.000625 -0.00201754 0.00141341 0.0013042 -0.00283505 0.00432099 0.00139943 0.00132151 -0.00155729
internal_weight=13605 13335 270 8460 4875 400 285 4475 4313 97 162 4216 4143 1788
internal_count=13605 13335 270 8460 4875 400 285 4475 4313 97 162 4216 4143 1788
cat_boundaries=0 2 4 5
cat_threshold=16384 16384 2349990401 196 1
is_linear=0
shrinkage=0.05


Tree=36
num_leaves=15
num_cat=3
split_feature=0 6 0 6 4 2 4 4 6 4 4 4 4 0
split_gain=30.2218 12.9211 2.72259 2.15195 2.32207 1.36785 1.09142 0.926945 0.861492 0.83438 0.742023 0.774573 0.713384 0.683135
threshold=0 1.7292853869062212 1 2.2987267968673764 9.158333333333335 67.300000000000026 15.308333333333335 3.2583333333333337 1.1557608829651618 9.3750000000000018 17.008333333333336 17.541666666666671 17.958333333333336 2
decision_type=9 2 9 2 2 2 2 2 2 2 2 2 2 9
left_child=5 2 7 4 -3 -1 -6 -2 13 -9 -11 -12 -13 -4
right_child=1 3 8 -5 6 -7 -8 9 -10 10 11 12 -14 -15
leaf_value=-0.00032141499850603665 -0.001699742374635821 -0.0042405394030800075 -0.0015139538363308502 0.025737136312565346 0.012228616478487976 -0.0051671597760106214 0.0096329525912269235 0.0021144834221026808 0.0018177481209679771 0.00019002949332465048 0.0054168527804581814 -0.001394694155799181 0.0013616549143274925 -0.00020499644053367241
leaf_weight=179 144 40 1089 134 49 85 48 456 100 1498 111 71 571 9044
leaf_count=179 144 40 1089 134 49 85 48 456 100 1498 111 71 571 9044
internal_value=-0.000350613 -1.30939e-05 -0.000236931 0.0107934 0.00638686 -0.0167883 0.010567 0.00112723 -0.000617495 0.00133912 0.000944025 0.00222444 0.00155763 -0.000663673
internal_weight=13619 13355 13084 271 137 264 97 2851 10233 2707 2251 753 642 10133
internal_count=13619 13355 13084 271 137 264 97 2851 10233 2707 2251 753 642 10133
cat_boundaries=0 2 4 6
cat_threshold=16384 16384 2281766912 132 128 33280
is_linear=0
shrinkage=0.05


Tree=37
num_leaves=15
num_cat=5
split_feature=0 0 2 4 0 4 4 1 5 4 2 0 4 4
split_gain=31.3269 2.74342 1.19432 1.10707 0.985263 0.813322 0.978508 0.712384 0.655694 0.941952 0.828403 0.678813 0.758122 0.740994
threshold=0 1 67.300000000000026 23.125000000000004 2 10.508333333333335 9.9916666666666689 3 1.0000000180025095e-35 8.6416666666666675 267.85000000000008 4 3.7750000000000004 2.0166666666666671
decision_type=9 9 2 2 9 2 2 1 2 2 2 9 2 2
left_child=2 3 -1 4 -2 6 8 -3 9 10 -6 12 -10 -13
right_child=1 7 -4 -5 5 -7 -8 -9 11 -11 -12 13 -14 -15
leaf_value=-0.00031308987216929762 0.001236921066984742 -7.1242981929431354e-05 -0.0048834236195808515 -0.0027267577879772856 -0.00048421002296822894 0.00067305122386425171 -0.0018508815683304536 -0.0012194047101544093 -0.0036200652815130355 0.0061029138566254084 0.003141867960364109 0.00096057124487833887 0.0033571226705417234 -0.0009481443893896047
leaf_weight=189 1249 5262 80 60 66 3668 175 1743 58 52 42 133 151 689
leaf_count=189 1249 5262 80 60 66 3668 175 1743 58 52 42 133 151 689
internal_value=-0.000174414 0.000172181 -0.0167563 0.00092476 0.000990769 0.000674068 -0.000366032 -0.000509622 0.000146935 0.003125 0.000462963 -0.000315228 0.00216895 -0.000961538
internal_weight=13617 13348 269 6343 6283 5034 1366 7005 1191 160 108 1031 209 822
internal_count=13617 13348 269 6343 6283 5034 1366 7005 1191 160 108 1031 209 822
cat_boundaries=0 2 4 6 7 9
cat_threshold=16384 16384 2350056082 1222 134218368 4 1 65536 128
is_linear=0
shrinkage=0.05


Tree=38
num_leaves=15
num_cat=4
split_feature=0 6 3 3 0 5 4 4 4 4 0 4 0 6
split_gain=27.4908 8.7542 2.22841 1.85463 1.64969 1.62072 1.59508 0.895338 1.77142 1.59231 1.49695 1.04437 1.01525 0.804247
threshold=0 1.7292853869062212 12.550000000000002 5.8000000000000016 1 2.5000000000000004 20.991666666666671 19.075000000000003 19.808333333333337 19.008333333333336 2 20.358333333333338 3 2.5708020820541093
decision_type=9 2 2 2 9 2 2 2 2 2 9 2 9 2
left_child=3 4 13 -1 6 -4 -2 9 12 -6 11 -10 -9 -3
right_child=1 2 5 -5 7 -7 -8 8 10 -11 -12 -13 -14 -15
leaf_value=-0.00028936192942600748 -0.0011010352017279902 0.011223579890081737 -0.0017886420177800845 -0.0046522388005822484 -3.6561123051559452e-06 0.009644653348926481 -0.0039314086203766979 0.0006221616156916077 -0.0011657807170653235 -0.0036174078391524064 0.00056606942527611672 -0.0002679005678493357 0.0015054105182988776 0.027656801663084065
leaf_weight=184 1177 125 40 83 10358 41 77 240 75 40 637 186 333 61
leaf_count=184 1177 125 40 83 10358 41 77 240 75 40 637 186 333 61
internal_value=-0.000203193 0.000119403 0.0090824 -0.0157942 -6.28667e-05 0.00216049 -0.00178006 0.00011996 0.00127464 -4.32776e-05 -0.000111359 -0.00322878 0.00344677 0.0120968
internal_weight=13657 13390 267 267 13123 81 1254 11869 1471 10398 898 261 573 186
internal_count=13657 13390 267 267 13123 81 1254 11869 1471 10398 898 261 573 186
cat_boundaries=0 2 4 6 8
cat_threshold=16384 16384 69207706 32768 1745879040 3 2147483648 3160
is_linear=0
shrinkage=0.05


Tree=39
num_leaves=15
num_cat=1
split_feature=6 7 2 2 6 1 4 4 2 4 4 6 4 5
split_gain=10.9106 5.31406 23.2653 2.8382 1.61091 1.05659 1.42404 0.831794 2.22997 0.919482 0.747119 0.762819 0.695397 1.19149
threshold=1.3560995056197489 1.0000000180025095e-35 41.350000000000009 67.300000000000026 2.2987267968673764 0 21.341666666666672 19.241666666666671 977.10000000000002 18.925000000000004 8.0916666666666686 1.7981909629808028 3.058333333333334 5.5000000000000009
decision_type=2 2 2 2 2 1 2 2 2 2 2 2 2 2
left_child=1 5 -3 -4 10 12 7 9 -9 -7 -2 -12 13 -1
right_child=4 2 3 -5 -6 6 -8 8 -10 -11 11 -13 -14 -15
leaf_value=-0.00042485153435954941 -0.00066551189730967299 1.0452232863733536e-05 -0.00027651060894424154 -0.0044375723289788839 0.01993762787033131 -0.00085883096016117766 -0.0033508556426278843 0.0052540579224293841 -0.0044193732677050958 -0.0038108090900753401 0.0026446297713198733 0.013919186592986677 0.00011931761941341158 -0.0040466991439246707
leaf_weight=463 44 954 182 82 131 1942 78 74 58 47 101 93 9292 67
leaf_count=463 44 954 182 82 131 1942 78 74 58 47 101 93 9292 67
internal_value=-0.000146972 -0.000383337 -0.00353038 -0.0166667 0.00833333 -6.44705e-05 -0.00105251 -0.000813296 0.0030303 -0.00106838 0.00588235 0.00721649 0.000157648 -0.00160377
internal_weight=13608 13239 1218 264 369 12021 2199 2121 132 1989 238 194 9822 530
internal_count=13608 13239 1218 264 369 12021 2199 2121 132 1989 238 194 9822 530
cat_boundaries=0 1
cat_threshold=1
is_linear=0
shrinkage=0.05


Tree=40
num_leaves=15
num_cat=7
split_feature=0 6 0 6 2 3 1 5 0 0 0 5 6 0
split_gain=26.4989 7.49226 2.35259 3.75909 2.23119 1.45471 0.742263 0.721434 1.34037 0.543819 0.358763 0.32067 0.299169 0.277189
threshold=0 2.2164971291935474 1 1.3560995056197489 67.300000000000026 11.750000000000002 2 2.5000000000000004 3 4 5 1.5000000000000002 2.5708020820541093 6
decision_type=9 2 9 2 2 2 1 2 9 9 9 2 2 9
left_child=4 2 3 7 -1 12 -4 9 -9 -2 -10 13 -3 -11
right_child=1 5 6 -5 -6 -7 -8 8 10 11 -12 -13 -14 -15
leaf_value=-0.00025950070034990168 0.00040608966211587162 0.013419692455731203 -8.9569561827651523e-05 0.011220962964200377 -0.0042212473753068863 0.0036914286505112526 -0.0010798329313655209 0.0016682446420299979 0.00090218850026638773 0.00037772505441923125 1.2469734428399715e-05 -0.0011228738713888464 0.034937885729196559 -0.00068996907146497426
leaf_weight=189 879 53 6268 84 79 53 1659 571 1161 547 1254 460 51 341
leaf_count=189 879 53 6268 84 79 53 1659 571 1161 547 1254 460 51 341
internal_value=-0.000188659 0.000128818 0 0.000814961 -0.0154676 0.0109873 -0.000544916 0.00064742 0.00115539 -3.36776e-05 0.000628866 -0.000662739 0.0144231 -0.000112613
internal_weight=13649 13381 13224 5297 268 157 7927 5213 2986 2227 2415 1348 104 888
internal_count=13649 13381 13224 5297 268 157 7927 5213 2986 2227 2415 1348 104 888
cat_boundaries=0 2 4 5 7 9 11 13
cat_threshold=16384 16384 2349006976 65734 5 131072 4 201326720 130 2214658048 65664 65536 68
is_linear=0
shrinkage=0.05


Tree=41
num_leaves=15
num_cat=3
split_feature=0 2 0 4 4 5 5 5 4 4 0 4 4 4
split_gain=24.0833 2.33843 1.8441 0.982026 1.62534 0.914689 0.641502 1.08844 0.816973 0.559398 0.709381 0.899857 0.68255 0.646752
threshold=0 67.300000000000026 1 20.525000000000002 19.425000000000004 2.5000000000000004 3.5000000000000004 1.5000000000000002 22.008333333333336 5.6750000000000016 2 22.975000000000005 7.2833333333333341 1.0083333333333335
decision_type=9 2 9 2 2 2 2 2 2 2 9 2 2 2
left_child=1 -1 9 4 -4 -6 7 -5 -8 13 11 12 -11 -2
right_child=2 -3 3 6 5 -7 8 -9 -10 10 -12 -13 -14 -15
leaf_value=-0.00024776544194373697 0.00081087499576906199 -0.0039928817781632433 -0.00042667160997718058 -0.0035544223080134943 -0.00042258733796738394 0.0034584559366526825 -0.0033951412105390159 0.0018844165911220956 -0.00084487348382710772 0.0048055278521306312 4.3694974604202577e-05 -0.0022943478004269105 0.0007943477132322796 -0.00061126687113804978
leaf_weight=189 161 80 5109 97 103 154 56 90 45 55 3491 40 3387 553
leaf_count=189 161 80 5109 97 103 154 56 90 45 55 3491 40 3387 553
internal_value=-0.000246143 -0.0147849 5.80481e-05 -0.000626766 -0.000475214 0.00340467 -0.00347222 -0.00173797 -0.00668317 0.000561907 0.000699125 0.00120275 0.00129285 -0.000770308
internal_weight=13610 269 13341 5654 5366 257 288 187 101 7687 6973 3482 3442 714
internal_count=13610 269 13341 5654 5366 257 288 187 101 7687 6973 3482 3442 714
cat_boundaries=0 2 4 6
cat_threshold=16384 16384 3893493777 65750 2281701376 65670
is_linear=0
shrinkage=0.05


Tree=42
num_leaves=15
num_cat=4
split_feature=0 6 2 0 6 5 6 4 0 5 4 0 4 4
split_gain=24.534 9.37947 2.52453 1.94831 1.65152 1.37896 2.53353 1.35874 1.99409 1.50136 1.48792 1.36794 1.21 0.698337
threshold=0 1.1557608829651618 67.300000000000026 1 2.5421628270873113 2.5000000000000004 2.0154586348681138 19.908333333333335 2 3.5000000000000004 18.758333333333336 3 21.491666666666671 2.6583333333333337
decision_type=9 2 2 9 2 2 2 2 9 2 2 9 2 2
left_child=2 3 -1 -2 5 6 -3 10 12 -10 13 -12 -9 -5
right_child=1 4 -4 7 -6 -7 -8 8 9 -11 11 -13 -14 -15
leaf_value=-0.00023570499539281588 0.00010485742392779551 0.0051179335634594708 -0.0038685630590899801 -0.0019740587452063973 0.028944691352466956 0.0066974959485905268 -0.0060184679064717479 -0.0073559620338134657 0.0010569205964384265 -0.0042763475814123764 0.005050657253556412 0.00015733288068672249 -0.0040578998378686176 -0.00054204431472817396
leaf_weight=184 7555 72 85 256 111 164 40 50 149 98 117 276 50 4429
leaf_count=184 7555 72 85 256 111 164 40 50 149 98 117 276 50 4429
internal_value=-0.000289674 1.68199e-05 -0.0149642 -0.000211864 0.00768734 0.00561594 0.00133929 -0.000933763 -0.00396254 -0.00126459 -0.000728633 0.00222646 -0.00954545 -0.000976521
internal_weight=13636 13367 269 12980 387 276 112 5425 347 247 5078 393 100 4685
internal_count=13636 13367 269 12980 387 276 112 5425 347 247 5078 393 100 4685
cat_boundaries=0 2 4 6 8
cat_threshold=16384 16384 3759343106 65780 136314888 1 134217728 513
is_linear=0
shrinkage=0.05


Tree=43
num_leaves=15
num_cat=4
split_feature=0 6 2 5 0 6 6 5 0 0 5 5 2 3
split_gain=22.9466 6.26866 3.59786 1.69571 1.61141 1.5727 0.944261 0.805543 0.728729 0.648815 0.776543 0.622872 1.37523 0.44758
threshold=0 1.7292853869062212 67.300000000000026 2.5000000000000004 1 2.5421628270873113 1.3355396910605088 1.0000000180025095e-35 2 3 3.5000000000000004 5.5000000000000009 295.25000000000006 55.050000000000004
decision_type=9 2 2 2 9 2 2 2 9 9 2 2 2 2
left_child=2 4 -1 5 6 -3 7 8 -2 10 -9 12 -5 -10
right_child=1 3 -4 11 -6 -7 -8 9 13 -11 -12 -13 -14 -15
leaf_value=-0.00021882950895935616 -0.00014665761381029709 -0.00083585612356752443 -0.0036171127646788762 0.016852654810596637 -0.00027999249684665942 0.022625361663961865 0.0038454217660544134 5.5026907024924303e-05 0.00085176021715770438 7.211000786553346e-05 0.0023943994898301792 0.016237649520389585 0.0067960700650516797 0.003366306542030695
leaf_weight=187 337 62 85 83 5906 46 51 383 602 5435 337 40 46 46
leaf_count=187 337 62 85 83 5906 46 51 383 602 5435 337 40 46 46
internal_value=-6.96175e-05 0.000227884 -0.0141844 0.00767148 7.06269e-05 0.00277778 0.000572837 0.00052521 0.00185279 0.000312754 0.00171233 0.0107988 0.00910853 0.00281155
internal_weight=13646 13374 272 277 13097 108 7191 7140 985 6155 720 169 129 648
internal_count=13646 13374 272 277 13097 108 7191 7140 985 6155 720 169 129 648
cat_boundaries=0 2 4 6 8
cat_threshold=16384 16384 2752577667 3270 2148597760 128 0 4
is_linear=0
shrinkage=0.05


Tree=44
num_leaves=15
num_cat=4
split_feature=0 6 2 0 5 6 6 6 2 0 5 0 5 5
split_gain=19.9875 6.75045 3.58374 2.70018 2.51232 1.49525 1.50795 0.741828 0.527349 0.465669 0.704411 0.351687 0.420764 0.32633
threshold=0 1.1557608829651618 67.300000000000026 1 2.5000000000000004 2.5421628270873113 2.0154586348681138 1.9979644026864869 29.450000000000003 2 4.5000000000000009 3 5.5000000000000009 5.5000000000000009
decision_type=9 2 2 9 2 2 2 2 2 9 2 9 2 2
left_child=2 3 -1 11 5 6 -3 -6 -9 10 -5 12 -2 -13
right_child=1 4 -4 9 7 -7 -8 8 -10 -11 -12 13 -14 -15
leaf_value=-0.00022046461355899606 0.00047066475599673589 0.0040204771077661516 -0.0034942792679015346 -6.5460105031189827e-05 0.0022207087189609676 0.026859159511728348 -0.0055363482764949961 0.016010022070066809 0.014488722283243695 -0.00095316127939115702 -0.00057901333279650744 0.00022788059332017887 0.0027036737810051783 -0.00018807982605175135
leaf_weight=192 908 73 83 2885 82 45 43 57 86 2286 1127 4842 133 798
leaf_count=192 908 73 83 2885 82 45 43 57 86 2286 1127 4842 133 798
internal_value=-0.000318915 -3.92523e-05 -0.0134211 -0.000233069 0.00647668 0.00170807 -0.0012931 0.00988889 0.0120629 -0.000974952 -0.000646445 0.000467045 0.00130828 0.000309735
internal_weight=13640 13365 275 12979 386 161 116 225 143 6298 4012 6681 1041 5640
internal_count=13640 13365 275 12979 386 161 116 225 143 6298 4012 6681 1041 5640
cat_boundaries=0 2 4 6 8
cat_threshold=16384 16384 3289448600 67750 671088641 89 67109008 4
is_linear=0
shrinkage=0.05


Tree=45
num_leaves=15
num_cat=4
split_feature=0 6 3 4 0 4 4 4 1 4 4 4 0 5
split_gain=18.6759 6.15532 3.93154 2.00004 1.47536 1.96247 0.852164 1.356 0.844212 0.65024 0.6845 0.59159 1.20466 0.678761
threshold=0 1.957231865133048 5.8000000000000016 9.2416666666666689 1 22.975000000000005 18.325000000000003 15.258333333333335 2 19.075000000000003 18.858333333333338 19.958333333333336 3 2.5000000000000004
decision_type=9 2 2 2 9 2 2 2 1 2 2 2 9 2
left_child=2 4 -1 -3 5 9 7 -5 -6 10 -2 -11 13 -13
right_child=1 3 -4 6 8 -7 -8 -9 -10 11 -12 12 -14 -15
leaf_value=-0.00020486076593005943 0.00038386875460347806 -0.00039012801967366342 -0.0032442399346715558 0.014288125944493468 -0.00010854780789860131 -0.0029248805284086466 0.018921540273712963 0.0045942195492039151 -0.0010925032787312717 0.0032550505735770121 -0.0032762046846254722 -5.2598795115887946e-05 -0.0025094097904354851 0.003267638855140126
leaf_weight=181 2894 55 84 78 8140 43 46 61 1596 188 57 43 113 84
leaf_count=181 2894 55 84 78 8140 43 46 61 1596 188 57 43 113 84
internal_value=-0.000283613 -1.86456e-05 -0.0131818 0.00791667 -0.000163399 0.000728438 0.0104054 0.00845324 -0.000477119 0.000865641 0.000601491 0.00268692 0.00104167 0.00419708
internal_weight=13663 13398 265 240 13158 3422 185 139 9736 3379 2951 428 240 127
internal_count=13663 13398 265 240 13158 3422 185 139 9736 3379 2951 428 240 127
cat_boundaries=0 2 4 5 7
cat_threshold=16384 16384 2349007512 132 5 2147484160 4
is_linear=0
shrinkage=0.05


Tree=46
num_leaves=15
num_cat=5
split_feature=0 6 2 5 0 3 0 6 2 3 0 5 5 0
split_gain=18.1846 4.60831 3.56793 2.06121 1.6129 0.944539 0.819982 0.490443 0.528172 0.223354 0.231108 0.577714 0.232367 0.45164
threshold=0 1.1557608829651618 67.300000000000026 2.5000000000000004 1 12.550000000000002 2 1.957231865133048 29.450000000000003 7.0000000000000009 3 1.5000000000000002 3.5000000000000004 4
decision_type=9 2 2 2 9 2 9 2 2 2 9 2 2 9
left_child=2 4 -1 5 -2 -3 -6 -5 -9 -8 11 -11 13 -12
right_child=1 3 -4 7 6 -7 9 8 -10 10 12 -13 -14 -15
leaf_value=-0.00021033249222858765 0.00021623163068640316 0.0063398575901831237 -0.0030882238407623774 0.0021027902593452998 -8.6643454794521627e-05 -0.0015399904583275337 -0.0014995598532306948 0.014287417642435919 0.012487994521683855 -0.0024272620896360953 -0.00087278788962640854 -0.001071354921075729 -0.00101349108563501 0.00025214797906789602
leaf_weight=180 4133 86 79 82 6403 73 40 54 86 73 524 194 927 695
leaf_count=180 4133 86 79 82 6403 73 40 54 86 73 524 194 927 695
internal_value=-0.000232959 2.61584e-05 -0.0131041 0.00544619 -0.000132805 0.00110063 -0.000513196 0.00855856 0.0103571 -0.00128908 -0.00123291 -0.00261733 -0.0010436 -0.00059475
internal_weight=13629 13370 259 381 12989 159 8856 222 140 2453 2413 267 2146 1219
internal_count=13629 13370 259 381 12989 159 8856 222 140 2453 2413 267 2146 1219
cat_boundaries=0 2 4 6 8 10
cat_threshold=16384 16384 3289448464 66692 671219712 2170 0 32768 2097152 1
is_linear=0
shrinkage=0.05


Tree=47
num_leaves=15
num_cat=4
split_feature=0 3 6 0 6 5 4 4 4 4 0 4 0 5
split_gain=16.332 4.89363 4.80774 2.12034 1.76464 1.3636 1.09499 1.15761 0.861315 0.772291 0.744744 0.656887 0.600873 1.05866
threshold=0 5.8000000000000016 2.2164971291935474 1 1.5022573144106934 3.5000000000000004 23.375000000000004 18.225000000000005 14.29166666666667 23.375000000000004 2 18.125000000000004 3 1.0000000180025095e-35
decision_type=9 2 2 9 2 2 2 2 2 2 9 2 9 2
left_child=1 -1 3 4 6 -4 7 11 -6 12 -9 -2 13 -5
right_child=2 -3 5 9 8 -7 -8 10 -10 -11 -12 -13 -14 -15
leaf_value=-0.00017962777443173428 0.00011529899966289948 -0.0029338126487242601 0.0061859930866272955 -0.003474955642684888 0.0085102874843637211 0.024142534159103037 -0.0016006033818236594 2.2838683174314368e-05 0.0020928449402752738 0.0041871095469242529 0.0011079205252821523 -0.0010972854560094558 -0.00035384646637098285 -0.0012290055503177716
leaf_weight=177 5332 85 76 46 47 81 52 322 42 40 748 51 6179 350
leaf_count=177 5332 85 76 46 47 81 52 322 42 40 748 51 6179 350
internal_value=-0.000187115 -0.0123162 5.98086e-05 -4.35309e-05 0.000590551 0.00875796 0.000495772 0.000554006 0.00758427 -0.000675472 0.00205607 0.000255434 -0.000718631 -0.00258621
internal_weight=13628 262 13366 13209 6594 157 6505 6453 89 6615 1070 5383 6575 396
internal_count=13628 262 13366 13209 6594 157 6505 6453 89 6615 1070 5383 6575 396
cat_boundaries=0 2 4 6 8
cat_threshold=16384 16384 3960537216 228 537919488 64 1032 32768
is_linear=0
shrinkage=0.05


Tree=48
num_leaves=15
num_cat=4
split_feature=0 2 6 0 6 5 3 0 5 2 6 5 0 5
split_gain=16.3077 4.49995 3.50989 1.54029 1.1912 1.32158 0.959908 0.630637 0.459875 0.458586 0.352941 0.346225 0.5211 0.294114
threshold=0 67.300000000000026 2.2164971291935474 1 1.7292853869062212 3.5000000000000004 11.750000000000002 2 3.5000000000000004 1036.8500000000001 2.5708020820541093 5.5000000000000009 3 1.5000000000000002
decision_type=9 2 2 9 2 2 2 9 2 2 2 2 9 2
left_child=1 8 3 4 5 -2 10 -5 -1 11 -4 -7 -13 -9
right_child=2 -3 6 7 -6 9 -8 13 -10 -11 -12 12 -14 -15
leaf_value=-0.00012379415468445344 -0.00013404504002917372 -0.0028562514832985442 0.0080977262488782353 -6.3466903716069553e-05 0.0080847731101455385 0.0012282113913453241 0.002883843553474286 -0.00072703470102509777 -0.00018800921873322052 0.0018930571196678321 0.024581746143542828 0.0023596707276259954 -0.00033997188200090016 -0.00019572764290264334
leaf_weight=113 1587 81 51 7767 49 770 57 738 74 106 51 138 208 1793
leaf_count=113 1587 81 51 7767 49 770 57 738 74 106 51 138 208 1793
internal_value=-0.000244791 -0.0122302 5.62852e-06 -8.3612e-05 0.000941423 0.000809897 0.00738994 -0.000368646 -0.00842246 0.00204583 0.0102941 0.00174731 0.000433526 -0.00105274
internal_weight=13583 268 13315 13156 2858 2809 159 10298 187 1222 102 1116 346 2531
internal_count=13583 268 13315 13156 2858 2809 159 10298 187 1222 102 1116 346 2531
cat_boundaries=0 2 4 6 8
cat_threshold=16384 16384 2349990016 4 536936448 3827 134217728 4
is_linear=0
shrinkage=0.05


Tree=49
num_leaves=15
num_cat=3
split_feature=0 6 2 0 4 6 5 4 2 0 5 4 6 4
split_gain=18.6457 3.26474 3.0588 1.20971 0.913073 0.853305 0.689314 0.639382 0.581633 0.430992 1.24813 0.404031 0.597374 0.393163
threshold=0 2.5421628270873113 67.300000000000026 1 1.7500000000000002 1.3560995056197489 1.5000000000000002 23.375000000000004 295.25000000000006 2 1.5000000000000002 2.3833333333333337 1.7053940417404101 17.958333333333336
decision_type=9 2 2 9 2 2 2 2 2 9 2 2 2 2
left_child=2 3 -1 5 6 7 -5 13 -3 10 -6 -11 -13 -2
right_child=1 8 -4 4 9 -7 -8 -9 -10 11 -12 12 -14 -15
leaf_value=-0.00019906462484863832 8.0868033260728114e-05 0.023084137549258255 -0.0026381135392987143 -0.0057173303790653057 -0.0023008894835734764 0.0032252593627928763 -0.0013162972352983582 -0.001062311637223068 0.0083106717890703286 0.0020926845439989683 -5.4060171146064206e-05 -0.00021360708265971974 0.0095715382801012557 0.00047106001016615219
leaf_weight=174 4837 64 76 50 90 149 131 55 46 59 239 5814 59 1754
leaf_count=174 4837 64 76 50 90 149 131 55 46 59 239 5814 59 1754
internal_value=-0.000200412 5.8022e-05 -0.0134615 -1.32205e-05 -0.00050372 0.000451874 -0.00400552 0.000368643 0.00863636 -0.00040329 -0.00213864 -0.000302928 -0.000344798 0.000413443
internal_weight=13597 13347 250 13237 6442 6795 181 6646 110 6261 329 5932 5873 6591
internal_count=13597 13347 250 13237 6442 6795 181 6646 110 6261 329 5932 5873 6591
cat_boundaries=0 2 4 6
cat_threshold=16384 16384 2819752475 3268 1024 32768
is_linear=0
shrinkage=0.05


Tree=50
num_leaves=15
num_cat=4
split_feature=0 2 6 4 0 5 0 6 4 4 4 0 5 4
split_gain=14.7711 5.08112 3.01651 2.00249 1.23465 2.9328 1.13177 1.0241 0.747346 2.16522 0.879992 0.854006 0.937404 1.65638
threshold=0 67.300000000000026 1.1557608829651618 19.591666666666672 1 2.5000000000000004 2 1.957231865133048 14.441666666666668 13.141666666666667 14.641666666666667 3 3.5000000000000004 13.641666666666667
decision_type=9 2 2 2 9 2 9 2 2 2 2 9 2 2
left_child=1 -1 6 4 7 -6 -2 -4 9 -8 -10 -11 13 -13
right_child=2 -3 3 -5 5 -7 8 -9 10 11 -12 12 -14 -15
leaf_value=-0.00015866630963041475 0.00011310284558173622 -0.0024740392355484977 0.0025835083636618684 0.017231127470548308 -0.0062583048913315903 0.0041091354110382398 -0.00023308616558954666 0.020525482356904792 -0.00097015241190394623 -0.00077828947348097539 -0.00048660132583755737 0.008009100004750842 0.00029729626915573352 0.0012130475616897287
leaf_weight=186 6496 81 46 40 84 144 2524 65 80 125 3438 64 146 140
leaf_count=186 6496 81 46 40 84 144 2524 65 80 125 3438 64 146 140
internal_value=-0.000214145 -0.0116426 2.23847e-05 0.00441953 0.00317109 0.000840336 -0.000105664 0.0072314 -0.000570706 8.33611e-06 -0.00106595 0.00310526 0.00430556 0.00661765
internal_weight=13659 267 13392 379 339 228 13013 111 6517 2999 3518 475 350 204
internal_count=13659 267 13392 379 339 228 13013 111 6517 2999 3518 475 350 204
cat_boundaries=0 2 4 6 8
cat_threshold=16384 16384 2148532224 1120 3422619152 68758 0 9
is_linear=0
shrinkage=0.05


Tree=51
num_leaves=15
num_cat=0
split_feature=6 7 2 2 4 3 4 4 6 5 4 4 5 4
split_gain=4.63017 3.69081 16.0725 2.71608 1.66716 1.20867 0.78211 0.770549 0.619152 0.480823 0.708546 0.766881 0.549864 1.34189
threshold=1.1557608829651618 1.0000000180025095e-35 67.300000000000026 41.350000000000009 19.625000000000004 11.750000000000002 12.525000000000002 16.608333333333338 1.9382400940955269 5.5000000000000009 14.008333333333335 10.808333333333335 4.5000000000000009 11.441666666666668
decision_type=2 2 2 2 2 2 2 2 2 2 2 2 2 2
left_child=1 -1 3 9 5 6 -2 -8 -7 12 11 -11 -3 -14
right_child=4 2 -4 -5 -6 8 7 -9 -10 10 -12 -13 13 -15
leaf_value=1.7410050331118089e-05 0.012197423089274517 -5.6676554573115163e-06 -0.0023998091289346491 -0.00015073299414889165 0.0098225357445443084 0.0012641429277945315 0.0012502891468738398 0.010032611008676862 -0.0022817823084991472 0.00060269522309088777 0.00051981630264721641 -0.00066941918518732553 0.00043995942043865147 -0.00041125472984900881
leaf_weight=11994 83 666 81 180 40 83 61 44 73 43 62 41 42 85
leaf_count=11994 83 666 81 180 40 83 61 44 73 43 62 41 42 85
internal_value=-7.36485e-05 -0.000231166 -0.002875 -0.00131814 0.00533854 0.00421512 0.00691489 0.00404762 0.000961538 -0.000239617 0.00239726 -0.000595238 -0.000725095 -0.00374016
internal_weight=13578 13194 1200 1119 384 344 188 105 156 939 146 84 793 127
internal_count=13578 13194 1200 1119 384 344 188 105 156 939 146 84 793 127
is_linear=0
shrinkage=0.05


Tree=52
num_leaves=15
num_cat=2
split_feature=0 2 6 0 4 3 6 4 4 4 4 4 4 4
split_gain=13.432 5.96894 2.6149 1.51374 1.3303 0.787237 0.742741 0.676137 0.664381 1.4325 0.923847 0.855831 0.843315 0.612423
threshold=0 67.300000000000026 2.5421628270873113 1 23.125000000000004 11.750000000000002 1.3766220136373084 12.008333333333335 20.991666666666671 22.091666666666672 19.075000000000003 19.808333333333337 18.975000000000005 0.67500000000000016
decision_type=9 2 2 9 2 2 2 2 2 2 2 2 2 2
left_child=1 -1 3 4 6 -4 -2 -8 10 -10 12 -12 13 -5
right_child=2 -3 5 8 -6 -7 7 -9 9 -11 11 -13 -14 -15
leaf_value=-0.00013903348154452601 0.00013619446094825793 -0.0022742650097109687 0.024633233937251166 0.0015691475276763901 -0.0012920451853643711 0.0046032854336381162 -0.00036492313366562893 0.0071860884812443571 -0.0030487471520289191 7.4713989500246891e-05 0.0020577818573796732 -0.00074147923228251318 -0.0020487560807030737 -0.00032499026522158085
leaf_weight=181 6063 84 65 97 63 47 49 88 148 172 314 200 62 6038
leaf_count=181 6063 84 65 97 63 47 49 88 148 172 314 200 62 6038
internal_value=-0.000243216 -0.0111818 -1.86345e-05 -8.27441e-05 0.000482225 0.00758929 0.000556452 0.00419708 -0.000585854 -0.0028125 -0.000480554 0.00155642 -0.000649508 -0.000590872
internal_weight=13671 265 13406 13294 6263 112 6200 137 7031 320 6711 514 6197 6135
internal_count=13671 265 13406 13294 6263 112 6200 137 7031 320 6711 514 6197 6135
cat_boundaries=0 2 4
cat_threshold=16384 16384 3960537232 66612
is_linear=0
shrinkage=0.05


Tree=53
num_leaves=15
num_cat=3
split_feature=0 2 6 4 0 3 5 4 4 4 4 0 4 4
split_gain=12.7851 5.34939 2.57118 1.23359 1.05859 0.838913 0.9735 0.831249 0.670976 1.14825 1.24721 0.65158 1.45549 0.98571
threshold=0 67.300000000000026 1.7292853869062212 19.141666666666669 1 19.250000000000004 1.5000000000000002 11.275000000000002 23.125000000000004 19.075000000000003 19.291666666666671 2 20.008333333333336 20.358333333333338
decision_type=9 2 2 2 9 2 2 2 2 2 2 9 2 2
left_child=1 -1 4 5 8 6 -4 -8 9 -2 -11 12 -12 -13
right_child=2 -3 3 -5 -6 -7 7 -9 -10 10 11 13 -14 -15
leaf_value=-0.00013397723517115658 0.00017506833293116643 -0.0021549980964484738 -0.0031674803162734522 0.01386431547559981 -0.00015191754574045703 -0.0034743656309719432 0.017186945125635466 0.0024590728754589454 -0.0024342896960698581 0.0043163487190300111 0.0039996609785908242 -0.0019800332650184828 1.842521434664013e-06 0.0013688791785340328
leaf_weight=183 4798 77 45 41 7676 43 47 106 55 66 107 148 123 161
leaf_count=183 4798 77 45 41 7676 43 47 106 55 66 107 148 123 161
internal_value=-0.000153554 -0.0109259 6.331e-05 0.00478723 -3.80691e-05 0.00342324 0.00479798 0.00669935 0.000493782 0.00055062 0.00260331 0.00180891 0.00375 0.00023511
internal_weight=13676 260 13416 282 13134 241 198 153 5458 5403 605 539 230 309
internal_count=13676 260 13416 282 13134 241 198 153 5458 5403 605 539 230 309
cat_boundaries=0 2 4 6
cat_threshold=16384 16384 2350055953 66756 2147484176 1152
is_linear=0
shrinkage=0.05


Tree=54
num_leaves=15
num_cat=5
split_feature=0 2 6 0 3 6 4 4 0 0 2 0 4 4
split_gain=12.7197 5.88728 2.89156 1.61641 1.07289 0.698629 0.565956 1.79177 1.13364 1.01009 0.665423 0.568009 1.45022 1.33116
threshold=0 67.300000000000026 2.5421628270873113 1 11.750000000000002 1.3766220136373084 19.958333333333336 19.425000000000004 2 3 189.85000000000002 4 10.441666666666668 14.491666666666669
decision_type=9 2 2 9 2 2 2 2 9 9 2 9 2 2
left_child=1 -1 3 5 -4 -2 7 11 -9 10 -8 12 -5 -13
right_child=2 -3 4 6 -6 -7 9 8 -10 -11 -12 13 -14 -15
leaf_value=-0.00014083544986676078 0.00024597525346474746 -0.0020348563859772461 0.02312066979983526 -0.00055452782448053297 0.0046083316540351691 0.008840908462455754 -0.0011599481671307754 0.0074754517366910807 0.00048877143479149625 -0.00035651395940573263 -0.0067016296326274849 4.6225293309679061e-05 0.00038741016385793751 -0.00064368875237379446
leaf_weight=179 2035 81 66 1403 46 43 57 106 281 662 62 2964 3175 2479
leaf_count=179 2035 81 66 1403 46 43 57 106 281 662 62 2964 3175 2479
internal_value=-0.000181465 -0.0109259 3.54769e-05 -3.20344e-05 0.00803571 0.00124521 -0.000270113 -0.000172944 0.00316537 -0.0015685 -0.00562016 -0.000301866 0.00010898 -0.000646433
internal_weight=13639 260 13379 13267 112 2078 11189 10408 387 781 119 10021 4578 5443
internal_count=13639 260 13379 13267 112 2078 11189 10408 387 781 119 10021 4578 5443
cat_boundaries=0 2 4 6 8 10
cat_threshold=16384 16384 1275134480 65540 2147483648 160 2097160 130 2148664457 2115
is_linear=0
shrinkage=0.05


Tree=55
num_leaves=15
num_cat=3
split_feature=0 2 6 0 6 3 5 4 4 4 3 4 5 0
split_gain=12.2667 6.84423 2.73325 1.68064 1.14493 0.999291 0.613779 0.543609 1.1198 0.525125 0.475087 0.402596 0.615499 1.55923
threshold=0 67.300000000000026 2.5421628270873113 1 1.3560995056197489 11.750000000000002 3.5000000000000004 21.683333333333337 22.166666666666668 1.7500000000000002 11.750000000000002 17.958333333333336 2.5000000000000004 2
decision_type=9 2 2 9 2 2 2 2 2 2 2 2 2 9
left_child=1 6 3 4 11 -4 -1 9 -9 -5 -6 12 -2 -14
right_child=2 -3 5 7 10 -7 -8 8 -10 -11 -12 -13 13 -15
leaf_value=-8.3231057210458881e-05 -0.00023155963738113463 -0.0019566126978810827 0.021294628255394944 -0.0011647306686560666 0.0059777292288814123 0.0042997365079826102 -0.00014892327336837321 -0.0030554916697472373 -0.00034419428346365579 -0.00018169083705685818 0.0024117669200935058 0.0005088848974526605 -0.00022299962040577272 0.00085877214204510002
leaf_weight=111 1845 81 70 213 61 43 76 54 173 7002 43 1268 688 1928
leaf_count=111 1845 81 70 213 61 43 76 54 173 7002 43 1268 688 1928
internal_value=-0.000216022 -0.0106115 0 -6.59134e-05 0.000569057 0.00774336 -0.00574866 -0.000563607 -0.00297357 -0.000488565 0.00576923 0.00047565 0.000252186 0.000745413
internal_weight=13656 268 13388 13275 5833 113 187 7442 227 7215 104 5729 4461 2616
internal_count=13656 268 13388 13275 5833 113 187 7442 227 7215 104 5729 4461 2616
cat_boundaries=0 2 4 6
cat_threshold=16384 16384 3355639818 3268 3221225480 1024
is_linear=0
shrinkage=0.05


Tree=56
num_leaves=15
num_cat=1
split_feature=6 7 2 2 1 5 4 3 4 4 4 4 5 4
split_gain=2.8375 2.31932 14.6162 2.34319 0.792189 0.832332 0.597362 0.54147 0.481164 0.910658 1.0777 1.03772 0.831184 1.08294
threshold=2.5421628270873113 1.0000000180025095e-35 67.300000000000026 41.350000000000009 0 5.5000000000000009 20.141666666666669 11.750000000000002 13.375000000000002 10.875000000000002 9.0916666666666686 9.8416666666666686 5.5000000000000009 14.375000000000002
decision_type=2 2 2 2 1 2 2 2 2 2 2 2 2 2
left_child=1 4 3 6 -1 -6 8 -2 9 10 -3 -12 13 -10
right_child=7 2 -4 -5 5 -7 -8 -9 12 -11 11 -13 -14 -15
leaf_value=9.9395861847961792e-05 0.020487591563847121 -8.1100872697215118e-05 -0.0019311927656924133 -0.00012547547167491015 -0.0008899167322641788 0.0011446767019938715 -0.00040151445168060411 0.0041629282459342831 0.00068743870339768034 -0.00020905802907545957 0.0012512875241352695 6.7192142689009862e-05 0.00071698950741581067 -5.5718876226829034e-05
leaf_weight=10281 69 194 75 178 1691 288 66 44 49 171 48 57 61 346
leaf_count=10281 69 194 75 178 1691 288 66 44 49 171 48 57 61 346
internal_value=-0.000146864 -0.000212884 -0.00226908 -0.000897436 -4.0783e-06 -0.000917547 5.04032e-05 0.00774336 0.00037797 -0.000744681 0.000919732 0.005 0.00153509 0.000696203
internal_weight=13618 13505 1245 1170 12260 1979 992 113 926 470 299 105 456 395
internal_count=13618 13505 1245 1170 12260 1979 992 113 926 470 299 105 456 395
cat_boundaries=0 1
cat_threshold=5
is_linear=0
shrinkage=0.05


Tree=57
num_leaves=15
num_cat=0
split_feature=6 7 2 2 5 6 5 2 4 4 4 5 5 5
split_gain=2.35065 2.45641 14.926 2.17981 1.41407 1.19362 0.780517 0.707221 0.865401 0.857919 0.689137 0.727504 0.966906 0.675412
threshold=1.7981909629808028 1.0000000180025095e-35 67.300000000000026 41.350000000000009 2.5000000000000004 2.5421628270873113 2.5000000000000004 867.75000000000011 1.0000000180025095e-35 23.608333333333338 18.125000000000004 4.5000000000000009 3.5000000000000004 2.5000000000000004
decision_type=2 2 2 2 2 2 2 2 2 2 2 2 2 2
left_child=1 7 3 6 5 -2 -3 8 -1 10 -10 12 13 -12
right_child=4 2 -4 -5 -6 -7 -8 -9 9 -11 11 -13 -14 -15
leaf_value=-0.0048291904455739889 -0.0041410619206045723 0.00012274758577800472 -0.0017622224247024088 -0.0001130482896531948 0.0090785483034276689 0.014980868933479741 -5.7545355844768059e-05 -0.00049528198317250747 2.436887221950457e-05 -0.0015246324463139005 0.00031047895862408863 0.0017652676063823038 -0.00092377767359517202 0.0016727194020530189
leaf_weight=44 55 401 77 186 155 47 559 3009 7441 53 662 450 291 232
leaf_count=44 55 401 77 186 155 47 559 3009 7441 53 662 450 291 232
internal_value=-0.00016469 -0.000255502 -0.00239166 -0.00095986 0.00457198 0 0 -4.10442e-05 0.00017715 0.000210866 0.000247907 0.00117737 0.000527426 0.00134228
internal_weight=13662 13405 1223 1146 257 102 960 12182 9173 9129 9076 1635 1185 894
internal_count=13662 13405 1223 1146 257 102 960 12182 9173 9129 9076 1635 1185 894
is_linear=0
shrinkage=0.05


Tree=58
num_leaves=15
num_cat=4
split_feature=0 2 6 0 6 6 4 4 4 4 0 0 4 4
split_gain=10.8506 6.79668 2.33693 1.37564 1.5171 1.33705 0.639677 1.69975 1.28502 0.740742 1.26938 0.654787 0.732307 0.711869
threshold=0 67.300000000000026 2.5421628270873113 1 1.3225635810616778 2.1641160589318189 17.008333333333336 16.908333333333335 16.758333333333336 19.808333333333337 2 3 1.0083333333333335 15.141666666666667
decision_type=9 2 2 9 2 2 2 2 2 2 9 9 2 2
left_child=1 -1 3 4 6 -6 7 8 11 -8 -11 13 -13 -2
right_child=2 -3 -4 -5 5 -7 9 -9 -10 10 -12 12 -14 -15
leaf_value=-0.00010023139686853311 0.00096215033449779117 -0.0017321334449238947 0.014468367472962229 -0.00027602355329136853 0.0052610984109086271 -0.0011153247763744489 0.00082129794232054247 -0.0034845259920929794 0.004431429356346695 -0.00048146192243789801 0.00064835233938604915 0.0010164991119626487 -0.00016662839225735083 -0.001523303552596081
leaf_weight=179 1333 85 110 6166 120 44 1599 79 43 275 281 82 2972 268
leaf_count=179 1333 85 110 6166 120 44 1599 79 43 275 281 82 2972 268
internal_value=-0.000187005 -0.0100365 1.49454e-05 -4.5242e-05 0.000429215 0.00518293 0.000317369 -5.23341e-06 0.000117071 0.00103248 -0.000539568 3.7594e-05 -0.000391645 0.000853507
internal_weight=13636 264 13372 13262 7096 164 6932 4777 4698 2155 556 4655 3054 1601
internal_count=13636 264 13372 13262 7096 164 6932 4777 4698 2155 556 4655 3054 1601
cat_boundaries=0 2 4 6 8
cat_threshold=16384 16384 2752708624 66759 537919488 131 67305488 65668
is_linear=0
shrinkage=0.05


Tree=59
num_leaves=15
num_cat=3
split_feature=0 2 6 0 4 5 3 4 4 0 4 4 4 4
split_gain=8.05929 7.02545 3.41878 0.901767 0.761952 0.804094 0.750481 0.729418 0.775033 0.757671 0.648697 0.989252 0.597979 1.36838
threshold=0 67.300000000000026 2.5421628270873113 1 18.125000000000004 1.0000000180025095e-35 11.750000000000002 18.808333333333337 19.075000000000003 2 9.908333333333335 7.8583333333333343 19.808333333333337 19.075000000000003
decision_type=9 2 2 9 2 2 2 2 2 9 2 2 2 2
left_child=1 -1 3 4 5 10 -4 -6 -9 -10 11 -2 13 -5
right_child=2 -3 6 12 7 -7 -8 8 9 -11 -12 -13 -14 -15
leaf_value=-9.5219827025105907e-05 8.8183111327527769e-05 -0.0015763973056672044 0.019643361253562665 -0.00016734610929702853 0.0021509702653216777 -0.00011826436548949548 0.0064951636492543543 -0.0025980858408027109 -0.00017277958768646684 0.0015943140372099819 0.0002610978559383359 0.0066193359430607342 -0.00064999271898949777 0.00076557022029092323
leaf_weight=189 105 77 66 6283 251 4295 42 93 305 414 518 93 546 345
leaf_count=189 105 77 66 6283 251 4295 42 93 305 414 518 93 546 345
internal_value=-0.000238585 -0.00869565 -6.35942e-05 -0.00013587 0.000312295 5.48793e-05 0.0087963 0.00152869 0.000800493 0.00135605 0.00160615 0.0040404 -0.000515033 -0.000384731
internal_weight=13622 266 13356 13248 6074 5011 108 1063 812 719 716 198 7174 6628
internal_count=13622 266 13356 13248 6074 5011 108 1063 812 719 716 198 7174 6628
cat_boundaries=0 2 4 6
cat_threshold=16384 16384 2215708306 66646 68158976 80
is_linear=0
shrinkage=0.05


Tree=60
num_leaves=15
num_cat=2
split_feature=0 2 6 3 0 4 5 4 4 5 5 4 4 2
split_gain=11.0586 6.55808 1.54324 0.757827 0.74313 1.28346 0.612642 0.476092 1.15 1.18196 0.726038 1.05679 1.56836 1.42338
threshold=0 67.300000000000026 2.3151687044779554 11.750000000000002 1 23.125000000000004 3.5000000000000004 19.075000000000003 17.541666666666671 5.5000000000000009 1.0000000180025095e-35 12.79166666666667 13.941666666666668 295.25000000000006
decision_type=9 2 2 2 9 2 2 2 2 2 2 2 2 2
left_child=1 6 4 -4 5 7 -1 8 10 -10 11 13 -13 -2
right_child=2 -3 3 -5 -6 -7 -8 -9 9 -11 -12 12 -14 -15
leaf_value=-8.1623885047954481e-05 -0.00059332088654555641 -0.0015830654021529501 0.014053074650025456 0.002235740394203556 -0.00016508182570540154 -0.0010522227696868698 -0.00010707661063723007 0.00036942191489403031 -0.00070978979143283556 0.0013079101060378573 0.00010612853151946711 0.0055585088103598081 0.00039738046794918772 0.0027355076337837181
leaf_weight=113 137 84 74 45 9368 44 71 491 331 50 2549 50 146 71
leaf_count=113 137 84 74 45 9368 44 71 491 331 50 2549 50 146 71
internal_value=-0.00020185 -0.0100719 3.74083e-06 0.00567227 -4.72161e-05 0.000534932 -0.00516304 0.000633987 0.000419916 -0.00216535 0.000753471 0.00272277 0.00535714 0.000240385
internal_weight=13624 268 13356 119 13237 3869 184 3825 3334 381 2953 404 196 208
internal_count=13624 268 13356 119 13237 3869 184 3825 3334 381 2953 404 196 208
cat_boundaries=0 2 4
cat_threshold=16384 16384 1677722113 164
is_linear=0
shrinkage=0.05


Tree=61
num_leaves=15
num_cat=3
split_feature=0 2 6 4 4 0 5 4 4 4 0 4 4 4
split_gain=11.2211 7.01653 1.39721 1.39225 0.950573 0.889123 0.86536 0.850144 0.662414 1.24135 0.686361 0.562974 1.05928 0.718338
threshold=0 67.300000000000026 1.7292853869062212 19.141666666666669 4.5666666666666673 1 3.5000000000000004 14.958333333333334 20.991666666666671 20.775000000000002 2 10.808333333333335 12.441666666666668 11.341666666666669
decision_type=9 2 2 2 2 9 2 2 2 2 9 2 2 2
left_child=1 6 5 4 -4 11 -1 -6 9 -7 -10 -2 13 -13
right_child=2 -3 3 -5 7 8 -8 -9 10 -11 -12 12 -14 -15
leaf_value=-6.5416125816003542e-05 0.00036577304134158831 -0.0014875536372866982 -0.0037091178883094213 0.010124894816332365 0.0068058458290442382 -0.0001824492765270247 -0.00014191121184517486 -7.2853801295458265e-05 0.00084353682957635789 0.0060905840466758095 -0.0019410947799094692 0.00037279751831865163 0.00013111782991729882 -0.00065042579869532
leaf_weight=110 1095 83 40 42 110 8834 76 85 119 42 297 138 2364 261
leaf_count=110 1095 83 40 42 110 8834 76 85 119 42 297 138 2364 261
internal_value=-0.000200789 -0.0101254 5.5816e-06 0.00351986 0.00202128 -6.84411e-05 -0.00510753 0.00346154 -0.000333262 -0.000242226 -0.00228365 0.000568769 0.000190011 -0.00219298
internal_weight=13696 269 13427 277 235 13150 186 195 9292 8876 416 3858 2763 399
internal_count=13696 269 13427 277 235 13150 186 195 9292 8876 416 3858 2763 399
cat_boundaries=0 2 4 6
cat_threshold=16384 16384 3825336320 65668 1048576 576
is_linear=0
shrinkage=0.05


Tree=62
num_leaves=15
num_cat=3
split_feature=0 2 6 0 4 4 3 4 0 4 4 6 6 4
split_gain=10.4263 6.24763 2.08503 0.802199 0.893 1.28907 0.682127 0.664791 1.34873 1.22466 1.01675 0.675618 0.95758 0.638266
threshold=0 67.300000000000026 2.5421628270873113 1 3.058333333333334 1.0083333333333335 11.750000000000002 6.4166666666666679 2 7.5750000000000002 4.8750000000000009 1.1557608829651618 2.1144066871268676 20.525000000000002
decision_type=9 2 2 9 2 2 2 2 9 2 2 2 2 2
left_child=1 -1 3 13 5 -5 -4 8 10 -9 -6 -11 -13 -2
right_child=2 -3 6 4 7 -7 -8 9 -10 11 -12 12 -14 -15
leaf_value=-8.5128870550593705e-05 0.00021236507580585373 -0.0013496001511888124 0.01676205670950659 6.5364447685284385e-05 -0.0021989944805627494 -0.0019822283355937055 0.0020250080262001649 -0.0011198329886759617 0.0012021496550083778 -8.2640227109559438e-05 0.00034748438927451053 0.001971511829082573 -0.0021378492185950837 0.0011146674909472409
leaf_weight=189 2295 88 64 217 54 347 46 199 389 9404 53 126 44 158
leaf_count=189 2295 88 64 217 54 347 46 199 389 9404 53 126 44 158
internal_value=-0.000239523 -0.00966899 -3.72967e-05 -9.4084e-05 -0.000278982 -0.00221631 0.00681818 -0.00017285 0.0016129 -0.000263481 -0.00320513 -0.000182787 0.00294118 0.000720666
internal_weight=13673 277 13396 13286 10833 564 110 10269 496 9773 107 9574 170 2453
internal_count=13673 277 13396 13286 10833 564 110 10269 496 9773 107 9574 170 2453
cat_boundaries=0 2 4 6
cat_threshold=16384 16384 134283794 20 537919488 32769
is_linear=0
shrinkage=0.05


Tree=63
num_leaves=15
num_cat=0
split_feature=7 2 5 2 4 6 4 3 4 4 5 4 2 5
split_gain=1.47448 11.5654 1.34473 1.11664 0.697963 0.668953 1.5948 0.952273 0.799294 0.859737 0.575027 0.54697 0.530813 0.379188
threshold=1.0000000180025095e-35 67.300000000000026 5.5000000000000009 41.350000000000009 13.991666666666669 1.1557608829651618 18.125000000000004 42.300000000000004 16.475000000000005 14.191666666666668 3.5000000000000004 11.075000000000001 102.90000000000002 1.5000000000000002
decision_type=2 2 2 2 2 2 2 2 2 2 2 2 2 2
left_child=5 2 3 13 11 -1 7 8 9 12 -5 -4 -7 -2
right_child=1 -3 4 10 -6 6 -8 -9 -10 -11 -12 -13 -14 -15
leaf_value=-7.873662940298676e-05 0.00011935836747173356 -0.0012703705780280239 0.00029034795963368555 -7.5230847395074693e-05 0.00056067151488903841 0.012402108356156728 0.00630555331421267 -0.0046268552293765256 0.0067587027602331595 -0.0075035012036341834 -0.00011577427558885357 -0.0002186944820095349 -0.00023963513303049133 -0.00011025410310506746
leaf_weight=11949 268 78 66 110 68 55 66 43 46 40 49 44 95 577
leaf_count=11949 268 78 66 110 68 55 66 43 46 40 49 44 95 577
internal_value=-0.000236093 -0.00186508 -0.000634518 -0.00134462 0.00337079 -6.91394e-05 0.00210145 0.000448029 0.00169492 0.000263158 -0.00518868 0.000909091 0.002 -0.000621302
internal_weight=13554 1260 1182 1004 178 12294 345 279 236 190 159 110 150 845
internal_count=13554 1260 1182 1004 178 12294 345 279 236 190 159 110 150 845
is_linear=0
shrinkage=0.05


Tree=64
num_leaves=15
num_cat=3
split_feature=0 2 6 4 0 4 4 4 4 4 4 5 6 0
split_gain=8.61346 6.45457 1.36333 1.09721 0.730743 1.07979 1.21537 1.16156 1.29201 1.22008 0.753582 1.05063 0.699532 0.556766
threshold=0 67.300000000000026 1.7981909629808028 8.408333333333335 1 2.8916666666666671 0.67500000000000016 20.991666666666671 19.358333333333338 22.450000000000003 5.6750000000000016 3.5000000000000004 2.1515097675933066 2
decision_type=9 2 2 2 9 2 2 2 2 2 2 2 2 9
left_child=1 -1 4 -4 -2 6 -6 8 10 -9 11 -7 -5 -12
right_child=2 -3 3 12 5 7 -8 9 -10 -11 13 -13 -14 -15
leaf_value=-7.4908360693978776e-05 0.00011786687621944125 -0.00125316634823322 -0.0030469750823356625 0.0078932825669842232 0.002380235672279735 -0.00051912281187456173 -0.0024862942519447099 -0.003383742315385835 0.0019412111126946741 -8.6824000443222479e-05 0.00012649721213730535 0.0038824801660705707 0.0040104249888983255 -0.00063566285885310327
leaf_weight=190 7020 82 42 54 77 141 237 125 353 124 2212 120 154 2681
leaf_count=190 7020 82 42 54 77 141 237 125 353 124 2212 120 154 2681
internal_value=-4.04055e-05 -0.00868794 0.000142322 0.0038 7.25745e-05 -0.000328947 -0.00318471 -0.000173732 -2.26984e-05 -0.00351406 -0.000223128 0.00239464 0.00528846 -0.000362763
internal_weight=13612 272 13340 250 13090 6070 314 5756 5507 249 5154 261 208 4893
internal_count=13612 272 13340 250 13090 6070 314 5756 5507 249 5154 261 208 4893
cat_boundaries=0 2 4 6
cat_threshold=16384 16384 3826450451 213 136316032 67586
is_linear=0
shrinkage=0.05


Tree=65
num_leaves=15
num_cat=2
split_feature=0 2 6 4 2 4 4 0 4 4 5 4 4 4
split_gain=8.21634 6.16798 1.13834 0.976938 0.821658 1.03549 0.865645 0.776852 0.866873 0.940737 1.8596 0.640619 1.89895 1.33505
threshold=0 67.300000000000026 1.1557608829651618 19.475000000000005 325.55000000000007 10.008333333333335 15.441666666666668 1 16.425000000000004 17.408333333333335 1.5000000000000002 13.175000000000002 14.141666666666667 12.991666666666669
decision_type=9 2 2 2 2 2 2 9 2 2 2 2 2 2
left_child=1 -1 7 4 6 -6 -4 8 11 10 -10 13 -13 -2
right_child=2 -3 3 -5 5 -7 -8 -9 9 -11 -12 12 -14 -15
leaf_value=-7.3380103110037847e-05 -0.00018777652000192548 -0.0011614969600932557 0.0052675137791281194 0.0058999360069986635 -0.0046346399022837107 0.00077709196360821746 -9.8874212851596255e-05 2.1077410623721039e-05 0.00024579942585996052 -0.00044749028371949276 -0.0026161127443324384 0.0019574827167483989 -0.00018413974644820587 -0.0036719296190198206
leaf_weight=179 878 81 146 40 41 94 63 10186 61 1172 125 144 350 42
leaf_count=179 878 81 146 40 41 94 63 10186 61 1172 125 144 350 42
internal_value=-0.000253639 -0.00888889 -7.86399e-05 0.00260417 0.00174419 -0.0012963 0.00370813 -0.000158203 -0.000898634 -0.00180412 -0.00510753 -3.53607e-05 0.001417 -0.000815217
internal_weight=13602 260 13342 384 344 135 209 12958 2772 1358 186 1414 494 920
internal_count=13602 260 13342 384 344 135 209 12958 2772 1358 186 1414 494 920
cat_boundaries=0 2 4
cat_threshold=16384 16384 1075839112 33296
is_linear=0
shrinkage=0.05


Tree=66
num_leaves=15
num_cat=4
split_feature=0 2 6 0 5 4 4 4 4 0 4 4 0 4
split_gain=9.42946 5.50188 1.09837 1.01201 1.01451 1.59129 1.51421 1.13949 0.941535 1.29081 1.12134 0.838309 0.932591 1.1607
threshold=0 67.300000000000026 2.5421628270873113 1 3.5000000000000004 22.450000000000003 8.7250000000000014 19.808333333333337 20.883333333333336 2 19.358333333333338 16.908333333333335 3 17.058333333333337
decision_type=9 2 2 9 2 2 2 2 2 9 2 2 9 2
left_child=1 -1 3 4 6 -6 -2 -8 10 -10 11 -5 13 -13
right_child=2 -3 -4 8 5 -7 7 -9 9 -11 -12 12 -14 -15
leaf_value=-7.7167639015934827e-05 -0.0010879121997247165 -0.0010669366189054563 0.0097498732419290975 -2.6441956503836517e-05 0.0004682763954624525 0.0067968826755252405 0.00016588158234459029 -0.0013144205548785703 0.00078070823315168347 -0.0011544305956447732 0.00053257577511796057 -0.0027810975629899426 -0.0012324261019168504 9.7826045636850711e-05
leaf_weight=183 465 84 110 5068 2459 45 2572 232 119 230 465 61 727 806
leaf_count=183 465 84 110 5068 2459 45 2572 232 119 230 465 61 727 806
internal_value=-0.000165125 -0.00929603 2.431e-05 -1.69824e-05 0.000479855 0.00123802 -9.94188e-05 0.000338802 -0.000400748 -0.00293696 -0.000277115 -0.00044281 -0.00144291 -0.000313569
internal_weight=13626 267 13359 13249 5773 2504 3269 2804 7476 349 7127 6662 1594 867
internal_count=13626 267 13359 13249 5773 2504 3269 2804 7476 349 7127 6662 1594 867
cat_boundaries=0 2 4 6 8
cat_threshold=16384 16384 3224436736 101 2 530 134348809 34946
is_linear=0
shrinkage=0.05


Tree=67
num_leaves=15
num_cat=3
split_feature=0 2 6 5 0 4 3 4 4 4 2 5 0 4
split_gain=6.77378 6.51009 1.12161 1.1318 0.82409 0.658382 0.875656 1.06281 0.634627 0.99759 2.21954 0.678094 1.35989 1.25014
threshold=0 67.300000000000026 1.7981909629808028 3.5000000000000004 1 3.058333333333334 49.000000000000007 2.3833333333333337 4.8750000000000009 4.0083333333333337 102.90000000000002 3.5000000000000004 2 20.008333333333336
decision_type=9 2 2 2 9 2 2 2 2 2 2 2 9 2
left_child=1 -1 4 -4 -2 6 7 -6 9 -7 -11 -10 -13 -14
right_child=2 -3 3 -5 5 8 -8 -9 11 10 -12 12 13 -15
leaf_value=-6.5624992907242774e-05 0.00019875361683748262 -0.0010500752811433201 -0.00010222458132622681 0.0091690245889107912 -0.00094140815912979736 -0.00072947115684552928 0.0034258482021622908 -0.0026397148590587591 2.3961952880957593e-05 -0.002258695205454392 0.0049993563785667716 0.0004446315671739143 -0.0005110224833342669 -0.0031578875403654896
leaf_weight=182 3206 81 119 130 368 148 89 80 5199 50 82 1015 2765 153
leaf_count=182 3206 81 119 130 368 148 89 80 5199 50 82 1015 2765 153
internal_value=-0.000170118 -0.00796703 -1.11823e-05 0.00331325 -7.41163e-05 -0.000298725 -0.00200186 -0.00290179 -0.00020187 0.00214286 0.00530303 -0.000273763 -0.000769133 -0.00131489
internal_weight=13667 263 13404 249 13155 9949 537 448 9412 280 132 9132 3933 2918
internal_count=13667 263 13404 249 13155 9949 537 448 9412 280 132 9132 3933 2918
cat_boundaries=0 2 4 6
cat_threshold=16384 16384 672202897 5 2214725120 32800
is_linear=0
shrinkage=0.05


Tree=68
num_leaves=15
num_cat=5
split_feature=0 2 6 0 4 0 4 4 4 4 4 0 0 4
split_gain=6.22033 6.04298 1.14271 0.866218 1.16658 1.22303 1.09501 0.805379 1.17505 0.85935 1.37822 1.74939 0.926447 1.39673
threshold=0 67.300000000000026 2.3151687044779554 1 19.758333333333336 2 13.941666666666668 19.425000000000004 19.241666666666671 14.075000000000001 13.075000000000001 3 4 18.458333333333336
decision_type=9 2 2 9 2 9 2 2 2 2 2 9 9 2
left_child=1 -1 3 4 6 -6 -2 8 9 10 -5 -12 13 -11
right_child=2 -3 -4 7 5 -7 -8 -9 -10 12 11 -13 -14 -15
leaf_value=-5.8577955158423124e-05 1.3270698472617194e-05 -0.00099757151708615432 0.0092674908088989372 -0.00020970462567659887 -2.5797171759034401e-05 -0.0023488851023099112 0.00046129495552756918 0.00064435269554186667 -0.0034529869003970927 -0.00010014249280432264 -0.00096553602853695635 0.0029715040626847214 -0.00086287290739119342 0.0023893501193928413
leaf_weight=179 3019 83 122 2767 375 144 2673 702 67 622 150 330 2264 109
leaf_count=179 3019 83 122 2767 375 144 2673 702 67 622 150 330 2264 109
internal_value=-5.14479e-05 -0.00753676 0.000101093 5.67236e-05 0.000486256 -0.00178227 0.000693956 -0.000324028 -0.000503249 -0.000432554 0.00013089 0.00260417 -0.00104341 0.000506073
internal_weight=13606 262 13344 13222 6211 519 5692 7011 6309 6242 3247 480 2995 731
internal_count=13606 262 13344 13222 6211 519 5692 7011 6309 6242 3247 480 2995 731
cat_boundaries=0 2 4 6 8 10
cat_threshold=16384 16384 1814103688 199 536871424 198 0 3080 2147483649 1032
is_linear=0
shrinkage=0.05


Tree=69
num_leaves=15
num_cat=0
split_feature=6 7 2 5 4 5 4 4 4 4 4 4 4 4
split_gain=1.47935 1.15336 10.4668 0.700169 1.13143 1.04553 0.822948 1.01816 0.480646 1.58136 0.626379 0.771219 0.465705 0.427142
threshold=2.7077599053781731 1.0000000180025095e-35 67.300000000000026 5.5000000000000009 13.241666666666669 1.5000000000000002 12.29166666666667 14.958333333333334 10.141666666666667 11.125000000000002 12.375000000000002 14.775000000000002 11.075000000000001 10.958333333333334
decision_type=2 2 2 2 2 2 2 2 2 2 2 2 2 2
left_child=1 -1 3 5 12 6 13 -8 -7 -10 -11 -12 -5 -3
right_child=-2 2 -4 4 -6 8 7 -9 9 10 11 -13 -14 -15
leaf_value=-4.5881457005092498e-05 0.0089951678452423588 2.578901000072076e-06 -0.0010201036439372313 0.00022484265092961864 0.00049054182335074863 3.6830334612647511e-05 0.00045013977202343905 7.8978592261402805e-05 -0.0001927906690017356 2.5668670405065709e-05 -0.00029881257758613004 -6.6643793353593492e-05 -0.00042130407321354927 -0.0001357240911182528
leaf_weight=12275 58 97 79 73 66 171 59 129 67 75 102 261 40 44
leaf_count=12275 58 97 79 73 66 171 59 129 67 75 102 261 40 44
internal_value=-0.00020962 -0.000243758 -0.0016825 -0.000506757 0.0023743 -0.0010199 0.00129179 0.00345745 -0.00214497 -0.00292079 -0.00182648 -0.00268595 -0.000663717 -0.00159574
internal_weight=13596 13538 1263 1184 179 1005 329 188 676 505 438 363 113 141
internal_count=13596 13538 1263 1184 179 1005 329 188 676 505 438 363 113 141
is_linear=0
shrinkage=0.05


Tree=70
num_leaves=15
num_cat=0
split_feature=6 7 2 4 4 2 3 4 4 4 4 4 4 5
split_gain=1.87275 1.4158 9.61651 0.896569 0.779836 0.760053 0.75644 1.14432 0.63799 0.586663 1.1477 1.04115 1.03824 0.890894
threshold=2.5421628270873113 1.0000000180025095e-35 67.300000000000026 4.0083333333333337 5.4583333333333348 867.75000000000011 49.000000000000007 7.5750000000000002 9.0916666666666686 9.8416666666666686 8.9916666666666689 13.375000000000002 14.375000000000002 5.5000000000000009
decision_type=2 2 2 2 2 2 2 2 2 2 2 2 2 2
left_child=1 3 9 -1 5 -5 -6 -8 -9 10 -3 -11 -13 -14
right_child=-2 2 -4 4 6 -7 7 8 -10 11 -12 12 13 -15
leaf_value=-0.00077603343730194843 0.01001683799303732 -3.142420058006579e-05 -0.00095470990049159046 0.00055942787388867381 0.000124447888129825 0.0054289690967591515 -0.0035558169593204905 0.0016423568695274893 -0.00070750626891136204 -9.4320166193184734e-05 0.0002997351905480561 0.00017151876252085031 -9.1011889446271368e-05 0.00048237737593310738
leaf_weight=883 110 188 79 189 9396 51 63 84 1583 390 67 66 416 58
leaf_count=883 110 188 79 189 9396 51 63 84 1583 390 67 66 416 58
internal_value=-0.000133965 -0.000186857 -0.00178006 -2.24508e-05 9.67799e-05 0.00291667 3.59518e-05 -0.000924855 -0.000674865 -0.000654008 0.00147059 -0.00123656 0.000185185 -0.000632911
internal_weight=13623 13513 1264 12249 11366 240 11126 1730 1667 1185 255 930 540 474
internal_count=13623 13513 1264 12249 11366 240 11126 1730 1667 1185 255 930 540 474
is_linear=0
shrinkage=0.05


Tree=71
num_leaves=15
num_cat=4
split_feature=0 2 6 0 3 4 4 0 4 4 0 4 4 4
split_gain=6.88638 4.15913 1.24386 0.967349 0.59686 0.551632 0.536671 1.00512 0.738403 1.37812 1.26965 0.9814 0.650609 0.601034
threshold=0 67.300000000000026 2.5034626708777576 1 11.750000000000002 11.891666666666667 3.058333333333334 2 14.141666666666667 13.141666666666667 3 13.29166666666667 22.741666666666671 13.008333333333335
decision_type=9 2 2 9 2 2 2 9 2 2 9 2 2 2
left_child=1 -1 3 -2 -4 -3 7 -5 9 13 11 -11 -10 -8
right_child=2 5 4 6 -6 -7 8 -9 12 10 -12 -13 -14 -15
leaf_value=-5.9313647859893241e-05 0.00023069786592215815 -0.0005300554935331103 0.013961233771844085 4.0122919782442647e-05 0.00013906070326634714 -0.00095741781634042236 -3.5252683153852438e-05 -0.0019876911130754685 -0.00027248782840116892 0.0014366038814073502 0.0013450626034403391 -0.00091725039081838047 0.001386815052306581 -0.001323035569254183
leaf_weight=191 5402 43 73 219 45 42 2931 214 3779 51 266 234 132 56
leaf_count=191 5402 43 73 219 45 42 2931 214 3779 51 266 234 132 56
internal_value=-0.000190086 -0.00786713 -2.6096e-05 -7.15146e-05 0.00508475 -0.0173529 -0.00042448 -0.00213626 -0.000325547 0.000197852 0.00249546 8.47458e-05 -0.000799028 -0.000225979
internal_weight=13678 276 13402 13284 118 85 7882 433 7449 3538 551 285 3911 2987
internal_count=13678 276 13402 13284 118 85 7882 433 7449 3538 551 285 3911 2987
cat_boundaries=0 2 4 6 8
cat_threshold=16384 16384 2351956635 65670 536870912 33360 65536 3113
is_linear=0
shrinkage=0.05


Tree=72
num_leaves=15
num_cat=4
split_feature=0 3 0 6 5 4 4 0 4 4 0 4 4 3
split_gain=5.84111 4.62076 0.981566 1.27195 1.12851 1.05273 1.49333 1.26181 0.915702 0.863088 0.770103 0.761901 0.671814 0.657584
threshold=0 5.8000000000000016 1 1.3225635810616778 3.5000000000000004 7.8583333333333343 6.6916666666666673 2 4.2750000000000012 22.091666666666672 3 8.1916666666666682 22.450000000000003 11.050000000000002
decision_type=9 2 9 2 2 2 2 9 2 2 9 2 2 2
left_child=1 -1 3 4 5 6 8 -7 -2 10 -6 -9 -13 -10
right_child=2 -3 -4 -5 9 7 -8 11 13 -11 -12 12 -14 -15
leaf_value=-5.0942034942433327e-05 -0.0015357409602184458 -0.00087349207589876863 -0.00011663966225087253 0.007225430130753302 0.0010955780031630113 -0.00077583988760605025 -0.005418733896775641 0.0054693133954976329 -0.0010536680159596412 0.0026313962394139412 2.5985928066937783e-05 0.00037127183153586876 -0.0021408806373122424 0.0050589302472320297
leaf_weight=184 263 81 6927 190 1351 732 70 47 44 61 1302 2253 68 43
leaf_count=184 263 81 6927 190 1351 732 70 47 44 61 1302 2253 68 43
internal_value=-0.000150558 -0.00736364 -1.87112e-06 0.000442959 0.000320821 -0.000269886 -0.00261905 4.83871e-05 -0.00128571 0.00108696 0.000951753 0.000609756 0.000484705 0.00316092
internal_weight=13616 265 13351 6424 6234 3520 420 3100 350 2714 2653 2368 2321 87
internal_count=13616 265 13351 6424 6234 3520 420 3100 350 2714 2653 2368 2321 87
cat_boundaries=0 2 4 6 8
cat_threshold=16384 16384 2215837705 65765 1245184 1 2215837696 5
is_linear=0
shrinkage=0.05


Tree=73
num_leaves=15
num_cat=4
split_feature=0 2 0 6 4 4 6 5 4 4 0 4 4 0
split_gain=4.8669 4.01418 1.28599 1.14028 0.666566 0.600055 0.619537 2.04167 0.547945 1.32125 1.52062 1.59385 1.25427 0.840997
threshold=0 67.300000000000026 1 1.7981909629808028 23.375000000000004 8.2583333333333346 1.6821438309044103 4.5000000000000009 19.075000000000003 19.19166666666667 2 21.891666666666669 18.858333333333338 3
decision_type=9 2 9 2 2 2 2 2 2 2 9 2 2 9
left_child=1 -1 3 4 8 -4 -7 -8 12 -10 11 -11 -2 -12
right_child=2 -3 5 -5 -6 6 7 -9 9 10 13 -13 -14 -15
leaf_value=-4.5238857259988219e-05 8.9519093042489398e-05 -0.00075634126186727721 -0.0010469619633836581 0.0054383725316234921 -0.0010394623416758425 -0.00022588789850441771 -0.0015007468492588161 0.012511260511537581 0.0052651983500703993 0.0011442535217296545 -0.00097073693668792149 -0.00039817465171496091 -0.0020571945744025768 0.00012723441745629004
leaf_weight=183 5547 84 916 146 42 5769 56 42 41 158 103 48 106 397
leaf_count=183 5547 84 916 146 42 5769 56 42 41 158 103 48 106 397
internal_value=-0.000208975 -0.00676895 -7.28645e-05 0.000424371 0.000325986 -0.000555719 -0.000370718 0.00357143 0.000367188 0.00163989 0.00113314 0.00462963 0.000199009 -0.000392157
internal_weight=13638 267 13371 6588 6442 6783 5867 98 6400 747 706 206 5653 500
internal_count=13638 267 13371 6588 6442 6783 5867 98 6400 747 706 206 5653 500
cat_boundaries=0 2 4 6 8
cat_threshold=16384 16384 1611859600 65765 536871440 128 1073742848 1
is_linear=0
shrinkage=0.05


Tree=74
num_leaves=15
num_cat=3
split_feature=0 3 6 0 4 4 6 6 4 4 0 4 4 4
split_gain=4.91423 4.15361 0.853173 0.638922 0.803566 0.693146 0.680406 0.515313 0.446182 0.544347 1.11534 1.08352 0.986184 0.711918
threshold=0 5.8000000000000016 2.7077599053781731 1 23.208333333333336 22.908333333333335 2.2013955467436794 1.7981909629808028 22.091666666666672 15.091666666666669 2 20.008333333333336 20.883333333333336 18.758333333333336
decision_type=9 2 2 9 2 2 2 2 2 2 9 2 2 2
left_child=1 -1 3 4 5 6 7 8 9 -2 11 13 -12 -11
right_child=2 -3 -4 -5 -6 -7 -8 -9 -10 10 12 -13 -14 -15
leaf_value=-4.1450866713593776e-05 1.9538219878478816e-05 -0.00071958970630507939 0.0074228690595121716 -0.00019204883920974082 -0.0011230245904871206 0.00068302170514115696 -0.0025229363771810953 0.0044097102081907813 -0.00059473371796350263 0.00075421626928167122 -9.5039072068109356e-05 -0.00045069916169847572 0.0014615798794191282 0.0013857671472359502
leaf_weight=182 3986 81 56 6174 61 53 42 42 87 917 1422 174 68 329
leaf_count=182 3986 81 56 6174 61 53 42 42 87 917 1422 174 68 329
internal_value=-4.38789e-05 -0.00668498 9.12749e-05 6.55185e-05 0.000385899 0.000435393 0.00039267 0.000430605 0.000397394 0.000442285 0.000962199 0.00195804 0 0.00248796
internal_weight=13674 263 13411 13355 7181 7120 7067 7025 6983 6896 2910 1420 1490 1246
internal_count=13674 263 13411 13355 7181 7120 7067 7025 6983 6896 2910 1420 1490 1246
cat_boundaries=0 2 4 6
cat_threshold=16384 16384 3960537624 167 2885681152 131
is_linear=0
shrinkage=0.05


Tree=75
num_leaves=15
num_cat=0
split_feature=7 2 4 5 5 4 4 4 4 5 4 4 4 4
split_gain=1.10062 7.4088 0.977273 1.09285 0.878086 0.840245 1.84925 0.90675 2.1447 0.67332 0.62899 0.6135 0.599354 1.0445
threshold=1.0000000180025095e-35 67.300000000000026 4.0083333333333337 5.5000000000000009 4.5000000000000009 8.7750000000000021 9.8416666666666686 13.375000000000002 14.441666666666668 3.5000000000000004 15.141666666666667 11.891666666666667 17.125000000000004 16.008333333333336
decision_type=2 2 2 2 2 2 2 2 2 2 2 2 2 2
left_child=-1 2 -2 4 5 -4 -7 -8 -9 12 -5 -3 13 -10
right_child=1 11 3 10 -6 6 7 8 9 -11 -12 -13 -14 -15
leaf_value=5.678621621668656e-06 0.00068751743405234822 -0.00044105493052923886 -0.00032008940996560711 0.00010318733536850978 -0.00017888985679174186 0.00032151410774046988 -8.550618919244691e-05 0.0003563595795157082 -0.000319310227265307 0.0005142213981252586 0.00045148141863243785 -0.00078796901329482034 -0.00028526690745661333 0.00068578272375561806
leaf_weight=12352 44 45 89 127 161 62 245 43 59 68 49 41 182 40
leaf_count=12352 44 45 89 127 161 62 245 43 59 68 49 41 182 40
internal_value=-0.000123098 -0.00153386 -0.000491873 -0.000777778 -0.00144889 -0.000761421 -0.000178827 -0.000981162 0.000510204 -0.000787966 0.00284091 -0.0156977 -0.00186833 0.00126263
internal_weight=13607 1255 1169 1125 949 788 699 637 392 349 176 86 281 99
internal_count=13607 1255 1169 1125 949 788 699 637 392 349 176 86 281 99
is_linear=0
shrinkage=0.05


Tree=76
num_leaves=15
num_cat=3
split_feature=0 2 0 4 4 0 5 6 4 6 2 2 4 4
split_gain=3.52324 4.04928 0.663626 1.36198 1.58956 1.09785 1.09283 0.827851 0.805013 0.736709 0.729404 0.766491 0.641154 0.507964
threshold=0 67.300000000000026 1 19.808333333333337 19.358333333333338 2 3.5000000000000004 1.5022573144106934 19.19166666666667 2.0643809316102675 325.55000000000007 26.300000000000004 19.075000000000003 18.975000000000005
decision_type=9 2 9 2 2 9 2 2 2 2 2 2 2 2
left_child=1 -1 7 4 8 -5 10 12 9 -4 11 -7 13 -2
right_child=2 -3 3 5 -6 6 -8 -9 -10 -11 -12 -13 -14 -15
leaf_value=-3.3576966234899476e-05 -2.699744423612094e-06 -0.00067181826504983388 -7.7851009942098154e-05 -0.0035086634041602786 0.0010973869232365208 0.0022332992234980506 -0.0010469035386278414 0.0048693478166013217 -0.0018668421408844782 -0.0054123692223066238 0.0023426724300584902 -0.00050727248435056271 0.00068956868001031075 -0.0020844508774855441
leaf_weight=187 6573 79 4881 121 153 46 121 199 40 76 48 91 953 70
leaf_count=187 6573 79 4881 121 153 46 121 199 40 76 48 91 953 70
internal_value=-0.000205309 -0.0057971 -8.96727e-05 -0.000505638 -0.000281553 -0.00322014 -0.00142405 0.0002082 -0.000435261 -0.000378253 0.000945946 -0.000912409 0.000125066 -4.89237e-05
internal_weight=13638 266 13372 5577 5150 427 306 7795 4997 4957 185 137 7596 6643
internal_count=13638 266 13372 5577 5150 427 306 7795 4997 4957 185 137 7596 6643
cat_boundaries=0 2 4 6
cat_threshold=16384 16384 2215838352 3812 1210056712 1
is_linear=0
shrinkage=0.05


Tree=77
num_leaves=15
num_cat=4
split_feature=0 3 0 4 4 0 5 5 4 0 6 4 4 4
split_gain=3.63496 3.54043 0.711712 0.725774 1.04169 1.09716 0.88911 1.55742 1.1077 0.860796 0.769392 0.91148 0.751717 1.13356
threshold=0 5.8000000000000016 1 12.858333333333336 10.808333333333335 2 1.0000000180025095e-35 3.5000000000000004 8.6416666666666675 3 1.3560995056197489 23.375000000000004 3.5666666666666669 7.8583333333333343
decision_type=9 2 9 2 2 9 2 2 2 9 2 2 2 2
left_child=1 -1 3 4 6 -6 8 9 -2 -8 11 -5 -11 -14
right_child=2 -3 -4 10 5 -7 7 -9 -10 12 -12 -13 13 -15
leaf_value=-3.6052684320800336e-05 1.3823052024364291e-05 -0.00062583554614853995 -0.00017836679646793808 0.00016913289290040878 -0.00099576783176393577 9.2657147120189801e-05 0.00043566728316658533 0.0006461923411405613 0.0032180355526698736 0.00033746982209963974 0.0031426815492061667 -0.0010049116884939368 -0.0018484212463430573 -0.00047798857996733668
leaf_weight=182 145 79 6226 3838 494 423 389 976 120 124 112 50 124 329
leaf_count=182 145 79 6226 3838 494 423 389 976 120 124 112 50 124 329
internal_value=-7.89802e-05 -0.00581181 3.74251e-05 0.000378469 -0.000192061 -0.00160851 0.000396466 2.57467e-05 0.00311321 -0.00139752 0.000825 0.000707305 -0.00259796 -0.0035872
internal_weight=13611 261 13350 7124 3124 917 2207 1942 265 966 4000 3888 577 453
internal_count=13611 261 13350 7124 3124 917 2207 1942 265 966 4000 3888 577 453
cat_boundaries=0 2 4 6 8
cat_threshold=16384 16384 3959488641 66789 2818637824 132 134283264 1157
is_linear=0
shrinkage=0.05


Tree=78
num_leaves=15
num_cat=2
split_feature=0 3 6 0 4 4 6 5 4 4 5 3 4 5
split_gain=4.4926 4.18661 0.9765 0.799282 1.37185 1.12452 0.687952 0.763575 0.565288 1.19903 0.792908 0.858242 0.47684 0.604703
threshold=0 5.8000000000000016 2.7077599053781731 1 22.908333333333335 23.608333333333338 1.4903168760308272 3.5000000000000004 19.291666666666671 19.958333333333336 1.5000000000000002 12.000000000000002 19.008333333333336 2.5000000000000004
decision_type=9 2 2 9 2 2 2 2 2 2 2 2 2 2
left_child=1 -1 3 4 -2 6 8 -8 12 -10 -11 -12 -5 -14
right_child=2 -3 -4 5 -6 -7 7 -9 9 10 11 -13 13 -15
leaf_value=-3.5170503495274286e-05 9.4342662356550208e-05 -0.00062452162318238087 0.0056688040867335816 -0.00013496504416991018 0.0026682596689540762 -0.001266904502788946 -0.0049279140961887465 -0.00046134810398846263 0.0010999491463732165 -0.0019302429761413721 0.00092483443568733563 -0.00086511283129807326 -1.3493290258675962e-05 -0.0038631559372949154
leaf_weight=183 7027 86 57 5352 94 40 52 50 216 97 174 150 48 47
leaf_count=183 7027 86 57 5352 94 40 52 50 216 97 174 150 48 47
internal_value=-8.22789e-05 -0.00636201 4.84568e-05 2.06039e-05 0.000382134 -0.00039288 -0.000339476 -0.00441176 -0.000271203 0.00113815 -0.000415677 0.000771605 -0.00043602 -0.00394737
internal_weight=13673 269 13404 13347 7121 6226 6186 102 6084 637 421 324 5447 95
internal_count=13673 269 13404 13347 7121 6226 6186 102 6084 637 421 324 5447 95
cat_boundaries=0 2 4
cat_threshold=16384 16384 1073939970 66783
is_linear=0
shrinkage=0.05


Tree=79
num_leaves=15
num_cat=3
split_feature=0 2 0 4 6 4 4 4 4 4 0 4 4 5
split_gain=4.74062 4.14584 0.848504 0.710065 0.678489 0.600841 0.522377 0.578666 0.817934 0.381063 0.820212 0.74762 0.734998 1.10829
threshold=0 67.300000000000026 1 11.891666666666667 2.5708020820541093 1.0083333333333335 1.5083333333333335 2.0166666666666671 2.3833333333333337 19.075000000000003 2 19.958333333333336 18.858333333333338 3.5000000000000004
decision_type=9 2 9 2 2 2 2 2 2 2 9 2 2 2
left_child=1 -1 4 -3 5 -2 -7 -8 -9 12 -11 -12 -10 -14
right_child=2 3 -4 -5 -6 6 7 8 9 10 11 -13 13 -15
leaf_value=-3.9764277113851777e-05 0.0019166553057738179 -0.00049624011056788602 -0.0001219232590936592 -0.00066452577101357992 0.0062772854365142905 -0.0020050859982592094 0.0028258288732017859 -0.0046549265964166645 0.00010122098557310278 0.001679003870930207 0.0012261429770090372 -0.00077994589224719137 -0.0043118250797140488 0.0032101622415389164
leaf_weight=186 140 40 6950 44 55 43 56 48 5241 359 146 287 41 42
leaf_count=186 140 40 6950 44 55 43 56 48 5241 359 146 287 41 42
internal_value=-0.000168153 -0.00660714 -3.3537e-05 -0.0160714 0.000378788 0.000331876 0.00025946 0.000297428 0.00025146 0.000302485 0.00132576 -0.0001693 0.000150263 -0.00451807
internal_weight=13678 270 13408 84 6458 6403 6263 6220 6164 6116 792 433 5324 83
internal_count=13678 270 13408 84 6458 6403 6263 6220 6164 6116 792 433 5324 83
cat_boundaries=0 2 4 6
cat_threshold=16384 16384 2215707675 65765 2147483650 132
is_linear=0
shrinkage=0.05


Tree=80
num_leaves=15
num_cat=3
split_feature=0 2 4 0 4 4 4 6 0 4 4 4 4 4
split_gain=2.98465 4.35588 1.25 0.588568 0.622017 1.86156 1.30771 0.813697 0.74862 0.681531 0.715762 0.698464 0.656663 2.02922
threshold=0 1544.7500000000002 11.891666666666667 1 11.591666666666669 11.891666666666667 11.441666666666668 1.686730441767643 2 1.2750000000000001 9.5750000000000011 8.7250000000000014 10.575000000000001 10.958333333333334
decision_type=9 2 2 9 2 2 2 2 9 2 2 2 2 2
left_child=1 2 -1 -2 6 -6 8 -7 9 -5 11 -11 -10 -14
right_child=3 -3 -4 4 5 7 -8 -9 12 10 -12 -13 13 -15
leaf_value=-0.00022315836827267456 7.8042359175745091e-05 -0.00076454251122314303 -0.0006522832976560756 -0.0037959823194657853 -0.0020277781320998055 -0.00017823330049330789 0.0021819428458244362 0.0017918101423287647 0.00018665571876473331 -0.00017998668634754689 -0.00013301000986055134 0.00046732327323664724 0.0047351684252520208 -0.00035626316836870066
leaf_weight=40 7986 289 40 47 81 3389 41 69 769 298 292 97 56 88
leaf_count=40 7986 289 40 47 81 3389 41 69 769 298 292 97 56 88
internal_value=-0.000176704 -0.00455145 -0.015 -5.10474e-05 -0.000463051 -0.000840633 0.000325829 -0.000665124 0.000106254 -0.00107527 -0.000691412 0.000696203 0.00105634 0.00416667
internal_weight=13582 369 80 13213 5227 3539 1688 3458 1647 734 687 395 913 144
internal_count=13582 369 80 13213 5227 3539 1688 3458 1647 734 687 395 913 144
cat_boundaries=0 2 4 6
cat_threshold=0 49152 3289448451 3302 136332416 513
is_linear=0
shrinkage=0.05


Tree=81
num_leaves=15
num_cat=4
split_feature=0 2 4 0 4 3 4 5 4 0 5 5 0 4
split_gain=3.05445 2.88691 0.551538 0.466489 0.889731 0.885589 0.86742 2.34658 1.06831 1.01584 1.97298 0.81729 0.823411 1.20559
threshold=0 5596.7500000000009 11.975000000000001 1 20.525000000000002 19.400000000000002 2.6583333333333337 1.5000000000000002 9.0083333333333346 2 4.5000000000000009 1.0000000180025095e-35 3 5.0750000000000002
decision_type=9 2 2 9 2 2 2 2 2 9 2 2 9 2
left_child=1 -1 -3 11 6 -6 7 -5 9 -8 -11 12 13 -2
right_child=3 2 -4 4 5 -7 8 -9 -10 10 -12 -13 -14 -15
leaf_value=-0.00053973956938876413 0.0046931660533335645 -0.0027089302585934618 0.00012441092087735474 -0.0073111799044871476 -0.0010378075975262969 -0.0034455830756834338 -8.8507374802493388e-05 -0.00019603004043416972 -0.00010283579600484372 0.00288795676420901 -0.0020758194235305505 -3.3499123653218943e-06 0.00089451649328329283 -0.00031713121241760955
leaf_weight=83 41 40 81 47 154 76 323 138 3884 220 79 7348 721 430
leaf_count=83 41 40 81 47 154 76 323 138 3884 220 79 7348 721 430
internal_value=-0.000148189 -0.00607477 -0.00144628 -5.38193e-05 -0.000441087 -0.00347826 -0.000293114 -0.00364865 -0.000155348 0.00176849 0.00380259 0.000169591 0.00138423 -0.000259875
internal_weight=13665 204 121 13461 4921 230 4691 185 4506 622 299 8540 1192 471
internal_count=13665 204 121 13461 4921 230 4691 185 4506 622 299 8540 1192 471
cat_boundaries=0 2 4 6 8
cat_threshold=2 16384 3893363856 3670 69206017 32801 3355444240 2560
is_linear=0
shrinkage=0.05


Tree=82
num_leaves=15
num_cat=3
split_feature=0 3 5 6 0 6 5 4 4 4 4 4 4 0
split_gain=2.25501 2.69358 1.25373 0.982031 0.750705 0.568763 1.31974 0.684169 0.964664 0.531853 0.901246 0.871912 0.819903 0.999815
threshold=0 66.300000000000026 3.5000000000000004 2.7077599053781731 1 1.1557608829651618 2.5000000000000004 20.883333333333336 22.091666666666672 19.075000000000003 18.625000000000004 18.325000000000003 19.808333333333337 2
decision_type=9 2 2 2 9 2 2 2 2 2 2 2 2 9
left_child=1 -1 -3 4 9 7 -7 -6 -9 10 11 -2 13 -11
right_child=3 2 -4 -5 5 6 -8 8 -10 12 -12 -13 -14 -15
leaf_value=-0.00047438806130964406 7.6088867187262829e-05 -0.0020839287710676391 0.00098182021868449001 0.005959686542348042 -6.2678994788006878e-05 -0.001227157838074966 0.0028217849652104501 -0.0015836981588019273 -2.1452530782539727e-05 -8.6510030636860477e-05 -0.0015183254462876328 0.00194866907419744 6.4733383951459675e-05 0.0020976731364078737
leaf_weight=81 5267 160 130 57 6284 95 130 152 192 120 156 122 456 219
leaf_count=81 5267 160 130 57 6284 95 130 152 192 120 156 122 456 219
internal_value=-7.89223e-05 -0.00387139 -0.00172414 3.01659e-05 1.89494e-06 -0.000360629 0.00211111 -0.000445081 -0.00261628 0.000393701 0.00022092 0.000329375 0.00160377 0.00346608
internal_weight=13621 371 290 13250 13193 6853 225 6628 344 6340 5545 5389 795 339
internal_count=13621 371 290 13250 13193 6853 225 6628 344 6340 5545 5389 795 339
cat_boundaries=0 2 4 6
cat_threshold=0 49152 3221291155 1702 0 1060
is_linear=0
shrinkage=0.05


Tree=83
num_leaves=15
num_cat=4
split_feature=0 3 6 5 0 4 4 3 4 4 0 5 0 4
split_gain=2.5686 2.51647 0.982029 0.681194 0.670204 0.663184 1.59117 0.565999 0.546257 1.1935 0.693325 1.31602 0.557445 0.537641
threshold=0 66.300000000000026 2.7077599053781731 3.5000000000000004 1 0.82500000000000007 1.7500000000000002 7.3500000000000005 14.441666666666668 13.891666666666667 2 4.5000000000000009 3 11.075000000000001
decision_type=9 2 2 2 9 2 2 2 2 2 9 2 9 2
left_child=1 -1 4 -3 5 -2 7 -7 9 13 11 -11 -10 -6
right_child=2 3 -4 -5 8 6 -8 -9 12 10 -12 -13 -14 -15
leaf_value=-0.00047664138220503973 0.0022401027651910155 -0.0021470053174957927 0.0056617022152306356 0.00022718492018454774 5.7917548043484592e-05 -0.00069316555855171165 0.00020521406640151564 -0.0041794787255721973 -8.2571890154281577e-05 0.00039428962950647796 0.0018185210903046535 -0.00082246011166226549 -0.00030904551815957859 -0.00011445065278480327
leaf_weight=81 106 157 57 133 1869 47 7153 62 1922 62 121 41 814 992
leaf_count=81 106 157 57 133 1869 47 7153 62 1922 62 121 41 814 992
internal_value=-8.62892e-05 -0.00413386 3.0175e-05 -0.00206897 1.89552e-06 0.000318515 0.000261636 -0.00573394 -0.000398731 5.67261e-05 0.00357143 0.000221239 -0.000913743 -0.000218455
internal_weight=13617 371 13246 290 13189 7368 7262 109 5821 3085 224 103 2736 2861
internal_count=13617 371 13246 290 13189 7368 7262 109 5821 3085 224 103 2736 2861
cat_boundaries=0 2 4 6 8
cat_threshold=0 49152 2149778051 1135 1610612736 67584 672137232 2688
is_linear=0
shrinkage=0.05


Tree=84
num_leaves=15
num_cat=3
split_feature=0 2 0 6 6 5 5 4 4 0 4 4 4 4
split_gain=3.6501 1.50649 1.05522 0.975114 0.651931 0.775001 0.528353 1.0315 1.62088 2.19454 0.984582 0.868655 0.855346 1.72319
threshold=0 102.90000000000002 1 2.3151687044779554 1.5140896295432389 4.5000000000000009 2.5000000000000004 8.7750000000000021 5.0750000000000002 2 22.741666666666671 3.2583333333333337 14.141666666666667 12.991666666666669
decision_type=9 2 9 2 2 2 2 2 2 9 2 2 2 2
left_child=1 -1 6 4 -4 -6 7 8 9 -2 12 -11 13 -8
right_child=2 -3 3 -5 5 -7 10 -9 -10 11 -12 -13 -14 -15
leaf_value=-0.00048013479723277297 -0.0013028036058299942 -0.00031930494932148613 -8.3972717656377604e-05 0.011800534372543137 -0.0047862386983098422 4.0231098236764855e-05 0.00061474403572665543 0.00016079480772608902 -0.0027388297479351009 0.00057430614248174527 0.0039073075213722419 0.0076634493785687433 -4.3738864933837165e-05 0.0031860093533660873
leaf_weight=77 120 53 6959 51 62 45 1595 2247 204 79 66 43 1640 316
leaf_count=77 120 53 6959 51 62 45 1595 2247 204 79 66 43 1640 316
internal_value=-0.000182563 -0.00821429 -9.86083e-05 -0.000515645 -0.000566091 -0.00443925 0.000371835 -0.000157817 -0.00235426 0.000413223 0.00076721 0.00492424 0.000654745 0.00137363
internal_weight=13557 130 13427 7117 7066 107 6310 2693 446 242 3617 122 3551 1911
internal_count=13557 130 13427 7117 7066 107 6310 2693 446 242 3617 122 3551 1911
cat_boundaries=0 2 4 6
cat_threshold=1024 16384 2283864722 68165 134217728 2113
is_linear=0
shrinkage=0.05


Tree=85
num_leaves=15
num_cat=5
split_feature=0 2 5 0 0 6 6 5 6 5 0 5 0 5
split_gain=2.88229 2.94816 0.733746 0.579073 0.300371 0.999991 0.953117 0.333986 0.383648 0.504663 0.314963 0.261526 1.09613 0.716663
threshold=0 1544.7500000000002 2.5000000000000004 1 2 2.0447484484576397 2.2164971291935474 1.0000000180025095e-35 1.3355396910605088 3.5000000000000004 3 5.5000000000000009 4 3.5000000000000004
decision_type=9 2 2 9 9 2 2 2 2 2 9 2 9 2
left_child=1 -1 -3 -2 6 11 7 10 -9 -10 -5 13 -13 -6
right_child=3 2 -4 4 5 -7 -8 8 9 -11 -12 12 -14 -15
leaf_value=-0.00043499847605755207 0.00013070035944456881 -0.003172297922026052 8.0148782886907421e-05 -0.00018829386062505505 -1.4918724652354665e-05 -0.0062812381523180806 0.015244814862590206 -0.00016525907961190134 0.0035682714688602237 -0.0015302352715688252 0.0006052552533535871 -0.0025697239304141835 0.00027681599421254532 -0.00026740585985409181
leaf_weight=80 3281 114 158 441 1520 42 88 6101 44 51 554 108 262 757
leaf_count=80 3281 114 158 441 1520 42 88 6101 44 51 554 108 262 757
internal_value=-0.000156239 -0.00455801 -0.00220588 -3.58247e-05 -0.000225496 -0.000676176 -5.8307e-05 -0.00012168 -0.000258231 0.00289474 0.000728643 -0.000557235 0.000675676 -0.000757576
internal_weight=13601 352 272 13249 9968 2689 7279 7191 6196 95 995 2647 370 2277
internal_count=13601 352 272 13249 9968 2689 7279 7191 6196 95 995 2647 370 2277
cat_boundaries=0 2 4 6 8 10
cat_threshold=0 49152 537069186 1156 2349858816 2674 2281701376 2080 0 65544
is_linear=0
shrinkage=0.05


Tree=86
num_leaves=15
num_cat=5
split_feature=0 2 0 5 6 0 6 5 5 6 6 0 5 0
split_gain=2.72512 1.47978 0.518775 1.00641 1.13138 0.793059 0.555457 0.552098 0.516775 1.63619 0.680584 0.505238 0.751866 0.399096
threshold=0 6411.5000000000009 1 3.5000000000000004 1.3560995056197489 2 2.2987267968673764 4.5000000000000009 3.5000000000000004 1.4760988674747659 1.3766220136373084 3 5.5000000000000009 4
decision_type=9 2 9 2 2 9 2 2 2 2 2 9 2 9
left_child=1 -1 3 4 -2 -5 8 -7 10 11 13 12 -10 -4
right_child=2 -3 6 5 -6 7 -8 -9 9 -11 -12 -13 -14 -15
leaf_value=-0.00041324855225467473 -0.00018223317762041671 -0.00073130405278268871 -4.5753543792545485e-05 0.0012786857158805565 0.0048060201315852542 0.00093076442507196715 -0.0045062326294088018 -4.3629324054478284e-05 -0.00012569270603697281 0.0031543038969042594 -0.0059890199565877716 -0.00058643624482333789 0.00032988718612944059 0.00020247266236600447
leaf_weight=82 3802 54 982 1064 133 666 58 1318 989 62 47 1270 459 2694
leaf_count=82 3802 54 982 1064 133 666 58 1318 989 62 47 1270 459 2694
internal_value=-5.48246e-05 -0.00684932 1.84447e-05 0.000318175 -0.000209657 0.00100066 -0.000300563 0.000401204 -0.000257573 -0.000773381 0.000127585 -0.000956586 -0.000308642 0.000204026
internal_weight=13680 136 13544 6983 3935 3048 6561 1984 6503 2780 3723 2718 1448 3676
internal_count=13680 136 13544 6983 3935 3048 6561 1984 6503 2780 3723 2718 1448 3676
cat_boundaries=0 2 4 6 8 9
cat_threshold=8 16384 2215772801 101477 68288512 32773 673267712 130 673267712
is_linear=0
shrinkage=0.05


Tree=87
num_leaves=15
num_cat=3
split_feature=0 4 4 6 0 4 4 4 5 4 4 5 4 0
split_gain=2.07552 1.0247 0.512805 0.481859 0.473886 0.631468 2.12742 1.45112 1.66942 1.08621 0.957981 0.9013 0.788465 0.599252
threshold=0 13.641666666666667 8.6416666666666675 2.5421628270873113 1 13.991666666666669 13.175000000000002 14.191666666666668 5.5000000000000009 15.675000000000002 13.008333333333335 2.5000000000000004 19.525000000000002 2
decision_type=9 2 2 2 9 2 2 2 2 2 2 2 2 9
left_child=1 2 -1 4 5 6 10 -7 13 -10 -2 -8 -11 -9
right_child=3 -3 -4 -5 -6 7 11 8 9 12 -12 -13 -14 -15
leaf_value=-0.00035652233432059146 -1.1082404738960162e-06 -0.00049711452492525181 5.9521066443873896e-05 0.0041252071350189488 -7.0821758135797283e-05 0.003763427360297722 -0.0013490479850520765 0.00073833662755276033 -0.00096335771091177191 0.0037857248054673945 0.0033362611863423266 -0.0039502520994852634 2.8100966727007129e-06 -0.00022207336597636075
leaf_weight=41 1892 59 40 108 8921 143 80 574 58 154 57 113 49 1287
leaf_count=41 1892 59 40 108 8921 143 80 574 58 154 57 113 49 1287
internal_value=-0.000151002 -0.006 -0.00277778 -8.55273e-05 -0.000112545 0.000311297 -0.000303455 0.00089404 0.000565504 0.00431034 0.000192406 -0.00531088 0.00603448 4.03009e-05
internal_weight=13576 140 81 13436 13328 4407 2142 2265 2122 261 1949 193 203 1861
internal_count=13576 140 81 13436 13328 4407 2142 2265 2122 261 1949 193 203 1861
cat_boundaries=0 2 4 6
cat_threshold=1024 16384 134414489 66695 65664 1026
is_linear=0
shrinkage=0.05


Tree=88
num_leaves=15
num_cat=2
split_feature=0 2 0 4 3 5 5 5 5 4 4 4 4 4
split_gain=1.99655 1.65829 1.02575 0.954165 0.898371 0.570098 1.00519 0.462629 0.428043 1.20623 1.31035 1.02212 1.49894 0.643731
threshold=0 5596.7500000000009 1 20.991666666666671 7.0000000000000009 1.5000000000000002 3.5000000000000004 2.5000000000000004 3.5000000000000004 1.2750000000000001 2.3833333333333337 8.7250000000000014 9.158333333333335 21.891666666666669
decision_type=9 2 9 2 2 2 2 2 2 2 2 2 2 2
left_child=1 -1 8 -4 -5 -6 -7 -3 11 -10 -11 -2 -13 -14
right_child=2 7 3 4 5 6 -8 -9 9 10 -12 12 13 -15
leaf_value=-0.00038095591075031359 -0.00049024762136186677 0.0005404869021543746 -0.00014245615518772571 0.0010559841079919696 -0.0041699147116072447 0.0015564373308163738 -0.0018868814177699174 -0.0023397558198675283 0.0026468422038906981 -0.0037173648541791449 0.0002300217510354974 0.0013789894821129801 3.7124908723806807e-05 -0.00056642855855990049
leaf_weight=81 532 56 7592 67 80 72 82 61 49 46 2327 102 2393 116
leaf_count=81 532 56 7592 67 80 72 82 61 49 46 2327 102 2393 116
internal_value=-0.000186731 -0.00504808 -0.000111375 -0.000477667 -0.0032392 -0.00470085 -0.00292208 -0.00149573 0.000408072 0.00090834 0.000747998 2.38626e-05 0.000430869 0.000189318
internal_weight=13656 198 13458 7893 301 234 154 117 5565 2422 2373 3143 2611 2509
internal_count=13656 198 13458 7893 301 234 154 117 5565 2422 2373 3143 2611 2509
cat_boundaries=0 2 4
cat_threshold=2 16384 2751676432 65733
is_linear=0
shrinkage=0.05


Tree=89
num_leaves=15
num_cat=3
split_feature=0 0 4 4 4 4 4 4 2 2 4 4 4 0
split_gain=2.47683 0.964534 0.691134 0.437991 1.37378 1.13555 0.949097 0.546074 0.471078 0.430604 0.34966 1.26114 0.844801 1.82343
threshold=0 1 13.641666666666667 1.0083333333333335 3.058333333333334 3.5666666666666669 2.0166666666666671 1.5083333333333335 608.50000000000011 189.85000000000002 14.191666666666668 15.091666666666669 12.925000000000002 2
decision_type=9 9 2 2 2 2 2 2 2 2 2 2 2 9
left_child=2 3 -1 9 6 -6 7 -5 -8 -2 12 -12 -3 -14
right_child=1 10 -4 4 5 -7 8 -9 -10 -11 11 -13 13 -15
leaf_value=-0.00014321855728421373 0.0045008234256036289 -8.5528440907406422e-05 -0.00044615381320006753 -0.00098372195528643731 0.0030594112065646887 0.00011464195388960485 -0.0014730087986196767 0.0012542622898257473 -0.0064761827111888054 0.00055883137193262216 -0.00086247336912467776 -0.00025457556832504116 -0.00049409057323850374 0.0011344469901999777
leaf_weight=75 40 3110 53 61 45 5448 68 55 40 95 374 3582 257 387
leaf_count=75 40 3110 53 61 45 5448 68 55 40 95 374 3582 257 387
internal_value=-0.000219138 -0.000151046 -0.00688406 0.000332651 0.000266748 0.000423266 -0.00357143 -0.000431034 -0.00694444 0.00314815 -0.000518135 -0.000846815 -0.000173149 0.00147516
internal_weight=13690 13562 128 5852 5717 5493 224 116 108 135 7710 3956 3754 644
internal_count=13690 13562 128 5852 5717 5493 224 116 108 135 7710 3956 3754 644
cat_boundaries=0 2 4 6
cat_threshold=1024 16384 3423666713 68800 536870912 11
is_linear=0
shrinkage=0.05


Tree=90
num_leaves=15
num_cat=5
split_feature=0 2 6 3 0 5 0 5 0 6 6 3 0 5
split_gain=1.75438 1.33342 0.793485 0.42768 0.406423 0.447602 1.06869 0.355705 0.812056 0.323241 0.980997 0.317083 0.306605 0.302441
threshold=0 67.300000000000026 2.3151687044779554 9.2500000000000018 1 5.5000000000000009 2 1.0000000180025095e-35 3 2.0643809316102675 1.6027557735239222 12.000000000000002 4 4.5000000000000009
decision_type=9 2 2 2 9 2 9 2 9 2 2 2 9 2
left_child=1 -1 4 -4 5 -2 11 8 -6 10 13 -7 -8 -9
right_child=2 -3 3 -5 7 6 12 9 -10 -11 -12 -13 -14 -15
leaf_value=-3.3818720982894955e-05 2.3774083841548999e-05 -0.00035474718734859192 0.011907878770508652 0.00021899415829493841 -0.00036371438785316458 0.0018910026384847624 0.0018919487842130158 -6.0220195789850718e-05 0.0004664297718480426 -0.002526615771438312 0.0012776287457412106 0.0036781031428099798 -0.00011080305326591767 -0.0004893947926633335
leaf_weight=186 4700 81 56 74 646 132 220 4437 445 51 49 78 299 2185
leaf_count=186 4700 81 56 74 646 132 220 4437 445 51 49 78 299 2185
internal_value=-0.00012281 -0.00406137 -4.11e-05 0.00384615 -7.92932e-05 0.000252804 0.00140604 -0.000309983 0.000527039 -0.000446296 -0.00041598 0.00431818 0.000141777 -0.000468137
internal_weight=13639 267 13372 130 13242 5429 729 7813 1091 6722 6671 210 519 6622
internal_count=13639 267 13372 130 13242 5429 729 7813 1091 6722 6671 210 519 6622
cat_boundaries=0 2 4 6 8 10
cat_threshold=16384 16384 1211303450 135 2228240 2 2147483648 68136 134217728 5
is_linear=0
shrinkage=0.05


Tree=91
num_leaves=15
num_cat=4
split_feature=0 4 5 0 4 4 4 4 4 2 0 4 0 4
split_gain=1.05018 1.39986 0.428871 1.28952 1.24955 0.810104 1.5185 1.21097 0.757679 0.882821 0.625773 0.629426 0.572782 0.768606
threshold=0 13.641666666666667 1.0000000180025095e-35 1 2.3833333333333337 9.158333333333335 13.375000000000002 13.941666666666668 8.3250000000000011 578.90000000000009 2 15.608333333333336 3 19.425000000000004
decision_type=9 2 2 9 2 2 2 2 2 2 9 2 9 2
left_child=1 -1 3 5 -5 8 -7 -8 9 -2 11 -9 13 -4
right_child=2 -3 12 4 -6 6 7 10 -10 -11 -12 -13 -14 -15
leaf_value=-6.8389879562147373e-06 3.7603579436776283e-05 -0.00040900256867647537 -1.8235797511373388e-05 -0.0051514724040149784 -3.2738337636994966e-05 -0.0019955279984828047 0.0057051150851659353 -0.0011194500413838626 0.0071632918671914294 0.0040418277934081929 0.00019345149410041618 0.0029152767288556092 -0.00013721910561217965 0.0011273457587474445
leaf_weight=77 74 56 6143 41 963 191 45 41 40 41 243 207 4766 693
leaf_count=77 74 56 6143 41 963 191 45 41 40 41 243 207 4766 693
internal_value=-0.000108289 -0.00437063 -6.29723e-05 0.000636267 -0.000591716 0.00201794 0.00134113 0.00270522 0.00532258 0.00326087 0.00198574 0.00368217 -0.000176694 0.000116857
internal_weight=13621 133 13488 1886 1004 882 727 536 155 115 491 248 11602 6836
internal_count=13621 133 13488 1886 1004 882 727 536 155 115 491 248 11602 6836
cat_boundaries=0 2 4 6 8
cat_threshold=1024 16384 607191555 67154 1114114 1042 2148679705 67759
is_linear=0
shrinkage=0.05


Tree=92
num_leaves=15
num_cat=3
split_feature=0 2 0 4 6 4 6 3 2 4 4 4 0 4
split_gain=2.31543 0.967758 0.619189 0.722976 0.405665 0.815205 0.53395 0.377309 0.907088 0.357753 0.325589 0.358189 0.899576 0.861356
threshold=0 1036.8500000000001 1 20.883333333333336 1.7981909629808028 17.675000000000004 2.2013955467436794 18.750000000000004 1382.5000000000002 11.891666666666667 19.075000000000003 13.175000000000002 2 13.758333333333335
decision_type=9 2 9 2 2 2 2 2 2 2 2 2 9 2
left_child=1 9 4 10 -2 6 -6 -5 -9 -1 11 -4 -13 -14
right_child=2 -3 3 7 5 -7 -8 8 -10 -11 -12 12 13 -15
leaf_value=-0.00029635576720563609 6.7391898090962691e-06 -0.0018549243147234608 -2.1083989368297918e-05 -0.00011078373546938303 0.0047689899744792486 0.0061268755406897694 -0.0014317561851771021 -0.0041058973333216618 -0.0009346534481308983 -0.00034537185533511927 0.0011985275990980928 -4.8665612785075977e-06 -0.0045416879343401773 -0.00067298547752535636
leaf_weight=42 8700 61 1894 81 42 52 79 46 76 40 319 1114 71 1069
leaf_count=42 8700 61 1894 81 42 52 79 46 76 40 319 1114 71 1069
internal_value=-0.000255736 -0.00637255 -0.000186306 -0.000651709 5.91017e-05 0.00245665 0.000206612 -0.00357143 -0.00532787 -0.0103659 -0.000520484 -0.000638862 -0.00106477 -0.00204348
internal_weight=13686 143 13543 4670 8873 173 121 203 122 82 4467 4148 2254 1140
internal_count=13686 143 13543 4670 8873 173 121 203 122 82 4467 4148 2254 1140
cat_boundaries=0 2 4 6
cat_threshold=67108864 16384 3759211648 66167 136314889 3072
is_linear=0
shrinkage=0.05


Tree=93
num_leaves=15
num_cat=1
split_feature=4 4 2 4 3 6 2 7 2 4 4 4 4 1
split_gain=0.419117 1.64413 0.338114 0.400397 0.754609 0.473096 0.45825 0.366136 3.08658 1.01047 0.416353 0.669778 0.895947 0.400045
threshold=1.0083333333333335 1.2750000000000001 6411.5000000000009 3.058333333333334 49.000000000000007 2.7077599053781731 27.700000000000003 1.0000000180025095e-35 67.300000000000026 6.1250000000000009 22.091666666666672 23.125000000000004 22.908333333333335 0
decision_type=2 2 2 2 2 2 2 2 2 2 2 2 2 1
left_child=-1 -2 3 4 6 7 -3 10 9 -9 13 12 -12 -5
right_child=1 2 -4 5 -6 -7 -8 8 -10 -11 11 -13 -14 -15
leaf_value=0.00065709256439519526 -0.0032418882852113754 0.0018281148649495734 -0.0011817075957143487 -0.00066709684932691473 0.0065349108804105965 0.0044506573345022508 -0.00088794372928842076 -0.00079529912979594555 -0.00033026045461249102 4.0239044238221668e-06 0.0009580207293887089 -0.00036989463995707464 0.002746203197587871 1.147939965663869e-05
leaf_weight=270 48 46 57 240 46 54 298 41 79 1091 111 130 49 11134
leaf_count=270 48 46 57 240 46 54 298 41 79 1091 111 130 49 11134
internal_value=-9.85833e-05 -0.000137813 -0.000104665 -8.82198e-05 -0.00166667 -4.06064e-05 -0.00247093 -6.01942e-05 -0.000887696 -0.000220848 2.57202e-05 0.00189655 0.0040625 -2.198e-05
internal_weight=13694 13424 13376 13319 390 12929 344 12875 1211 1132 11664 290 160 11374
internal_count=13694 13424 13376 13319 390 12929 344 12875 1211 1132 11664 290 160 11374
cat_boundaries=0 1
cat_threshold=8
is_linear=0
shrinkage=0.05


Tree=94
num_leaves=15
num_cat=4
split_feature=6 0 4 0 4 4 0 6 3 4 4 3 4 0
split_gain=1.20585 1.16793 2.95619 0.715749 0.7039 1.18758 0.708756 0.538998 0.538274 0.510014 0.451794 0.651852 0.425499 0.678492
threshold=2.5421628270873113 0 13.991666666666669 1 19.758333333333336 20.141666666666669 2 2.0643809316102675 9.2500000000000018 9.5083333333333346 19.425000000000004 6.5000000000000009 2.1583333333333337 3
decision_type=2 9 2 9 2 2 9 2 2 2 2 2 2 9
left_child=1 2 9 7 10 -6 -7 12 -2 -1 -5 -12 13 -3
right_child=8 3 -4 4 5 6 -8 -9 -10 -11 11 -13 -14 -15
leaf_value=-0.00011144979362428532 0.014727611573340793 -0.0038384812578927704 -0.00026590327961740215 -0.00027637576190250315 -0.0032925383046122137 0.00048351814470223853 -0.0014744217319418995 -0.0020400194268001214 0.00080632796989359439 -9.2038901479296619e-06 0.0031898441014888814 -0.00089584217088677369 3.3821379987375448e-05 5.2847608098260952e-07
leaf_weight=45 47 104 43 4515 95 148 157 68 56 175 45 54 7831 212
leaf_count=45 47 104 43 4515 95 148 157 68 56 175 45 54 7831 212
internal_value=-0.000292387 -0.000333531 -0.00357143 -0.000266259 -0.000736465 -0.00275 -0.00122951 2.12766e-05 0.00509709 -0.00136364 -0.000563502 0.00277778 5.83037e-05 -0.00174051
internal_weight=13595 13492 263 13229 5014 400 305 8215 103 220 4614 99 8147 316
internal_count=13595 13492 263 13229 5014 400 305 8215 103 220 4614 99 8147 316
cat_boundaries=0 2 4 6 8
cat_threshold=16384 16384 3894476945 748 1179648 2064 2281701376 40
is_linear=0
shrinkage=0.05


Tree=95
num_leaves=15
num_cat=0
split_feature=4 4 2 4 2 2 4 4 2 5 4 4 4 4
split_gain=0.576862 1.11156 0.858626 0.620892 1.5816 0.616963 0.552018 0.365335 0.328205 0.309191 0.258207 0.71789 0.923161 0.843687
threshold=19.808333333333337 19.675000000000004 295.25000000000006 20.775000000000002 27.700000000000003 585.60000000000002 20.991666666666671 21.491666666666671 608.50000000000011 2.5000000000000004 19.425000000000004 19.241666666666671 19.075000000000003 19.008333333333336
decision_type=2 2 2 2 2 2 2 2 2 2 2 2 2 2
left_child=1 10 -3 4 -2 -6 -5 8 -8 -7 11 12 13 -1
right_child=3 2 -4 6 5 9 7 -9 -10 -11 -12 -13 -14 -15
leaf_value=-1.2777302926053614e-05 -0.0024868972170526585 0.0027203251807976893 0.0011307961666083334 0.0021453561796786315 0.00018080549053419161 -0.0043560916647117035 -0.0009073666330053382 -1.1680823090706727e-05 0.00025344955886469621 -0.00029871935766805362 0.00042844137876443258 -0.0013559122916418087 0.0015150841759839441 -0.0028574138399012658
leaf_weight=11969 66 62 68 56 221 51 78 498 52 45 200 123 134 42
leaf_count=11969 66 62 68 56 221 51 78 498 52 45 200 123 134 42
internal_value=-7.86681e-05 1.58755e-05 0.00461538 -0.00119494 -0.00280679 -0.00134069 -0.000292398 -0.000716561 -0.00307692 -0.0046875 -3.20821e-05 -6.11347e-05 -2.26431e-05 -6.8687e-05
internal_weight=13665 12598 130 1067 383 317 684 628 130 96 12468 12268 12145 12011
internal_count=13665 12598 130 1067 383 317 684 628 130 96 12468 12268 12145 12011
is_linear=0
shrinkage=0.05


Tree=96
num_leaves=15
num_cat=4
split_feature=0 4 0 5 4 4 0 5 0 4 6 6 4 5
split_gain=1.63712 1.7968 0.76529 0.620096 0.565241 1.23627 1.2369 1.89742 0.556596 1.10226 0.781211 0.542612 0.523052 0.740694
threshold=0 12.725000000000001 1 3.5000000000000004 17.591666666666672 15.441666666666668 2 1.5000000000000002 3 13.141666666666667 1.5022573144106934 1.7981909629808028 17.408333333333335 3.5000000000000004
decision_type=9 2 9 2 2 2 9 2 9 2 2 2 2 2
left_child=1 3 4 -1 5 8 12 -8 -2 10 -10 -6 13 -7
right_child=2 -3 -4 -5 11 6 7 -9 9 -11 -12 -13 -14 -15
leaf_value=4.7174144236239447e-05 6.526908475832372e-05 -0.00034083679561809914 -6.1783843006690822e-05 -0.00040096688167613195 0.0005565674271757582 0.0010055783895907445 -0.003058675382892831 -0.00094133617170268362 7.5797547968403664e-05 0.0035851371725853622 0.012981492973580684 0.0063142664614487705 -0.0014331148532105487 -0.0013954392222726209
leaf_weight=55 2707 82 6697 40 1825 294 116 278 823 327 42 53 67 206
leaf_count=55 2707 82 6697 40 1825 294 116 278 823 327 42 53 67 206
internal_value=-3.30591e-05 -0.00467914 3.16103e-05 -0.000263158 0.000407528 0.000123457 -0.00148283 -0.00358911 0.000519364 0.00141431 0.000491329 0.00114483 4.33276e-05 0.0006
internal_weight=13612 177 13435 95 6738 4860 961 394 3899 1192 865 1878 567 500
internal_count=13612 177 13435 95 6738 4860 961 394 3899 1192 865 1878 567 500
cat_boundaries=0 2 4 6 8
cat_threshold=16 16384 2215839240 68166 2214592512 2054 2147484672 2566
is_linear=0
shrinkage=0.05


Tree=97
num_leaves=15
num_cat=5
split_feature=0 4 0 4 4 0 4 0 5 4 0 5 4 5
split_gain=1.41577 0.973395 0.695505 0.974557 1.58901 1.06164 0.883954 0.791611 1.11733 0.754861 1.09904 0.896589 1.00083 0.725865
threshold=0 12.725000000000001 1 1.0083333333333335 3.058333333333334 2 18.575000000000003 3 2.5000000000000004 9.2416666666666689 4 4.5000000000000009 8.7250000000000014 2.5000000000000004
decision_type=9 2 9 2 2 9 2 9 2 2 9 2 2 2
left_child=1 -1 3 -2 5 -5 9 8 -8 10 11 12 -6 -12
right_child=2 -3 -4 4 6 -7 7 -9 -10 -11 13 -13 -14 -15
leaf_value=-9.6714702784661544e-05 0.0021820254987189205 -0.00029242205105966537 -5.9808703453528847e-05 -0.0028751735296262959 0.0059962385529357398 4.9726320037146725e-05 0.0012831171795641195 0.0013050915135117526 -0.00091314498501555161 -8.0795847052986266e-05 -0.00049867092215345472 -0.0020620153827711762 0.0020881304268258074 0.0010726513854524362
leaf_weight=93 161 75 6570 133 83 124 137 679 183 4390 336 42 49 494
leaf_count=93 161 75 6570 133 83 124 137 679 183 4390 336 42 49 494
internal_value=-6.45804e-05 -0.00449438 -5.60078e-06 0.000348189 0.000255639 -0.00359922 0.000410605 0.00177678 -0.00030303 0.000157582 0.00139442 0.0048913 0.00719697 0.000595238
internal_weight=13549 168 13381 6811 6650 257 6393 999 320 5394 1004 174 132 830
internal_count=13549 168 13381 6811 6650 257 6393 999 320 5394 1004 174 132 830
cat_boundaries=0 2 4 6 8 10
cat_threshold=16 16384 2282817035 67788 0 2120 1032 2112 67072 8
is_linear=0
shrinkage=0.05


Tree=98
num_leaves=15
num_cat=2
split_feature=0 2 4 0 4 4 2 4 4 4 4 4 4 4
split_gain=1.01676 0.661007 0.483188 0.433913 0.588005 1.51801 0.961979 0.759419 0.949959 0.764036 0.720913 0.620302 1.04643 0.597573
threshold=0 3593.4000000000001 10.29166666666667 1 21.341666666666672 19.591666666666672 643.9000000000002 14.441666666666668 12.208333333333334 15.008333333333335 22.908333333333335 10.141666666666667 10.575000000000001 15.191666666666668
decision_type=9 2 2 9 2 2 2 2 2 2 2 2 2 2
left_child=1 2 -1 4 5 7 -7 8 11 -9 -6 -2 -13 -11
right_child=3 -3 -4 -5 10 6 -8 9 -10 13 -12 12 -14 -15
leaf_value=-0.0002387851395942553 4.7432228423893721e-05 -0.0015382066358786085 -0.00028819003809103517 2.7282038109788245e-05 -0.0055871211949703016 0.00066014710747784588 0.0064104990184504166 -0.0021743757097365231 0.00035451324053521472 0.0026058556493876173 6.7238290924859231e-05 -0.0056631105825503906 -6.2654980715259884e-05 -0.00098687457024611573
leaf_weight=42 811 90 40 10146 61 118 65 104 465 48 45 82 402 1110
leaf_count=42 811 90 40 10146 61 118 65 104 465 48 45 82 402 1110
internal_value=-0.000133906 -0.00384615 -0.00731707 -8.35375e-05 -0.000579645 -0.000460218 0.00396175 -0.000727995 -5.68182e-05 -0.00166403 -0.00424528 -0.000752896 -0.00216942 -0.00129534
internal_weight=13629 172 82 13457 3311 3205 183 3022 1760 1262 106 1295 484 1158
internal_count=13629 172 82 13457 3311 3205 183 3022 1760 1262 106 1295 484 1158
cat_boundaries=0 2 4
cat_threshold=1 16384 17024 34448
is_linear=0
shrinkage=0.05


Tree=99
num_leaves=15
num_cat=1
split_feature=6 6 6 4 2 4 4 1 4 4 4 4 4 4
split_gain=0.38394 0.476845 0.436361 1.14391 2.20679 0.419897 0.21873 0.177724 1.26884 1.13984 0.423717 0.202622 0.771283 0.516132
threshold=2.5421628270873113 2.2013955467436794 1.1557608829651618 16.475000000000005 102.90000000000002 17.675000000000004 9.8416666666666686 0 17.991666666666671 15.141666666666667 18.458333333333336 19.808333333333337 19.425000000000004 19.241666666666671
decision_type=2 2 2 2 2 2 2 1 2 2 2 2 2 2
left_child=1 2 7 4 -4 -2 -6 8 9 -1 -10 12 13 -9
right_child=5 -3 3 -5 6 -7 -8 11 10 -11 -12 -13 -14 -15
leaf_value=0.00053569869738456235 0.00013112753254247435 -0.0020013867109848426 0.0040194009977030046 0.0032407725191114737 -0.0038293850198384939 0.0035095096683555038 -0.0022948897045781624 -6.0039471110262535e-05 0.0015854668663972283 -0.0025677539747860356 -0.0015251048242250099 -0.00014686928014533975 0.00097069657706179153 -0.0017259485348666921
leaf_weight=40 71 57 52 68 41 41 50 11575 90 51 59 981 333 108
leaf_count=40 71 57 52 68 41 41 50 11575 90 51 59 981 333 108
internal_value=-0.000236836 -0.000261014 -0.000241672 0.00201422 -0.000524476 0.00267857 -0.00521978 -0.000277631 -0.0016 -0.00631868 0.0011745 -0.000251787 -0.000195573 -0.000263203
internal_weight=13617 13505 13448 211 143 112 91 13237 240 91 149 12997 12016 11683
internal_count=13617 13505 13448 211 143 112 91 13237 240 91 149 12997 12016 11683
cat_boundaries=0 1
cat_threshold=8
is_linear=0
shrinkage=0.05


Tree=100
num_leaves=15
num_cat=4
split_feature=0 4 4 4 0 5 4 0 5 5 4 0 4 4
split_gain=0.743875 0.435272 2.14833 0.660846 0.630961 1.10847 0.577158 0.728321 0.584158 0.552313 0.540324 0.514831 0.626214 0.382102
threshold=0 7.0250000000000012 6.4166666666666679 4.0083333333333337 1 1.5000000000000002 8.2583333333333346 2 2.5000000000000004 1.0000000180025095e-35 2.1583333333333337 3 4.8750000000000009 11.075000000000001
decision_type=9 2 2 2 9 2 2 9 2 2 2 9 2 2
left_child=13 2 3 4 5 -2 7 8 -3 -6 -11 -5 -13 -1
right_child=1 6 -4 11 9 -7 -8 -9 -10 10 -12 12 -14 -15
leaf_value=0.00018163780906248485 -0.0062424667018003421 0.0052021464012146634 -0.0055307832131241104 -0.00073607743502785989 0.0016284799814642815 -0.00039082629040333163 -0.00013681861283019737 -0.00014379641319202109 0.0077053560091759126 0.00013008810588961695 -0.0012190216105253727 0.0016393417056930954 9.7010230924399199e-05 1.29303071583875e-05
leaf_weight=1859 41 54 92 110 53 90 6789 123 51 192 151 46 67 3917
leaf_count=1859 41 54 92 110 53 90 6789 123 51 192 151 46 67 3917
internal_value=-9.35094e-05 -0.000409836 -0.00148456 -0.0006 -0.00156546 -0.00443262 -0.000281459 0.00219298 0.005 -0.000492611 -0.00123907 0.00168161 0.00386179 0.00033702
internal_weight=13635 7859 842 750 527 131 7017 228 105 396 343 223 113 5776
internal_count=13635 7859 842 750 527 131 7017 228 105 396 343 223 113 5776
cat_boundaries=0 2 4 6 8
cat_threshold=2684372122 34964 2097152 40 134217728 97 134217728 67
is_linear=0
shrinkage=0.05


Tree=101
num_leaves=15
num_cat=6
split_feature=0 5 0 6 3 5 6 2 5 0 0 0 5 0
split_gain=1.00307 0.814039 0.710562 0.626236 0.508218 0.473643 0.330448 0.694231 0.269322 1.66615 1.36008 0.337374 0.347225 0.323609
threshold=0 4.5000000000000009 1 1.3225635810616778 42.300000000000004 1.5000000000000002 1.8305237646592867 295.25000000000006 1.5000000000000002 2 3 4 1.0000000180025095e-35 5
decision_type=9 2 9 2 2 2 2 2 2 9 9 9 2 9
left_child=1 -1 6 8 5 -5 -2 -8 9 11 -10 -4 -13 -11
right_child=2 -3 3 4 -6 -7 7 -9 10 13 -12 12 -14 -15
leaf_value=-5.7351586503526233e-05 0.00010539160153496541 -0.00031970075740908046 0.00017108512211893025 0.0083506865517959054 -0.00022649135473423179 0.0046294464116036884 0.0012714705288207507 -0.0084515439212508037 -0.0014067307379303563 -0.0028274851347741881 -7.7176831633191112e-05 0.00049297650296940831 0.0021462123498750818 -0.00011783426613227178
leaf_weight=100 7318 41 243 47 46 95 72 45 927 121 3285 194 186 847
leaf_count=100 7318 41 243 47 46 95 72 45 927 121 3285 194 186 847
internal_value=-8.66072e-05 -0.00413907 -4.09348e-05 -0.000445759 0.00239362 0.00387324 0.000285426 -0.00235043 -0.000538515 1.57134e-05 -0.000747863 0.00201422 0.00294872 -0.00127812
internal_weight=13567 141 13426 5991 188 142 7435 117 5803 1591 4212 623 380 968
internal_count=13567 141 13426 5991 188 142 7435 117 5803 1591 4212 623 380 968
cat_boundaries=0 2 4 6 8 10 12
cat_threshold=1024 16384 3960537225 174 18 1104 18 1040 0 64 131584 65536
is_linear=0
shrinkage=0.05


Tree=102
num_leaves=15
num_cat=3
split_feature=0 0 5 4 0 4 4 5 4 4 6 4 5 6
split_gain=0.846311 0.604773 0.826322 0.721034 1.13005 0.998597 0.610171 0.944571 0.603225 0.4932 0.440621 0.43529 0.417036 0.415013
threshold=0 1 1.5000000000000002 15.141666666666667 2 14.075000000000001 1.7500000000000002 1.0000000180025095e-35 13.491666666666669 19.758333333333336 2.7077599053781731 12.925000000000002 3.5000000000000004 2.2409863868481232
decision_type=9 9 2 2 9 2 2 2 2 2 2 2 2 2
left_child=11 2 3 5 -5 8 7 -3 -2 -6 13 -1 -13 -8
right_child=1 6 -4 4 9 -7 10 -9 -10 -11 -12 12 -14 -15
leaf_value=-7.956362916946014e-05 -0.00059564946319698442 -0.0053704287424567211 0.00045642446565121733 -0.0014302337041291802 0.0016297147114869293 -0.0038967570516284522 -4.6473643942560042e-05 -0.00016379961187731331 0.0036098970809380682 -0.00018735788735518567 0.003500357819639244 -0.0002506809630799356 -0.00035129661734670248 -0.0012729575208446865
leaf_weight=93 433 42 2643 162 257 81 9412 235 46 54 40 43 40 54
leaf_count=93 433 42 2643 162 257 81 9412 235 46 54 40 43 40 54
internal_value=-0.000144848 -9.8374e-05 0.00044764 -0.000750242 0.000687104 -0.00196429 -0.000303788 -0.00261733 -0.00109603 0.00241433 -0.000236693 -0.00349462 -0.0063253 -0.000258821
internal_weight=13635 13459 3676 1033 473 560 9783 277 479 311 9506 176 83 9466
internal_count=13635 13459 3676 1033 473 560 9783 277 479 311 9506 176 83 9466
cat_boundaries=0 2 4 6
cat_threshold=1 16384 1115776 67714 1049088 65536
is_linear=0
shrinkage=0.05


Tree=103
num_leaves=15
num_cat=3
split_feature=0 4 0 5 4 4 4 0 4 4 5 4 4 5
split_gain=0.72331 0.823422 1.34787 0.981929 0.851025 1.15854 0.74094 0.728619 1.36852 0.686169 0.83042 0.661627 0.603916 0.535256
threshold=0 18.625000000000004 1 2.5000000000000004 1.5083333333333335 3.5666666666666669 18.391666666666669 2 20.625000000000004 1.0083333333333335 3.5000000000000004 19.875000000000004 3.5666666666666669 3.5000000000000004
decision_type=9 2 9 2 2 2 2 9 2 2 2 2 2 2
left_child=9 4 -3 7 -2 -6 -7 11 -9 10 -1 -4 -11 -5
right_child=1 2 3 13 5 6 -8 8 -10 12 -12 -13 -14 -15
leaf_value=0.00011928396423894206 -0.0008755145388565478 -0.00035937177241154308 0.001621783738372984 0.0018335544509555657 0.0027238778743774398 -0.00013743159855106324 0.0018980883164282482 -0.0052340000270918452 -0.00012785196875659822 -0.000615142908725691 0.0034979608466823467 -0.0020063421441179731 4.9379983892591799e-05 -4.981929372952776e-05
leaf_weight=99 165 149 64 93 175 4412 76 63 51 321 57 82 7468 264
leaf_count=99 165 149 64 93 175 4412 76 63 51 321 57 82 7468 264
internal_value=-6.46281e-05 -0.000499643 -0.0020235 -0.000917065 -0.000258906 -0.000134034 -0.000289661 -0.00326923 -0.00604839 0.000241986 0.00352564 -0.000641026 0.000176531 0.000770308
internal_weight=13539 5594 766 617 4828 4663 4488 260 114 7945 156 146 7789 357
internal_count=13539 5594 766 617 4828 4663 4488 260 114 7945 156 146 7789 357
cat_boundaries=0 2 4 6
cat_threshold=2818655242 67278 1143078928 16384 512 2080
is_linear=0
shrinkage=0.05


Tree=104
num_leaves=15
num_cat=2
split_feature=0 0 4 6 4 5 4 4 5 4 5 4 4 4
split_gain=0.611681 0.511 1.00105 0.437018 0.249171 1.47324 0.957537 0.897965 0.695322 0.384081 0.235837 1.60078 0.923864 1.74212
threshold=0 1 14.075000000000001 1.8305237646592867 19.808333333333337 1.0000000180025095e-35 19.475000000000005 20.141666666666669 2.5000000000000004 21.008333333333336 4.5000000000000009 14.958333333333334 16.425000000000004 17.358333333333338
decision_type=9 9 2 2 2 2 2 2 2 2 2 2 2 2
left_child=3 2 -2 4 6 -6 10 -7 -9 -10 -1 -12 -13 -14
right_child=1 -3 -4 -5 5 7 -8 8 9 -11 11 12 13 -15
leaf_value=0.00015757220305846753 2.7462445791867629e-05 -8.0944975471319852e-05 -0.00027927930874374065 -0.0019307364972699138 0.0031764332998604375 -0.0026009429899490955 0.0056719036913162827 -0.0041475382888754688 0.0034280954869285508 -0.00062861231476527566 -0.00031371472897743228 0.0034590435978125223 -0.0022962390680811378 0.0014017104403528493
leaf_weight=2356 70 9915 67 59 45 49 63 54 47 59 503 90 58 247
leaf_count=2356 70 9915 67 59 45 49 63 54 47 59 503 90 58 247
internal_value=-0.000102324 -0.000303121 -0.00323129 0.000453297 0.000525063 -0.000984252 0.000640639 -0.0027512 -0.0009375 0.00141509 0.000522434 -0.000167038 0.00221519 0.000901639
internal_weight=13682 10052 137 3630 3571 254 3317 209 160 106 3254 898 395 305
internal_count=13682 10052 137 3630 3571 254 3317 209 160 106 3254 898 395 305
cat_boundaries=0 2 4
cat_threshold=202523137 66570 8 16384
is_linear=0
shrinkage=0.05


Tree=105
num_leaves=15
num_cat=0
split_feature=6 4 4 4 4 6 6 6 4 6 4 4 3 5
split_gain=0.419731 0.32811 0.947861 0.834584 0.600349 0.508491 0.987844 0.318647 1.13881 0.31349 0.302753 0.856419 0.764431 0.778604
threshold=2.7719155450922139 11.591666666666669 11.525000000000002 11.891666666666667 11.975000000000001 2.2409863868481232 1.957231865133048 1.5022573144106934 8.0916666666666686 1.4903168760308272 19.808333333333337 19.358333333333338 55.050000000000004 2.5000000000000004
decision_type=2 2 2 2 2 2 2 2 2 2 2 2 2 2
left_child=1 2 7 -3 -5 6 9 -1 -9 10 11 -6 13 -12
right_child=-2 3 -4 4 5 -7 -8 8 -10 -11 12 -13 -14 -15
leaf_value=3.5239733039565957e-05 0.0035574618547367098 -0.0011861953847791707 0.0027313835996515103 0.0060009989702557668 -3.5729169015108478e-05 -0.0014291571725703611 0.005138740463804259 -0.00027456276185897636 0.012691006325046245 -0.0023320871960694103 -0.00059786893702450388 0.00083611560793990796 -0.005497188822460683 8.6612430484994674e-05
leaf_weight=4380 49 210 48 44 7257 66 52 57 58 59 418 370 50 533
leaf_count=4380 49 210 48 44 7257 66 52 57 58 59 418 370 50 533
internal_value=-2.74705e-05 -4.41112e-05 0.000302663 -0.000218015 -0.000144084 -0.000173197 -0.000140176 0.000228031 0.00282609 -0.000181305 -0.000156467 -4.91674e-05 -0.000974026 -0.000657203
internal_weight=13651 13602 4543 9059 8849 8805 8739 4495 115 8687 8628 7627 1001 951
internal_count=13651 13602 4543 9059 8849 8805 8739 4495 115 8687 8628 7627 1001 951
is_linear=0
shrinkage=0.05


Tree=106
num_leaves=15
num_cat=3
split_feature=0 2 4 0 4 6 4 4 4 4 4 4 0 4
split_gain=0.938624 0.632008 0.930343 0.484206 0.748565 0.952125 0.706057 1.28211 0.83711 0.561414 0.425432 0.574873 0.942985 0.927242
threshold=0 518.00000000000011 11.891666666666667 1 13.441666666666668 1.5022573144106934 17.058333333333337 16.475000000000005 17.208333333333336 15.375000000000002 12.725000000000001 11.275000000000002 2 9.8416666666666686
decision_type=9 2 2 9 2 2 2 2 2 2 2 2 9 2
left_child=1 2 -1 4 5 10 7 9 -8 -6 11 13 -13 -2
right_child=3 -3 -4 -5 6 -7 8 -9 -10 -11 -12 12 -14 -15
leaf_value=-0.00019464134110824263 0.00011560502814857988 -0.00095456583647722808 -0.00020466922433728664 -3.0457958628637984e-05 0.0006795597762435879 0.010623696611187306 -0.00099700723983334747 0.00257152076799361 0.00012914257071777735 -4.043717764098398e-05 -0.00071257178580178557 0.0039900578313457951 -0.00028904506829653399 -0.00073329926797853777
leaf_weight=40 667 167 42 10647 350 49 54 82 724 185 137 113 112 249
leaf_count=40 667 167 42 10647 350 49 54 82 724 185 137 113 112 249
internal_value=-1.10148e-05 -0.00299228 -0.00670732 4.6715e-05 0.000640556 -0.000207234 0.00145161 0.00271475 0.000449871 0.00182243 -0.000469484 -0.000153374 0.00211111 -0.000709607
internal_weight=13618 249 82 13369 2722 1327 1395 617 778 535 1278 1141 225 916
internal_count=13618 249 82 13369 2722 1327 1395 617 778 535 1278 1141 225 916
cat_boundaries=0 2 4 6
cat_threshold=0 81920 1207960067 1089 0 1088
is_linear=0
shrinkage=0.05


Tree=107
num_leaves=15
num_cat=0
split_feature=6 4 4 4 3 5 2 2 3 2 4 4 6 5
split_gain=0.960825 0.303798 0.948587 0.367511 0.367349 0.699191 0.460218 0.859275 0.770789 0.447902 1.60605 0.4859 0.364878 1.38199
threshold=2.7719155450922139 19.808333333333337 19.675000000000004 19.758333333333336 19.400000000000002 1.5000000000000002 977.10000000000002 709.9000000000002 49.000000000000007 27.700000000000003 20.525000000000002 19.958333333333336 2.0643809316102675 3.5000000000000004
decision_type=2 2 2 2 2 2 2 2 2 2 2 2 2 2
left_child=1 2 12 -4 9 -6 7 -7 -8 10 -3 -11 -1 -14
right_child=-2 4 3 -5 5 6 8 -9 -10 11 -12 -13 13 -15
leaf_value=-7.4447757584333867e-06 0.009216554506230934 -0.0020478531201643668 0.0023464980170598507 2.7067809325498349e-05 -0.0022327401225271937 -0.0011798638918622596 0.0015208812100496129 0.002385708456522662 -0.0037879199016674307 0.0012161064679717005 0.00070470012083591056 -3.8544877483681632e-05 -0.0065858594238740967 0.0019639129748999285
leaf_weight=12218 45 55 94 49 83 54 44 46 42 76 79 553 76 71
leaf_count=12218 45 55 94 49 83 54 44 46 42 76 79 553 76 71
internal_value=-7.17703e-05 -9.60118e-05 -2.79821e-05 0.00402098 -0.000920543 -0.00250929 -0.000806452 0.0015 -0.00348837 -0.000360419 -0.00298507 0.000198728 -7.48079e-05 -0.00255102
internal_weight=13585 13540 12508 143 1032 269 186 100 86 763 134 629 12365 147
internal_count=13585 13540 12508 143 1032 269 186 100 86 763 134 629 12365 147
is_linear=0
shrinkage=0.05


Tree=108
num_leaves=15
num_cat=3
split_feature=0 4 2 4 4 4 0 5 0 5 4 4 4 2
split_gain=0.755424 1.38334 0.646367 0.335068 0.430954 0.286552 0.252636 1.40165 0.993531 0.956842 0.89736 0.836519 1.21759 1.53295
threshold=0 18.758333333333336 578.90000000000009 10.958333333333334 13.991666666666669 8.9916666666666689 1 1.5000000000000002 2 1.5000000000000002 22.741666666666671 16.425000000000004 11.275000000000002 1036.8500000000001
decision_type=9 2 2 2 2 2 9 2 9 2 2 2 2 2
left_child=1 2 -1 5 -5 -4 7 8 -2 -8 11 12 -9 -14
right_child=6 -3 3 4 -6 -7 9 10 -10 -11 -12 -13 13 -15
leaf_value=-0.00020169110906184952 4.0825097857133395e-06 -0.00054211514917826276 -0.00065232958060449937 -0.0030308666696937884 -0.00035991218839470933 0.0062027367938619071 -0.00028855904158953675 -0.00024607229511832139 0.00069975435725581632 4.4636854230611923e-05 0.0015416159343476733 -0.00041591356086114752 0.00023036720256276456 0.0025804707117465632
leaf_weight=72 708 49 41 69 570 43 1942 1418 926 4931 69 1334 1416 57
leaf_count=72 708 49 41 69 570 43 1942 1418 926 4931 69 1334 1416 57
internal_value=-8.24478e-05 -0.00152225 -0.00103774 -0.000587828 -0.000978091 0.00238095 1.36601e-05 0.00025261 0.00149939 -0.000192503 -0.000221239 -0.000313609 0.000164303 0.00117108
internal_weight=13645 844 795 723 639 84 12801 5928 1634 6873 4294 4225 2891 1473
internal_count=13645 844 795 723 639 84 12801 5928 1634 6873 4294 4225 2891 1473
cat_boundaries=0 2 4 6
cat_threshold=2162824 16384 1812070418 67184 1073872896 66080
is_linear=0
shrinkage=0.05


Tree=109
num_leaves=15
num_cat=5
split_feature=0 5 0 5 0 4 0 4 5 4 0 4 5 4
split_gain=0.579039 0.509694 0.313527 0.49996 0.555448 0.435855 1.10526 1.05615 1.15799 0.983151 0.919078 0.874262 0.725857 0.86476
threshold=0 3.5000000000000004 1 1.0000000180025095e-35 2 14.908333333333335 3 13.29166666666667 3.5000000000000004 17.458333333333336 4 15.741666666666669 5.5000000000000009 16.975000000000005
decision_type=9 2 9 2 9 2 9 2 2 2 9 2 2 2
left_child=1 -1 -2 4 -4 7 9 -5 10 -7 -9 -8 13 -13
right_child=2 -3 3 5 -6 6 11 8 -10 -11 -12 12 -14 -15
leaf_value=-1.4735934299825449e-05 4.9837072885675072e-05 -0.00024283862939792345 0.00065547987803029619 -0.00011657551588485361 0.00012752119255470264 -0.00082311978388778799 0.001299442549993224 0.00058142699862777651 -0.00011187739903625316 0.00012897646739194746 0.0061929005562244236 -0.0044669017560449364 0.00051693483545998682 -0.0018746013141004104
leaf_weight=147 7136 103 125 2219 721 481 83 102 220 1624 117 78 83 383
leaf_count=147 7136 103 125 2219 721 481 83 102 220 1624 117 78 83 383
internal_value=2.93643e-05 -0.00230769 7.47272e-05 -0.000184118 0.000945626 -0.000361781 -0.000805271 9.40557e-05 0.00233485 -0.000248227 0.00490868 -0.00262951 -0.00340074 -0.0041757
internal_weight=13622 250 13372 6236 846 5390 2732 2658 439 2105 219 627 544 461
internal_count=13622 250 13372 6236 846 5390 2732 2658 439 2105 219 627 544 461
cat_boundaries=0 2 4 5 7 9
cat_threshold=0 81920 3288548480 3239 536871427 540016640 33352 536870912 24
is_linear=0
shrinkage=0.05


Tree=110
num_leaves=15
num_cat=3
split_feature=0 5 0 4 4 4 4 5 5 0 5 4 3 4
split_gain=0.840961 1.60245 0.602904 0.742862 0.59771 0.458535 1.43298 0.906553 1.02232 0.280942 0.77842 0.411432 0.499796 0.405749
threshold=0 3.5000000000000004 1 23.208333333333336 23.375000000000004 3.058333333333334 3.5666666666666669 1.5000000000000002 3.5000000000000004 2 1.0000000180025095e-35 13.641666666666667 19.250000000000004 19.525000000000002
decision_type=9 2 9 2 2 2 2 2 2 9 2 2 2 2
left_child=1 -1 3 5 -4 7 -7 -2 -9 10 11 -8 -13 -12
right_child=2 -3 4 -5 -6 6 9 8 -10 -11 13 12 -14 -15
leaf_value=5.0927187882154891e-05 -0.0045485938565797916 -0.00026764353893988515 -6.7590096128133944e-05 -0.0036962316950293565 0.0015994681920422527 0.0020764813458497206 -0.0021258534718929692 0.0025112429762336854 -0.0011594791727030929 0.00010030082512335614 0.0010612778507128439 -0.00092648740472097704 0.0026862482672452949 -0.00049151646146488042
leaf_weight=77 70 68 8051 47 57 40 63 87 130 3843 856 57 43 105
leaf_count=77 70 68 8051 47 57 40 63 87 130 3843 856 57 43 105
internal_value=-4.78152e-05 -0.00370968 -5.57248e-06 0.000406466 -0.000277162 0.000462788 0.000574196 -0.00148084 0.000115207 0.000498289 0.00119048 -0.00199387 0 0.00174298
internal_weight=13594 145 13449 5341 8108 5294 5007 287 217 4967 1124 163 100 961
internal_count=13594 145 13449 5341 8108 5294 5007 287 217 4967 1124 163 100 961
cat_boundaries=0 2 4 6
cat_threshold=512 16384 1209205905 3113 134415360 1
is_linear=0
shrinkage=0.05


Tree=111
num_leaves=15
num_cat=4
split_feature=0 5 0 6 6 5 5 0 0 6 6 6 5 5
split_gain=1.06832 1.2197 0.405201 0.523283 0.592271 0.901951 0.590595 0.945211 0.478569 1.05273 0.26184 0.280002 0.204402 0.976814
threshold=0 3.5000000000000004 1 2.6563317201328887 2.0154586348681138 2.5000000000000004 1.0000000180025095e-35 2 3 1.1557608829651618 2.2409863868481232 1.7513494864480113 2.5000000000000004 3.5000000000000004
decision_type=9 2 9 2 2 2 2 9 9 2 2 2 2 2
left_child=1 -1 10 4 6 -6 7 -4 9 -8 11 12 -2 -14
right_child=2 -3 3 -5 5 -7 8 -9 -10 -11 -12 -13 13 -15
leaf_value=1.5896535278475676e-05 0.00027557410526141135 -0.00029127226551171892 0.001404957787900485 0.0056214433223373168 -0.00921383978867687 0.00078176346825231668 -2.4407862417874516e-05 -2.6707237351047965e-05 -0.00021950864781812297 0.0031959706723206915 -0.0005284126806625822 0.0076178234869283268 -0.00033135473254338745 0.00023495053507996966
leaf_weight=92 1974 84 424 41 47 53 5085 761 2329 62 44 46 644 1946
leaf_count=92 1974 84 424 41 47 53 5085 761 2329 62 44 46 644 1946
internal_value=0 -0.00376344 5.19828e-05 -0.000147526 -0.000174067 -0.004 -0.000129893 0.000907173 -0.000294275 -2.42389e-05 0.000428816 0.000466377 0.000427257 0.000135135
internal_weight=13632 176 13456 8802 8761 100 8661 1185 7476 5147 4654 4610 4564 2590
internal_count=13632 176 13456 8802 8761 100 8661 1185 7476 5147 4654 4610 4564 2590
cat_boundaries=0 2 4 6 8
cat_threshold=16 16384 1208157704 1189 3145731 18 2149597184 68170
is_linear=0
shrinkage=0.05


Tree=112
num_leaves=15
num_cat=2
split_feature=0 4 4 0 5 6 6 6 6 3 4 4 4 4
split_gain=0.965478 0.951403 0.815555 0.815292 1.05761 0.753316 0.876551 0.729823 1.17379 0.470201 0.469823 0.417181 0.882693 0.633551
threshold=0 1.7500000000000002 2.1583333333333337 1 1.5000000000000002 2.2409863868481232 1.8196118850109693 2.5421628270873113 1.9382400940955269 44.050000000000004 17.991666666666671 15.608333333333336 15.941666666666668 19.758333333333336
decision_type=9 2 2 9 2 2 2 2 2 2 2 2 2 2
left_child=7 9 -3 4 -4 6 -5 8 11 -2 -6 -1 -13 -14
right_child=1 2 3 5 10 -7 -8 -9 -10 -11 -12 12 13 -15
leaf_value=7.1691283981822895e-06 -0.0022453721381872488 0.0029809082330060216 0.00023022692125582723 -0.00014134623467924046 -0.00024635092991965869 -0.0029214043218289357 0.0082640889368828692 0.0096852874391288868 -0.0025489944769158781 0.00012868090240212294 -6.0893360676755885e-05 0.0022141303054174391 0.00049545414679702526 -8.785232147098255e-05
leaf_weight=3695 136 50 53 7054 99 51 62 76 53 54 45 107 1641 449
leaf_count=3695 136 50 53 7054 99 51 62 76 53 54 45 107 1641 449
internal_value=-7.88991e-05 -0.000453113 -0.000364176 -0.000407387 -0.00350242 -0.000316985 -0.00027403 0.000393799 0.000332212 -0.00394737 -0.00590278 0.000398846 0.00094447 0.000717703
internal_weight=13625 7604 7414 7364 197 7167 7116 6021 5945 190 144 5892 2197 2090
internal_count=13625 7604 7414 7364 197 7167 7116 6021 5945 190 144 5892 2197 2090
cat_boundaries=0 2 4
cat_threshold=739329040 3266 2 16384
is_linear=0
shrinkage=0.05


Tree=113
num_leaves=15
num_cat=3
split_feature=0 4 4 4 4 4 4 0 4 4 0 4 2 4
split_gain=1.0349 0.585307 0.704131 1.4097 1.14233 0.727117 0.569845 0.91716 0.778725 0.57602 1.09629 1.1129 0.640864 0.488083
threshold=0 22.091666666666672 8.7750000000000021 3.7750000000000004 10.875000000000002 5.4583333333333348 3.058333333333334 1 0.82500000000000007 5.4583333333333348 2 4.0083333333333337 128.05000000000004 15.375000000000002
decision_type=9 2 2 2 2 2 2 9 2 2 9 2 2 2
left_child=1 2 3 -1 -4 -5 7 8 -2 10 -8 -12 -13 -6
right_child=6 -3 4 5 13 -7 9 -9 -10 -11 11 12 -14 -15
leaf_value=0.00057673266250631017 -0.0020496066139318483 -0.00048961643576585776 0.00032939920514103439 -0.0015814599868243741 -0.00033048099823790311 -0.0002340333834236763 -0.0020585574802109764 -0.00086769430934080245 0.0024358020494948344 2.8177834091866472e-05 3.6571249413908105e-05 0.00033845019524957336 0.0030761033735616562 -3.3165292946368828e-05
leaf_weight=72 41 54 130 46 289 177 105 526 84 11216 145 53 129 551
leaf_count=72 41 54 130 46 289 177 105 526 84 11216 145 53 129 551
internal_value=-4.77309e-05 -0.00137321 -0.00116601 -0.00330508 -0.000515464 -0.00526906 9.54586e-05 -0.00134409 0.00240741 0.000175996 0.00196759 0.00333828 0.00604396 -0.00119048
internal_weight=13618 1319 1265 295 970 223 12299 651 125 11648 432 327 182 840
internal_count=13618 1319 1265 295 970 223 12299 651 125 11648 432 327 182 840
cat_boundaries=0 2 4 6
cat_threshold=536870931 49152 1048576 20 2282749952 17
is_linear=0
shrinkage=0.05


Tree=114
num_leaves=15
num_cat=4
split_feature=0 4 4 0 4 4 6 0 4 0 4 4 4 2
split_gain=0.572662 0.397164 1.25415 0.559054 1.10904 0.918748 0.459807 0.459707 1.55308 0.408912 0.38526 0.367699 0.614699 0.340992
threshold=0 17.991666666666671 17.758333333333336 1 19.475000000000005 21.683333333333337 1.3766220136373084 2 11.975000000000001 3 10.008333333333335 23.125000000000004 22.091666666666672 1036.8500000000001
decision_type=9 2 2 9 2 2 2 9 2 9 2 2 2 2
left_child=11 2 6 4 9 -6 7 8 -2 -3 -8 12 -1 -11
right_child=1 3 -4 -5 5 -7 10 -9 -10 13 -12 -13 -14 -15
leaf_value=9.8435464391033456e-05 1.1903710646296584e-05 0.00057242326245906248 -0.0014591854275493588 0.00023451313611688176 -0.0018503452472937499 4.5927174550292049e-05 -0.003231154783560175 -3.4312594241203702e-05 -0.00043728176179194114 0.00012721877396779934 -0.0002883949561558963 -0.0010111166314957676 0.0025356555884974378 -0.003264490483843141
leaf_weight=8340 68 106 49 523 101 67 43 3130 41 822 48 99 103 59
leaf_count=8340 68 106 49 523 101 67 43 3130 41 822 48 99 103 59
internal_value=1.83837e-06 -0.00041938 -0.000732465 0.000208582 -0.000407725 -0.00416667 -0.000615616 -0.000517135 -0.00357143 0.000227964 -0.00412088 0.000251403 0.00028722 -0.000140292
internal_weight=13599 5057 3379 1678 1155 168 3330 3239 109 987 91 8542 8443 881
internal_count=13599 5057 3379 1678 1155 168 3330 3239 109 987 91 8542 8443 881
cat_boundaries=0 2 4 6 8
cat_threshold=2281899136 36086 1143996427 1 2097152 16384 1073741832 1
is_linear=0
shrinkage=0.05


Tree=115
num_leaves=15
num_cat=2
split_feature=0 0 2 4 4 5 4 4 5 4 5 4 4 4
split_gain=0.992179 0.515099 0.485283 0.338059 0.461167 0.523684 0.386271 0.337967 0.274565 0.435332 0.377162 0.263082 0.640938 0.820291
threshold=0 1 518.00000000000011 2.1583333333333337 1.2750000000000001 4.5000000000000009 2.6583333333333337 23.125000000000004 3.5000000000000004 13.991666666666669 1.0000000180025095e-35 2.0166666666666671 5.0750000000000002 4.5666666666666673
decision_type=9 9 2 2 2 2 2 2 2 2 2 2 2 2
left_child=2 7 -1 4 5 -3 -5 11 9 -4 -11 -2 13 -13
right_child=1 3 8 6 -6 -7 -8 -9 -10 10 -12 12 -14 -15
leaf_value=-0.00011998590812372923 -0.00026514230624291037 -0.0002088087459996002 -0.0034474033923530215 -0.0019642108456290664 0.0017337212824375171 0.0016342915380324063 -2.7268737720187453e-05 -0.00056490766968690382 -9.2314227957412957e-07 0.00038359836403251135 -0.00099718715727822329 0.0011827140178677143 0.0002648827075085514 0.0032529450767665672
leaf_weight=82 169 143 68 49 121 53 8089 49 243 61 193 203 4058 42
leaf_count=82 169 143 68 49 121 53 8089 49 243 61 193 203 4058 42
internal_value=3.11972e-05 0.00012706 -0.00186454 -0.000103367 0.00149842 0 -0.000165888 0.000557272 -0.00137168 -0.00232919 -0.00137795 0.000603757 0.000679758 0.00316327
internal_weight=13623 12976 647 8455 317 196 8138 4521 565 322 254 4472 4303 245
internal_count=13623 12976 647 8455 317 196 8138 4521 565 322 254 4472 4303 245
cat_boundaries=0 2 4
cat_threshold=2 114688 67306640 3116
is_linear=0
shrinkage=0.05


Tree=116
num_leaves=15
num_cat=2
split_feature=0 4 4 2 0 4 4 4 4 4 2 6 6 4
split_gain=0.932136 0.47277 0.887852 0.843594 0.570543 0.951762 1.04854 0.569105 0.442694 0.396498 0.370913 0.341568 0.463483 0.460976
threshold=0 1.7500000000000002 2.3833333333333337 867.75000000000011 1 9.4416666666666682 13.641666666666667 5.4583333333333348 7.0250000000000012 4.0083333333333337 5596.7500000000009 2.3151687044779554 1.9382400940955269 11.808333333333335
decision_type=9 2 2 2 9 2 2 2 2 2 2 2 2 2
left_child=11 3 -3 -2 5 -4 -7 9 -9 -6 -8 12 -1 -13
right_child=1 2 4 -5 7 6 10 8 -10 -11 -12 13 -14 -15
leaf_value=8.072187077531324e-05 -0.0019275843785753423 0.0019843478152075629 -0.00036445702906851289 0.0014837102039429674 0.00021474261731757041 9.1950701326978804e-05 -0.00015294774195720451 -0.0017848963287448449 -0.00017189222748146272 0.0017458059884857937 -0.00034396640931458615 0.024973404139072331 -0.0021497040859127293 0.0003715702724884862
leaf_weight=7205 119 62 50 47 143 58 48 131 5521 89 66 40 53 42
leaf_count=7205 119 62 50 47 143 58 48 131 5521 89 66 40 53 42
internal_value=6.58183e-05 -0.00037831 -0.000308042 -0.00301205 -0.00036849 -0.00280172 -0.00116279 -0.000271463 -0.00037155 0.00215517 -0.00394737 0.00044898 0.000413337 0.00365854
internal_weight=13674 6334 6168 166 6106 222 172 5884 5652 232 114 7340 7258 82
internal_count=13674 6334 6168 166 6106 222 172 5884 5652 232 114 7340 7258 82
cat_boundaries=0 2 4
cat_threshold=1813005824 36038 130 16384
is_linear=0
shrinkage=0.05


Tree=117
num_leaves=15
num_cat=4
split_feature=0 4 4 5 4 0 5 0 4 4 0 4 4 4
split_gain=0.625249 0.392102 0.836426 0.740245 0.971901 0.591162 0.542736 0.942313 1.33684 1.67514 0.909839 1.06779 0.896452 0.667109
threshold=0 10.575000000000001 8.9916666666666689 4.5000000000000009 10.075000000000001 1 4.5000000000000009 2 12.375000000000002 13.758333333333335 3 18.325000000000003 20.625000000000004 12.641666666666667
decision_type=9 2 2 2 2 9 2 9 2 2 9 2 2 2
left_child=1 2 5 -4 -5 -1 7 8 -3 -10 11 -8 -13 -9
right_child=-2 6 3 4 -6 -7 10 13 9 -11 -12 12 -14 -15
leaf_value=-0.00041836621662915134 -0.00010647424937020867 -0.0020211676047424908 0.0019418327141698666 0.0011383508614735362 -0.0012916802219224144 0.00032951225097663798 -0.00045405173304732815 0.00087955212306973791 0.0035281256011291174 -0.00057521642809241766 0.00087273201996893599 0.0039461160120131955 -0.0028102637696307275 -6.9787714329416776e-06
leaf_weight=479 7858 215 405 121 44 475 358 235 128 1108 716 69 42 1321
leaf_count=479 7858 215 405 121 44 475 358 235 128 1108 716 69 42 1321
internal_value=-0.000232061 0.00016591 0.000853018 0.00236842 -0.000454545 -5.24109e-05 -8.34924e-05 -0.000440639 -0.00135181 -0.000728155 0.000822785 -0.000887265 0.00337838 0.00041507
internal_weight=13574 5716 1524 570 165 954 4192 3007 1451 1236 1185 469 111 1556
internal_count=13574 5716 1524 570 165 954 4192 3007 1451 1236 1185 469 111 1556
cat_boundaries=0 2 4 6 8
cat_threshold=3423798426 3204 2282751104 1028 202440704 132 3221225480 2048
is_linear=0
shrinkage=0.05


Tree=118
num_leaves=15
num_cat=3
split_feature=0 4 6 0 4 4 4 4 2 0 4 4 4 4
split_gain=0.451145 0.540636 1.38179 1.13422 0.981415 0.683802 0.43862 0.422045 0.382149 0.381725 0.450495 0.360585 0.320095 0.457035
threshold=0 18.325000000000003 1.7215724797947727 1 20.883333333333336 18.508333333333336 20.625000000000004 18.175000000000004 608.50000000000011 2 19.708333333333336 19.475000000000005 18.625000000000004 19.708333333333336
decision_type=9 2 2 9 2 2 2 2 2 9 2 2 2 2
left_child=-1 7 3 5 6 -3 9 -2 -7 10 11 -5 -11 -14
right_child=1 2 -4 4 -6 8 -8 -9 -10 12 -12 -13 13 -15
leaf_value=5.7178348344638644e-05 -0.0001218227250495918 0.0016136732887008455 0.004599296948863729 0.0001008484427095141 -0.00024318717251721746 -0.00052520596712638532 0.0015315596147885053 -0.00066044649017054096 -0.0015586332033272312 0.0021839895861170493 -0.0002743183541685568 0.0019667889673693705 0.00058820362039090361 0.001673611245147333
leaf_weight=2749 9065 51 42 172 284 607 40 94 68 40 94 54 235 91
leaf_count=2749 9065 51 42 172 284 607 40 94 68 40 94 54 235 91
internal_value=-9.13342e-05 -0.000235224 0.00056243 0.000345622 0.00142157 -0.00115489 0.00241047 -0.000390326 -0.00159259 0.0021137 0.000757576 0.00199115 0.00319149 0.00276074
internal_weight=13686 10937 1778 1736 1010 726 726 9159 675 686 320 226 366 326
internal_count=13686 10937 1778 1736 1010 726 726 9159 675 686 320 226 366 326
cat_boundaries=0 2 4 6
cat_threshold=201474176 1540 3146776 113 536870912 10
is_linear=0
shrinkage=0.05


Tree=119
num_leaves=15
num_cat=2
split_feature=0 4 4 4 4 5 4 4 4 4 2 2 0 5
split_gain=0.878847 0.531327 0.446438 0.655403 0.627887 0.649489 0.44962 0.548145 0.357162 1.24282 0.713034 0.587163 0.472286 0.425489
threshold=0 23.375000000000004 22.575000000000003 20.775000000000002 20.008333333333336 2.5000000000000004 21.19166666666667 21.891666666666669 1.0083333333333335 3.058333333333334 128.05000000000004 1382.5000000000002 1 4.5000000000000009
decision_type=9 2 2 2 2 2 2 2 2 2 2 2 9 2
left_child=1 2 3 4 -1 -6 -5 -8 10 12 -2 -12 -10 -14
right_child=8 -3 -4 6 5 -7 7 -9 9 -11 11 -13 13 -15
leaf_value=4.4253718117959199e-05 0.00069690933658445031 0.001529646698688636 -0.0014975464595918975 0.0026783701198511978 -0.0051973735598288473 -0.00039368056775720972 -0.0015124239162606079 0.0027068505635615917 -0.0030124573631643229 -9.7738783357054223e-05 -0.000724296192495233 0.0014812742714134409 7.6568002666924098e-05 -0.0016976489518771927
leaf_weight=6414 47 44 75 60 40 57 61 75 116 6416 65 43 76 46
leaf_count=6414 47 44 75 60 40 57 61 75 116 6416 65 43 76 46
internal_value=-0.000196186 0.000204798 0.000169566 0.000212465 0.000126709 -0.00386598 0.00306122 0.00147059 -0.000597595 -0.000653742 0.00177419 -0.000462963 -0.00420168 -0.00151515
internal_weight=13635 6826 6782 6707 6511 97 196 136 6809 6654 155 108 238 122
internal_count=13635 6826 6782 6707 6511 97 196 136 6809 6654 155 108 238 122
cat_boundaries=0 2 4
cat_threshold=2148615184 66199 0 104
is_linear=0
shrinkage=0.05


Tree=120
num_leaves=15
num_cat=1
split_feature=1 4 4 2 4 5 2 4 4 2 3 6 4 4
split_gain=0.345783 0.776712 0.728613 0.46541 0.382258 0.812215 1.56038 0.852373 0.683715 0.656242 0.840301 0.553291 0.688497 1.06171
threshold=0 1.0000000180025095e-35 1.0083333333333335 304.90000000000003 7.5750000000000002 1.5000000000000002 27.700000000000003 6.6916666666666673 7.0250000000000012 189.85000000000002 12.550000000000002 1.1557608829651618 11.075000000000001 19.141666666666669
decision_type=1 2 2 2 2 2 2 2 2 2 2 2 2 2
left_child=-1 -2 3 -3 5 6 -4 9 -7 -8 -11 -6 -13 -14
right_child=1 2 4 -5 11 8 7 -9 -10 10 -12 12 13 -15
leaf_value=-0.00036143397305061223 -0.0025040909727458427 0.0017466986942272916 0.0018775260341794887 -4.4251659803734578e-05 4.900978683050617e-06 -0.00017639758429995324 -0.0010301569420223644 -0.003770756736060055 0.0017487111818946467 0.0021192967954937361 -0.0047178048582118635 0.011692117945187586 -0.00047848149004250386 0.0026484783269553392
leaf_weight=1717 55 120 44 59 10176 775 77 51 69 66 74 68 199 44
leaf_count=1717 55 120 44 59 10176 775 77 51 69 66 74 68 199 44
internal_value=-7.724e-05 1.89282e-05 4.65234e-05 0.00321229 -2.14721e-06 -0.000865052 -0.00304487 -0.00447761 -5.92417e-05 -0.0031106 -0.00107143 9.29723e-05 0.00217042 0.000925926
internal_weight=13594 11877 11822 179 11643 1156 312 268 844 217 140 10487 311 243
internal_count=13594 11877 11822 179 11643 1156 312 268 844 217 140 10487 311 243
cat_boundaries=0 1
cat_threshold=2
is_linear=0
shrinkage=0.05


Tree=121
num_leaves=15
num_cat=2
split_feature=0 4 4 4 4 7 2 4 0 2 5 4 4 4
split_gain=0.850263 0.617383 0.596397 1.28739 1.58601 1.03101 1.03538 0.792406 0.806404 0.749251 0.701052 1.14092 0.871038 0.589858
threshold=0 1.0083333333333335 9.0916666666666686 9.8416666666666686 9.6416666666666675 1.0000000180025095e-35 560.05000000000007 10.441666666666668 1 29.450000000000003 1.0000000180025095e-35 8.908333333333335 8.7750000000000021 20.141666666666669
decision_type=9 2 2 2 2 2 2 2 9 2 2 2 2 2
left_child=-1 -2 10 4 5 6 -4 9 -9 -5 -3 12 -12 -10
right_child=1 2 3 7 -6 -7 -8 8 13 -11 11 -13 -14 -15
leaf_value=0.00017718154880627668 0.00054664506237249726 0.00047352515356875459 -0.0021598138790215994 -0.00058048875494336465 0.0033018811001672868 0.00084012544736535857 0.0035595337145733598 2.0901292402430995e-05 -0.00013211735034999729 -0.00011371151107800737 -0.00034336227439807913 -0.0011134906746619432 0.00077175979969900115 -0.00034166313372629986
leaf_weight=8688 74 107 71 52 56 43 46 2366 965 168 703 59 43 159
leaf_count=8688 74 107 71 52 56 43 46 2366 965 168 703 59 43 159
internal_value=4.77941e-05 -0.000477448 -0.000547747 -0.000280183 0.00347222 0.0009375 -0.00149573 -0.000498652 -0.000315186 -0.00340909 -0.00169956 -0.00220497 -0.0016756 -0.00141093
internal_weight=13600 4912 4838 3926 216 160 117 3710 3490 220 912 805 746 1124
internal_count=13600 4912 4838 3926 216 160 117 3710 3490 220 912 805 746 1124
cat_boundaries=0 2 4
cat_threshold=70452240 68286 3221241985 1089
is_linear=0
shrinkage=0.05


Tree=122
num_leaves=15
num_cat=0
split_feature=6 4 6 3 4 5 2 4 3 4 2 4 4 3
split_gain=0.454809 0.632314 0.620711 0.520712 0.577361 0.552904 0.394731 0.218515 0.577047 0.550593 0.628343 0.463399 0.729289 0.433227
threshold=1.1557608829651618 19.625000000000004 1.5800944137126034 12.550000000000002 11.275000000000002 2.5000000000000004 29.450000000000003 19.808333333333337 19.400000000000002 20.625000000000004 29.450000000000003 21.008333333333336 21.491666666666671 11.750000000000002
decision_type=2 2 2 2 2 2 2 2 2 2 2 2 2 2
left_child=7 2 -2 4 -4 -5 -6 -1 9 10 -9 -11 -13 -14
right_child=1 -3 3 5 6 -7 -8 8 -10 11 -12 12 13 -15
leaf_value=-2.8968320277333871e-05 0.0017500270935142837 0.0028102841083483044 0.0086323157984604434 -0.0075324482511910044 -0.0071693003309151182 0.00034831206031805674 9.4855295638141001e-05 -0.0018741083404172022 -0.0010005698997139656 0.0013543673809327805 -3.5478583546455503e-05 -0.00092659541173471804 2.1328701170936216e-05 0.0014267840537659144
leaf_weight=12269 68 40 61 45 48 47 79 78 269 82 183 62 262 62
leaf_count=12269 68 40 61 45 48 47 79 78 269 82 183 62 262 62
internal_value=-0.000140974 0.00154639 0.000862069 -0.000178571 0.00132979 -0.00326087 -0.000590551 -0.000190322 -0.000901804 -0.000171468 -0.00201149 0.000854701 0.000129534 0.00108025
internal_weight=13655 388 348 280 188 92 127 13267 998 729 261 468 386 324
internal_count=13655 388 348 280 188 92 127 13267 998 729 261 468 386 324
is_linear=0
shrinkage=0.05


Tree=123
num_leaves=15
num_cat=5
split_feature=0 6 6 6 6 6 0 5 5 0 0 5 0 5
split_gain=0.64707 0.326842 0.431381 0.291233 0.447511 0.4904 0.341729 0.883376 0.187434 0.302135 0.193269 0.273996 0.164034 0.145135
threshold=0 2.2916436531882503 1.5022573144106934 2.5947191574750361 2.0643809316102675 1.6524077332299629 1 3.5000000000000004 5.5000000000000009 2 3 1.5000000000000002 4 2.5000000000000004
decision_type=9 2 2 2 2 2 9 2 2 9 9 2 9 2
left_child=1 2 8 4 5 6 7 -2 10 -10 -1 -12 13 -8
right_child=3 -3 -4 -5 -6 -7 12 -9 9 -11 11 -13 -14 -15
leaf_value=0.00036668304934182606 2.8237906177103201e-05 -0.0017202030767484056 0.0052557721697054638 0.0025712139283578963 -0.0022379246246141626 0.0031480413842012948 0.00013587546776163694 -0.00019474543039485205 0.00054665180890589582 0.00020957269709784287 0.0001695299037914988 -3.6589913464085691e-06 -0.0001385830756851947 -4.8098071534002923e-05
leaf_weight=109 81 49 66 66 70 58 1317 76 133 356 1028 2116 6339 1732
leaf_count=109 81 49 66 66 70 58 1317 76 133 356 1028 2116 6339 1732
internal_value=-6.25184e-05 0.000484872 0.00053834 -0.000279516 -0.000302388 -0.000273352 -0.000301205 -0.00254491 0.000467664 0.00138037 0.000330464 0.000253646 -0.000260694 4.0863e-05
internal_weight=13596 3857 3808 9739 9673 9603 9545 157 3742 489 3253 3144 9388 3049
internal_count=13596 3857 3808 9739 9673 9603 9545 157 3742 489 3253 3144 9388 3049
cat_boundaries=0 2 4 6 7 9
cat_threshold=201410184 100 16 16384 67125248 4 1536 538968064 3080
is_linear=0
shrinkage=0.05


Tree=124
num_leaves=15
num_cat=4
split_feature=0 4 5 0 4 4 5 4 4 4 5 0 0 4
split_gain=0.611194 0.740842 0.939026 1.00533 1.41532 0.816701 0.725175 0.607306 0.522047 0.482189 0.93297 0.741167 0.438877 0.97817
threshold=0 19.525000000000002 1.0000000180025095e-35 1 22.575000000000003 19.808333333333337 2.5000000000000004 19.008333333333336 18.758333333333336 19.808333333333337 2.5000000000000004 2 3 17.125000000000004
decision_type=9 2 2 9 2 2 2 2 2 2 2 9 9 2
left_child=9 7 -3 5 6 -4 -5 8 12 -1 11 -11 -2 -14
right_child=1 2 3 4 -6 -7 -8 -9 -10 10 -12 -13 13 -15
leaf_value=5.2566704062972926e-05 -9.8950981194445564e-05 0.0020752919617789689 0.0032212413553403541 6.2926000706825522e-05 0.00076897611369708407 0.00037853533381119743 -0.00083339068827394396 -0.0016413435832196234 0.0012230780261081433 -0.0013399551562837842 0.00013445886290385235 -0.00014959514948309494 -0.0001847159975404411 -0.00177236321436135
leaf_weight=6882 3282 89 67 47 52 238 113 186 81 106 321 141 1745 285
leaf_count=6882 3282 89 67 47 52 238 113 186 81 106 321 141 1745 285
internal_value=-0.000137514 -0.000504439 0.00115512 0.000338491 -0.00225225 0.00214286 -0.0046875 -0.000685607 -0.000588726 0.00016756 -0.00123239 -0.00354251 -0.000649473 -0.00122549
internal_weight=13635 6185 606 517 212 305 160 5579 5393 7450 568 247 5312 2030
internal_count=13635 6185 606 517 212 305 160 5579 5393 7450 568 247 5312 2030
cat_boundaries=0 2 4 6 8
cat_threshold=607339656 2215 2147484160 536 537001984 33 1073741824 99416
is_linear=0
shrinkage=0.05


Tree=125
num_leaves=15
num_cat=3
split_feature=0 4 4 4 4 2 4 4 5 0 5 5 0 4
split_gain=0.569268 0.578489 0.932292 0.482412 1.79376 1.07598 0.574952 0.452672 1.34614 2.62987 0.715492 0.641605 0.977105 0.504525
threshold=0 2.8916666666666671 1.0083333333333335 2.3833333333333337 0.82500000000000007 709.9000000000002 7.0250000000000012 8.8416666666666686 3.5000000000000004 1 1.5000000000000002 4.5000000000000009 2 6.9750000000000005
decision_type=9 2 2 2 2 2 2 2 2 9 2 2 9 2
left_child=1 2 -1 4 -2 -6 -5 8 9 10 -3 -10 -13 -11
right_child=3 7 -4 6 5 -7 -8 -9 11 13 -12 12 -14 -15
leaf_value=0.00054531615180923869 -0.0019048718901253259 0.0017532663374440483 -0.0012368108159211051 -0.0012196474140386772 0.0040359035789343965 0.0047172217846285086 -9.4431281955115198e-05 2.1605828404824834e-05 0.0018914600314810072 -3.4636486440348117e-05 0.0081019029607278473 -0.00072318807177904065 0.0010169299770390328 -0.00071302410107964567
leaf_weight=185 67 66 284 288 49 46 4168 7357 189 256 56 100 216 294
leaf_count=185 67 66 284 288 49 46 4168 7357 189 256 56 100 216 294
internal_value=-6.79098e-05 0.000163653 -0.00154584 -0.000518583 0.00216049 0.00657895 -0.000617145 0.000257792 0.00116822 -0.000297619 0.00606061 0.00311881 0.00174051 -0.00178571
internal_weight=13621 9003 469 4618 162 95 4456 8534 1177 672 122 505 316 550
internal_count=13621 9003 469 4618 162 95 4456 8534 1177 672 122 505 316 550
cat_boundaries=0 2 4 6
cat_threshold=2684372096 100591 0 136 0 15
is_linear=0
shrinkage=0.05


Tree=126
num_leaves=15
num_cat=3
split_feature=6 0 4 4 6 5 6 5 0 0 4 4 4 4
split_gain=0.465542 0.48545 0.330284 0.774855 0.401036 0.438608 0.454545 0.379925 1.47561 1.40552 0.743726 1.33839 0.637229 0.502093
threshold=2.7719155450922139 0 22.575000000000003 22.091666666666672 1.4903168760308272 2.5000000000000004 1.957231865133048 2.5000000000000004 1 2 16.69166666666667 16.158333333333335 21.008333333333336 10.508333333333335
decision_type=2 9 2 2 2 2 2 2 9 9 2 2 2 2
left_child=1 -1 3 4 7 -6 -7 8 10 -9 11 13 -12 -3
right_child=-2 2 -4 -5 5 6 -8 9 -10 -11 12 -13 -14 -15
leaf_value=8.3255672473986356e-05 0.0080399959826363606 6.8624228886049463e-05 -0.00051266860353147987 0.00175346341529391 -0.0067835964424377559 -0.0022654925104811487 0.0022771650190959837 -0.0001609665806630578 -0.00014464959378076848 -4.581333102469665e-05 -0.00027221636493557914 0.0023615008803347885 0.001688794267774968 0.00097399277172759429
leaf_weight=5527 45 495 150 43 61 44 55 819 1670 3550 436 75 41 591
leaf_count=5527 45 495 150 43 61 44 55 819 1670 3550 436 75 41 591
internal_value=-7.71945e-05 -9.40474e-05 -0.00034204 -0.000298223 -0.00033495 -0.0028125 -0.000757576 -0.000283314 0.000120919 -0.00058938 0.00118325 0.00187339 -0.000471698 0.00142726
internal_weight=13602 13557 8030 7880 7837 160 99 7677 3308 4369 1638 1161 477 1086
internal_count=13602 13557 8030 7880 7837 160 99 7677 3308 4369 1638 1161 477 1086
cat_boundaries=0 2 4 6
cat_threshold=1277166744 66245 536871426 17458 16386 17424
is_linear=0
shrinkage=0.05


Tree=127
num_leaves=15
num_cat=3
split_feature=0 4 4 4 0 4 4 5 4 4 0 5 4 5
split_gain=0.459999 0.37164 0.422169 0.834646 0.948093 0.555612 0.994222 0.532276 1.73533 1.30394 1.32243 1.01572 1.01406 0.968556
threshold=0 23.208333333333336 15.141666666666667 10.808333333333335 1 5.6750000000000016 4.2750000000000012 1.5000000000000002 11.591666666666669 11.208333333333334 2 3.5000000000000004 14.841666666666669 2.5000000000000004
decision_type=9 2 2 2 9 2 2 2 2 2 9 2 2 2
left_child=1 2 3 4 -1 6 -6 8 -5 11 13 -9 -10 -11
right_child=-2 -3 -4 7 5 -7 -8 9 12 10 -12 -13 -14 -15
leaf_value=-0.00012268146258017921 -9.8535858031312265e-05 -0.0011157035257032433 0.0001551292212593647 0.0005663381722827987 0.00043981095849561226 0.00041998596575584801 -0.0020200857289428054 -0.00038598737199776469 -0.00054418096282399795 0.00089224902188393966 0.00023973858827591179 -0.00015837647557305213 -0.0024051948455098894 -0.0003162151018801185
leaf_weight=768 8604 52 1846 78 167 560 57 51 313 134 316 96 40 538
leaf_count=768 8604 52 1846 78 167 560 57 51 313 134 316 96 40 538
internal_value=-2.20264e-05 0.000358138 0.000402901 4.81078e-05 0.000869845 0.00207809 0 -0.000766284 -0.00226218 -0.000198238 0.000455466 -0.00459184 -0.00375354 -0.000806452
internal_weight=13620 5016 4964 3118 1552 784 224 1566 431 1135 988 147 353 672
internal_count=13620 5016 4964 3118 1552 784 224 1566 431 1135 988 147 353 672
cat_boundaries=0 2 4 6
cat_threshold=3959505931 2177 3221225474 2049 3892314120 129
is_linear=0
shrinkage=0.05


Tree=128
num_leaves=15
num_cat=3
split_feature=0 4 4 4 4 4 1 5 5 4 6 0 4 4
split_gain=0.564684 0.476513 2.1607 0.652247 0.634412 0.315489 0.344808 0.743167 0.881874 0.625085 0.326526 0.328233 0.9899 1.08917
threshold=0 3.058333333333334 2.0166666666666671 1.2750000000000001 4.5666666666666673 1.0000000180025095e-35 1 1.5000000000000002 2.5000000000000004 15.141666666666667 2.5421628270873113 2 14.075000000000001 9.5083333333333346
decision_type=9 2 2 2 2 2 1 2 2 2 2 9 2 2
left_child=1 2 3 -1 -3 -2 10 -8 -9 -10 11 12 13 -7
right_child=5 4 -4 -5 -6 6 7 8 9 -11 -12 -13 -14 -15
leaf_value=-0.00015231482039679557 -0.0026271885105234346 0.0013899960508299558 -0.004374127109807985 0.0028282323964009485 6.2551467239413411e-05 -0.00015836783430028258 0.00096881443793991613 -0.0055137372865485257 0.00091048950621668847 -0.0021297179437132553 0.0056007936624987492 -5.2031583686576459e-05 -0.00045792600131499552 0.00037093953910321279
leaf_weight=100 44 93 72 57 4125 93 76 41 77 60 73 8402 180 122
leaf_count=100 44 93 72 57 4125 93 76 41 77 60 73 8402 180 122
internal_value=-9.73191e-05 0.000364595 -0.0018559 0.00143312 0.000486012 -0.000321421 -0.000301403 -0.00208333 -0.00393258 -0.0020073 -0.000247748 -0.000275662 -0.00166667 0.000581395
internal_weight=13615 4447 229 157 4218 9168 9124 254 178 137 8870 8797 395 215
internal_count=13615 4447 229 157 4218 9168 9124 254 178 137 8870 8797 395 215
cat_boundaries=0 2 3 5
cat_threshold=2149728776 2178 3 67108880 81920
is_linear=0
shrinkage=0.05


Tree=129
num_leaves=15
num_cat=5
split_feature=0 4 0 4 4 5 0 0 5 4 0 5 4 4
split_gain=0.579779 0.605837 1.27688 1.73691 0.715862 1.18241 1.20495 0.956276 0.592815 0.761136 0.553361 0.605728 0.511689 0.508748
threshold=0 19.425000000000004 1 20.141666666666669 20.008333333333336 3.5000000000000004 2 3 3.5000000000000004 18.858333333333338 4 3.5000000000000004 21.683333333333337 12.991666666666669
decision_type=9 2 9 2 2 2 9 9 2 2 9 2 2 2
left_child=8 -2 3 -3 10 6 -6 12 9 -1 11 -4 -7 -10
right_child=1 2 4 -5 5 7 -8 -9 13 -11 -12 -13 -14 -15
leaf_value=3.1310310353538377e-05 -0.00012102510008299983 -0.0023264125287292604 -0.0012786586273904055 0.000144984398392492 -0.0016070918740012043 -0.00093629988545293474 0.0014680928285320694 -0.0012425639924294463 1.0884851404602269e-05 -0.00051671573076386983 0.0032134604613343223 0.00086622015158390744 0.0016296846646111419 0.00046061214332053795
leaf_weight=1147 10149 58 58 66 102 54 255 149 432 216 253 61 55 593
leaf_count=1147 10149 58 58 66 102 54 255 149 432 216 253 61 55 593
internal_value=-8.05979e-05 -0.000230701 0.000877588 -0.00373134 0.00147944 0.000447154 0.00231092 -0.00213178 0.000625521 -5.50257e-05 0.00322581 0.000193798 0.00147059 0.00153659
internal_weight=13648 11260 1111 124 987 615 357 258 2388 1363 372 119 109 1025
internal_count=13648 11260 1111 124 987 615 357 258 2388 1363 372 119 109 1025
cat_boundaries=0 2 4 6 8 10
cat_threshold=605177360 1 1075838984 4 2281701376 32 2147483648 672 0 3152
is_linear=0
shrinkage=0.05


Tree=130
num_leaves=15
num_cat=3
split_feature=0 4 4 2 5 2 5 0 6 0 4 4 2 4
split_gain=0.501562 1.0363 0.512933 0.792391 0.564627 0.507966 0.469282 1.66587 1.32396 1.11171 0.845646 1.01351 0.878345 0.713526
threshold=0 0.82500000000000007 1.2750000000000001 1189.6500000000003 1.5000000000000002 325.55000000000007 3.5000000000000004 1 2.0154586348681138 2 10.658333333333335 3.058333333333334 578.90000000000009 9.9916666666666689
decision_type=9 2 2 2 2 2 2 9 2 9 2 2 2 2
left_child=1 -1 3 4 -2 -6 8 10 9 -4 11 -8 13 -13
right_child=2 -3 6 -5 5 -7 7 -9 -10 -11 -12 12 -14 -15
leaf_value=0.0022491056287709311 -0.0032472776987229057 5.2553916695285974e-05 -0.00023037442862710591 0.0013229442877309623 -0.00019617547164104134 -0.004490413819532843 -0.00087994543435637729 -0.00031204265621310182 -0.011839936518630169 0.00014771621368606658 -0.00015438673537752635 0.00031203524616649773 0.0027172924567017646 0.0031778041976678164
leaf_weight=63 49 4129 1068 46 91 44 77 1621 50 4050 1758 347 137 64
leaf_count=63 49 4129 1068 46 91 44 77 1621 50 4050 1758 347 137 64
internal_value=-7.35619e-05 0.000380771 -0.000276243 -0.0026087 -0.00407609 -0.00240741 -0.000218055 -0.000624376 9.67492e-05 0.00017585 0.00021939 0.0018 0.00255474 0.00139903
internal_weight=13594 4192 9402 230 184 135 9172 4004 5168 5118 2383 625 548 411
internal_count=13594 4192 9402 230 184 135 9172 4004 5168 5118 2383 625 548 411
cat_boundaries=0 2 4 6
cat_threshold=1074790928 99397 2887975040 2082 2684551296 16384
is_linear=0
shrinkage=0.05


Tree=131
num_leaves=15
num_cat=3
split_feature=0 4 2 4 4 0 5 0 4 4 4 4 4 4
split_gain=0.315523 0.532183 0.819613 0.493212 0.457075 0.606173 0.574325 0.453054 0.657205 0.989243 0.535448 0.528396 0.909645 0.431987
threshold=0 18.325000000000003 977.10000000000002 18.225000000000005 18.508333333333336 1 5.5000000000000009 2 17.125000000000004 16.158333333333335 14.958333333333334 8.7750000000000021 4.5666666666666673 19.525000000000002
decision_type=9 2 2 2 2 9 2 9 2 2 2 2 2 2
left_child=13 3 4 7 -3 6 -6 8 9 10 11 12 -2 -1
right_child=1 2 -4 -5 5 -7 -8 -9 -10 -11 -12 -13 -14 -15
leaf_value=5.4435047185502633e-05 0.0013109457409842817 0.0027524528284847971 -0.0024619545933694006 -0.0007660045434933594 -0.00019580060861993376 0.00064716289560597942 0.0031914177598038052 -5.3220531218511896e-05 -0.0028241194112874624 0.0017603434471460623 -0.0021397343836386251 -9.7087985799187988e-06 -0.00069386660726720182 -0.00018028197847500818
leaf_weight=3241 55 101 60 55 593 718 71 7560 103 63 74 472 83 392
leaf_count=3241 55 101 60 55 593 718 71 7560 103 63 74 472 83 392
internal_value=2.01598e-05 -0.000124775 0.000729099 -0.000280567 0.00096089 0.000723589 -0.00037092 -0.000249703 -0.00133721 -0.00083668 -0.00138889 -0.000901639 -0.00362319 0.000418611
internal_weight=13641 10008 1543 8465 1483 1382 664 8410 850 747 684 610 138 3633
internal_count=13641 10008 1543 8465 1483 1382 664 8410 850 747 684 610 138 3633
cat_boundaries=0 2 4 6
cat_threshold=738346624 3076 1074790416 51 2147483650 16384
is_linear=0
shrinkage=0.05


Tree=132
num_leaves=15
num_cat=2
split_feature=0 6 4 4 4 4 4 2 2 0 5 4 4 4
split_gain=0.685003 0.572396 0.504503 1.06666 1.26565 1.02987 0.96357 0.898451 0.841297 0.765125 0.72697 1.10001 1.92998 0.918035
threshold=0 2.6563317201328887 3.7750000000000004 8.9916666666666689 9.8416666666666686 11.441666666666668 2.3833333333333337 304.90000000000003 560.05000000000007 1 5.5000000000000009 15.141666666666667 18.058333333333337 15.141666666666667
decision_type=9 2 2 2 2 2 2 2 2 9 2 2 2 2
left_child=2 -2 6 7 8 9 -1 -4 -5 -6 13 -12 -13 -7
right_child=1 -3 3 4 5 10 -8 -9 -10 -11 11 12 -14 -15
leaf_value=0.00011412467330155774 -7.9083895428511139e-05 0.004487102155680156 0.00014531731298607353 0.00025831435799685275 -0.0018824497984943679 0.0002276135573227145 0.003762749475825178 -0.0043812467629957058 0.0061508701946048298 -4.5553314973328929e-06 -1.8627873533511032e-05 0.0032948352812877447 -4.8727757439309688e-05 -1.7042081819557132e-05
leaf_weight=88 10796 57 136 85 115 579 48 128 65 258 96 89 56 1054
leaf_count=88 10796 57 136 85 115 579 48 128 65 258 96 89 56 1054
internal_value=7.32601e-06 -0.000172604 0.000703598 0.000554303 0.000886525 0.000589675 0.00367647 -0.00246212 0.00533333 -0.00180965 0.00106724 0.00363071 0.00637931 0.000688916
internal_weight=13650 10853 2797 2661 2397 2247 136 264 150 373 1874 241 145 1633
internal_count=13650 10853 2797 2661 2397 2247 136 264 150 373 1874 241 145 1633
cat_boundaries=0 2 4
cat_threshold=1275282586 1028 134283266 1024
is_linear=0
shrinkage=0.05


Tree=133
num_leaves=15
num_cat=3
split_feature=0 4 4 4 5 5 0 4 5 4 0 4 4 4
split_gain=0.517653 0.660024 0.733356 0.537016 1.56032 0.874851 1.3048 0.543439 0.426171 0.830454 0.964945 1.02795 1.14383 0.781714
threshold=0 20.883333333333336 21.491666666666671 19.008333333333336 5.5000000000000009 3.5000000000000004 1 19.808333333333337 4.5000000000000009 22.091666666666672 2 13.441666666666668 13.141666666666667 16.69166666666667
decision_type=9 2 2 2 2 2 9 2 2 2 9 2 2 2
left_child=1 3 -3 -1 5 6 -5 -7 -2 10 -10 12 -12 -13
right_child=8 2 -4 4 -6 7 -8 -9 9 -11 11 13 -14 -15
leaf_value=8.5383781044046095e-05 1.3155563775424374e-05 -0.0014156357646721519 -4.4280191509701865e-05 0.0049472864398191546 0.0035087336510786441 0.00026953552780799582 -0.00012498944726081486 -0.00095951436738647429 0.00087602873556999472 0.0014540000118440088 -0.00016591050565788469 -0.0021216860689240807 0.005740084439937421 -0.0004812876392381038
leaf_weight=4311 6279 49 156 111 49 53 121 42 374 58 967 470 55 543
leaf_count=4311 6279 49 156 111 49 53 121 42 374 58 967 470 55 543
internal_value=4.76609e-05 0.000458996 -0.00231707 0.000581395 0.00239362 0.00114679 0.00280172 -0.00289474 -0.000182732 -0.000739765 -0.000882109 -0.00130807 -0.000195695 -0.00244324
internal_weight=13638 4892 205 4687 376 327 232 95 8746 2467 2409 2035 1022 1013
internal_count=13638 4892 205 4687 376 327 232 95 8746 2467 2409 2035 1022 1013
cat_boundaries=0 2 4 6
cat_threshold=1814233104 114825 134217728 136 1048576 4
is_linear=0
shrinkage=0.05


Tree=134
num_leaves=15
num_cat=1
split_feature=0 4 4 5 4 4 6 6 6 4 4 4 5 5
split_gain=0.784887 1.18549 0.943802 0.702768 0.508655 0.418274 0.312394 0.325679 1.02519 0.347615 0.309384 0.715639 1.10943 0.633621
threshold=0 3.7750000000000004 5.6750000000000016 3.5000000000000004 0.67500000000000016 1.0000000180025095e-35 2.6746039791475802 1.7981909629808028 2.0643809316102675 16.008333333333336 11.008333333333335 13.008333333333335 4.5000000000000009 3.5000000000000004
decision_type=9 2 2 2 2 2 2 2 2 2 2 2 2 2
left_child=1 3 -3 -1 5 -2 7 -6 -9 -10 -4 13 -13 -12
right_child=4 2 10 -5 6 -7 -8 8 9 -11 11 12 -14 -15
leaf_value=0.0011534461489622894 -0.00024332055737418258 -0.0018050365550265957 0.00011058338423304837 0.00013142325244527297 -4.8713290434174167e-05 0.0016967187913990156 -0.001973085024642174 0.0073539140198899296 0.0045832125698914315 -0.0037164523694136367 1.6206405234231449e-05 9.1045622793051183e-06 0.00079567723657782976 -0.00029050058611522765
leaf_weight=59 63 70 415 54 11458 92 48 43 76 53 116 734 278 100
leaf_count=59 63 70 415 54 11458 92 48 43 76 53 116 734 278 100
internal_value=4.57574e-05 0.00100763 0.000685931 0.00597345 -0.000103437 0.00274194 -0.000141291 -0.000124678 0.00203488 -0.000193798 0.00092818 0.000529316 0.00108696 -0.00208333
internal_weight=13659 1826 1713 113 11833 155 11678 11630 172 129 1643 1228 1012 216
internal_count=13659 1826 1713 113 11833 155 11678 11630 172 129 1643 1228 1012 216
cat_boundaries=0 1
cat_threshold=739262472
is_linear=0
shrinkage=0.05


Tree=135
num_leaves=15
num_cat=3
split_feature=0 4 6 0 4 5 4 4 5 4 4 0 5 5
split_gain=0.365428 0.55462 0.854455 0.775615 1.38797 0.738142 0.379479 0.757386 0.630995 0.377836 0.364453 1.05756 0.906292 0.732351
threshold=0 19.358333333333338 2.0643809316102675 1 19.708333333333336 2.5000000000000004 1.5083333333333335 2.1583333333333337 3.5000000000000004 23.208333333333336 11.275000000000002 2 2.5000000000000004 3.5000000000000004
decision_type=9 2 2 9 2 2 2 2 2 2 2 9 2 2
left_child=6 2 -2 4 -3 -4 8 -8 -1 10 11 12 -9 -13
right_child=1 3 5 -5 -6 -7 7 9 -10 -11 -12 13 -14 -15
leaf_value=5.5137110294875559e-05 -0.00011379440406071862 0.0067573561185045655 -0.0084044788508913729 -2.7492259683248311e-05 0.00011920927088484024 -0.00091905590694727488 0.0061118972645790642 -7.9771317752808107e-05 -0.0021112561282652597 -0.0020060993462105133 9.2583989381211931e-05 -0.00011512915845955375 -0.0062624748720896493 0.00018642057825532521
leaf_weight=78 7569 67 43 650 235 75 51 49 61 48 3496 653 56 548
leaf_count=78 7569 67 43 650 235 75 51 49 61 48 3496 653 56 548
internal_value=-0.000100519 -0.000297722 -0.000439053 0.000840336 0.00288462 -0.00466102 0.000237624 0.000311161 -0.00233813 0.000247423 0.000291545 -0.000421133 -0.005 2.06441e-05
internal_weight=13679 8639 7687 952 302 118 5040 4901 139 4850 4802 1306 105 1201
internal_count=13679 8639 7687 952 302 118 5040 4901 139 4850 4802 1306 105 1201
cat_boundaries=0 2 4 6
cat_threshold=1276330138 68641 2147483648 16898 2 1024
is_linear=0
shrinkage=0.05


Tree=136
num_leaves=15
num_cat=2
split_feature=0 4 4 4 4 4 4 4 5 4 4 5 0 4
split_gain=0.325615 0.628898 0.978902 0.623422 0.421676 0.878962 0.59567 1.14235 0.839156 0.679633 0.816669 0.423147 1.33924 0.826753
threshold=0 1.7500000000000002 0.67500000000000016 2.3833333333333337 22.008333333333336 21.341666666666672 19.475000000000005 19.241666666666671 5.5000000000000009 19.958333333333336 20.775000000000002 5.5000000000000009 1 18.125000000000004
decision_type=9 2 2 2 2 2 2 2 2 2 2 2 9 2
left_child=-1 2 -2 -3 5 6 7 11 9 -8 -11 -5 -13 -14
right_child=1 3 -4 4 -6 -7 8 -9 -10 10 -12 12 13 -15
leaf_value=5.3581530898305644e-05 0.0002693472616353665 0.0014923038108302089 -0.0029929724682718206 -2.61169443443815e-05 0.00046602891621714551 -0.0027951613460637684 0.0011972286132012179 -0.0027724559912683691 0.0059268116874065749 -0.0013876194639235451 0.0014376473568021187 0.00031494743805446926 -0.00041905289007449224 -0.0012944848960706303
leaf_weight=7321 65 53 86 4686 146 66 152 71 42 99 80 235 496 42
leaf_count=7321 65 53 86 4686 146 66 152 71 42 99 80 235 496 42
internal_value=-2.56598e-05 -0.000288355 -0.00347682 -0.000210765 -0.000257563 -0.0003225 -0.000258343 -0.000388788 0.0016756 0.000830816 -0.00125698 -0.000306833 -0.00139069 -0.00273723
internal_weight=13640 6319 151 6168 6115 5969 5903 5530 373 331 179 5459 773 538
internal_count=13640 6319 151 6168 6115 5969 5903 5530 373 331 179 5459 773 538
cat_boundaries=0 2 4
cat_threshold=739247250 68807 2244609 32
is_linear=0
shrinkage=0.05


Tree=137
num_leaves=15
num_cat=2
split_feature=0 4 4 6 4 4 5 5 4 4 2 4 0 4
split_gain=0.55535 0.449191 0.552745 0.500378 0.908425 0.387171 0.879081 0.379437 1.05615 0.62351 0.546234 0.312667 0.273334 0.441889
threshold=0 2.8916666666666671 3.5666666666666669 1.6524077332299629 17.175000000000004 2.0166666666666671 4.5000000000000009 3.5000000000000004 1.2750000000000001 1.2750000000000001 325.55000000000007 2.6583333333333337 1 18.458333333333336
decision_type=9 2 2 2 2 2 2 2 2 2 2 2 9 2
left_child=1 7 -3 12 -5 6 -2 8 -1 -9 -10 -7 -4 -14
right_child=5 2 3 4 -6 11 -8 9 10 -11 -12 -13 13 -15
leaf_value=0.00025587989855359593 -4.8030200860271767e-05 0.0017827229027396309 9.0869470608101466e-05 -2.8024202621057537e-05 0.0045171341104028656 -0.0013999227645385471 0.0031413123314410932 -0.0010442125596905551 -0.0014292575063495462 0.0039287623777835264 -0.0056299782856182399 -9.4101942547131231e-05 -4.9940589915864477e-06 0.00097791543113454342
leaf_weight=85 190 47 1025 62 42 79 79 51 46 62 40 6853 4082 858
leaf_count=85 190 47 1025 62 42 79 79 51 46 62 40 6853 4082 858
internal_value=2.02191e-05 0.000358814 0.00044964 0.00040781 0.00384615 -0.000280821 0.00157993 -0.00158451 -0.00307018 0.000663717 -0.00697674 -0.000353433 0.000347863 0.000191919
internal_weight=13601 6400 6116 6069 104 7201 269 284 171 113 86 6932 5965 4940
internal_count=13601 6400 6116 6069 104 7201 269 284 171 113 86 6932 5965 4940
cat_boundaries=0 2 4
cat_threshold=3288548865 51257 1141048833 16384
is_linear=0
shrinkage=0.05


Tree=138
num_leaves=15
num_cat=2
split_feature=0 4 4 4 0 5 4 5 4 4 5 5 4 5
split_gain=0.351715 0.613404 0.501006 0.597298 0.558821 0.757432 0.854347 0.652552 0.553417 0.596636 0.513611 0.51173 1.11889 0.739341
threshold=0 3.7750000000000004 7.2833333333333341 15.741666666666669 1 1.5000000000000002 18.69166666666667 4.5000000000000009 13.175000000000002 9.0083333333333346 3.5000000000000004 2.5000000000000004 14.908333333333335 5.5000000000000009
decision_type=9 2 2 2 9 2 2 2 2 2 2 2 2 2
left_child=1 -1 -3 8 5 -5 -7 10 9 -4 -6 12 -10 -13
right_child=-2 2 3 4 7 6 -8 -9 11 -11 -12 13 -14 -15
leaf_value=0.001701819232586932 3.6366226967321501e-05 -0.0040530663648304993 0.00035886508533717335 0.00040389854556384668 -0.00035595615411789796 -0.002788257187500798 -0.00013680969225887685 0.0023614918093196827 0.00058758351114651663 -7.4571477906559827e-05 -0.0021918493057139694 0.0040934231201161936 -0.0011379438281606481 -0.0023046821033765597
leaf_weight=80 11493 83 127 150 295 228 116 137 80 512 66 130 63 45
leaf_count=80 11493 83 127 150 295 228 116 137 80 512 66 130 63 45
internal_value=4.96141e-05 -0.000541942 -0.000713583 -0.000551565 -0.00141129 -0.00257937 -0.00392442 -0.00019685 0.000339603 -0.000508607 -0.00131579 0.00204403 -0.000174825 0.00385714
internal_weight=13605 2112 2032 1949 992 494 344 498 957 639 361 318 143 175
internal_count=13605 2112 2032 1949 992 494 344 498 957 639 361 318 143 175
cat_boundaries=0 2 4
cat_threshold=2179203 65552 3 65552
is_linear=0
shrinkage=0.05


Tree=139
num_leaves=15
num_cat=3
split_feature=6 0 5 0 4 4 4 4 0 4 6 4 5 4
split_gain=0.72076 0.492836 0.471937 1.30613 1.09881 1.24724 1.67737 0.995682 1.88953 1.11578 0.902123 0.901682 1.03824 0.785573
threshold=2.7719155450922139 0 3.5000000000000004 1 13.241666666666669 2.8916666666666671 5.4583333333333348 12.925000000000002 2 0.82500000000000007 1.3225635810616778 15.141666666666667 5.5000000000000009 16.908333333333335
decision_type=2 9 2 9 2 2 2 2 9 2 2 2 2 2
left_child=1 2 7 -4 5 -5 -7 9 -9 -1 -11 12 -6 -13
right_child=-2 -3 3 4 11 6 -8 8 -10 10 -12 13 -14 -15
leaf_value=0.0014461521809107814 0.0082249747565529049 -6.471511589230261e-05 0.0011049627262022411 -0.0011799972022592531 -0.00052761126883799081 0.0026584664891417978 0.00064894856300279358 0.0010342089557805135 -0.00024761469694762061 -0.00077515048313243635 0.0057864112553601861 0.0011882509817887077 -0.0039196628921330584 -0.00074759534396201532
leaf_weight=81 43 5892 1454 147 157 87 678 947 1708 1603 44 221 80 497
leaf_count=81 43 5892 1454 147 157 87 678 947 1708 1603 44 221 80 497
internal_value=-6.78202e-05 -8.82613e-05 0.000175006 0.000624812 -0.000253063 0.000986842 0.00179739 -0.000165412 0.000442561 -0.00109954 -0.0013813 -0.00143979 -0.00411392 -0.000557103
internal_weight=13639 13596 7704 3321 1867 912 765 4383 2655 1728 1647 955 237 718
internal_count=13639 13596 7704 3321 1867 912 765 4383 2655 1728 1647 955 237 718
cat_boundaries=0 2 4 6
cat_threshold=2351105048 34919 2216886272 32773 1048 2114
is_linear=0
shrinkage=0.05


Tree=140
num_leaves=15
num_cat=3
split_feature=0 6 6 4 5 4 2 5 4 4 5 0 0 4
split_gain=0.594942 0.305982 0.670649 0.32098 0.759645 0.54845 0.540444 0.42838 0.556034 0.324589 0.661227 1.23308 0.848849 1.63736
threshold=0 2.6365046493076734 2.2164971291935474 20.225000000000005 4.5000000000000009 20.775000000000002 608.50000000000011 2.5000000000000004 22.450000000000003 17.991666666666671 2.5000000000000004 1 2 18.925000000000004
decision_type=9 2 2 2 2 2 2 2 2 2 2 9 9 2
left_child=-1 2 3 9 5 -5 7 8 -7 -2 11 -11 -13 -14
right_child=1 -3 -4 4 -6 6 -8 -9 -10 10 -12 12 13 -15
leaf_value=4.2621304415982335e-05 -0.0002185205889856351 -0.0014799246724085614 0.012404429959214581 -0.0019064121123208739 0.0012127543224454808 0.00037023887117763058 -0.0029802333884952851 0.00087820291221228923 -0.0044959339445861833 -0.0042098017292050514 0.00059378006589246024 -0.00044056768490289281 0.0041398000989309571 -0.0003216518243080502
leaf_weight=6486 4786 55 42 42 100 55 40 97 62 106 1092 542 83 82
leaf_count=6486 4786 55 42 42 100 55 40 97 62 106 1092 542 83 82
internal_value=-6.218e-05 -0.000375313 -0.000347174 -0.000384507 -0.00176768 -0.00304054 -0.00216535 -0.00116822 -0.00320513 -0.000302645 0.000249344 -0.000830258 -3.48675e-05 0.003
internal_weight=13670 7184 7129 7087 396 296 254 214 117 6691 1905 813 707 165
internal_count=13670 7184 7129 7087 396 296 254 214 117 6691 1905 813 707 165
cat_boundaries=0 2 4 6
cat_threshold=1812088322 84614 0 24 3145728 32801
is_linear=0
shrinkage=0.05


Tree=141
num_leaves=15
num_cat=3
split_feature=0 6 6 6 4 4 0 5 4 4 4 0 5 4
split_gain=0.803923 0.659033 0.510461 0.81734 0.386219 0.769063 0.711135 0.478567 0.467153 0.370223 1.02317 0.360533 0.424401 0.731285
threshold=0 2.6746039791475802 2.3151687044779554 1.9382400940955269 19.758333333333336 22.166666666666668 1 2.5000000000000004 19.075000000000003 3.5666666666666669 2.0166666666666671 2 1.5000000000000002 8.408333333333335
decision_type=9 2 2 2 2 2 9 2 2 2 2 9 2 2
left_child=2 -2 3 4 8 6 -6 -7 9 10 -1 12 -11 -14
right_child=1 -3 -4 -5 5 7 -8 -9 -10 11 -12 -13 13 -15
leaf_value=0.00017044027434317546 -9.6549869567375002e-05 -0.0046500233203168543 0.010605904464764927 -0.0018711629329859259 7.6034540230773836e-05 -0.0004884200216792228 -0.0020321590650816735 0.00076940042329886054 0.0010018598821377345 -0.0017938977962531967 -0.001050573394958862 5.6485204719042281e-05 -0.00014616234120973237 0.0051929732755430563
leaf_weight=179 8705 41 60 50 119 60 163 59 180 48 132 3752 45 77
leaf_count=179 8705 41 60 50 119 60 163 59 180 48 132 3752 45 77
internal_value=-9.50988e-05 -0.000382595 0.000415484 0.000359786 0.000425841 -0.00105985 -0.00248227 0.00231092 0.000560843 0.00045476 -0.00120579 0.000586435 0.00277778 0.0045082
internal_weight=13670 8746 4924 4864 4814 401 282 119 4413 4233 311 3922 170 122
internal_count=13670 8746 4924 4864 4814 401 282 119 4413 4233 311 3922 170 122
cat_boundaries=0 2 4 5
cat_threshold=605045761 16579 537919488 128 67109889
is_linear=0
shrinkage=0.05


Tree=142
num_leaves=15
num_cat=3
split_feature=0 5 1 6 6 4 4 4 4 4 0 4 4 4
split_gain=0.715939 0.699601 0.82092 0.704359 0.514621 0.462076 0.509462 0.398316 0.567396 0.845 0.587452 0.433199 0.690958 0.565273
threshold=0 1.0000000180025095e-35 1 2.5421628270873113 2.0643809316102675 19.625000000000004 18.69166666666667 17.308333333333337 15.741666666666669 16.375000000000004 2 11.341666666666669 14.29166666666667 9.908333333333335
decision_type=9 2 1 2 2 2 2 2 2 2 9 2 2 2
left_child=-1 5 3 4 -3 6 7 8 10 -10 -2 13 -13 -12
right_child=1 2 -4 -5 -6 -7 -8 -9 9 -11 11 12 -14 -15
leaf_value=7.3138468220934616e-05 0.0027025651592641588 -0.00012496638181084264 -0.0020365015586284343 0.0099558932799229671 -0.0019708713583414528 0.0013402333732213058 -0.0029179938237281823 0.00073090157592259342 -0.002762602512695134 0.00093603275344243675 1.1903420956160816e-05 -0.001991740639925077 0.0014783391780732098 0.0018097746778295454
leaf_weight=7068 118 5429 117 51 49 83 42 147 40 50 179 117 54 48
leaf_count=7068 118 5429 117 51 49 83 42 147 40 50 179 117 54 48
internal_value=3.31077e-05 -0.000344353 -0.000549061 -0.000455858 -0.000511135 0.000968109 0.000597484 0.000896414 0.000330033 -0.00333333 0.000968992 0 -0.00190058 0.00143172
internal_weight=13592 6524 5646 5529 5478 878 795 753 606 90 516 398 171 227
internal_count=13592 6524 5646 5529 5478 878 795 753 606 90 516 398 171 227
cat_boundaries=0 2 3 5
cat_threshold=3357753866 3237 3 1048576 65600
is_linear=0
shrinkage=0.05


Tree=143
num_leaves=15
num_cat=2
split_feature=0 4 4 5 2 5 0 5 4 5 2 4 4 5
split_gain=0.792715 0.582305 0.466255 0.617089 1.13224 0.616525 1.05792 1.28818 0.677122 0.510772 0.477329 0.478912 0.979749 0.403081
threshold=0 12.075000000000001 11.591666666666669 1.0000000180025095e-35 576.55000000000007 5.5000000000000009 1 2.5000000000000004 10.441666666666668 4.5000000000000009 643.9000000000002 9.5750000000000011 11.075000000000001 3.5000000000000004
decision_type=9 2 2 2 2 2 9 2 2 2 2 2 2 2
left_child=-1 2 3 4 -2 6 7 -5 -7 -9 11 -8 -13 -12
right_child=1 -3 -4 5 -6 8 10 9 -10 -11 13 12 -14 -15
leaf_value=3.8740121574643017e-05 -3.2697383196178546e-05 -6.217510626348455e-05 -0.0025809075591302745 -0.0019532028457245388 0.0045110748172312587 -4.7397860562370388e-05 -0.00072952151842042845 0.0027650706406419424 0.0047153785794459835 -0.00023961675084466227 -0.0021793358019271958 -0.0031435328578953261 0.00042723626166639721 -0.0026523462061151027
leaf_weight=8829 158 3132 159 146 50 177 294 156 41 61 88 182 63 43
leaf_count=8829 158 3132 159 146 50 177 294 156 41 61 88 182 63 43
internal_value=-6.81199e-05 -0.000588235 -0.0013597 -0.00107951 0.00144231 -0.0014988 -0.00200871 0.000201072 0.000917431 0.00264977 -0.00316176 -0.00255102 -0.00418367 -0.00591603
internal_weight=13579 4750 1618 1459 208 1251 1033 363 218 217 670 539 245 131
internal_count=13579 4750 1618 1459 208 1251 1033 363 218 217 670 539 245 131
cat_boundaries=0 2 4
cat_threshold=1611808792 19193 201327616 4
is_linear=0
shrinkage=0.05


Tree=144
num_leaves=15
num_cat=1
split_feature=0 4 4 4 4 4 4 5 3 4 4 4 4 4
split_gain=0.810273 0.595847 0.737114 1.00903 1.2812 0.647203 0.57723 0.538956 0.663821 0.48373 0.997819 0.474594 0.429031 0.604418
threshold=0 19.425000000000004 19.008333333333336 18.391666666666669 18.175000000000004 22.575000000000003 16.608333333333338 2.5000000000000004 11.050000000000002 1.5083333333333335 3.2583333333333337 21.891666666666669 0.82500000000000007 4.5666666666666673
decision_type=9 2 2 2 2 2 2 2 2 2 2 2 2 2
left_child=1 2 3 4 6 11 9 8 -8 -1 -11 -3 -2 -14
right_child=12 5 -4 -5 -6 -7 7 -9 -10 10 -12 -13 13 -15
leaf_value=-0.0032643055935329293 0.00067188431335497574 0.00044896212860189857 -0.0013820394901117529 0.00082980254063456666 -0.00042116400514582156 -0.0012990331454233118 0.00015565286417053016 -0.0010324700074602568 -0.002341249991166383 0.0032649352778271303 -6.9929659666950758e-05 0.0022748616909361642 -0.00041002772519733169 6.4287275270369368e-05
leaf_weight=42 193 172 69 100 40 41 78 178 96 51 1888 40 724 9895
leaf_count=42 193 172 69 100 40 41 78 178 96 51 1888 40 724 9895
internal_value=-7.16543e-05 -0.000828877 -0.00106216 -0.000919935 -0.00112727 0.00148221 -0.000975139 -0.00284091 -0.000862069 -0.000643614 -0.000528623 0.00259434 0.000124746 8.23995e-05
internal_weight=13607 2795 2542 2473 2373 253 2333 352 174 1981 1939 212 10812 10619
internal_count=13607 2795 2542 2473 2373 253 2333 352 174 1981 1939 212 10812 10619
cat_boundaries=0 2
cat_threshold=3221307538 65552
is_linear=0
shrinkage=0.05


Tree=145
num_leaves=15
num_cat=4
split_feature=0 4 4 5 4 0 4 0 4 4 4 0 4 5
split_gain=0.527244 0.554538 0.294766 0.620771 0.73378 1.198 1.22453 0.941802 0.963574 0.661436 0.78423 0.65781 0.577428 0.470448
threshold=0 1.0083333333333335 9.7083333333333339 3.5000000000000004 13.441666666666668 1 13.075000000000001 2 14.29166666666667 19.425000000000004 18.975000000000005 3 9.5750000000000011 5.5000000000000009
decision_type=9 2 2 2 2 9 2 9 2 2 2 9 2 2
left_child=1 -1 12 11 5 -5 -7 9 -9 10 -6 -4 13 -2
right_child=2 -3 3 4 7 6 -8 8 -10 -11 -12 -13 -14 -15
leaf_value=0.001393687361015461 -0.00013260772024594193 0.00011036401050563971 -5.8155119526215329e-05 0.0035615349482976846 -0.00018453642363910341 -0.00011965726491324214 0.002739460169476432 -0.0018977894893082881 -0.00043888469975672528 0.0015220016246008329 -0.0037000125817654829 0.00036856135991322205 -0.0039471104074876532 0.00037392690068907834
leaf_weight=157 1059 7068 545 230 627 359 42 76 677 137 40 2371 55 168
leaf_count=157 1059 7068 545 230 627 359 42 76 677 137 40 2371 55 168
internal_value=0.000112042 0.000404285 -0.000218887 -4.89812e-05 -0.000685558 0.000752773 -0.000912409 -0.00126846 -0.00252294 -6.14251e-05 -0.000712144 0.000428669 -0.000897036 -0.000672372
internal_weight=13611 7225 6386 5104 2188 631 401 1557 753 804 667 2916 1282 1227
internal_count=13611 7225 6386 5104 2188 631 401 1557 753 804 667 2916 1282 1227
cat_boundaries=0 2 4 6 8
cat_threshold=739312776 34509 2 65570 2149712400 65568 1073889792 81920
is_linear=0
shrinkage=0.05


Tree=146
num_leaves=15
num_cat=6
split_feature=0 4 4 0 4 0 0 4 4 0 4 0 4 4
split_gain=0.691521 0.517553 0.789757 0.800453 0.733925 1.82296 0.81583 0.75184 0.5867 0.558635 0.761388 0.535193 0.902985 0.590121
threshold=0 8.8416666666666686 9.6416666666666675 1 10.075000000000001 2 3 9.7750000000000021 8.4916666666666689 4 3.5666666666666669 5 9.3083333333333353 9.0083333333333346
decision_type=9 2 2 9 2 9 9 2 2 9 2 9 2 2
left_child=-1 8 3 -3 5 -4 -6 -7 9 10 -2 12 -5 -13
right_child=1 2 4 11 6 7 -8 -9 -10 -11 -12 13 -14 -15
leaf_value=5.0429049957473326e-05 -0.0019969001748761429 0.00099039902952969281 -0.0013079367303300339 -0.0031915889531269671 -2.6764730510764337e-05 0.00019936853442069637 -0.00065307048176186386 0.0047615019399650906 0.0015288534032849772 0.00017645949957798557 6.3983683325857799e-05 -0.0013112460561915396 0.0019604126321494607 -0.0023214068533815801
leaf_weight=5358 106 107 114 67 3931 41 2167 98 166 1149 183 40 67 111
leaf_count=5358 106 107 114 67 3931 41 2167 98 166 1149 183 40 67 111
internal_value=-2.3714e-05 -0.000308125 -0.000500519 -0.00267857 -0.000366084 0.00227273 -0.000475566 0.00587248 0.000498753 0.000173853 -0.00175585 -0.00398305 -0.00138889 -0.0060559
internal_weight=13705 8347 6743 392 6351 253 6098 139 1604 1438 289 285 134 151
internal_count=13705 8347 6743 392 6351 253 6098 139 1604 1438 289 285 134 151
cat_boundaries=0 2 4 6 8 10 12
cat_threshold=3894559746 115717 65536 2560 1114112 2562 1048705 2154 640 10 0 138
is_linear=0
shrinkage=0.05


Tree=147
num_leaves=15
num_cat=1
split_feature=0 4 4 4 5 5 4 4 4 4 5 4 5 3
split_gain=0.400328 1.00283 0.875748 0.323757 1.15099 0.600581 1.03561 0.49381 0.812621 0.73775 1.0626 1.0427 0.641921 0.805954
threshold=0 4.0083333333333337 6.4166666666666679 18.625000000000004 1.5000000000000002 1.0000000180025095e-35 12.641666666666667 17.758333333333336 16.975000000000005 13.375000000000002 5.5000000000000009 15.308333333333335 5.5000000000000009 31.050000000000004
decision_type=9 2 2 2 2 2 2 2 2 2 2 2 2 2
left_child=1 -1 -3 5 -5 6 -4 8 9 12 11 -11 13 -7
right_child=-2 2 3 4 -6 7 -8 -9 -10 10 -12 -13 -14 -15
leaf_value=0.0021942717020369987 -2.6841920711551118e-05 -0.00072346633586762308 0.00074449528298208283 0.0003389750971301231 -0.00046863292869504526 0.00018949977796897666 -0.00088895754488376171 0.00094237847307728504 -0.00047432473823394439 0.00069774649945973937 0.0015007143508296518 -8.7225624157294404e-05 -0.0002813776282298841 -0.0025251358485394726
leaf_weight=73 12229 41 46 78 141 284 101 158 82 121 48 87 63 43
leaf_count=73 12229 41 46 78 141 284 101 158 82 121 48 87 63 43
internal_value=-9.19456e-06 0.000799419 0.000483372 0.00071885 -0.0010274 0.00108906 -0.00187075 0.00158014 0.00103022 0.00162539 0.00371094 0.00216346 0.00025641 0.00114679
internal_weight=13595 1366 1293 1252 219 1033 147 886 728 646 256 208 390 327
internal_count=13595 1366 1293 1252 219 1033 147 886 728 646 256 208 390 327
cat_boundaries=0 2
cat_threshold=1208156313 16384
is_linear=0
shrinkage=0.05


Tree=148
num_leaves=15
num_cat=4
split_feature=0 5 6 0 5 4 4 4 0 4 0 4 4 4
split_gain=0.472158 0.828216 1.10052 0.93724 0.671225 1.23244 1.52239 1.51856 1.23524 1.10238 1.27008 1.34657 1.04104 1.10703
threshold=0 1.5000000000000002 1.6027557735239222 1 5.5000000000000009 11.208333333333334 11.658333333333335 11.891666666666667 2 12.525000000000002 3 14.075000000000001 14.29166666666667 14.775000000000002
decision_type=9 2 2 9 2 2 2 2 9 2 9 2 2 2
left_child=-1 2 3 -2 5 -3 -7 -8 -9 -6 11 -11 -10 -14
right_child=1 4 -4 -5 9 6 7 8 12 10 -12 -13 13 -15
leaf_value=7.9872224525190388e-05 -0.0005088453632791063 -0.0002604955614078697 -0.0076439611752294745 0.00012512105637163263 0.00051299125214320234 0.0040176088578492758 -0.0016885161841503071 0.0001335808771042446 8.512867838649241e-05 -0.0029990835274201102 0.00031814598867535018 -0.00018093088427955097 -0.0010558944152580742 -0.00032734344390031035
leaf_weight=6213 122 1388 45 1930 411 92 48 1565 233 75 318 232 41 938
leaf_count=6213 122 1388 45 1930 411 92 48 1565 233 75 318 232 41 938
internal_value=-6.04351e-05 -0.000328947 0.000512637 0.000682261 -0.000659989 -0.000934959 -0.000351388 -0.000557522 -0.000405113 0.000482625 -0.00084 -0.00307571 -0.00159574 -0.0023238
internal_weight=13651 7438 2097 2052 5341 4305 2917 2825 2777 1036 625 307 1212 979
internal_count=13651 7438 2097 2052 5341 4305 2917 2825 2777 1036 625 307 1212 979
cat_boundaries=0 2 4 6 8
cat_threshold=2282881161 34957 67110400 81920 82432 66146 1073741824 66610
is_linear=0
shrinkage=0.05


Tree=149
num_leaves=15
num_cat=4
split_feature=0 4 4 4 3 0 4 3 5 4 0 5 4 0
split_gain=0.366964 0.529727 0.605669 1.33226 0.840971 0.653836 0.599621 0.753902 0.496188 0.495108 0.917658 1.91058 0.858399 1.4596
threshold=0 1.2750000000000001 3.7750000000000004 4.8750000000000009 7.0000000000000009 1 2.0166666666666671 11.750000000000002 3.5000000000000004 10.875000000000002 2 5.5000000000000009 11.891666666666667 3
decision_type=9 2 2 2 2 9 2 2 2 2 9 2 2 9
left_child=1 -1 5 4 -4 8 -7 -8 -3 10 11 -5 13 -11
right_child=-2 2 3 9 -6 6 7 -9 -10 12 -12 -13 -14 -15
leaf_value=-0.00040262788638527618 -4.6842306033256791e-05 0.0013111778853222345 -0.0017494741777599632 -0.00014596887441735708 -0.0010184887030998181 0.00082091857807499175 -0.0027624482104752104 0.0031515604605498737 0.002615183483317979 3.9473691693525664e-05 0.00061361709056794171 0.0020327707703203693 5.1400588881997394e-05 -0.0010716562966181288
leaf_weight=179 6692 67 52 460 83 41 63 46 50 233 978 61 4424 191
leaf_count=179 6692 67 52 460 83 41 63 46 50 233 978 61 4424 191
internal_value=5.50661e-05 0.000309888 0.000381538 0.000285406 -0.00462963 0.00271536 0.0003125 -0.0016055 0.00531496 0.000389948 0.00118412 -0.000517891 0.000144389 -0.00200472
internal_weight=13620 6928 6749 6482 135 267 150 109 117 6347 1499 521 4848 424
internal_count=13620 6928 6749 6482 135 267 150 109 117 6347 1499 521 4848 424
cat_boundaries=0 2 4 6 8
cat_threshold=672220185 49334 671088656 48 16385 32802 1064960 50
is_linear=0
shrinkage=0.05


Tree=150
num_leaves=15
num_cat=5
split_feature=0 4 4 4 0 4 5 0 4 0 5 0 4 4
split_gain=0.544025 0.513485 0.30844 0.853251 1.02005 0.903455 0.697831 1.03371 0.923995 0.849018 0.634664 0.633433 1.38421 1.0542
threshold=0 23.125000000000004 14.775000000000002 13.075000000000001 1 14.008333333333335 1.5000000000000002 2 22.575000000000003 3 1.5000000000000002 4 11.891666666666667 10.441666666666668
decision_type=9 2 2 2 9 2 2 9 2 9 2 9 2 2
left_child=1 -1 3 10 -5 -6 9 -8 -9 -4 11 -2 13 -13
right_child=2 -3 6 4 5 -7 7 8 -10 -11 -12 12 -14 -15
leaf_value=8.4164744340756162e-05 0.00017901820910275201 -0.00053872633452900498 -0.0020919535475770359 -9.6289655968917476e-05 0.0033102902897873877 -9.0087377401903985e-06 0.00036124910548063216 -0.00040855707920749997 0.0013503093538596135 -0.00013602811051049158 -0.00012531575875127655 -0.00038750501248911441 -0.0046500287819966294 0.0021946842498629937
leaf_weight=6386 410 56 394 323 325 184 1139 1003 57 466 2396 313 81 94
leaf_count=6386 410 56 394 323 325 184 1139 1003 57 466 2396 313 81 94
internal_value=-3.11881e-05 0.000302232 -0.00033009 -4.84731e-05 0.00138221 0.00274566 -0.000711017 -0.000238745 -0.00135514 -0.0019186 -0.000409836 0.000723831 -0.000502008 0.000675676
internal_weight=13627 6442 7185 4126 832 509 3059 2199 1060 860 3294 898 488 407
internal_count=13627 6442 7185 4126 832 509 3059 2199 1060 860 3294 898 488 407
cat_boundaries=0 2 4 6 8 10
cat_threshold=1211237522 17559 536952832 2056 2147549696 98344 66048 66144 536953345 544
is_linear=0
shrinkage=0.05


Tree=151
num_leaves=15
num_cat=2
split_feature=0 4 4 5 3 4 3 6 6 4 0 4 5 5
split_gain=0.75346 0.629589 1.13791 1.32709 0.923785 0.829096 1.08416 0.811198 1.34909 0.768918 0.766462 0.728624 0.67395 0.816429
threshold=0 16.158333333333335 15.441666666666668 5.5000000000000009 7.0000000000000009 14.491666666666669 4.7500000000000009 2.140466066169008 1.6160276926508292 14.775000000000002 1 13.175000000000002 4.5000000000000009 1.0000000180025095e-35
decision_type=9 2 2 2 2 2 2 2 2 2 9 2 2 2
left_child=1 2 3 5 11 7 -7 8 10 -8 -1 -5 13 -4
right_child=-2 -3 12 4 -6 6 9 -9 -10 -11 -12 -13 -14 -15
leaf_value=-0.00017537422603414177 -8.6543852928266943e-05 0.00038166103618727523 0.0010584688983520053 0.00048434231734855728 -0.0016065720985291966 0.0059570201700287042 0.0015080309966630789 0.015234238299342019 -0.0031761229454863485 1.2888251796006057e-05 0.00034328279226363283 -0.00093451641711018172 6.9351268107936684e-05 -0.0020789475992660763
leaf_weight=1554 6269 2701 59 156 494 59 99 42 50 251 1593 40 92 154
leaf_count=1554 6269 2701 59 156 494 59 99 42 50 251 1593 40 92 154
internal_value=-7.16227e-05 0.000271961 -8.07667e-05 0.000126787 -0.00188406 0.000507127 0.00262836 0.000239271 0.000148577 0.00157143 0.000278043 0.00102041 -0.00303279 -0.00457746
internal_weight=13613 7344 4643 4338 690 3648 409 3239 3197 350 3147 196 305 213
internal_count=13613 7344 4643 4338 690 3648 409 3239 3197 350 3147 196 305 213
cat_boundaries=0 2 4
cat_threshold=2819818633 3149 2147483777 69
is_linear=0
shrinkage=0.05


Tree=152
num_leaves=15
num_cat=5
split_feature=0 5 0 0 5 2 5 0 6 6 6 5 0 5
split_gain=0.544458 0.311963 0.830695 0.688597 0.563119 0.427655 0.288629 0.597098 0.40027 0.285947 1.03731 0.280986 0.525337 0.476941
threshold=0 1.5000000000000002 1 2 5.5000000000000009 1189.6500000000003 5.5000000000000009 3 1.8305237646592867 1.7981909629808028 2.2409863868481232 1.5000000000000002 4 4.5000000000000009
decision_type=9 2 9 9 2 2 2 9 2 2 2 2 9 2
left_child=9 2 -2 4 -3 -6 8 -8 -5 11 -11 -1 13 -13
right_child=1 3 -4 6 5 -7 7 -9 -10 10 -12 12 -14 -15
leaf_value=0.00021975694208239139 4.6980042188271567e-05 0.00067754273077681455 -0.00065654812346785949 -9.4082219318913926e-05 -0.00040161953839440992 0.00037588270339393995 0.00089619365667311659 -8.5183933527926972e-05 -0.0019593331395121871 0.0076169308482043566 -0.00069197214654268544 0.0003321998546245708 -5.437008822997136e-05 -7.3208032904759085e-05
leaf_weight=1458 926 2549 1412 2247 549 72 294 284 46 48 46 655 2517 451
leaf_count=1458 926 2549 1412 2247 549 72 294 284 46 48 46 655 2517 451
internal_value=5.53342e-05 -0.000193706 -0.000684346 -4.13839e-06 0.000503145 -0.000845411 -0.00056404 0.000432526 -0.000817706 0.000458052 0.00319149 0.000408384 0.000172509 0.00107527
internal_weight=13554 8379 2338 6041 3170 621 2871 578 2293 5175 94 5081 3623 1106
internal_count=13554 8379 2338 6041 3170 621 2871 578 2293 5175 94 5081 3623 1106
cat_boundaries=0 2 4 6 8 10
cat_threshold=201344155 18485 1610678272 1090 2148663296 98952 538968064 2 201326729 18432
is_linear=0
shrinkage=0.05


Tree=153
num_leaves=15
num_cat=2
split_feature=0 6 6 4 4 4 3 4 4 4 4 0 4 4
split_gain=0.519362 0.564667 1.22429 0.537535 0.433848 0.330165 0.793664 0.75789 0.334805 0.334447 0.525083 0.797348 0.398154 0.346154
threshold=0 1.7215724797947727 2.6428606030466071 22.166666666666668 23.125000000000004 2.6583333333333337 7.0000000000000009 8.908333333333335 9.0083333333333346 8.1916666666666682 4.8750000000000009 1 3.5666666666666669 3.7750000000000004
decision_type=9 2 2 2 2 2 2 2 2 2 2 9 2 2
left_child=1 4 -3 5 -1 6 -2 9 -9 10 11 13 -13 -7
right_child=3 2 -4 -5 -6 7 -8 8 -10 -11 -12 12 -14 -15
leaf_value=8.1138008666115102e-05 0.00018525653150933686 -0.0025333417343130662 0.0050144107229643797 0.0010028792411196309 -0.0005776198923373888 0.00072092635312036031 -0.0025873081109053565 -0.0024653668738395087 -7.8786352235421522e-05 0.00061104453224458677 -0.00026541620398988773 0.00055801601479059111 0.0032242032842685789 -0.0028253725466309085
leaf_weight=7131 125 88 45 161 76 52 155 40 4914 281 360 43 70 52
leaf_count=7131 125 88 45 161 76 52 155 40 4914 281 360 43 70 52
internal_value=0.000123225 0.000408163 -0.00281955 -0.00021156 0.000468295 -0.000287262 -0.00196429 -0.000206469 -0.000444086 0.0011655 0.000476603 0.00241935 0.0050813 -0.000877193
internal_weight=13593 7340 133 6253 7207 6092 280 5812 4954 858 577 217 113 104
internal_count=13593 7340 133 6253 7207 6092 280 5812 4954 858 577 217 113 104
cat_boundaries=0 2 4
cat_threshold=540229778 51366 0 81
is_linear=0
shrinkage=0.05


Tree=154
num_leaves=15
num_cat=7
split_feature=0 6 5 0 5 0 5 0 0 0 3 0 5 6
split_gain=0.975863 0.427168 0.358097 0.774769 0.749177 0.872112 0.574449 0.484051 0.460769 0.456076 0.50406 0.437644 1.53636 0.322125
threshold=0 1.8305237646592867 3.5000000000000004 1 1.5000000000000002 2 1.5000000000000002 3 4 5 7.0000000000000009 6 2.5000000000000004 2.5421628270873113
decision_type=9 2 2 9 2 9 2 9 9 9 2 9 2 2
left_child=-1 2 3 6 8 -6 7 -2 -5 -4 -11 -8 -13 -3
right_child=1 13 9 4 5 -7 11 -9 -10 10 -12 12 -14 -15
leaf_value=5.7030182617590078e-05 0.00038428123572416544 -0.0017388623716354302 -0.00010192035111040721 0.00016297116895649943 -0.00012605065850491705 0.00084931107566139647 -0.00064024277617409371 -0.00079772941522378022 -0.00034398825279352563 -0.00018071309136878934 -0.00058279207547210497 1.9087273667200979e-06 -0.0037641744962036931 -0.00056571213979590977
leaf_weight=7147 392 63 1813 298 319 777 589 309 741 54 926 72 60 60
leaf_count=7147 392 63 1813 298 319 777 589 309 741 54 926 72 60 60
internal_value=-9.17768e-05 -0.000536017 -0.000480315 -0.000147596 0.000454545 0.00136861 -0.00104749 -3.56633e-05 -0.000505294 -0.000904046 -0.00176768 -0.00204577 -0.00457746 -0.00345528
internal_weight=13620 6473 6350 3557 2135 1096 1422 701 1039 2793 980 721 132 123
internal_count=13620 6473 6350 3557 2135 1096 1422 701 1039 2793 980 721 132 123
cat_boundaries=0 2 4 5 7 8 10 12
cat_threshold=1209221272 67639 2214592514 33856 538968064 2 1088 538968064 2753560576 32960 2147483648 32832
is_linear=0
shrinkage=0.05


Tree=155
num_leaves=15
num_cat=7
split_feature=0 5 6 0 0 5 0 5 0 2 2 0 5 0
split_gain=0.448654 0.508485 0.810106 0.752391 0.632935 0.607405 0.785996 0.463332 0.751138 0.420421 0.384973 0.380509 0.54689 0.377738
threshold=0 3.5000000000000004 1.6027557735239222 1 2 2.5000000000000004 3 3.5000000000000004 4 560.05000000000007 578.90000000000009 5 5.5000000000000009 6
decision_type=9 2 2 9 9 2 9 2 9 2 2 9 2 9
left_child=7 2 4 -3 5 10 9 13 -9 -7 -2 -5 -13 -1
right_child=1 3 -4 11 -6 6 -8 8 -10 -11 -12 12 -14 -15
leaf_value=-0.00056389489728774498 9.3611382109837216e-06 4.7971182668027358e-06 -0.0017977187587076228 -0.00069313100388840873 0.00017065085974493632 -8.407098869541719e-05 -0.00066764569006234897 -7.5743663599697758e-05 0.00056146026381987963 -0.0064486283712565763 -0.0015660870925034986 -0.00017184388884108892 -2.5157583552967711e-05 -3.205261229105583e-06
leaf_weight=980 791 806 44 1053 1636 74 212 1744 1989 41 172 191 98 3768
leaf_count=980 791 806 44 1053 1636 74 212 1744 1989 41 172 191 98 3768
internal_value=-0.000137878 -0.00050702 -8.41751e-05 -0.00109404 1.70882e-05 -0.000807692 -0.00267584 8.53845e-05 0.000502277 -0.0058 -0.000181724 -0.00181213 -0.00342809 -0.000242207
internal_weight=13599 5118 2970 2148 2926 1290 327 8481 3733 115 963 1342 289 4748
internal_count=13599 5118 2970 2148 2926 1290 327 8481 3733 115 963 1342 289 4748
cat_boundaries=0 2 4 6 8 10 12 14
cat_threshold=2821850112 100551 1140916352 1056 1140932737 1056 1073758208 1024 134218752 2242 512 536 1179648 98305
is_linear=0
shrinkage=0.05


Tree=156
num_leaves=15
num_cat=2
split_feature=0 6 4 4 4 4 0 4 4 4 4 2 4 4
split_gain=0.677819 0.415961 0.47233 1.32101 0.67964 0.596595 0.507068 0.734965 0.45849 0.429192 0.353692 0.549919 0.26447 0.302036
threshold=0 1.5140896295432389 11.341666666666669 11.658333333333335 11.008333333333335 10.958333333333334 1 2.6583333333333337 9.8416666666666686 9.5083333333333346 10.441666666666668 41.350000000000009 1.5083333333333335 3.058333333333334
decision_type=9 2 2 2 2 2 9 2 2 2 2 2 2 2
left_child=1 2 4 -4 5 6 7 -1 9 12 11 -10 -8 -14
right_child=-2 -3 3 -5 -6 -7 8 -9 10 -11 -12 -13 13 -15
leaf_value=-0.006037538473591353 -9.8716057016406958e-05 0.0080790443134286082 0.0038198741600297295 5.0361442869251154e-05 -0.0011764577320260705 5.9207978639541642e-05 0.00024094733855203334 0.0022115027227977758 -0.00058722491080588917 0.00020309096500454316 -3.3880293661958663e-05 -3.6196282595454819e-05 -0.0014316393917059912 -7.8475919293705121e-05
leaf_weight=41 11115 77 40 1429 41 57 55 163 50 50 61 56 41 280
leaf_count=41 11115 77 40 1429 41 57 55 163 50 50 61 56 41 280
internal_value=-0.000151225 0.000601795 0.000486464 0.00103812 -0.000418994 -0.000117096 -0.000470514 0.00163551 -0.00120232 -0.000352113 -0.00344311 -0.00518868 -0.000930851 -0.00147975
internal_weight=13556 2441 2364 1469 895 854 797 204 593 426 167 106 376 321
internal_count=13556 2441 2364 1469 895 854 797 204 593 426 167 106 376 321
cat_boundaries=0 2 3
cat_threshold=1275085328 17472 201327120
is_linear=0
shrinkage=0.05


Tree=157
num_leaves=15
num_cat=3
split_feature=0 4 4 5 3 0 0 4 4 5 4 4 5 4
split_gain=0.579369 0.560567 0.578061 0.639861 0.85025 0.686308 0.613881 0.80473 0.644667 1.50623 0.967291 0.998183 0.865314 0.594141
threshold=0 0.82500000000000007 1.2750000000000001 1.0000000180025095e-35 44.050000000000004 1 2 18.625000000000004 12.991666666666669 5.5000000000000009 15.375000000000002 17.175000000000004 4.5000000000000009 20.008333333333336
decision_type=9 2 2 2 2 9 9 2 2 2 2 2 2 2
left_child=1 -1 -3 4 5 -4 7 8 12 10 -10 -12 -5 -7
right_child=-2 2 3 6 -6 13 -8 -9 9 -11 11 -13 -14 -15
leaf_value=0.0012529863435349093 -5.7652554039233643e-05 -0.00064731658965186401 -0.00038801788097472258 0.0014113407866575113 0.0056771527157664266 0.0007213771003968584 -1.8656234773262171e-06 -0.0011749338370300429 0.0032302890881130255 0.0041688473471518826 -0.0011484869297165247 0.0015221664919283951 -0.002034330134683088 -0.0011726932149429771
leaf_weight=118 6969 61 115 168 40 674 4926 116 85 47 66 93 86 63
leaf_count=118 6969 61 115 168 40 674 4926 116 85 47 66 93 86 63
internal_value=6.42108e-05 0.000397421 0.000336391 0.000382003 0.00162556 0.00129108 0.000183462 0.00160209 0.00243119 0.0040378 0.00245902 0.000157233 0.000590551 0.0018407
internal_weight=13627 6658 6540 6479 892 852 5587 661 545 291 244 159 254 737
internal_count=13627 6658 6540 6479 892 852 5587 661 545 291 244 159 254 737
cat_boundaries=0 2 4 5
cat_threshold=1746076307 1252 196624 1024 134414480
is_linear=0
shrinkage=0.05


Tree=158
num_leaves=15
num_cat=5
split_feature=0 5 6 6 0 0 0 5 6 6 6 2 5 0
split_gain=0.483397 0.425655 1.06381 0.95481 0.683608 0.4349 0.351661 0.483319 0.259326 0.402323 0.200434 0.152521 0.102644 0.714466
threshold=0 3.5000000000000004 1.7755748620751304 1.7755748620751304 1 2 3 5.5000000000000009 2.3151687044779554 2.0643809316102675 1.3560995056197489 295.25000000000006 5.5000000000000009 4
decision_type=9 2 2 2 9 9 9 2 2 2 2 2 2 9
left_child=8 3 4 5 -3 -2 -6 -8 9 10 12 -12 -1 -14
right_child=1 2 -4 -5 6 -7 7 -9 -10 -11 11 -13 13 -15
leaf_value=3.966268321086153e-05 -9.222428790589543e-05 -2.6936208550565334e-05 0.0042885562556441827 -0.0011881527126071712 -0.0006723210653484025 0.00029510664897789698 -0.0006349812150903217 -1.8004033612650795e-05 0.0086433850675047726 -0.0010468435737418069 0.00093914110496711172 0.00012438927279699309 0.0015190311790401147 -0.00023002850101582484
leaf_weight=6244 1831 1305 62 45 1105 1640 104 55 82 44 42 60 144 914
leaf_count=6244 1831 1305 62 45 1105 1640 104 55 82 44 42 60 144 914
internal_value=-1.6451e-05 -0.000345136 -0.000826682 1.42207e-05 -0.000982873 0.000108038 -0.00180534 -0.00399408 0.000251989 0.000221536 0.000249865 0.00245098 0.000219118 -0.000236295
internal_weight=13677 6147 2631 3516 2569 3471 1264 159 7530 7448 7404 102 7302 1058
internal_count=13677 6147 2631 3516 2569 3471 1264 159 7530 7448 7404 102 7302 1058
cat_boundaries=0 2 4 6 8 10
cat_threshold=739460098 3781 3223323136 32800 3223323136 114720 128 65562 67239936 4
is_linear=0
shrinkage=0.05


Tree=159
num_leaves=15
num_cat=0
split_feature=4 4 2 4 5 3 3 4 2 4 5 4 2 2
split_gain=0.203951 0.585456 1.20787 0.355022 0.406909 0.682361 0.728903 0.591995 0.530355 0.324821 0.794218 0.898117 0.862091 0.978923
threshold=14.191666666666668 14.375000000000002 189.85000000000002 13.808333333333335 1.5000000000000002 44.050000000000004 18.750000000000004 13.991666666666669 189.85000000000002 17.958333333333336 2.5000000000000004 14.841666666666669 27.700000000000003 29.450000000000003
decision_type=2 2 2 2 2 2 2 2 2 2 2 2 2 2
left_child=3 2 -2 -1 -5 6 7 -6 -9 10 11 -3 -13 -14
right_child=1 9 -4 4 5 -7 -8 8 -10 -11 -12 12 13 -15
leaf_value=-9.2305767485090229e-06 0.00011645141946865501 0.0019928605293488776 -0.0041839885416932125 -0.00013267148051170354 -0.0002579716300241397 0.0024672169144464521 -0.0012699355968273541 0.00018062487372767501 0.0046712388210743087 3.3105380475517699e-06 -0.00036393388155304686 0.00034420362729543078 -0.0022178039606235325 -0.00013192612200875755
leaf_weight=6340 51 147 54 107 76 42 54 62 65 3732 1649 252 89 882
leaf_count=6340 51 147 54 107 76 42 54 62 65 3732 1649 252 89 882
internal_value=-0.000150713 -0.000342765 -0.00404762 4.44708e-05 0.00147783 0.00242475 0.00145914 0.00283251 0.00492126 -0.000285143 -0.000670752 0.000218978 -0.000224857 -0.000901133
internal_weight=13602 6856 105 6746 406 299 257 203 127 6751 3019 1370 1223 971
internal_count=13602 6856 105 6746 406 299 257 203 127 6751 3019 1370 1223 971
is_linear=0
shrinkage=0.05


Tree=160
num_leaves=15
num_cat=2
split_feature=0 6 6 6 4 4 4 3 4 4 0 5 4 4
split_gain=0.663402 0.395714 0.414929 0.482586 0.356755 1.62084 1.12035 0.846895 0.835333 0.674233 0.79565 0.475906 0.656841 0.43466
threshold=0 2.2987267968673764 1.7981909629808028 1.5140896295432389 19.708333333333336 19.591666666666672 20.141666666666669 18.750000000000004 19.241666666666671 18.758333333333336 1 1.0000000180025095e-35 22.575000000000003 19.425000000000004
decision_type=9 2 2 2 2 2 2 2 2 2 9 2 2 2
left_child=-1 2 3 4 5 8 -6 11 9 -2 -11 -8 -13 -10
right_child=1 -3 -4 -5 6 -7 7 -9 13 10 -12 12 -14 -15
leaf_value=4.43274685748063e-05 -8.8217584904748414e-05 -0.0021151304078289579 0.0022929816683498918 -0.0017845811411803193 -0.0011528179052824662 0.0028678566417019605 0.001901048204994249 -0.0017483510928173462 -0.0022092051351129019 0.0011951649058796312 -0.00024382886826271877 0.00035099973329615899 -0.00054397269980011325 -0.00025706446587696053
leaf_weight=6595 5984 43 78 44 159 61 47 107 55 102 115 169 60 78
leaf_count=6595 5984 43 78 44 159 61 47 107 55 102 115 169 60 78
internal_value=-0.000114989 -0.000449944 -0.000421448 -0.000461968 -0.00042886 -0.000324472 -0.00166052 -0.000195822 -0.000402589 -0.000318497 0.00241935 0.00126812 0.000327511 -0.00432331
internal_weight=13697 7102 7059 6981 6937 6395 542 383 6334 6201 217 276 229 133
internal_count=13697 7102 7059 6981 6937 6395 542 383 6334 6201 217 276 229 133
cat_boundaries=0 2 4
cat_threshold=2350072345 67808 1610612736 1033
is_linear=0
shrinkage=0.05


Tree=161
num_leaves=15
num_cat=2
split_feature=0 4 4 4 4 0 5 5 6 4 4 2 4 4
split_gain=0.501562 0.567074 1.21329 0.633195 0.514391 0.474094 0.728214 0.46024 0.37222 0.371614 0.371102 0.36225 0.6905 0.320035
threshold=0 18.625000000000004 18.391666666666669 19.625000000000004 18.225000000000005 1 2.5000000000000004 5.5000000000000009 2.5784757249888215 0.67500000000000016 18.508333333333336 304.90000000000003 19.19166666666667 17.991666666666671
decision_type=9 2 2 2 2 9 2 2 2 2 2 2 2 2
left_child=9 2 4 5 8 6 -3 -5 13 -1 -4 12 -7 -2
right_child=1 3 10 7 -6 11 -8 -9 -10 -11 -12 -13 -14 -15
leaf_value=0.0026682135015115072 -7.0470522102533686e-05 0.00037595857417077605 0.0022557184626988192 -0.00014399966929652398 -0.00052634925986520538 -5.0020324196858872e-05 -0.00058491842891168213 0.00017276414799999307 -0.010514732364379498 4.6264455299305232e-05 0.00079761414576065006 -0.0038046981505531876 -0.0017568570391081396 0.00031023592212925388
leaf_weight=73 4517 62 46 497 44 87 72 67 49 7035 44 41 74 853
leaf_count=73 4517 62 46 497 44 87 72 67 49 7035 44 41 74 853
internal_value=-7.18974e-05 -0.000390685 -0.000202593 -0.00155556 -0.000297456 -0.00327381 -0.000694444 -0.000531915 -0.000253737 0.000217758 0.00555556 -0.00471698 -0.00388199 -0.000214153
internal_weight=13561 6453 5553 900 5463 336 134 564 5419 7108 90 202 161 5370
internal_count=13561 6453 5553 900 5463 336 134 564 5419 7108 90 202 161 5370
cat_boundaries=0 2 4
cat_threshold=2349875850 1679 1073741824 2112
is_linear=0
shrinkage=0.05


Tree=162
num_leaves=15
num_cat=5
split_feature=0 4 4 4 0 4 0 4 7 0 0 4 4 4
split_gain=0.402059 0.547669 0.412448 1.01012 1.57704 0.983523 0.954148 0.749339 1.44653 0.679744 0.647563 0.619934 0.60354 0.58895
threshold=0 22.908333333333335 14.775000000000002 17.175000000000004 1 17.241666666666671 2 20.141666666666669 1.0000000180025095e-35 3 4 2.1583333333333337 8.2583333333333346 13.891666666666667
decision_type=9 2 2 2 9 2 9 2 2 9 9 2 2 2
left_child=-1 2 9 4 -4 -5 7 -7 -9 11 -6 -2 -13 -11
right_child=1 -3 3 5 10 6 -8 8 -10 13 -12 12 -14 -15
leaf_value=7.1349779932722298e-05 0.0013817925222234769 0.00088123297636166504 0.0001669733234772708 0.000832783584850938 -0.00057292090156046136 -0.00042161434208487503 0.00016412594059999065 0.0019628657487411995 -0.00011796864003463803 3.743488694523678e-05 -0.00089840860362703232 -0.00033256444784434129 -8.5581713395205261e-05 0.00077435669371440647
leaf_weight=4502 44 132 305 59 102 627 2085 104 49 3429 1007 137 616 437
leaf_count=4502 44 132 305 59 102 627 2085 104 49 3429 1007 137 616 437
internal_value=2.38357e-05 -0.000166794 -0.000213865 -0.000564776 -0.00166195 -3.41997e-05 -0.000165794 -0.00164557 0.00147059 0.000112588 -0.00252458 -0.00120818 -0.00156042 0.000386997
internal_weight=13635 9133 9001 4338 1414 2924 2865 780 153 4663 1109 797 753 3866
internal_count=13635 9133 9001 4338 1414 2924 2865 780 153 4663 1109 797 753 3866
cat_boundaries=0 2 4 6 8 10
cat_threshold=2348827153 34337 1610612736 2 1610613762 65556 1073741954 16386 1179656 16384
is_linear=0
shrinkage=0.05


Tree=163
num_leaves=15
num_cat=3
split_feature=4 0 4 4 4 0 5 4 4 4 2 4 0 4
split_gain=0.689928 0.948782 1.01386 0.589171 0.656337 0.478075 0.95368 1.59452 0.831768 1.55117 1.35231 1.02152 0.735952 0.83795
threshold=8.8416666666666686 0 1.0000000180025095e-35 8.4916666666666689 0.67500000000000016 1 3.5000000000000004 22.450000000000003 9.5083333333333346 11.008333333333335 867.75000000000011 11.441666666666668 2 19.908333333333335
decision_type=2 9 2 2 2 9 2 2 2 2 2 2 9 2
left_child=1 -1 -3 4 -4 -2 -7 8 -8 10 -10 -11 -13 -14
right_child=5 2 3 -5 -6 6 7 -9 9 11 -12 12 13 -15
leaf_value=-0.00015558452029662274 1.2029356540504966e-05 -0.0025405612924458035 0.0019421407518529195 0.0013305412067393775 0.00037845128104008478 -8.0814053115940705e-06 -0.001887644131511801 0.0018850847124030402 0.0005253689999647871 -0.002743440182268245 -0.0049512429835326249 -0.00011207020803290502 -0.00094696610016650198 -0.0029170837916512649
leaf_weight=874 4528 62 64 159 1146 3843 139 49 316 84 54 1117 1029 82
leaf_count=874 4528 62 64 159 1146 3843 139 49 316 84 54 1117 1029 82
internal_value=-0.000169792 0.000618221 0.00140527 0.00169832 0.00132231 -0.000331376 -0.000598691 -0.0012892 -0.00144452 -0.00124907 0.00175676 -0.0017301 -0.00152603 -0.00243087
internal_weight=13546 2305 1431 1369 1210 11241 6713 2870 2821 2682 370 2312 2228 1111
internal_count=13546 2305 1431 1369 1210 11241 6713 2870 2821 2682 370 2312 2228 1111
cat_boundaries=0 2 4 6
cat_threshold=2887778434 50183 3222470802 52227 603996672 588
is_linear=0
shrinkage=0.05


Tree=164
num_leaves=15
num_cat=3
split_feature=0 5 0 4 4 4 3 4 4 3 5 4 4 0
split_gain=0.552218 0.616514 0.675152 1.11005 1.17924 1.00326 0.873951 0.852405 0.666667 0.473176 0.45272 0.911176 1.44137 0.774787
threshold=0 5.5000000000000009 1 6.4166666666666679 12.008333333333335 15.091666666666669 5.1000000000000005 16.475000000000005 17.591666666666672 4.7500000000000009 5.5000000000000009 1.0083333333333335 3.058333333333334 2
decision_type=9 2 9 2 2 2 2 2 2 2 2 2 2 9
left_child=10 -2 -3 -4 6 9 -5 -7 -9 -6 11 -1 -13 -12
right_child=1 2 3 4 5 7 -8 8 -10 -11 13 12 -14 -15
leaf_value=0.0027255628114799483 -7.990286784444745e-05 0.0021193435031754693 -0.0012014668012869712 0.0012250140873104722 -0.00091463234114095302 0.0010298789865035407 7.0215630923625713e-05 -0.0011395700513065765 0.00011243227772930187 -3.3946971169485085e-05 -0.0013674883427814866 -0.0011591519176933408 0.00020028847901553128 0.00028762960673905382
leaf_weight=156 4818 135 59 113 67 57 91 42 147 85 549 246 6475 556
leaf_count=156 4818 135 59 113 67 57 91 42 147 85 549 246 6475 556
internal_value=-2.94204e-05 -0.000408962 0.000879397 0.000186289 0.000830565 -0.000753769 0.00392157 0.00121951 -0.000396825 -0.00394737 0.000237738 0.000388978 0.000301294 -0.000701357
internal_weight=13596 5614 796 661 602 398 204 246 189 152 7982 6877 6721 1105
internal_count=13596 5614 796 661 602 398 204 246 189 152 7982 6877 6721 1105
cat_boundaries=0 2 4 6
cat_threshold=2282816009 68844 69206032 32768 2147483648 67656
is_linear=0
shrinkage=0.05


Tree=165
num_leaves=15
num_cat=3
split_feature=0 4 4 4 4 4 4 4 4 4 2 0 0 4
split_gain=0.444955 0.545371 0.686833 0.50384 1.05638 0.656143 0.906627 0.723976 0.848688 1.01849 0.991726 0.602289 0.595024 0.542479
threshold=0 23.208333333333336 22.741666666666671 13.991666666666669 12.925000000000002 18.325000000000003 17.208333333333336 20.225000000000005 19.425000000000004 19.008333333333336 576.55000000000007 1 2 15.375000000000002
decision_type=9 2 2 2 2 2 2 2 2 2 2 9 9 2
left_child=-1 2 3 4 -2 6 13 8 9 -7 -11 -10 -9 -5
right_child=1 -3 -4 5 -6 7 -8 12 11 10 -12 -13 -14 -15
leaf_value=7.5776577891376043e-05 -1.5594071403679522e-05 -0.0026789787434797654 0.0010082969541708121 -0.00030360449838935378 0.00067298399659586068 0.00053562666713409264 -0.0012964872272883234 -0.00041198556342475772 0.00013608250328490669 -0.003229535887672619 0.00079425936933000545 0.0031475906117347328 0.00026746003663934425 0.00012500939921299969
leaf_weight=7334 2791 71 47 657 490 241 495 122 121 88 50 144 184 740
leaf_count=7334 2791 71 47 657 490 241 495 122 121 88 50 144 184 740
internal_value=9.02394e-05 -0.000219965 -0.000170178 -0.000216397 0.00020573 -0.00070373 -0.00124207 0.000368421 0.00131988 -0.000197889 -0.00362319 0.00349057 -0.00163399 -0.000590551
internal_weight=13575 6241 6170 6123 3281 2842 1892 950 644 379 138 265 306 1397
internal_count=13575 6241 6170 6123 3281 2842 1892 950 644 379 138 265 306 1397
cat_boundaries=0 2 4 5
cat_threshold=1077020161 50383 536870912 2064 2818572288
is_linear=0
shrinkage=0.05


Tree=166
num_leaves=15
num_cat=7
split_feature=0 6 5 6 0 5 0 0 5 0 5 0 0 5
split_gain=0.727137 0.276767 1.25549 1.067 0.334348 0.21364 1.42429 0.473991 0.57429 0.582483 0.39983 0.611599 0.555137 0.226815
threshold=0 2.0154586348681138 4.5000000000000009 1.6524077332299629 1 1.5000000000000002 2 3 2.5000000000000004 4 4.5000000000000009 5 6 1.0000000180025095e-35
decision_type=9 2 2 2 9 2 9 9 2 9 2 9 9 2
left_child=-1 3 -3 4 -2 6 13 8 9 -7 11 -10 -12 -6
right_child=1 2 -4 -5 5 7 -8 -9 10 -11 12 -13 -14 -15
leaf_value=7.6330169159161135e-05 -6.8713942528453306e-05 -0.0052792255617038382 0.0037639488295688975 0.003916073303952561 0.00034642616547279627 0.00034985029406959525 -0.00018623714586906706 -0.00012988719848250341 -2.699538041359695e-05 -0.0014562562395298963 0.00092047978046805312 0.0011807064339526441 -0.00028641650505157327 0.00080707620961814055
leaf_weight=5484 626 79 53 59 266 300 1536 2317 596 294 407 567 769 275
leaf_count=5484 626 79 53 59 266 300 1536 2317 596 294 407 567 769 275
internal_value=-8.07162e-05 -0.000380182 -0.00265152 -0.000343235 -0.000392933 -0.000296443 0.000132403 -0.000466667 -4.24737e-05 -0.00143098 0.000309962 0.000967326 -0.000340136 0.00231397
internal_weight=13628 8144 132 8012 7953 7327 2077 5250 2933 594 2339 1163 1176 541
internal_count=13628 8144 132 8012 7953 7327 2077 5250 2933 594 2339 1163 1176 541
cat_boundaries=0 2 4 6 8 10 12 14
cat_threshold=202442248 17121 16384 98304 536870930 1040 2149712001 2060 2149580800 8 2149580800 4 2228224 4
is_linear=0
shrinkage=0.05


Tree=167
num_leaves=15
num_cat=4
split_feature=0 4 4 4 0 4 5 4 0 4 4 4 0 5
split_gain=0.512883 0.531074 0.429552 0.375659 1.42726 1.4434 0.980236 0.837166 0.686531 0.674497 0.563108 0.970733 0.718191 0.650756
threshold=0 1.0000000180025095e-35 0.67500000000000016 11.075000000000001 1 10.508333333333335 5.5000000000000009 11.275000000000002 2 11.591666666666669 20.141666666666669 19.808333333333337 3 3.5000000000000004
decision_type=9 2 2 2 9 2 2 2 9 2 2 2 9 2
left_child=2 -2 -1 4 -3 6 -6 -5 9 -9 11 -10 -12 -14
right_child=1 3 -4 7 5 -7 -8 8 10 -11 12 -13 13 -15
leaf_value=0.00017946044119076244 -0.0031254614713222412 -0.00028470252109999986 -9.5809225908283227e-05 -0.0024230143418485731 0.00032468267426447598 0.00046834127970052375 -0.0013262473799774245 0.0034249990450379688 -0.00013792401322542115 0.00014226036249428419 0.0020294872429634128 -0.0023852221947642861 0.00068281534806527162 -0.0016806913052241192
leaf_weight=50 48 1415 4665 92 1017 224 159 71 2683 2809 105 66 100 70
leaf_count=50 48 1415 4665 92 1017 224 159 71 2683 2809 105 66 100 70
internal_value=-0.000187859 3.66445e-05 -0.000608466 6.52593e-05 0.000541741 0.00166667 0.000977891 -0.000158439 -8.46883e-05 0.000467128 -0.000609756 -0.000827574 0.00154545 -0.000555556
internal_weight=13574 8859 4715 8811 2815 1400 1176 5996 5904 2880 3024 2749 275 170
internal_count=13574 8859 4715 8811 2815 1400 1176 5996 5904 2880 3024 2749 275 170
cat_boundaries=0 2 4 6 8
cat_threshold=3760324738 51712 1114129 1123 66057 66659 0 20
is_linear=0
shrinkage=0.05


Tree=168
num_leaves=15
num_cat=3
split_feature=0 4 4 0 4 4 4 2 4 5 4 4 4 0
split_gain=0.377299 0.408758 0.404377 0.744089 0.424345 0.385361 0.533246 0.576524 0.365704 0.504356 0.359891 0.309657 1.28483 1.09267
threshold=0 23.608333333333338 20.775000000000002 1 21.341666666666672 1.0000000180025095e-35 1.0083333333333335 304.90000000000003 21.491666666666671 4.5000000000000009 1.5083333333333335 19.708333333333336 19.675000000000004 2
decision_type=9 2 2 9 2 2 2 2 2 2 2 2 2 9
left_child=-1 2 5 4 -4 -2 7 -7 -5 -10 -8 12 -12 -13
right_child=1 -3 3 8 -6 6 10 -9 9 -11 11 13 -14 -15
leaf_value=0.00021965967052621773 -0.0024188989189757402 -0.00059112415691803255 0.0021592006773480943 -0.00064421447824279947 0.001080811544276572 0.0012272039163878645 -0.0019461631894267251 -0.00038153127855806437 -9.4354802923499184e-05 0.0016125617921620929 -3.6781333316959766e-05 -0.0024952879697196562 0.0031256210733822567 -8.1543090717811638e-06
leaf_weight=1371 58 56 71 87 141 128 73 56 196 48 10875 102 40 304
leaf_count=1371 58 56 71 87 141 128 73 56 196 48 10875 102 40 304
internal_value=-0.00011392 -0.000202123 -0.000182692 0.00115101 0.00337838 -0.00024493 -0.000224564 0.00244565 -0.000366569 0.000614754 -0.000267685 -0.00024512 -0.000194686 -0.00160099
internal_weight=13606 12235 12179 543 212 11636 11578 184 331 244 11394 11321 10915 406
internal_count=13606 12235 12179 543 212 11636 11578 184 331 244 11394 11321 10915 406
cat_boundaries=0 2 4 6
cat_threshold=67305600 2048 1048578 566 0 7
is_linear=0
shrinkage=0.05


Tree=169
num_leaves=15
num_cat=4
split_feature=0 4 4 5 4 4 2 0 5 4 0 4 0 4
split_gain=0.525334 0.423523 1.44384 1.52419 0.970688 1.57625 0.877668 0.587319 0.478554 0.415885 1.05867 1.3547 0.964579 2.36271
threshold=0 10.808333333333335 11.975000000000001 4.5000000000000009 5.6750000000000016 4.0083333333333337 304.90000000000003 1 1.5000000000000002 14.191666666666668 2 14.375000000000002 3 13.29166666666667
decision_type=9 2 2 2 2 2 2 9 2 2 9 2 9 2
left_child=1 4 3 8 5 6 -1 -6 -3 12 11 -11 -2 -14
right_child=9 2 -4 -5 7 -7 -8 -9 -10 10 -12 -13 13 -15
leaf_value=-0.0010019389699513325 -0.00014261742317134285 -0.00015961240700982927 4.9001480313981555e-05 6.7310436408413168e-05 -2.5600494724953294e-05 -0.00095578671278417904 0.0016225648763622481 0.0017473717201648697 -0.00044558087340853538 -0.0031882776061416874 -0.00059263694599650531 5.2524148603932952e-05 2.7149351310878924e-05 0.0022968018078114993
leaf_weight=71 2764 42 867 44 101 40 40 285 62 55 2626 3630 2659 392
leaf_count=71 2764 42 867 44 101 40 40 285 62 55 2626 3630 2659 392
internal_value=-9.50431e-05 0.000768246 0.000172414 -0.00439189 0.00190875 -0.00149007 0.00157658 0.00323834 -0.00769231 -0.000205999 -0.000487244 6.08931e-05 9.88822e-05 0.000710552
internal_weight=13678 1552 1015 148 537 151 111 386 104 12126 6311 3685 5815 3051
internal_count=13678 1552 1015 148 537 151 111 386 104 12126 6311 3685 5815 3051
cat_boundaries=0 2 3 5 7
cat_threshold=82577 16512 16385 3893362688 35855 3425697792 35851
is_linear=0
shrinkage=0.05


Tree=170
num_leaves=15
num_cat=4
split_feature=4 0 4 0 4 0 5 6 4 5 4 4 0 4
split_gain=0.646441 0.910561 0.770548 0.67606 0.582456 0.908683 1.25407 0.641369 0.52936 0.65329 0.494666 0.473425 2.44818 0.429849
threshold=17.958333333333336 0 18.225000000000005 1 15.858333333333336 2 1.5000000000000002 2.0976724615461966 17.008333333333336 3.5000000000000004 18.625000000000004 17.541666666666671 3 18.975000000000005
decision_type=2 9 2 9 2 9 2 2 2 2 2 2 9 2
left_child=3 2 -2 4 7 8 -7 -1 9 -6 -4 -5 -13 -12
right_child=1 -3 10 11 5 6 -8 -9 -10 -11 13 12 -14 -15
leaf_value=-6.5011318987584507e-05 -0.0026773497960031478 0.00027581127728679714 0.0017568347603564183 -3.8082477003875684e-06 0.00021893166843181268 -0.0042031422354844921 -0.0015902988940912329 0.0097064224529002322 -0.00037706201806590457 -0.00013142857215754368 -0.0014267343784087228 0.00083969361864549841 -0.0015956471506552662 -0.00026936593785548135
leaf_weight=1988 79 3157 71 7193 70 56 156 41 96 53 47 115 127 359
leaf_count=1988 79 3157 71 7193 70 56 156 41 96 53 47 115 127 359
internal_value=-0.000124927 0.000437651 -0.00141343 -0.000336028 -0.00105263 -0.00272622 -0.00495495 -0.000702316 -0.000327511 0.00182927 -0.000681342 -9.73808e-05 -0.00227273 -0.00135468
internal_weight=13608 3713 556 9895 2460 431 212 2029 219 123 477 7435 242 406
internal_count=13608 3713 556 9895 2460 431 212 2029 219 123 477 7435 242 406
cat_boundaries=0 2 4 6 8
cat_threshold=201327618 16418 1077035664 34880 1073741824 2048 2147483648 523
is_linear=0
shrinkage=0.05


Tree=171
num_leaves=15
num_cat=3
split_feature=0 6 6 6 4 4 4 4 0 0 5 5 4 2
split_gain=0.659517 0.929271 0.77014 0.614313 0.777691 0.80885 0.567553 0.550659 0.802567 0.544998 0.858215 0.716806 0.582046 0.460656
threshold=0 2.5784757249888215 2.5421628270873113 1.6027557735239222 6.4166666666666679 6.9750000000000005 10.875000000000002 12.208333333333334 1 2 5.5000000000000009 5.5000000000000009 6.4166666666666679 576.55000000000007
decision_type=9 2 2 2 2 2 2 2 9 9 2 2 2 2
left_child=1 6 3 4 -2 -6 9 8 -8 11 13 12 -1 -11
right_child=2 -3 -4 -5 5 -7 7 -9 -10 10 -12 -13 -14 -15
leaf_value=0.00018915055584085573 0.00028916512254628657 -0.0042994405816942473 0.011558932720409332 -0.0015890140890514994 -0.0016590360838928066 -7.7358825334883363e-05 -0.0017182041446455632 7.9851901695401916e-05 3.4742917058383503e-05 0.00074355407553285959 -0.00028781457159551826 0.0012715467457068254 -0.00070790775141808262 0.0035152272818359978
leaf_weight=105 729 51 63 88 59 5826 281 4342 255 1232 220 50 230 129
leaf_count=105 729 51 63 88 59 5826 281 4342 255 1232 220 50 230 129
internal_value=7.32064e-06 0.000351195 -0.000343173 -0.000395404 -0.000340187 -0.000531011 0.000401812 0.000112751 -0.00139925 0.00111902 0.0015242 -0.00056962 -0.00141791 0.0020022
internal_weight=13660 6895 6765 6702 6614 5885 6844 4878 536 1966 1581 385 335 1361
internal_count=13660 6895 6765 6702 6614 5885 6844 4878 536 1966 1581 385 335 1361
cat_boundaries=0 2 4 6
cat_threshold=3357738009 16542 2281766912 132 2097153 16386
is_linear=0
shrinkage=0.05


Tree=172
num_leaves=15
num_cat=5
split_feature=0 6 0 6 5 6 2 5 0 0 2 5 5 0
split_gain=0.432249 0.50536 0.264353 0.236793 0.817026 0.490035 0.250217 0.197002 0.831722 0.810935 0.351979 0.313752 0.153924 0.270091
threshold=0 1.3560995056197489 1 2.0643809316102675 2.5000000000000004 1.7053940417404101 189.85000000000002 2.5000000000000004 2 3 417.30000000000007 4.5000000000000009 5.5000000000000009 4
decision_type=9 2 9 2 2 2 2 2 9 9 2 2 2 9
left_child=1 -1 12 5 -5 7 -6 9 -9 -4 -10 -12 -2 -14
right_child=2 -3 3 4 6 -7 -8 8 10 -11 11 -13 13 -15
leaf_value=3.6683334626630429e-05 -6.3846331872546844e-05 0.0067398162400206137 0.00036134323787240241 -0.0052857789831562644 0.0036507328746359204 0.0036688352212026821 -0.00058295709019284825 0.00040560451227558139 -0.00013979141041065569 -9.1521485401172009e-05 -0.002175059702437321 -0.00022810423321434903 0.0014772440293434443 -3.8913101764115335e-05
leaf_weight=1449 2594 72 1181 48 40 61 43 2062 2814 2598 83 102 101 319
leaf_count=1449 2594 72 1181 48 40 61 43 2062 2814 2598 83 102 101 319
internal_value=-2.39552e-05 0.000767472 -0.000124419 1.10595e-05 -0.00209924 4.21301e-05 0.000903614 1.13122e-05 -0.00019265 0.000284467 -0.000722832 -0.00283784 -0.000529101 0.000357143
internal_weight=13567 1521 12046 9032 131 8901 83 8840 5061 3779 2999 185 3014 420
internal_count=13567 1521 12046 9032 131 8901 83 8840 5061 3779 2999 185 3014 420
cat_boundaries=0 2 4 6 8 9
cat_threshold=201327104 16448 1076905114 33280 196609 67717 536870913 1042 2097170
is_linear=0
shrinkage=0.05


Tree=173
num_leaves=15
num_cat=0
split_feature=6 6 4 4 4 4 2 5 2 4 4 5 4 4
split_gain=0.46045 0.224304 0.538244 1.21828 0.816051 0.645098 0.200623 0.349453 0.289063 0.245733 0.164346 0.315316 0.189526 0.365521
threshold=2.751542603006087 1.5800944137126034 8.0916666666666686 10.958333333333334 17.675000000000004 14.141666666666667 5596.7500000000009 2.5000000000000004 3593.4000000000001 1.0000000180025095e-35 0.67500000000000016 2.5000000000000004 2.8916666666666671 2.3833333333333337
decision_type=2 2 2 2 2 2 2 2 2 2 2 2 2 2
left_child=1 6 -3 -4 5 -5 8 -8 9 -1 11 -11 13 -12
right_child=-2 2 3 4 -6 -7 7 -9 -10 10 12 -13 -14 -15
leaf_value=-0.00097702978948205343 0.0065028039184700237 -0.0029693303763232651 0.012837269259836404 -0.00038070520524311483 0.0007887553126554981 -0.004757412306664455 0.00014829379745546491 -0.001393437964513733 0.0020791783311516266 0.0018034205140283089 -5.1495793800171442e-05 -0.00036080899891335341 4.1459554907530284e-07 -0.0010422307173614061
leaf_weight=64 45 55 40 41 77 53 84 90 88 43 371 57 12469 90
leaf_count=64 45 55 40 41 77 53 84 90 88 43 371 57 12469 90
internal_value=-4.9389e-05 -6.60696e-05 -0.00150376 -0.00035545 -0.00219298 -0.00531915 -3.74364e-05 -0.00172414 -1.51722e-05 -3.43669e-05 -1.91865e-05 0.002 -3.48028e-05 -0.00103037
internal_weight=13667 13622 266 211 171 94 13356 174 13182 13094 13030 100 12930 461
internal_count=13667 13622 266 211 171 94 13356 174 13182 13094 13030 100 12930 461
is_linear=0
shrinkage=0.05


Tree=174
num_leaves=15
num_cat=3
split_feature=0 6 4 4 4 5 0 4 0 4 4 4 5 4
split_gain=0.931636 0.617921 0.731051 0.413532 0.849073 0.484513 0.972468 1.19847 0.955325 0.828278 0.54789 0.798052 0.496362 0.44744
threshold=0 1.4903168760308272 12.79166666666667 16.325000000000003 16.475000000000005 1.5000000000000002 1 21.19166666666667 2 17.308333333333337 17.175000000000004 17.508333333333336 1.0000000180025095e-35 7.5750000000000002
decision_type=9 2 2 2 2 2 9 2 9 2 2 2 2 2
left_child=-1 3 -3 13 -5 6 -6 9 10 -8 -7 -12 -11 -2
right_child=1 2 -4 4 5 8 7 -9 -10 12 11 -13 -14 -15
leaf_value=3.2022435629197597e-05 -0.0004476557951985011 -0.003822550561305477 -0.00025042292098173546 -0.0056667653694405379 0.0019837772440090664 0.0044486127548059471 -0.0022575674843411941 -0.0045934488664531705 -0.00063056767886224838 0.00030320674785702109 -0.0017978469921078157 0.00078100915691313726 -0.0014062845467057439 2.2031499073738028e-05
leaf_weight=8267 606 42 58 44 102 57 73 43 801 195 40 537 186 2619
leaf_count=8267 606 42 58 44 102 57 73 43 801 195 40 537 186 2619
internal_value=-9.50988e-05 -0.000605025 -0.0045 -0.000532717 -0.00108277 -0.00093412 -0.00212855 -0.00300789 -0.00043554 -0.00231278 0.00100932 0.000563258 -0.00137795 -0.000178295
internal_weight=13670 5403 100 5303 2078 2034 599 497 1435 454 634 577 381 3225
internal_count=13670 5403 100 5303 2078 2034 599 497 1435 454 634 577 381 3225
cat_boundaries=0 2 4 6
cat_threshold=1747075072 19677 2 2 2147484288 32800
is_linear=0
shrinkage=0.05


Tree=175
num_leaves=15
num_cat=8
split_feature=0 0 5 0 5 0 0 5 5 6 0 0 5 0
split_gain=0.616983 0.350042 0.317622 0.552532 0.403803 0.799855 0.35822 0.375896 0.356014 0.470056 0.350091 0.315114 0.263185 0.244295
threshold=0 1 1.0000000180025095e-35 2 2.5000000000000004 3 4 5.5000000000000009 5.5000000000000009 1.6160276926508292 5 6 4.5000000000000009 7
decision_type=9 9 2 9 2 9 9 2 2 2 9 9 2 9
left_child=-1 -2 3 -3 5 -4 7 13 9 10 12 -10 -8 -6
right_child=1 2 4 -5 6 -7 8 -9 11 -11 -12 -13 -14 -15
leaf_value=-0.00021304811201406927 0.0001303301318822725 -9.9812634562421176e-05 2.6068128075668054e-05 0.00051502181468543191 0.00074586924770964069 -0.00083244370111115187 7.1139676226616991e-05 -0.00014380510167323336 -3.5481504170081783e-05 -0.0017674163103955976 -0.00012672147869899621 0.00021728497353041556 -0.00026844889873164636 1.0412124736070005e-05
leaf_weight=1243 4027 632 1204 524 1087 1261 799 495 426 51 768 218 370 551
leaf_count=1243 4027 632 1204 524 1087 1261 799 495 426 51 768 218 370 551
internal_value=0 0.000106657 -7.74178e-05 0.000692042 -0.000200553 -0.000720081 6.82057e-05 0.000548297 -0.000321726 -0.000653924 -0.000529169 0.000698758 2.12044e-05 0.000915751
internal_weight=13656 12413 8386 1156 7230 2465 4765 2133 2632 1988 1937 644 1169 1638
internal_count=13656 12413 8386 1156 7230 2465 4765 2133 2632 1988 1937 644 1169 1638
cat_boundaries=0 2 4 6 8 10 12 14 16
cat_threshold=2214592537 16384 1073873920 3091 136331264 66216 673202176 672 1114242 98444 671088640 576 134217728 608 1114112 65672
is_linear=0
shrinkage=0.05


Tree=176
num_leaves=15
num_cat=2
split_feature=0 4 4 4 0 5 5 2 4 6 4 4 4 5
split_gain=0.596057 0.358319 1.22167 0.541182 0.975509 0.38618 0.527669 0.374324 0.288376 0.279675 0.431855 0.499823 1.04587 0.917903
threshold=0 19.008333333333336 18.758333333333336 19.591666666666672 1 3.5000000000000004 2.5000000000000004 295.25000000000006 19.291666666666671 2.0643809316102675 10.29166666666667 13.141666666666667 14.441666666666668 1.5000000000000002
decision_type=9 2 2 2 9 2 2 2 2 2 2 2 2 2
left_child=1 2 9 7 5 6 -5 -3 -9 10 -1 -12 13 -13
right_child=-2 3 -4 4 -6 -7 -8 8 -10 -11 11 12 -14 -15
leaf_value=4.0897772445613879e-05 3.6203963457082099e-05 -0.0022880429374204647 0.0022289544378637782 0.0006028686636469383 -0.00019751709257406769 -0.00065962567466991699 0.0039528858956947048 4.937819192301352e-05 -0.003177075428769255 -0.0069524891281279146 -0.00061138310502928124 -0.00031550339963386524 -0.00028993429420999252 0.0015878706279700617
leaf_weight=1281 9071 47 85 143 143 121 56 52 46 57 742 108 1482 262
leaf_count=1281 9071 47 85 143 143 121 56 52 46 57 742 108 1482 262
internal_value=-5.11098e-05 -0.000512406 -0.000342295 -0.00164474 -0.000809935 0.000757576 0.00213568 -0.00431034 -0.00255102 -0.000470498 -0.000419355 -0.000790285 -0.000350972 0.00202703
internal_weight=13696 4625 4017 608 463 320 199 145 98 3932 3875 2594 1852 370
internal_count=13696 4625 4017 608 463 320 199 145 98 3932 3875 2594 1852 370
cat_boundaries=0 2 4
cat_threshold=603980297 49692 0 33308
is_linear=0
shrinkage=0.05


Tree=177
num_leaves=15
num_cat=3
split_feature=0 6 4 0 4 2 5 5 3 4 4 5 0 4
split_gain=1.07646 0.778708 0.490606 1.79293 0.74272 0.81705 0.643765 0.585501 0.486464 1.19315 0.549429 0.51412 0.469119 0.582038
threshold=0 2.5784757249888215 18.858333333333338 1 19.075000000000003 977.10000000000002 3.5000000000000004 4.5000000000000009 12.550000000000002 19.908333333333335 22.450000000000003 2.5000000000000004 2 16.608333333333338
decision_type=9 2 2 9 2 2 2 2 2 2 2 2 9 2
left_child=-1 2 12 4 -4 -6 8 -8 9 -5 -11 -10 -2 -14
right_child=1 -3 3 6 5 -7 7 -9 11 10 -12 -13 13 -15
leaf_value=6.2008083424922034e-05 2.8850597570151405e-05 -0.010735670700468748 -0.0022233487745744128 -0.0023151253424041618 -0.00016075843181865835 -0.0044966454730917651 -0.0037395299573981799 2.6041497990958451e-05 0.00093149209077427191 0.0024026646664540964 -0.001206480612594113 0.0052367214348834684 -0.00016567718148833289 -0.0012036881590415827
leaf_weight=5704 3257 47 62 60 366 50 100 133 155 54 40 42 2902 662
leaf_count=5704 3257 47 62 60 366 50 100 133 155 54 40 42 2902 662
internal_value=-0.000121021 -0.000497481 -0.00045985 -0.00145951 -0.00368852 -0.00300481 0.000420875 -0.00160944 0.00178063 -0.000324675 0.00319149 0.0034264 -0.000304208 -0.000699496
internal_weight=13634 7930 7883 1062 478 416 584 233 351 154 94 197 6821 3564
internal_count=13634 7930 7883 1062 478 416 584 233 351 154 94 197 6821 3564
cat_boundaries=0 2 4 6
cat_threshold=2215657616 52385 1612841992 6 1612841993 68
is_linear=0
shrinkage=0.05


Tree=178
num_leaves=15
num_cat=4
split_feature=0 4 4 4 0 4 4 4 2 4 0 4 4 0
split_gain=0.356459 0.902228 0.535015 0.825546 1.62872 0.975848 0.724211 0.51959 0.525452 0.502078 0.936541 0.475189 0.566701 0.504612
threshold=0 1.7500000000000002 6.4166666666666679 8.0083333333333346 1 7.0250000000000012 7.8583333333333343 4.8750000000000009 295.25000000000006 9.0916666666666686 2 19.875000000000004 22.450000000000003 3
decision_type=9 2 2 2 9 2 2 2 2 2 9 2 2 9
left_child=1 -1 7 4 5 -4 -6 -2 -9 10 -5 -3 13 -13
right_child=2 11 3 9 6 -7 -8 8 -10 -11 -12 12 -14 -15
leaf_value=-0.00040763057385962423 5.7418328088032489e-05 0.0001500350640421977 0.0016447571452218313 0.0016245530020103207 -0.0036440522427238276 -4.5884107548843647e-05 -0.00010797981448900096 7.2346005396750621e-05 0.0030618962528133455 -5.9710022230530238e-05 -0.00010080575564943851 0.00018245161184885506 0.00024821771386943081 -0.00087709968461907595
leaf_weight=125 769 4286 41 237 103 63 42 91 83 7122 268 104 104 164
leaf_count=125 769 4286 41 237 103 63 42 91 83 7122 268 104 104 164
internal_value=4.41112e-05 0.000391195 -0.00014441 -0.00027933 -0.00311245 0.00175439 -0.00629032 0.000980912 0.00344828 -0.000186836 0.00133663 0.000504508 -0.00120968 -0.00242537
internal_weight=13602 4783 8819 7876 249 104 145 943 174 7627 505 4658 372 268
internal_count=13602 4783 8819 7876 249 104 145 943 174 7627 505 4658 372 268
cat_boundaries=0 2 4 6 8
cat_threshold=1275266688 17451 536870912 2192 0 708 134218240 32
is_linear=0
shrinkage=0.05


Tree=179
num_leaves=15
num_cat=1
split_feature=0 6 6 4 4 3 4 4 5 4 5 4 4 4
split_gain=0.455826 0.552715 1.05012 0.610948 0.385429 0.507276 0.758432 0.486761 0.377658 0.573435 0.527577 0.361332 0.753205 0.355465
threshold=0 1.5022573144106934 2.0976724615461966 10.958333333333334 19.758333333333336 20.000000000000004 20.358333333333338 19.358333333333338 1.0000000180025095e-35 20.883333333333336 2.5000000000000004 0.67500000000000016 2.0166666666666671 22.450000000000003
decision_type=9 2 2 2 2 2 2 2 2 2 2 2 2 2
left_child=1 -1 -3 -4 7 6 -6 11 -8 -10 -11 -2 -13 -12
right_child=4 2 3 -5 5 -7 8 -9 9 10 13 12 -14 -15
leaf_value=2.6013755461920529e-05 -0.00079258621914736764 0.0055415111391500628 0.0079988878269364409 -0.002204670245614371 -0.00085770414498175245 -0.0014210395577141878 0.0017560204645828527 0.0005346702581365048 0.0014574458478436192 -0.0010036781050391352 -0.00015362000943738852 0.00097228345749322549 -5.6723230846744693e-05 0.00061179000046371064
leaf_weight=6376 73 48 44 49 167 74 53 179 49 70 107 124 6103 66
leaf_count=6376 73 48 44 49 167 74 53 179 49 70 107 124 6103 66
internal_value=-2.94507e-05 0.000271947 0.00336879 0.000268817 -0.00030742 -0.00153584 -0.000976562 -0.00019679 0.000362319 -0.000342466 -0.00133745 -0.000269841 -0.000228842 0.000144509
internal_weight=13582 6517 141 93 7065 586 512 6479 345 292 243 6300 6227 173
internal_count=13582 6517 141 93 7065 586 512 6479 345 292 243 6300 6227 173
cat_boundaries=0 2
cat_threshold=67190930 118377
is_linear=0
shrinkage=0.05


Tree=180
num_leaves=15
num_cat=3
split_feature=0 4 4 4 0 4 4 0 4 4 4 5 4 5
split_gain=0.509055 0.933034 1.34832 0.990843 1.01949 0.717184 0.83118 0.730687 1.36276 1.02156 0.979202 1.17803 1.31343 0.995892
threshold=0 14.908333333333335 14.191666666666668 18.69166666666667 1 2.3833333333333337 0.67500000000000016 2 12.991666666666669 5.4583333333333348 12.591666666666669 1.0000000180025095e-35 11.208333333333334 2.5000000000000004
decision_type=9 2 2 2 9 2 2 9 2 2 2 2 2 2
left_child=1 2 5 4 -3 6 -1 10 9 -9 11 -7 -13 -12
right_child=-2 3 -4 -5 -6 7 -8 8 -10 -11 13 12 -14 -15
leaf_value=0.00057300587498057001 -5.1819885588560993e-05 0.0013126121679168713 -0.0008155626761540913 -0.00017266256694606908 0.00031993545285594619 -0.0005189082906306375 -0.00063356831332059271 0.0015126370523059652 0.0036167714696585976 -5.0844823964413256e-05 4.1454386228612088e-05 -5.3443508857531358e-05 0.00039166801126808148 -0.0014572441899182499
leaf_weight=54 8482 491 165 677 1455 113 109 109 212 813 92 530 172 148
leaf_count=54 8482 491 165 677 1455 113 109 109 212 813 92 530 172 148
internal_value=-3.30348e-05 0.000359223 -0.000327771 0.00101982 0.00159301 -2.12585e-05 -0.00322086 0.000216994 0.00109266 0.00027115 -0.0007277 9.20245e-05 0.000854701 -0.00354167
internal_weight=13622 5140 2517 2623 1946 2352 163 2189 1134 922 1055 815 702 240
internal_count=13622 5140 2517 2623 1946 2352 163 2189 1134 922 1055 815 702 240
cat_boundaries=0 2 4 6
cat_threshold=69420040 50215 67108864 17411 2113536 33795
is_linear=0
shrinkage=0.05


Tree=181
num_leaves=15
num_cat=3
split_feature=0 5 0 4 4 4 4 4 4 6 2 0 4 4
split_gain=0.432127 0.327287 1.23208 1.0852 1.70935 1.3372 1.07771 0.593714 1.40015 0.540206 0.921889 0.526311 1.05106 0.902511
threshold=0 5.5000000000000009 1 2.8916666666666671 11.008333333333335 19.525000000000002 19.008333333333336 9.5083333333333346 8.5750000000000011 1.5800944137126034 304.90000000000003 2 12.925000000000002 15.79166666666667
decision_type=9 2 9 2 2 2 2 2 2 2 2 9 2 2
left_child=-1 9 -3 -4 7 6 11 8 -5 -2 -11 13 -13 -6
right_child=1 2 3 4 5 -7 -8 -9 -10 10 -12 12 -14 -15
leaf_value=5.0094295584909859e-05 -6.1553372785461136e-05 0.000543297812575394 -0.0033627002127485373 0.0013058756541853818 -0.0012864502791689965 0.0023884103881561592 -0.002750302039712427 0.0022332830065494246 -0.0035072119116581371 -0.00041065724223693926 -0.0044333776487726463 -0.0037288534092966841 -0.00031755521161991876 0.0021714469456914107
leaf_weight=3874 8179 276 56 112 162 75 40 127 80 138 62 54 298 106
leaf_count=3874 8179 276 56 112 162 75 40 127 80 138 62 54 298 106
internal_value=-0.000137473 -0.000314578 0.000396825 -0.000357143 0 -0.00132653 -0.00204545 0.00305643 0.00130208 -0.000432629 -0.003 -0.00153226 -0.00276243 0.000179856
internal_weight=13639 9765 1386 1110 1054 735 660 319 192 8379 200 620 352 268
internal_count=13639 9765 1386 1110 1054 735 660 319 192 8379 200 620 352 268
cat_boundaries=0 2 4 6
cat_threshold=132235 17549 606093328 32768 134217728 2130
is_linear=0
shrinkage=0.05


Tree=182
num_leaves=15
num_cat=5
split_feature=0 4 0 6 0 4 2 4 0 5 0 4 5 5
split_gain=0.476038 0.59986 0.520401 0.478039 0.364381 0.834325 0.503048 0.303901 1.0524 1.20348 0.758908 0.743856 0.607099 0.442287
threshold=0 3.2583333333333337 1 2.1515097675933066 2 2.0166666666666671 295.25000000000006 9.3750000000000018 3 4.5000000000000009 4 9.5083333333333346 3.5000000000000004 4.5000000000000009
decision_type=9 2 9 2 9 2 2 2 9 2 9 2 2 2
left_child=1 2 -1 7 5 -4 -6 8 9 -3 12 -9 -10 -12
right_child=-2 3 4 -5 6 -7 -8 11 10 -11 13 -13 -14 -15
leaf_value=-0.0011872773555300004 -4.5202584105219493e-05 0.0034928359729438974 0.00035573966729195443 -0.0014599978941210569 -0.00046696296672354975 -0.0038966943215952734 0.0012081810236849067 -0.0020450984206260626 3.2637162145343626e-05 -0.00031482463095927615 -0.00028119104837209807 6.2601317997679207e-05 0.0016399173616629932 -0.0027943408684400154
leaf_weight=100 5519 137 112 77 90 63 64 74 327 48 262 6319 276 90
leaf_count=100 5519 137 112 77 90 63 64 74 327 48 262 6319 276 90
internal_value=0 0.000245372 -0.00157343 0.000348226 -0.000516224 -0.00202703 0.00121951 0.000388292 0.00114035 0.00448718 0.000440415 0.000254184 0.00150897 -0.00138122
internal_weight=13558 8039 429 7610 329 175 154 7533 1140 185 955 6393 603 352
internal_count=13558 8039 429 7610 329 175 154 7533 1140 185 955 6393 603 352
cat_boundaries=0 2 4 6 8 10
cat_threshold=2281914882 68783 0 11 134217728 2176 82432 8 2147483648 2209
is_linear=0
shrinkage=0.05


Tree=183
num_leaves=15
num_cat=1
split_feature=0 6 6 6 2 6 4 4 4 4 4 4 4 4
split_gain=0.497614 0.388903 0.378627 1.14844 1.33651 0.457135 0.297808 0.532853 1.1488 1.04168 0.680501 0.407327 0.756794 0.536749
threshold=0 2.0643809316102675 1.7981909629808028 2.5784757249888215 325.55000000000007 2.2312970028610066 19.758333333333336 15.525000000000002 15.258333333333335 16.325000000000003 16.541666666666671 13.175000000000002 14.575000000000001 14.075000000000001
decision_type=9 2 2 2 2 2 2 2 2 2 2 2 2 2
left_child=1 6 -2 4 5 -4 7 8 11 -9 -11 -1 13 -13
right_child=2 -3 3 -5 -6 -7 -8 9 -10 10 -12 12 -14 -15
leaf_value=-3.1863664074882618e-05 1.9358276715292224e-05 -0.00077658412370511525 0.014292374687139276 -0.003087978206113895 -0.00097416683128327968 0.0079922437273817204 -0.00013399254327264853 0.0014111845251063128 -0.0019252756183452679 -0.0013747908506312025 6.6085939181359529e-05 -0.0005595685728242483 0.00031500213733142162 -0.00082085152247483037
leaf_weight=1409 10027 61 43 64 40 45 262 159 41 45 1017 215 159 78
leaf_count=1409 10027 61 43 64 40 45 262 159 41 45 1017 215 159 78
internal_value=-3.11014e-05 -0.000549769 0.000144198 0.00234375 0.00507813 0.00852273 -0.000480059 -0.00034422 -0.000867508 0.000470925 -9.4162e-05 -0.000685116 -0.00199115 -0.00349829
internal_weight=13665 3446 10219 192 128 88 3385 3123 1902 1221 1062 1861 452 293
internal_count=13665 3446 10219 192 128 88 3385 3123 1902 1221 1062 1861 452 293
cat_boundaries=0 2
cat_threshold=538968594 83970
is_linear=0
shrinkage=0.05


Tree=184
num_leaves=15
num_cat=6
split_feature=0 6 0 5 5 0 5 0 5 0 5 0 2 5
split_gain=0.740307 0.264811 0.288693 0.329472 0.520721 0.193873 0.284418 0.487602 0.229335 0.539596 0.865067 0.232902 0.261995 0.172342
threshold=0 2.6381203460857665 1 5.5000000000000009 4.5000000000000009 2 5.5000000000000009 3 1.5000000000000002 4 1.0000000180025095e-35 5 417.30000000000007 5.5000000000000009
decision_type=9 2 9 2 2 9 2 9 2 9 2 9 2 2
left_child=1 2 3 4 -1 6 -2 -8 9 -7 -11 -10 13 -13
right_child=5 -3 -4 -5 -6 8 7 -9 11 10 -12 12 -14 -15
leaf_value=0.00055935083497958289 1.9705899850186449e-05 -0.0021194635251076677 0.00011734051800505741 0.0013899991608999852 -0.0011503836245780441 -1.5832203697269122e-05 0.00026734012175828604 -0.0010261367172912262 0.00011428081200463014 -2.14163612233087e-05 -0.0024762578543598094 -3.1730689467823759e-06 -0.0010196542966334405 -0.00010910038021673674
leaf_weight=370 3766 44 6750 74 74 308 153 509 841 107 121 349 56 75
leaf_count=370 3766 44 6750 74 74 308 153 509 841 107 121 349 56 75
internal_value=0.000115834 0.000457525 0.000481563 0.00160985 0.00112613 -0.00028197 -0.000101397 -0.0010574 -0.000709695 -0.00158582 -0.00336134 -0.000359576 -0.00122449 -0.000825472
internal_weight=13597 7312 7268 518 444 6285 4428 662 1857 536 228 1321 480 424
internal_count=13597 7312 7268 518 444 6285 4428 662 1857 536 228 1321 480 424
cat_boundaries=0 2 3 5 7 8 9
cat_threshold=201523219 3183 201326609 2684355584 98960 536870912 32768 1075855488 3146248
is_linear=0
shrinkage=0.05


Tree=185
num_leaves=15
num_cat=1
split_feature=4 4 5 3 1 4 3 4 5 2 5 5 4 4
split_gain=0.418735 0.710451 0.902616 0.859382 0.750457 1.08767 0.609668 0.605895 0.565047 0.562291 0.541309 0.54038 0.51292 0.456214
threshold=17.958333333333336 15.191666666666668 5.5000000000000009 18.750000000000004 0 17.508333333333336 31.050000000000004 15.141666666666667 2.5000000000000004 295.25000000000006 2.5000000000000004 2.5000000000000004 16.975000000000005 16.758333333333336
decision_type=2 2 2 2 1 2 2 2 2 2 2 2 2 2
left_child=1 7 4 -4 6 8 -3 -1 -6 -7 -11 -8 13 -10
right_child=-2 2 3 -5 5 9 11 -9 12 10 -12 -13 -14 -15
leaf_value=1.1641602154277565e-06 0.00011430575746246841 -0.001306080703876439 4.4967804383910796e-05 0.0036785392341766535 0.00012343341220818482 -0.00039968949089583819 6.0845950491422722e-05 0.0024089597523910158 -0.00053764084318304046 -0.0039802663447311929 -0.0024348847566186302 -0.0039904864827887193 0.00023493549123348447 -0.0028416440497870624
leaf_weight=7519 3749 45 203 68 779 171 82 69 511 57 40 83 200 59
leaf_count=7519 3749 45 203 68 779 171 82 69 511 57 40 83 200 59
internal_value=-1.65017e-05 -0.000187133 -0.000957354 0.00175277 -0.00131968 -0.000971538 -0.00409091 4.61255e-05 -0.000468044 -0.00391791 -0.00695876 -0.00287879 -0.00142857 -0.00219298
internal_weight=13635 9886 2298 271 2027 1817 210 7588 1549 268 97 165 770 570
internal_count=13635 9886 2298 271 2027 1817 210 7588 1549 268 97 165 770 570
cat_boundaries=0 1
cat_threshold=10
is_linear=0
shrinkage=0.05


Tree=186
num_leaves=15
num_cat=3
split_feature=0 4 5 2 4 4 2 4 4 4 5 0 4 0
split_gain=0.444997 0.616962 1.26132 0.903416 0.701299 0.458918 0.867444 0.420865 0.945858 0.799975 0.675834 1.54775 1.39327 1.24513
threshold=0 3.7750000000000004 2.5000000000000004 867.75000000000011 1.5083333333333335 5.4583333333333348 267.85000000000008 11.075000000000001 10.958333333333334 11.275000000000002 2.5000000000000004 1 7.8583333333333343 2
decision_type=9 2 2 2 2 2 2 2 2 2 2 9 2 9
left_child=1 2 4 -4 -1 6 -3 8 10 -9 12 -12 -2 -14
right_child=7 5 3 -5 -6 -7 -8 9 -10 -11 11 -13 13 -15
leaf_value=3.9945522192028074e-05 -0.0014020991439099518 -0.0016273070802521772 -0.00045916864662801093 0.0043970205128526845 0.0032573041525936265 6.4338017130896602e-05 0.00086264458046186876 -0.0016509469443531711 9.5225969981793668e-05 -8.9389410678986092e-05 -0.00023196267381845326 0.00077491363636604809 0.0014335564114721256 -0.000164450731657817
leaf_weight=44 459 68 101 50 84 4620 56 84 120 5870 582 889 275 313
leaf_count=44 459 68 101 50 84 4620 56 84 120 5870 582 889 275 313
internal_value=-6.05949e-05 0.000312935 0.00259857 -0.000496689 0.00625 0.000179174 -0.00282258 -0.000279005 0.000246399 -0.000512261 3.97141e-05 0.000730795 -0.000931232 0.000680272
internal_weight=13615 5023 279 151 128 4744 124 8592 2638 5954 2518 1471 1047 588
internal_count=13615 5023 279 151 128 4744 124 8592 2638 5954 2518 1471 1047 588
cat_boundaries=0 2 4 6
cat_threshold=2751660178 1554 1066496 49248 135266304 104
is_linear=0
shrinkage=0.05


Tree=187
num_leaves=15
num_cat=5
split_feature=0 6 5 0 0 5 3 3 3 5 5 5 0 0
split_gain=0.420838 0.244692 0.225791 0.588875 0.549755 0.291099 0.526789 0.445637 0.266197 0.234788 0.478063 0.199802 0.762928 0.585119
threshold=0 2.2409863868481232 4.5000000000000009 1 2 5.5000000000000009 49.000000000000007 49.000000000000007 20.000000000000004 1.0000000180025095e-35 2.5000000000000004 2.5000000000000004 3 4
decision_type=9 2 2 9 9 2 2 2 2 2 2 2 9 9
left_child=-1 2 3 9 5 7 8 -4 -7 -2 -11 12 -5 -13
right_child=1 -3 4 11 -6 6 -8 -9 -10 10 -12 13 -14 -15
leaf_value=-4.6474878138069722e-05 0.00033764255526679834 -0.0010705280284302177 0.0016657557621409414 0.0025644203524722077 -6.8124026292637477e-06 0.00010448057700646052 0.0030063593275113432 -0.0007791629439263259 -0.0013945919606262458 -2.0799476513977401e-05 0.00013523838942871568 -0.0027319526841893815 1.2950702765618383e-05 -7.3540048770037736e-05
leaf_weight=7659 78 63 367 123 801 262 67 65 78 163 153 132 2180 1449
leaf_count=7659 78 63 367 123 801 262 67 65 78 163 153 132 2180 1449
internal_value=7.33138e-06 0.000321315 0.00035485 0.000163628 0.000853659 0.00173734 0.000798526 0.00266204 0 0.0019802 0.00142405 -2.56805e-05 0.000271385 -0.000458571
internal_weight=13640 5981 5918 4278 1640 839 407 432 340 394 316 3884 2303 1581
internal_count=13640 5981 5918 4278 1640 839 407 432 340 394 316 3884 2303 1581
cat_boundaries=0 2 4 6 8 10
cat_threshold=2751480986 35418 1073742337 16384 3342336 132 0 1024 65536 1024
is_linear=0
shrinkage=0.05


Tree=188
num_leaves=15
num_cat=1
split_feature=0 6 5 4 4 4 4 5 4 5 4 4 4 4
split_gain=0.577678 0.645104 1.34444 0.624916 0.541189 0.512163 1.34945 0.78702 0.518434 1.33615 0.560929 0.988358 0.55464 1.02137
threshold=0 2.0643809316102675 3.5000000000000004 1.5083333333333335 1.0083333333333335 8.8416666666666686 8.4916666666666689 1.5000000000000002 9.3083333333333353 3.5000000000000004 9.9916666666666689 10.508333333333335 11.075000000000001 11.441666666666668
decision_type=9 2 2 2 2 2 2 2 2 2 2 2 2 2
left_child=5 3 -3 4 -2 6 7 -1 9 -7 -10 -12 -13 -14
right_child=1 2 -4 -5 -6 8 -8 -9 10 -11 11 12 13 -15
leaf_value=-0.0010594965897933017 -0.00029372193508797606 -0.0096838312484034406 0.00075046043388387056 -2.0031030101036462e-05 -0.0035214600343500546 0.00060406163924806586 0.002087155246280037 0.0005755605585207324 0.0017132615698143283 -0.0034451495187295123 -0.0013406272679440724 0.0012220646900581444 -0.0020711209174466951 0.0001294700923515496
leaf_weight=248 135 45 45 7452 56 90 121 627 214 58 183 212 110 3988
leaf_count=248 135 45 45 7452 56 90 121 627 214 58 183 212 110 3988
internal_value=4.78504e-05 -0.000235697 -0.00444444 -0.000186445 -0.00301047 0.000422283 0.00145582 0.000771429 0.000211123 -0.0027027 0.000302741 0.000183619 0.000336427 0.000207418
internal_weight=13584 7733 90 7643 191 5851 996 875 4855 148 4707 4493 4310 4098
internal_count=13584 7733 90 7643 191 5851 996 875 4855 148 4707 4493 4310 4098
cat_boundaries=0 2
cat_threshold=1180160 50396
is_linear=0
shrinkage=0.05


Tree=189
num_leaves=15
num_cat=3
split_feature=0 5 4 0 4 2 4 5 4 4 5 0 4 4
split_gain=0.3492 0.385144 0.601879 1.03374 0.911728 0.99587 0.607193 1.17448 1.33951 0.952485 0.876096 0.597961 1.27924 0.621655
threshold=0 4.5000000000000009 14.841666666666669 1 16.008333333333336 608.50000000000011 9.4416666666666682 2.5000000000000004 11.975000000000001 4.2750000000000012 1.0000000180025095e-35 2 20.008333333333336 10.958333333333334
decision_type=9 2 2 9 2 2 2 2 2 2 2 9 2 2
left_child=1 2 3 6 5 -4 9 10 -9 -1 -8 13 -13 -3
right_child=-2 11 4 -5 -6 -7 7 8 -10 -11 -12 12 -14 -15
leaf_value=0.00035991868628102998 4.8166598571072752e-05 -0.00091301289741044797 -0.00048696440064548987 0.00059732000697999561 -5.4667999757057607e-05 -0.0022629857900156257 -0.00043298153216275725 0.00015761029890728475 -0.001244923873795395 -0.00059917277782682858 0.001185090420710494 -0.00024252862874574177 -0.0027786410349318613 0.00083032904795690698
leaf_weight=60 8060 95 260 1373 1712 49 75 57 71 197 126 1093 51 322
leaf_count=60 8060 95 260 1373 1712 49 75 57 71 197 126 1093 51 322
internal_value=-5.5143e-06 -0.000310755 -5.02513e-05 0.000574273 -0.000655616 -0.00315534 -0.0011745 0.000227964 -0.00351563 -0.00301556 0.00261194 -0.000976938 -0.00155979 0.000644028
internal_weight=13601 5541 3980 1959 2021 309 586 329 128 257 201 1561 1144 417
internal_count=13601 5541 3980 1959 2021 309 586 329 128 257 201 1561 1144 417
cat_boundaries=0 2 4 6
cat_threshold=605160064 99417 536870912 33793 1049088 1025
is_linear=0
shrinkage=0.05


Tree=190
num_leaves=15
num_cat=2
split_feature=0 4 4 5 5 4 4 4 4 4 4 0 5 4
split_gain=0.475248 0.371361 0.662896 1.62609 0.566229 0.592785 0.792115 0.758302 0.642205 0.509856 0.641182 0.471724 0.459599 0.464271
threshold=0 22.166666666666668 18.808333333333337 1.0000000180025095e-35 5.5000000000000009 17.458333333333336 14.008333333333335 10.508333333333335 7.5750000000000002 20.625000000000004 19.625000000000004 1 1.0000000180025095e-35 10.441666666666668
decision_type=9 2 2 2 2 2 2 2 2 2 2 9 2 2
left_child=1 2 4 -4 11 6 7 8 -6 10 -5 12 -1 -14
right_child=-2 -3 3 9 5 -7 -8 -9 -10 -11 -12 -13 13 -15
leaf_value=-0.00083055277133445293 5.7538207215029895e-05 0.0019478969149441139 0.00095653878711417228 -0.00053515001405104459 0.00069810619203786173 0.0017881614563008354 -0.00030950843606763481 0.00028934739851887162 -0.00035700110610483175 -8.7387094216634381e-05 -0.0023066264534060492 -0.00010234559922510378 -0.00011111662447143012 0.00021149066211407775
leaf_weight=66 10788 43 42 85 45 90 72 78 64 72 56 1652 54 312
leaf_count=66 10788 43 42 85 45 90 72 78 64 72 56 1652 54 312
internal_value=4.99297e-05 -0.000538125 -0.000613839 -0.00303922 -0.000359638 0.0015043 0.000289575 0.00200535 -0.000688073 -0.00481221 -0.00656028 -0.000671785 0.000791855 0.00150273
internal_weight=13519 2731 2688 255 2433 349 259 187 109 213 141 2084 432 366
internal_count=13519 2731 2688 255 2433 349 259 187 109 213 141 2084 432 366
cat_boundaries=0 2 3
cat_threshold=1143096323 65600 1073873920
is_linear=0
shrinkage=0.05


Tree=191
num_leaves=15
num_cat=3
split_feature=0 4 4 4 4 4 4 0 0 5 5 4 2 4
split_gain=0.328066 0.56893 0.509196 0.778716 1.25669 1.07487 1.17618 0.652252 0.624694 0.795136 0.445142 0.89788 0.516742 0.429052
threshold=0 22.975000000000005 14.491666666666669 16.841666666666672 16.541666666666671 17.241666666666671 17.358333333333338 1 2 5.5000000000000009 1.0000000180025095e-35 15.608333333333336 325.55000000000007 17.991666666666671
decision_type=9 2 2 2 2 2 2 9 9 2 2 2 2 2
left_child=2 -2 -1 4 10 7 -7 -5 9 -8 11 12 -4 -10
right_child=1 -3 3 5 -6 6 8 -9 13 -11 -12 -13 -14 -15
leaf_value=8.5884856970597234e-05 -3.3892028671522743e-05 -0.0009254267534353211 0.00019355116842250666 0.00044345916191527171 -0.0026177916834017934 -0.0015749619641068247 0.00022719734384850921 0.0024953567001613497 -0.0011160429001399852 0.0027685262528447498 -0.0002529591950573118 0.0022601748136165611 -0.0018101111628298307 1.6637736744029574e-05
leaf_weight=4573 5262 49 40 101 126 63 470 130 225 66 932 62 41 1411
leaf_count=4573 5262 49 40 101 126 63 470 130 225 66 932 62 41 1411
internal_value=5.71914e-05 -0.000249013 0.000254545 -0.000184074 -0.00122814 0.000324412 -1.11857e-05 0.00357143 0.000184162 0.00164835 -0.000674419 0.00192308 -0.00154321 -0.000303767
internal_weight=13551 5311 8240 3667 1201 2466 2235 231 2172 536 1075 143 81 1636
internal_count=13551 5311 8240 3667 1201 2466 2235 231 2172 536 1075 143 81 1636
cat_boundaries=0 2 4 6
cat_threshold=536954371 35577 0 216 512 137
is_linear=0
shrinkage=0.05


Tree=192
num_leaves=15
num_cat=3
split_feature=0 4 4 4 0 5 6 5 4 6 5 0 4 4
split_gain=0.550637 0.711984 0.542117 0.493801 0.440681 0.350029 0.328596 1.21919 1.00904 0.651852 0.228261 1.07392 0.819364 1.05878
threshold=0 23.608333333333338 23.375000000000004 20.991666666666671 1 1.5000000000000002 1.5800944137126034 1.5000000000000002 11.341666666666669 2.2409863868481232 1.0000000180025095e-35 2 13.29166666666667 14.958333333333334
decision_type=9 2 2 2 9 2 2 2 2 2 2 9 2 2
left_child=2 -2 3 6 -5 -6 10 -8 -9 -10 11 12 -1 -14
right_child=1 -3 -4 4 5 -7 7 8 9 -11 -12 -13 13 -15
leaf_value=-1.7868671094922738e-05 7.4732612991249003e-05 -0.0011456288197676191 0.0014240460054556871 -3.3624842621282626e-05 -2.3778165722798672e-05 -0.0012330618936949201 -0.0091952361345169938 0.0065054847356412543 0.00060033523739548848 -0.0024729087449443911 -6.1784240630716189e-05 -0.0007218608331147514 0.0059903191828975418 0.0006340737351753778
leaf_weight=219 5744 40 41 118 48 91 45 43 54 45 6336 435 64 270
leaf_count=219 5744 40 41 118 48 91 45 43 54 45 6336 435 64 270
internal_value=2.75877e-05 0.000396962 -0.000246195 -0.000276777 -0.00243191 -0.00419463 -0.000203036 -0.00227273 0 -0.00277778 -0.000150191 0.00055668 0.00199822 0.00359281
internal_weight=13593 5784 7809 7768 257 139 7511 187 142 99 7324 988 553 334
internal_count=13593 5784 7809 7768 257 139 7511 187 142 99 7324 988 553 334
cat_boundaries=0 2 4 6
cat_threshold=1613758600 98910 1048576 580 540016640 82
is_linear=0
shrinkage=0.05


Tree=193
num_leaves=15
num_cat=4
split_feature=0 0 6 6 5 5 0 0 6 5 5 2 5 5
split_gain=0.840121 0.468803 0.714346 0.511286 0.407029 0.283038 0.932445 0.389792 0.260981 0.58091 0.186845 0.240689 0.225954 0.535964
threshold=0 1 1.957231865133048 2.5784757249888215 5.5000000000000009 1.5000000000000002 2 3 1.3766220136373084 4.5000000000000009 4.5000000000000009 1189.6500000000003 2.5000000000000004 1.5000000000000002
decision_type=9 9 2 2 2 2 9 9 2 2 2 2 2 2
left_child=4 8 5 -4 10 6 -3 -7 -2 -10 12 -12 13 -1
right_child=1 2 3 -5 -6 7 -8 -9 9 -11 11 -13 -14 -15
leaf_value=-0.00067850443257998216 0.00013189624851186465 -0.00058887030982272002 0.0092374459367831618 -0.00013513785454634665 0.00066115885321997863 4.1048996423259655e-05 0.00014546411061950316 -0.00010449361527150036 -0.0032257500424853927 0.00085951113219948647 -0.0016188989285183754 -0.00043998584390995136 -0.0001807872425727608 -0.0023182963679579337
leaf_weight=226 4350 801 79 64 107 2136 1496 3805 82 43 68 44 191 119
leaf_count=226 4350 801 79 64 107 2136 1496 3805 82 43 68 44 191 119
internal_value=-5.69392e-05 3.88621e-05 -0.000181742 0.00332168 -0.00166667 -0.000242777 0.000228559 -0.000425013 0.000451505 -0.0018 -0.00216049 -0.00401786 -0.00177239 -0.00253623
internal_weight=13611 12856 8381 143 755 8238 2297 5941 4475 125 648 112 536 345
internal_count=13611 12856 8381 143 755 8238 2297 5941 4475 125 648 112 536 345
cat_boundaries=0 2 4 6 8
cat_threshold=67240594 65536 536937481 2062 2148532224 32897 2148532224 32897
is_linear=0
shrinkage=0.05


Tree=194
num_leaves=15
num_cat=2
split_feature=0 4 4 6 4 5 4 5 5 4 4 0 4 4
split_gain=0.495677 0.506178 0.494941 0.490222 0.597561 0.376753 0.322892 0.376328 0.314337 0.964241 1.21171 0.761523 0.666953 1.1655
threshold=0 0.82500000000000007 2.6583333333333337 2.5421628270873113 14.075000000000001 2.5000000000000004 0.82500000000000007 2.5000000000000004 3.5000000000000004 20.008333333333336 22.450000000000003 1 18.925000000000004 17.458333333333336
decision_type=9 2 2 2 2 2 2 2 2 2 2 9 2 2
left_child=1 -1 5 6 -5 -3 7 -2 11 -10 -11 -8 13 -13
right_child=3 2 -4 4 -6 -7 8 -9 9 10 -12 12 -14 -15
leaf_value=0.0010628992054486641 -0.0021000055980607392 -0.00014025089800580871 7.6207162033439804e-05 0.014109389708948395 -0.00048888175113568353 -0.0022198068238166893 -5.4365912697146307e-05 -0.00016096377711254385 -6.8882486601429258e-05 -0.0014618053609602999 0.00047497107241862294 0.00029273204135367437 0.0012469821394946207 -0.0019192744435346854
leaf_weight=51 57 68 4798 41 41 66 1933 109 3449 167 54 2148 438 283
leaf_count=51 57 68 4798 41 41 66 1933 109 3449 167 54 2148 438 283
internal_value=3.83128e-05 0.00043561 0.000385239 -0.000189003 0.00365854 -0.00261194 -0.000225747 -0.00240964 -0.000182956 -0.000531335 -0.00373303 8.32986e-05 0.000599166 0.000277664
internal_weight=13703 4983 4932 8720 82 134 8638 166 8472 3670 221 4802 2869 2431
internal_count=13703 4983 4932 8720 82 134 8638 166 8472 3670 221 4802 2869 2431
cat_boundaries=0 2 4
cat_threshold=3223389697 49670 605175810 65601
is_linear=0
shrinkage=0.05


Tree=195
num_leaves=15
num_cat=2
split_feature=0 4 4 5 4 5 4 4 5 4 3 4 0 4
split_gain=0.672541 0.397255 0.94691 1.28938 0.856504 1.69586 0.455991 0.978304 0.757895 1.0002 0.456852 0.317088 1.0874 0.624643
threshold=0 15.525000000000002 13.141666666666667 5.5000000000000009 17.208333333333336 1.5000000000000002 18.808333333333337 19.075000000000003 2.5000000000000004 20.991666666666671 15.650000000000002 19.908333333333335 1 20.141666666666669
decision_type=9 2 2 2 2 2 2 2 2 2 2 2 9 2
left_child=1 2 -1 -4 5 -3 10 -8 -9 -10 -6 -2 13 -13
right_child=11 4 3 -5 6 -7 7 8 9 -11 -12 12 -14 -15
leaf_value=-7.7070043996496651e-05 2.4416400846288824e-05 -0.0021653389504505795 0.0018330055802858625 -0.0042565809269786928 0.00085229927468633568 -0.0005550577308263805 -0.0024818084602756586 0.0015175379528626909 -0.0037498621816352165 0.00023290891900770163 -0.002219256130514019 -0.0019994699342872958 -0.00049238733036041931 0.00048641839252407674
leaf_weight=779 11040 63 231 42 182 139 44 81 42 48 51 42 430 356
leaf_count=779 11040 63 231 42 182 139 44 81 42 48 51 42 430 356
internal_value=-9.57996e-05 -0.0010222 -0.000427757 0.00210623 -0.002 -0.00470297 -0.00078125 -0.00244186 -0.000730994 -0.00388889 0.000751073 3.78852e-05 -0.000905797 0.000980392
internal_weight=13570 1702 1052 273 650 202 448 215 171 90 233 11868 828 398
internal_count=13570 1702 1052 273 650 202 448 215 171 90 233 11868 828 398
cat_boundaries=0 2 4
cat_threshold=147458 65600 2148532240 51726
is_linear=0
shrinkage=0.05


Tree=196
num_leaves=15
num_cat=3
split_feature=0 4 4 0 4 4 4 4 4 4 0 4 4 2
split_gain=0.597288 0.459341 0.374611 0.322003 0.453374 0.455889 0.382643 0.557004 0.28958 0.306685 0.904683 1.6168 0.776913 1.24548
threshold=0 23.208333333333336 22.450000000000003 1 9.0083333333333346 8.3250000000000011 11.441666666666668 12.858333333333336 1.0083333333333335 10.958333333333334 2 10.508333333333335 11.658333333333335 304.90000000000003
decision_type=9 2 2 9 2 2 2 2 2 2 9 2 2 2
left_child=1 2 8 4 5 -2 -6 -8 -1 10 11 -10 13 -11
right_child=3 -3 -4 -5 6 -7 7 -9 9 12 -12 -13 -14 -15
leaf_value=0.0016437722621184148 0.00048849549510637802 0.00074419977557541039 -0.0023427865144519666 1.568059212718742e-05 -0.00017009927827297267 0.00057323046966580862 0.00059980559090507814 2.5492642103797093e-05 -0.0013907373023870795 -5.4687392030738913e-05 -6.8516031460311155e-05 -0.0032750364004029923 -0.00010518574491492905 0.0029427942300106536
leaf_weight=119 81 44 43 8050 103 49 55 438 312 136 1060 41 2958 103
leaf_count=119 81 44 43 8050 103 49 55 438 312 136 1060 41 2958 103
internal_value=-9.19659e-05 -0.000538748 -0.000586756 0.000153654 0.00115489 0.00384615 0.000587248 0.00116633 -0.000544513 -0.000607375 -0.00122081 -0.00337466 -0.000336253 0.00240586
internal_weight=13592 4816 4772 8776 726 130 596 493 4729 4610 1413 353 3197 239
internal_count=13592 4816 4772 8776 726 130 596 493 4729 4610 1413 353 3197 239
cat_boundaries=0 2 3 5
cat_threshold=68173978 1736 1073808897 2 1536
is_linear=0
shrinkage=0.05


Tree=197
num_leaves=15
num_cat=3
split_feature=0 5 0 4 4 4 4 5 0 4 5 2 4 4
split_gain=0.564945 0.50888 0.530685 1.49186 1.29467 0.914507 2.34716 0.778508 1.07883 0.652541 0.651195 0.600962 0.484369 0.458902
threshold=0 4.5000000000000009 1 17.458333333333336 18.975000000000005 13.991666666666669 13.141666666666667 5.5000000000000009 2 9.0916666666666686 5.5000000000000009 608.50000000000011 10.508333333333335 10.508333333333335
decision_type=9 2 9 2 2 2 2 2 9 2 2 2 2 2
left_child=1 -1 5 13 -5 6 9 8 -7 -3 11 -11 -12 -4
right_child=-2 2 3 4 -6 7 -8 -9 -10 10 12 -13 -14 -15
leaf_value=-8.4626575956814328e-06 4.4876417291228599e-05 0.0009451063389053771 -0.00094155986970630439 0.0010982137010454253 -0.00018473867040152969 0.0015310320858875071 0.0090432940762647292 -0.0021886683194360045 -0.001786989548485346 -0.0039505083259586404 -0.0016561143830364029 0.00037029971491010506 0.0012230823316398466 -0.00024063800190398112
leaf_weight=3698 8557 198 94 57 45 145 43 252 122 64 56 40 59 202
leaf_count=3698 8557 198 94 57 45 145 43 252 122 64 56 40 59 202
internal_value=5.86854e-05 -0.000358899 -0.0011801 -0.00269608 0.00245098 -0.000530839 0.00108696 -0.00197495 -9.3633e-05 -5.9952e-05 -0.00194064 -0.00480769 0.000652174 -0.00456081
internal_weight=13632 5075 1377 398 102 979 460 519 267 417 219 104 115 296
internal_count=13632 5075 1377 398 102 979 460 519 267 417 219 104 115 296
cat_boundaries=0 2 4 6
cat_threshold=1074922130 66136 1048578 66128 1048576 65552
is_linear=0
shrinkage=0.05


Tree=198
num_leaves=15
num_cat=3
split_feature=0 6 4 4 4 5 0 4 5 4 5 4 5 0
split_gain=0.681082 0.446235 0.422188 1.0214 1.01099 1.51559 1.01634 0.811602 0.802994 1.49859 0.72874 0.699418 0.639292 0.606837
threshold=0 2.6365046493076734 16.158333333333335 16.69166666666667 13.008333333333335 5.5000000000000009 1 17.175000000000004 1.5000000000000002 14.375000000000002 1.0000000180025095e-35 15.191666666666668 3.5000000000000004 2
decision_type=9 2 2 2 2 2 9 2 2 2 2 2 2 9
left_child=2 -2 4 -4 5 13 -6 -5 9 -8 -11 -10 -9 -1
right_child=1 -3 3 7 6 -7 8 12 11 10 -12 -13 -14 -15
leaf_value=4.1652932043775852e-05 -2.4684368411642677e-05 -0.0027077075533124663 0.00080100368800678501 -0.00033003878931067156 0.00016477727493962037 -0.0003717674446436059 -0.0056149565225934008 8.2413895904426274e-05 0.00011057425380831543 0.0019726473622521281 -0.0020788907181504557 -0.001705305779080324 0.00059919905457954121 0.00072425224791484728
leaf_weight=618 8501 52 139 165 105 283 107 1068 419 87 49 172 803 980
leaf_count=618 8501 52 139 165 105 283 107 1068 419 87 49 172 803 980
internal_value=8.11928e-05 -0.00018977 0.000544456 0.00106897 0.000141844 0.000810739 -0.00119808 0.000785855 -0.00177725 -0.00421811 -0.000735294 -0.000803723 0.00108231 0.00140801
internal_weight=13548 8553 4995 2175 2820 1881 939 2036 834 243 136 591 1871 1598
internal_count=13548 8553 4995 2175 2820 1881 939 2036 834 243 136 591 1871 1598
cat_boundaries=0 2 3 5
cat_threshold=3222471681 50313 1073742849 3221225473 32769
is_linear=0
shrinkage=0.05


Tree=199
num_leaves=15
num_cat=4
split_feature=0 5 0 6 6 6 5 0 0 5 2 6 6 2
split_gain=0.489639 0.168203 0.500244 0.279006 0.435891 0.471608 0.236406 0.507789 0.283562 0.147633 0.145995 0.143794 0.573243 0.356578
threshold=0 5.5000000000000009 1 2.5421628270873113 2.0643809316102675 1.3766220136373084 1.5000000000000002 2 3 4.5000000000000009 27.700000000000003 1.3766220136373084 1.957231865133048 304.90000000000003
decision_type=9 2 9 2 2 2 2 9 9 2 2 2 2 2
left_child=1 3 -3 4 5 6 7 10 9 -8 -1 -2 -13 -14
right_child=11 2 -4 -5 -6 -7 8 -9 -10 -11 -12 12 13 -15
leaf_value=0.00055042001685156607 3.9729259903220628e-05 0.00032343392279708953 -0.00054528244298465147 0.0081087022009362908 -0.0029173813632902505 0.0021165797855564827 3.4627340206172531e-05 -0.0001016146900661763 -0.00012598526486947703 -0.0008921379741799935 4.0707570191400594e-05 -0.0009026617135709736 0.0037490658041701044 -0.0009541632053526206
leaf_weight=236 7541 396 441 44 46 72 925 639 2136 288 746 65 48 70
leaf_count=236 7541 396 441 44 46 72 925 639 2136 288 746 65 48 70
internal_value=-0.000107719 -0.000447399 0.00020908 -0.000555339 -0.000589623 -0.000545418 -0.000603622 -0.000107958 -0.000843535 -0.000224857 0.000604839 0.000155159 -0.00122951 0.000847458
internal_weight=13693 5969 837 5132 5088 5042 4970 1621 3349 1213 982 7724 183 118
internal_count=13693 5969 837 5132 5088 5042 4970 1621 3349 1213 982 7724 183 118
cat_boundaries=0 2 4 6 8
cat_threshold=604192776 66134 604061696 6 536936456 84 131080 66050
is_linear=0
shrinkage=0.05


Tree=200
num_leaves=15
num_cat=1
split_feature=0 4 4 4 4 4 3 4 3 6 6 6 4 6
split_gain=0.419226 0.553754 1.36363 0.607148 0.406441 0.542655 1.55052 0.393946 0.365785 0.292443 0.722327 0.265096 0.260902 0.276616
threshold=0 14.958333333333334 13.29166666666667 16.841666666666672 11.075000000000001 9.908333333333335 18.750000000000004 12.641666666666667 19.250000000000004 1.957231865133048 1.5800944137126034 2.2409863868481232 11.725000000000001 2.6495975099665858
decision_type=9 2 2 2 2 2 2 2 2 2 2 2 2 2
left_child=1 2 4 -3 5 8 -7 -6 -1 10 -2 -11 -13 -14
right_child=9 3 -4 -5 7 6 -8 -9 -10 11 -12 12 13 -15
leaf_value=-3.0965147297970512e-05 -1.2318513655917852e-05 0.0020348597893725673 -0.001170012614336602 0.00028575090529083804 0.00017866786767352927 2.2648869947183847e-05 -0.0039093276654239232 2.7512914590308025e-05 0.002305389994685836 0.0023699618242592371 -0.00086886223634720101 0.013295353940639177 -0.0010169838867003956 0.0025473481261741649
leaf_weight=110 12176 119 82 416 106 102 61 76 101 81 75 40 45 47
leaf_count=110 12176 119 82 416 106 102 61 76 101 81 75 40 45 47
internal_value=9.16624e-06 0.000908707 -7.83699e-05 0.0021028 0.000809353 -0.00013369 -0.00230061 0.00274725 0.00154028 -7.61584e-05 -0.000108154 0.00176056 0.000378788 -0.00108696
internal_weight=13637 1173 638 535 556 374 163 182 211 12464 12251 213 132 92
internal_count=13637 1173 638 535 556 374 163 182 211 12464 12251 213 132 92
cat_boundaries=0 2
cat_threshold=82961 33792
is_linear=0
shrinkage=0.05


Tree=201
num_leaves=15
num_cat=0
split_feature=4 2 4 5 4 5 2 5 5 4 2 4 2 5
split_gain=0.29199 0.17015 0.218553 0.577778 0.249606 0.852458 0.309834 0.727506 0.427904 0.124 0.508125 0.783142 0.447746 0.594764
threshold=1.0000000180025095e-35 1544.7500000000002 11.975000000000001 2.5000000000000004 17.991666666666671 1.0000000180025095e-35 3593.4000000000001 2.5000000000000004 2.5000000000000004 19.808333333333337 560.05000000000007 21.891666666666669 608.50000000000011 2.5000000000000004
decision_type=2 2 2 2 2 2 2 2 2 2 2 2 2 2
left_child=-1 9 3 -3 -4 -6 7 -7 -8 -2 -11 12 -12 -14
right_child=1 2 4 -5 5 6 8 -9 -10 10 11 -13 13 -15
leaf_value=-0.00082476841473974052 1.3979679272624336e-05 -0.0025249640327059623 0.0004455244325311192 6.3148398720153098e-05 0.0024959748130452711 -0.0033226665264125045 -0.0010191028819266368 0.00072839584995755828 -0.0026181548664699072 1.8919281981250036e-05 -0.0048743554911485163 0.00018224454978398865 -0.0020320217685538379 0.00021592198510325125
leaf_weight=69 11979 45 81 72 46 70 43 145 51 699 56 130 61 62
leaf_count=69 11979 45 81 72 46 70 43 145 51 699 56 130 61 62
internal_value=-1.65332e-05 0 -0.000858951 -0.00277778 -0.000344037 -0.000915493 -0.00186084 -0.000813953 -0.00425532 3.6575e-05 -0.000496032 -0.00218447 -0.00432961 -0.00264228
internal_weight=13609 13540 553 117 436 355 309 215 94 12987 1008 309 179 123
internal_count=13609 13540 553 117 436 355 309 215 94 12987 1008 309 179 123
is_linear=0
shrinkage=0.05


Tree=202
num_leaves=15
num_cat=3
split_feature=0 6 4 2 6 4 4 4 0 4 5 5 6 0
split_gain=0.716933 1.60406 0.617664 0.632562 0.562829 0.559553 0.536302 1.04719 0.834714 1.34049 0.77729 1.35452 0.694861 0.631467
threshold=0 2.4586944599067744 21.19166666666667 325.55000000000007 1.7981909629808028 20.141666666666669 15.008333333333335 14.141666666666667 1 19.525000000000002 2.5000000000000004 1.5000000000000002 2.1641160589318189 2
decision_type=9 2 2 2 2 2 2 2 9 2 2 2 2 9
left_child=1 2 4 -4 5 -1 7 12 9 -8 11 -9 -2 -12
right_child=6 -3 3 -5 -6 -7 8 10 -10 -11 13 -13 -14 -15
leaf_value=-0.0001315949530499988 2.8945283867154449e-06 -0.0048902255259035028 -0.0002637107244673809 -0.0031021206305867272 0.0037972814618792319 0.0015464794082786033 0.00079683493531538261 -0.00088600434732961095 5.525655338055602e-05 -5.3612278176995437e-05 -0.0018336747474117844 0.0030915742930441416 0.011087752558166864 -0.00013171022538474854
leaf_weight=4740 4368 41 122 60 63 114 738 115 2541 299 126 65 59 116
leaf_count=4740 4368 41 122 60 63 114 738 115 2541 299 126 65 59 116
internal_value=-4.97531e-05 -0.000514563 -0.00043636 -0.0032967 -0.000330486 -0.00039143 0.000234088 -0.00010827 0.000698714 0.00188634 -0.00248815 0 0.00011859 -0.00433884
internal_weight=13567 5140 5099 182 4917 4854 8427 4849 3578 1037 422 180 4427 242
internal_count=13567 5140 5099 182 4917 4854 8427 4849 3578 1037 422 180 4427 242
cat_boundaries=0 2 4 6
cat_threshold=2216886937 114716 671088640 1027 0 2595
is_linear=0
shrinkage=0.05


Tree=203
num_leaves=15
num_cat=2
split_feature=0 4 4 6 4 4 0 4 4 4 3 4 6 4
split_gain=0.40064 0.79556 0.966821 0.722481 0.71462 0.519824 0.485332 0.712367 0.661727 0.331214 0.40198 0.298533 0.283461 0.27755
threshold=0 2.3833333333333337 4.0083333333333337 1.6524077332299629 20.883333333333336 1.0000000180025095e-35 1 6.4166666666666679 10.008333333333335 21.491666666666671 49.000000000000007 0.82500000000000007 2.6365046493076734 10.958333333333334
decision_type=9 2 2 2 2 2 9 2 2 2 2 2 2 2
left_child=1 11 -3 4 6 -2 8 -8 -4 -6 -11 -1 -7 -9
right_child=5 2 3 -5 9 12 7 13 -10 10 -12 -13 -14 -15
leaf_value=0.00011127100073899388 -0.0020695861330813415 -0.0024823404746545097 -0.00021350932151700531 0.0073449413581643148 0.00074032720056809169 9.037902085942684e-05 0.0021444779782333057 -0.0002009478097203532 -4.9500336998978267e-05 -0.00013571964765020096 0.001281393974254458 0.0040971760169713324 -0.0018318111522049652 -2.340516000230719e-05
leaf_weight=59 43 79 58 49 41 10244 77 515 98 61 45 90 68 2104
leaf_count=59 43 79 58 49 41 10244 77 515 98 61 45 90 68 2104
internal_value=0.000100873 -0.000380402 -0.000551647 -0.000410105 -0.000508503 0.000253256 -0.000683731 -0.000517369 -0.00331325 0.00289116 0.00141509 0.00318792 0.000276377 -0.000658648
internal_weight=13631 3276 3127 3048 2999 10355 2852 2696 156 147 106 149 10312 2619
internal_count=13631 3276 3127 3048 2999 10355 2852 2696 156 147 106 149 10312 2619
cat_boundaries=0 2 4
cat_threshold=1074937986 18944 2 16384
is_linear=0
shrinkage=0.05


Tree=204
num_leaves=15
num_cat=1
split_feature=0 4 4 4 4 4 4 4 4 4 2 4 2 4
split_gain=0.70941 0.579675 0.489466 1.28237 0.592759 1.03576 0.4992 0.388887 0.355574 0.785058 0.531823 0.423089 0.300131 0.257273
threshold=0 9.5083333333333346 8.2583333333333346 7.5750000000000002 4.0083333333333337 1.7500000000000002 5.6750000000000016 8.7250000000000014 12.29166666666667 11.208333333333334 560.05000000000007 10.208333333333334 304.90000000000003 15.008333333333335
decision_type=9 2 2 2 2 2 2 2 2 2 2 2 2 2
left_child=1 2 3 4 5 -1 -6 -4 9 10 11 -3 -11 -10
right_child=-2 8 7 -5 6 -7 -8 -9 13 12 -12 -13 -14 -15
leaf_value=-0.0011953269536314982 -1.5944298092127051e-05 0.0047226847154260287 -0.003255984530797615 0.0052778464968627932 -0.0014949517455355834 0.0044017458723964896 -0.0013179320560314678 -0.00074470818441939595 -8.4809386924822322e-05 0.0022351120262711134 -0.00039029367911752046 0.00035471906160335911 0.0040122865002533486 0.00045834663451460589
leaf_weight=63 11370 47 42 70 46 80 108 104 416 59 113 55 78 948
leaf_count=63 11370 47 42 70 46 80 108 104 416 59 113 55 78 948
internal_value=2.38988e-05 0.000837427 -0.000633528 0.000340599 -0.00109428 0.00122378 -0.00324675 -0.00308219 0.00128205 0.00269886 0.000813953 0.00343137 0.00565693 0.000916422
internal_weight=13599 2229 513 367 297 143 154 146 1716 352 215 102 137 1364
internal_count=13599 2229 513 367 297 143 154 146 1716 352 215 102 137 1364
cat_boundaries=0 2
cat_threshold=659 1057
is_linear=0
shrinkage=0.05


Tree=205
num_leaves=15
num_cat=4
split_feature=0 4 4 4 0 0 4 5 5 4 2 0 4 4
split_gain=0.543422 1.12764 0.537534 0.61115 1.04762 0.657199 0.578207 0.531176 0.527867 0.462311 0.450463 0.429082 0.476829 0.386061
threshold=0 23.608333333333338 17.591666666666672 18.925000000000004 1 2 20.141666666666669 3.5000000000000004 1.0000000180025095e-35 19.758333333333336 585.60000000000002 3 0.82500000000000007 19.291666666666671
decision_type=9 2 2 2 9 9 2 2 2 2 2 9 2 2
left_child=1 13 11 4 -4 6 9 8 -7 -5 -9 -2 -13 -1
right_child=2 -3 3 5 -6 7 -8 10 -10 -11 -12 12 -14 -15
leaf_value=-8.2693844993664289e-05 4.1438810987831644e-05 -0.0022861326814975383 0.0018068851931546948 -0.00078966488171711981 0.00035177426476689646 0.00054599588183002758 0.00017278695377266341 0.00027355091592958793 -0.00017312823335730032 -0.0033121200050617253 0.00070410805544428583 0.0014226144641144801 -0.00019808531230812166 0.00012572300850772212
leaf_weight=5889 2250 47 230 126 1416 80 137 133 214 62 67 68 2172 764
leaf_count=5889 2250 47 230 126 1416 80 137 133 214 62 67 68 2172 764
internal_value=6.04174e-05 -0.000260805 0.000369706 0.000963489 0.00151883 -0.000152625 -0.00186567 0.000992063 -0.000340136 -0.0037234 0.003 4.45434e-05 -0.000444444 -0.000206674
internal_weight=13655 6700 6955 2465 1646 819 325 494 294 188 200 4490 2240 6653
internal_count=13655 6700 6955 2465 1646 819 325 494 294 188 200 4490 2240 6653
cat_boundaries=0 2 4 6 8
cat_threshold=2885747730 19112 131080 3 2228232 32788 1073758345 66580
is_linear=0
shrinkage=0.05


Tree=206
num_leaves=15
num_cat=4
split_feature=0 4 4 4 4 0 4 5 0 5 5 4 0 4
split_gain=0.457886 0.373122 0.364245 0.328603 0.41587 1.16881 0.773447 0.363428 0.638517 0.954779 0.546309 0.283068 0.281445 0.280451
threshold=0 22.908333333333335 1.0000000180025095e-35 0.67500000000000016 3.058333333333334 1 2.3833333333333337 4.5000000000000009 2 1.5000000000000002 1.5000000000000002 22.575000000000003 3 13.175000000000002
decision_type=9 2 2 2 2 9 2 2 9 2 2 2 9 2
left_child=13 2 -2 -4 5 -5 7 8 10 -10 -7 12 -6 -1
right_child=1 -3 3 4 11 6 -8 -9 9 -11 -12 -13 -14 -15
leaf_value=-0.00014563334866305456 -0.00080594578735499194 0.00062654041433162779 0.001486125377759029 0.00059266510691597394 0.0005275660151031758 0.0038860858729362208 -0.0025999969514952982 0.0015214944177863315 -0.0040090438502952911 -0.00042193571784026609 -0.0025304627374325931 -0.0036671797080035876 -6.2718703841058158e-06 -7.3467359793966125e-05
leaf_weight=661 66 182 97 130 143 46 89 72 44 60 61 43 10415 1502
leaf_count=661 66 182 97 130 143 46 89 72 44 60 61 43 10415 1502
internal_value=-0.000174491 -4.80014e-05 -8.43245e-05 -6.25e-05 -8.78141e-05 -0.00149402 -0.00287958 -0.00167845 -0.00272512 -0.00526316 0.000213675 -2.12244e-05 -4.73575e-06 -0.000839853
internal_weight=13611 11448 11266 11200 11103 502 372 283 211 104 107 10601 10558 2163
internal_count=13611 11448 11266 11200 11103 502 372 283 211 104 107 10601 10558 2163
cat_boundaries=0 2 4 6 7
cat_threshold=1210122248 115712 537919504 21 2147483648 2114 1664
is_linear=0
shrinkage=0.05


Tree=207
num_leaves=15
num_cat=2
split_feature=0 6 4 4 5 5 0 5 5 2 4 4 4 4
split_gain=0.442388 0.481866 0.30841 1.51904 0.724687 0.332921 1.11866 1.36325 0.923747 0.575435 0.316865 0.598544 0.581336 0.439024
threshold=0 1.4760988674747659 17.358333333333338 16.69166666666667 5.5000000000000009 4.5000000000000009 1 1.5000000000000002 1.5000000000000002 578.90000000000009 9.0083333333333346 13.29166666666667 14.841666666666669 6.4166666666666679
decision_type=9 2 2 2 2 2 9 2 2 2 2 2 2 2
left_child=1 2 3 5 -4 6 8 -8 -1 -7 13 -12 -13 -10
right_child=-2 -3 4 -5 -6 9 7 -9 10 -11 11 12 -14 -15
leaf_value=-0.0012798190022072914 2.2961775447966072e-05 -0.0058892122909378845 -0.00024031750738081616 -0.0039352264359339972 0.0016305913757252934 -0.0021324265858928106 0.00076783015321126307 -0.0020825072284667511 0.00011096277069653772 0.00035917224219566836 -0.00043576621838116447 0.0035008347118424266 0.0015348202595132365 0.0047828798679527499
leaf_weight=200 11639 42 693 76 90 194 76 122 41 112 136 54 70 41
leaf_count=200 11639 42 693 76 90 194 76 122 41 112 136 54 70 41
internal_value=4.41631e-05 -0.000651507 -0.000538058 -0.00106952 0.000223499 -0.000573614 0 -0.003125 0.00117754 -0.00196078 0.00277778 0.00192308 0.00443548 0.0054878
internal_weight=13586 1947 1905 1122 783 1046 740 198 542 306 342 260 124 82
internal_count=13586 1947 1905 1122 783 1046 740 198 542 306 342 260 124 82
cat_boundaries=0 2 4
cat_threshold=2164362 65544 1544 65544
is_linear=0
shrinkage=0.05


Tree=208
num_leaves=15
num_cat=7
split_feature=0 5 0 5 6 6 0 5 5 0 0 5 0 0
split_gain=0.276245 0.508596 0.429697 0.211939 0.5243 0.505804 0.446559 0.292262 0.225674 0.919468 0.872634 0.304734 0.557815 0.320916
threshold=0 1.0000000180025095e-35 1 2.5000000000000004 1.8196118850109693 1.3560995056197489 2 1.5000000000000002 4.5000000000000009 3 4 5.5000000000000009 5 6
decision_type=9 2 9 2 2 2 9 2 2 9 9 2 9 9
left_child=1 2 -1 5 8 6 7 -3 9 -5 -10 12 -12 -13
right_child=-2 3 -4 4 -6 -7 -8 -9 10 -11 11 13 -14 -15
leaf_value=-3.713844690554358e-05 8.2650873032030786e-05 0.000136111860996474 0.00031725249608833829 -0.00010256181360628336 0.0022920932788015993 -0.0015894546781673015 -0.00024286627100736924 -3.9262031672288034e-05 0.00010505376884620277 0.00041376303259970661 -9.4978193756270479e-05 0.0001034051942492703 -0.00052793367288342938 -0.00021507485732918941
leaf_weight=198 6725 158 729 676 78 61 1583 179 417 1257 382 388 383 411
leaf_count=198 6725 158 729 676 78 61 1583 179 417 1257 382 388 383 411
internal_value=-3.11927e-05 -0.000253256 0.00083603 -0.000422736 -0.000212926 -0.000845533 -0.000703125 0.000936599 -0.000293817 9.05329e-05 -0.000668854 -0.00120712 -0.0019281 -0.000531915
internal_weight=13625 6900 927 5973 3992 1981 1920 337 3914 1933 1981 1564 765 799
internal_count=13625 6900 927 5973 3992 1981 1920 337 3914 1933 1981 1564 765 799
cat_boundaries=0 2 4 6 8 10 12 14
cat_threshold=3827320338 51780 1073759248 512 1610613776 16384 538984466 16388 2113536 4 2684354562 18432 603979792 576
is_linear=0
shrinkage=0.05


Tree=209
num_leaves=15
num_cat=1
split_feature=0 4 4 5 5 5 4 4 5 4 3 2 4 4
split_gain=0.557115 1.34739 0.566109 0.57559 0.563469 1.0087 1.45273 0.67306 0.484001 0.515522 0.428567 0.366984 0.340751 0.307565
threshold=0 10.508333333333335 3.7750000000000004 4.5000000000000009 1.0000000180025095e-35 1.5000000000000002 18.391666666666669 19.141666666666669 5.5000000000000009 13.008333333333335 18.750000000000004 560.05000000000007 16.091666666666672 9.0916666666666686
decision_type=9 2 2 2 2 2 2 2 2 2 2 2 2 2
left_child=1 2 -1 13 11 -6 8 -8 9 -7 -10 -3 -13 -4
right_child=-2 4 3 -5 5 6 7 -9 10 -11 -12 12 -14 -15
leaf_value=0.0012660943308132945 -2.1702078951524317e-05 8.7825042221179047e-05 -0.00021558003232610148 -0.00039189392958318694 0.00093109580593749301 0.00044535571504136231 -0.00075574254811333619 -6.2647853988459509e-05 0.00019659668940232857 0.00011034656070353367 0.0054205433031818797 -0.0017166503963753355 -4.6922677335325959e-05 1.5738952357965964e-05
leaf_weight=54 12251 45 93 71 148 126 49 100 59 359 45 40 65 100
leaf_count=54 12251 45 93 71 148 126 49 100 59 359 45 40 65 100
internal_value=-5.51268e-06 0.000953079 -0.00188679 -0.00284091 0.00183398 0.00231377 0.00155827 -0.00285235 0.00267402 0.00201031 0.00576923 -0.001 -0.00261905 -0.00142487
internal_weight=13605 1354 318 264 1036 886 738 149 589 485 104 150 105 193
internal_count=13605 1354 318 264 1036 886 738 149 589 485 104 150 105 193
cat_boundaries=0 2
cat_threshold=1208090754 17408
is_linear=0
shrinkage=0.05


Tree=210
num_leaves=15
num_cat=2
split_feature=0 4 4 0 4 5 4 5 5 5 3 4 2 4
split_gain=0.52333 0.754691 0.907462 0.803907 0.695652 0.603506 0.464089 0.487668 0.427204 0.848485 0.495238 0.464844 0.352294 0.318283
threshold=0 19.875000000000004 18.975000000000005 1 19.241666666666671 2.5000000000000004 21.491666666666671 1.5000000000000002 2.5000000000000004 3.5000000000000004 9.2500000000000018 20.525000000000002 1382.5000000000002 3.2583333333333337
decision_type=9 2 2 9 2 2 2 2 2 2 2 2 2 2
left_child=-1 2 13 4 -4 -5 8 -8 11 -10 -11 -3 -9 -2
right_child=1 6 3 5 -6 -7 7 12 9 10 -12 -13 -14 -15
leaf_value=-3.7589685776118213e-05 -0.00028396400005409328 -0.0032440545817715607 0.0058602293865354987 0.00088488538195479198 0.0014952841599186362 -0.00027019655300524191 0.0008386261728157208 -0.0004067061953660467 0.0032369459637861145 0.00021771214258401451 -0.00498752581601859 -0.0013363058874150903 -0.0029838921069664463 0.00010352011018560647
leaf_weight=6497 385 55 50 83 180 104 72 102 42 52 60 57 41 5851
leaf_count=6497 385 55 50 83 180 104 72 102 42 52 60 57 41 5851
internal_value=5.50216e-06 0.000300952 0.000439651 0.00269784 0.00458333 0.000126904 -0.00161123 0.000116279 -0.00300752 -0.0012987 -0.00357143 -0.00535714 -0.00157343 0.000288647
internal_weight=13631 7134 6653 417 230 187 481 215 266 154 112 112 143 6236
internal_count=13631 7134 6653 417 230 187 481 215 266 154 112 112 143 6236
cat_boundaries=0 2 4
cat_threshold=2752659984 82516 134217728 139
is_linear=0
shrinkage=0.05


Tree=211
num_leaves=15
num_cat=1
split_feature=4 1 4 4 4 4 4 4 4 5 4 4 4 4
split_gain=0.235336 0.252727 0.489115 0.451978 0.602513 0.860649 0.734743 0.717778 0.594088 0.572563 0.611964 0.740303 0.533599 0.580388
threshold=1.0000000180025095e-35 0 2.1583333333333337 4.8750000000000009 12.29166666666667 11.591666666666669 10.875000000000002 10.141666666666667 9.6416666666666675 1.5000000000000002 19.675000000000004 14.491666666666669 14.491666666666669 18.391666666666669
decision_type=2 1 2 2 2 2 2 2 2 2 2 2 2 2
left_child=-1 2 -2 -4 5 6 7 8 -5 12 11 -11 -6 -14
right_child=1 -3 3 4 9 -7 -8 -9 -10 10 -12 -13 13 -15
leaf_value=-0.00045500243528199538 -0.0022624148296028603 2.0537242427809411e-05 0.0016735038523572694 -0.00088793465884823286 -0.0034373499668760576 -0.0085790240603019381 0.0052591003410482479 -0.0035407490894446892 0.0020673011430319909 0.0045456163608629868 0.0019170453095647411 -0.0002165282596489071 2.3054087164653404e-05 -0.0041605617155273831
leaf_weight=72 62 11857 68 162 44 41 44 52 41 110 84 699 257 61
leaf_count=72 62 11857 68 162 44 41 44 52 41 110 84 699 257 61
internal_value=7.32386e-05 8.83522e-05 -0.000475504 -0.000315695 -0.000485893 -0.00235294 -0.0014214 -0.00245098 -0.00110837 1.99203e-05 0.000699888 0.000278121 -0.00165746 -0.000943396
internal_weight=13654 13582 1725 1663 1595 340 299 255 203 1255 893 809 362 318
internal_count=13654 13582 1725 1663 1595 340 299 255 203 1255 893 809 362 318
cat_boundaries=0 1
cat_threshold=2
is_linear=0
shrinkage=0.05


Tree=212
num_leaves=15
num_cat=0
split_feature=4 3 5 4 6 4 4 4 4 4 4 4 4 4
split_gain=0.194151 0.248229 0.116346 0.525012 0.615006 0.468693 0.510595 0.406402 0.63738 1.03865 0.725542 1.11779 1.29274 0.634399
threshold=0.23333333333333336 19.400000000000002 1.0000000180025095e-35 1.7500000000000002 1.4599319601943472 22.091666666666672 20.358333333333338 4.8750000000000009 13.375000000000002 13.591666666666669 11.808333333333335 12.208333333333334 12.725000000000001 7.5750000000000002
decision_type=2 2 2 2 2 2 2 2 2 2 2 2 2 2
left_child=1 -1 3 -2 5 6 7 -5 10 -10 13 -12 -13 -9
right_child=2 -3 -4 4 -6 -7 -8 8 9 -11 11 12 -14 -15
leaf_value=-0.00090433660663321593 -0.00065184217598961429 0.0011638253600493309 1.2316174417431604e-05 0.0016388754063539014 0.0089518543968301282 -0.0015270074653635003 0.0029017436685991604 -0.00064910723480084977 0.0035892447846552159 0.00013536571631460605 -0.0014296632679913213 0.0036837667423728574 -0.0038747027411111246 0.00010011278401801938
leaf_weight=77 49 44 11569 83 41 57 56 57 43 937 50 52 65 399
leaf_count=77 49 44 11569 83 41 57 56 57 43 937 50 52 65 399
internal_value=0.000134399 -0.0018595 0.000152326 0.000516146 0.000652174 0.000514175 0.000660161 0.000504152 0.000327511 0.00112245 -0.000922953 -0.00374251 -0.00106838 0.000109649
internal_weight=13579 121 13458 1889 1840 1799 1742 1686 1603 980 623 167 117 456
internal_count=13579 121 13458 1889 1840 1799 1742 1686 1603 980 623 167 117 456
is_linear=0
shrinkage=0.05


Tree=213
num_leaves=15
num_cat=4
split_feature=0 4 0 4 4 0 4 4 4 4 4 0 4 6
split_gain=0.742061 0.424652 0.806253 0.922817 0.522685 0.321995 0.929591 0.887115 0.3371 0.315819 0.495507 0.719554 0.52261 0.563014
threshold=0 18.008333333333336 1 20.883333333333336 20.141666666666669 2 19.708333333333336 19.475000000000005 19.291666666666671 17.408333333333335 16.608333333333338 3 16.375000000000004 1.5022573144106934
decision_type=9 2 9 2 2 9 2 2 2 2 2 9 2 2
left_child=1 -1 4 -4 5 6 7 -3 -7 10 12 -12 13 -2
right_child=9 2 3 -5 -6 8 -8 -9 -10 -11 11 -13 -14 -15
leaf_value=-6.8046293257867377e-05 1.6472905156927897e-05 -0.0015490894073863365 -6.4243875304037531e-05 -0.00093671482100756158 0.00063914458749248231 -0.00042936082398848941 -0.0032743405637439718 0.0052856556220195862 0.0024391340661566122 0.00023643071368838477 -0.0014995269191056483 -3.8144559492625521e-05 0.0015299337999063107 0.0039473188195205565
leaf_weight=5359 4797 248 201 83 252 86 66 48 50 1806 131 303 108 132
leaf_count=5359 4797 248 201 83 252 86 66 48 50 1806 131 303 108 132
internal_value=-3.29188e-05 -0.000425582 -0.00135397 -0.00357143 -0.000460526 -0.00140562 -0.00215054 -0.00101351 0.000684932 0.0003122 0.000123378 -0.0014977 0.000263053 0.000187665
internal_weight=13670 6393 1034 284 750 498 362 296 136 7277 5471 434 5037 4929
internal_count=13670 6393 1034 284 750 498 362 296 136 7277 5471 434 5037 4929
cat_boundaries=0 2 4 6 8
cat_threshold=1680868506 100870 1048578 35334 0 518 2147614720 16
is_linear=0
shrinkage=0.05


Tree=214
num_leaves=15
num_cat=3
split_feature=0 4 4 4 0 4 0 5 4 5 4 4 5 4
split_gain=0.505506 0.661298 0.261194 1.00876 0.531199 0.940445 0.469032 1.01468 1.18039 0.658416 1.06765 0.806826 0.592552 1.26059
threshold=0 0.23333333333333336 17.958333333333336 17.758333333333336 1 18.008333333333336 2 2.5000000000000004 10.508333333333335 1.0000000180025095e-35 12.208333333333334 14.191666666666668 1.5000000000000002 8.0083333333333346
decision_type=9 2 2 2 9 2 9 2 2 2 2 2 2 2
left_child=-1 -2 3 6 -4 -6 7 8 -3 11 -11 -10 13 -8
right_child=1 2 4 -5 5 -7 12 -9 9 10 -12 -13 -14 -15
leaf_value=-8.775124529437629e-05 -0.0008459984556644873 -0.00012357067329369921 -8.6341984610721628e-05 -0.0011021567337446581 0.0015984446080675064 0.00014790842350014268 -0.0014542802733239436 -5.5343861749102004e-06 -0.0010963251080185145 0.0026017126867531994 0.00085925538247024207 0.00053358773122612617 4.1552212702533624e-05 -3.2020980098548817e-05
leaf_weight=7531 53 186 155 70 137 1066 127 805 55 51 204 72 2307 762
leaf_count=7531 53 186 155 70 137 1066 127 805 55 51 204 72 2307 762
internal_value=3.12937e-05 0.000371287 0.000421044 0.000242509 0.00103093 0.00138087 0.000333771 0.00110268 0.00272887 0.00431937 0.00578431 0.00137795 0 -0.00109674
internal_weight=13581 6050 5997 4639 1358 1203 4569 1373 568 382 255 127 3196 889
internal_count=13581 6050 5997 4639 1358 1203 4569 1373 568 382 255 127 3196 889
cat_boundaries=0 2 3 5
cat_threshold=2284913281 49766 1140851714 1140851720 17
is_linear=0
shrinkage=0.05


Tree=215
num_leaves=15
num_cat=1
split_feature=0 4 4 4 5 2 4 4 4 4 4 6 4 4
split_gain=0.363316 0.499217 0.519403 1.45221 1.13874 1.11626 0.594162 0.548211 0.522174 0.614778 0.897536 0.303141 0.288423 0.370187
threshold=0 2.0166666666666671 11.125000000000002 15.858333333333336 1.5000000000000002 1036.8500000000001 9.908333333333335 16.008333333333336 4.0083333333333337 5.6750000000000016 7.2833333333333341 2.6365046493076734 9.0916666666666686 8.9916666666666689
decision_type=9 2 2 2 2 2 2 2 2 2 2 2 2 2
left_child=1 -1 6 4 -4 -6 8 -5 -3 -10 -11 -2 13 -12
right_child=11 2 3 7 5 -7 -8 -9 9 10 12 -13 -14 -15
leaf_value=0.0015765799715206864 3.0004003149483596e-05 -0.0028552169670321703 -0.00077659039305701951 -0.00080551277905497329 0.0006005184542547449 0.003648578924652035 -0.00076515530825614359 -0.00012318137088350724 0.0015572342328477153 -0.0038192001258331946 3.1485462453484382e-05 -0.0018075125943828318 -0.0002423128016732612 0.0051871527961993846
leaf_weight=83 11080 69 159 60 368 48 210 1178 46 52 107 75 78 44
leaf_count=83 11080 69 159 60 368 48 210 1178 46 52 107 75 78 44
internal_value=4.57641e-05 -0.000497611 -0.000630426 -0.000206839 0.00186957 0.00324519 -0.00189769 -0.00117124 -0.000757576 7.64526e-05 -0.000800712 0.000167936 0.000545852 0.00182119
internal_weight=13657 2502 2419 1813 575 416 606 1238 396 327 281 11155 229 151
internal_count=13657 2502 2419 1813 575 416 606 1238 396 327 281 11155 229 151
cat_boundaries=0 2
cat_threshold=1142097411 512
is_linear=0
shrinkage=0.05


Tree=216
num_leaves=15
num_cat=2
split_feature=0 4 6 4 6 4 0 5 4 5 4 4 4 4
split_gain=0.28164 0.531868 0.235589 0.858522 0.525252 0.512418 0.231982 1.21977 1.13744 0.438312 0.386905 0.23213 0.790711 0.175016
threshold=0 1.0000000180025095e-35 1.5800944137126034 15.191666666666668 2.5421628270873113 10.725000000000001 1 2.5000000000000004 17.241666666666671 1.0000000180025095e-35 16.908333333333335 12.591666666666669 14.775000000000002 11.658333333333335
decision_type=9 2 2 2 2 2 9 2 2 2 2 2 2 2
left_child=13 -2 6 4 5 -4 7 9 11 -3 -11 -9 -13 -1
right_child=1 2 3 -5 -6 -7 -8 8 -10 10 -12 12 -14 -15
leaf_value=3.261518474815817e-05 -0.0017957195545590166 7.8232322879559507e-05 -0.00071393378515082764 -0.0033618739344556171 0.013858089575913357 0.0018094856593665167 2.4168380120453969e-05 -7.7742964028187927e-05 0.00021735998808124213 0.0011031623043267131 0.00070386586351660341 -0.0032264937650262728 -4.9010179077452201e-05 -9.4611560535051717e-05
leaf_weight=1360 61 56 40 106 42 45 8897 79 60 78 42 40 58 2689
leaf_count=1360 61 56 40 106 42 45 8897 79 60 78 42 40 58 2689
internal_value=-1.8311e-06 0.000145621 0.000175521 -0.00139485 0.00137795 -0.000882353 0.000214823 0.00135934 -0.000949367 0.00454545 0.00625 -0.0029661 -0.00459184 -0.000351072
internal_weight=13653 9604 9543 233 127 85 9310 413 237 176 120 177 98 4049
internal_count=13653 9604 9543 233 127 85 9310 413 237 176 120 177 98 4049
cat_boundaries=0 2 4
cat_threshold=3422684691 33288 8 17408
is_linear=0
shrinkage=0.05


Tree=217
num_leaves=15
num_cat=0
split_feature=6 2 4 5 4 4 2 4 4 5 4 4 4 5
split_gain=0.353255 0.549673 0.361755 0.300453 0.244808 0.703092 0.399124 0.745375 0.700832 0.380096 0.548119 0.281693 0.210211 1.09725
threshold=2.6365046493076734 295.25000000000006 19.758333333333336 2.5000000000000004 23.608333333333338 22.975000000000005 585.60000000000002 22.450000000000003 21.491666666666671 1.5000000000000002 19.958333333333336 20.775000000000002 19.591666666666672 3.5000000000000004
decision_type=2 2 2 2 2 2 2 2 2 2 2 2 2 2
left_child=2 -2 12 4 5 6 7 8 9 10 -4 -8 -1 -14
right_child=1 -3 3 -5 -6 -7 11 -9 -10 -11 -12 -13 13 -15
leaf_value=7.2331863352648186e-06 4.010795894309194e-05 -0.0086765262132559914 0.0003718100745512265 -2.2762402640191804e-05 0.00014131236053213092 -0.0062230329732411828 -0.0028829067265792709 -0.0020808435298941609 0.0038297113556388322 -0.00048848349276551237 -0.0010828239633179193 -0.00070115005259681622 0.0040189512205707992 -0.0015664855515449773
leaf_weight=12279 45 40 41 620 43 47 47 43 50 53 69 67 92 68
leaf_count=12279 45 40 41 620 43 47 47 43 50 53 69 67 92 68
internal_value=-2.20523e-05 -0.00323529 -1.84925e-06 -0.00087963 -0.00184783 -0.00221823 -0.00148649 -0.000390625 0.000821596 -0.000766871 0.000909091 -0.00394737 7.43629e-05 0.001875
internal_weight=13604 85 13519 1080 460 417 370 256 213 163 110 114 12439 160
internal_count=13604 85 13519 1080 460 417 370 256 213 163 110 114 12439 160
is_linear=0
shrinkage=0.05


Tree=218
num_leaves=15
num_cat=2
split_feature=0 4 4 4 4 3 4 4 0 4 6 4 4 4
split_gain=0.469634 0.544531 1.08401 0.925763 1.21753 0.596934 0.439207 0.46439 0.423445 0.643124 0.386932 0.302703 0.299104 0.478556
threshold=0 17.175000000000004 17.358333333333338 15.941666666666668 15.741666666666669 15.650000000000002 17.675000000000004 17.891666666666669 1 21.891666666666669 1.3560995056197489 16.69166666666667 19.958333333333336 18.625000000000004
decision_type=9 2 2 2 2 2 2 2 9 2 2 2 2 2
left_child=-1 3 -3 4 10 -5 -4 -8 9 12 -2 -7 13 -9
right_child=1 2 6 5 -6 11 7 8 -10 -11 -12 -13 -14 -15
leaf_value=3.1007679992478554e-05 -7.4217475143539827e-05 0.0040659911357622041 -0.003260335532559386 -0.001386901607800628 0.0042934112905923198 -0.0023051921120340714 0.001014042141578228 -0.0017090774617246425 8.9040421669728256e-05 0.0011948472040543001 0.0050401320620360405 0.00032247753427982475 -0.0037505371699313619 3.6088312982701656e-05
leaf_weight=8035 3277 63 90 215 46 186 50 70 1195 47 77 92 55 119
leaf_count=8035 3277 63 90 215 46 186 50 70 1195 47 77 92 55 119
internal_value=-8.62892e-05 -0.000438126 0.000310835 -0.000764192 -0.000470588 -0.00278905 6.15006e-05 0.000260417 0.000100942 -0.00157807 -0.000581395 -0.00125899 -0.00266393 -0.00171958
internal_weight=13617 5582 1689 3893 3400 493 1626 1536 1486 291 3354 278 244 189
internal_count=13617 5582 1689 3893 3400 493 1626 1536 1486 291 3354 278 244 189
cat_boundaries=0 2 4
cat_threshold=3960472074 33854 1025 513
is_linear=0
shrinkage=0.05


Tree=219
num_leaves=15
num_cat=1
split_feature=0 4 4 4 4 3 5 5 4 4 4 4 4 4
split_gain=0.536267 0.649344 0.532304 0.383516 0.375871 0.524614 0.682377 0.303232 0.830604 0.747682 1.12461 0.849015 0.763477 0.444226
threshold=0 1.5083333333333335 22.741666666666671 23.125000000000004 21.491666666666671 20.000000000000004 3.5000000000000004 4.5000000000000009 19.758333333333336 19.958333333333336 19.675000000000004 20.775000000000002 22.575000000000003 9.4416666666666682
decision_type=9 2 2 2 2 2 2 2 2 2 2 2 2 2
left_child=1 -1 4 -4 -2 6 -6 9 13 10 -3 -11 -13 -9
right_child=2 7 3 -5 5 -7 -8 8 -10 11 -12 12 -14 -15
leaf_value=-0.0016501289965535793 -3.6198313299062869e-05 4.9046220257153998e-05 0.0021741957029385722 0.00012979472142203853 0.00026150335332204567 -0.0029993671814298908 -0.0015956543125586144 0.00091417217476303942 0.0022742730918254685 -0.0038407850360507008 0.0037534293157160284 0.00024733581030605414 -0.0043945443802026031 5.0455901820403717e-05
leaf_weight=83 8682 2943 46 113 74 45 42 187 98 72 57 120 47 1048
leaf_count=83 8682 2943 46 113 74 45 42 187 98 72 57 120 47 1048
internal_value=3.11196e-05 0.000466238 -0.000194186 0.00267296 -0.000245957 -0.00263975 -0.000862069 0.000546807 0.00118155 0.000285582 0.0005 -0.00240586 -0.000449102 0.00082996
internal_weight=13657 4655 9002 159 8843 161 116 4572 1333 3239 3000 239 167 1235
internal_count=13657 4655 9002 159 8843 161 116 4572 1333 3239 3000 239 167 1235
cat_boundaries=0 2
cat_threshold=2149793802 1185
is_linear=0
shrinkage=0.05


Tree=220
num_leaves=15
num_cat=5
split_feature=0 5 5 0 6 6 6 5 0 2 6 5 0 0
split_gain=0.519342 0.274562 0.693033 0.274259 0.389037 0.352442 0.408241 0.322836 0.558793 0.430319 0.236878 0.23626 0.98747 0.725862
threshold=0 3.5000000000000004 4.5000000000000009 1 2.1144066871268676 2.5421628270873113 2.2013955467436794 1.0000000180025095e-35 2 585.60000000000002 2.6746039791475802 1.5000000000000002 3 4
decision_type=9 2 2 9 2 2 2 2 9 2 2 2 9 9
left_child=1 -1 -3 4 7 6 11 8 9 -2 -7 12 -5 -13
right_child=3 2 -4 5 -6 10 -8 -9 -10 -11 -12 13 -14 -15
leaf_value=-0.00011823522087373028 -0.00095740480073491785 0.00045465111110166713 -2.869873528126288e-05 -0.00012456407597891684 -0.0050437211140076715 0.012028197552226999 -0.0019675729199968017 0.00026762646321802918 0.00020737819324399278 -0.0023719908213709843 0.0019698235739693316 -8.5672511262593909e-05 0.0001740111626670815 0.00014099524630714066
leaf_weight=525 102 117 265 1033 41 42 40 3297 330 91 41 3084 1418 3229
leaf_count=525 102 117 265 1033 41 42 40 3297 330 91 41 3084 1418 3229
internal_value=0.000140974 -0.00100872 0 0.000223389 0.000574787 7.02484e-05 3.97547e-05 0.000628272 -0.000525813 -0.00258621 0.00331325 6.27567e-05 0.000479396 -9.90021e-05
internal_weight=13655 907 382 12748 3861 8887 8804 3820 523 193 83 8764 2451 6313
internal_count=13655 907 382 12748 3861 8887 8804 3820 523 193 83 8764 2451 6313
cat_boundaries=0 2 4 6 8 10
cat_threshold=1140852225 32768 2228378 649 131072 129 1114112 83974 671105024 1136
is_linear=0
shrinkage=0.05


Tree=221
num_leaves=15
num_cat=0
split_feature=4 4 2 6 4 4 4 4 5 5 4 2 4 4
split_gain=0.269829 0.553497 0.225903 0.199309 0.572451 0.567845 0.410546 0.213765 0.317989 0.285046 0.718432 0.451608 0.758797 0.819114
threshold=17.958333333333336 17.825000000000003 295.25000000000006 1.3355396910605088 14.141666666666667 4.8750000000000009 10.875000000000002 17.591666666666672 3.5000000000000004 4.5000000000000009 8.8416666666666686 29.450000000000003 16.608333333333338 9.6416666666666675
decision_type=2 2 2 2 2 2 2 2 2 2 2 2 2 2
left_child=1 3 -3 7 5 -5 -7 9 -9 -1 -11 12 13 -12
right_child=-2 2 -4 4 -6 6 -8 8 -10 10 11 -13 -14 -15
leaf_value=7.3294031098791741e-07 6.2001038100509284e-05 -0.00017573723381050235 -0.0044970433667139041 -0.0035202165722774681 -0.0021874255543081035 0.0066094294801131437 -0.00046075111258281343 -1.0636350171544518e-05 0.00091339463456053822 0.00018535967862040316 -0.0023227380560472467 -0.00016344926810683559 -0.0012486070201969237 -7.1210276895128385e-05
leaf_weight=6693 3734 51 53 49 78 68 63 77 61 608 42 1574 53 402
leaf_count=6693 3734 51 53 49 78 68 63 77 61 608 42 1574 53 402
internal_value=-8.08467e-05 -0.000217788 -0.00384615 -0.000179156 -0.00155039 0 0.00171756 -0.000141956 0.00181159 -0.000170721 -0.00060657 -0.00105022 -0.00236419 -0.00168919
internal_weight=13606 9872 104 9768 258 180 131 9510 138 9372 2679 2071 497 444
internal_count=13606 9872 104 9768 258 180 131 9510 138 9372 2679 2071 497 444
is_linear=0
shrinkage=0.05


Tree=222
num_leaves=15
num_cat=2
split_feature=0 6 4 4 4 4 6 0 4 4 4 4 4 4
split_gain=0.568193 0.531888 0.558844 0.576727 0.457397 0.534193 0.832104 0.517129 0.403386 0.403035 0.717996 0.324481 0.314233 0.405
threshold=0 2.5784757249888215 22.741666666666671 23.125000000000004 1.0000000180025095e-35 9.8416666666666686 1.3560995056197489 1 9.3750000000000018 22.575000000000003 21.491666666666671 22.166666666666668 1.5083333333333335 0.23333333333333336
decision_type=9 2 2 2 2 2 2 9 2 2 2 2 2 2
left_child=9 2 4 -4 -2 6 7 8 -6 10 12 -7 13 -1
right_child=1 -3 3 -5 5 11 -8 -9 -10 -11 -12 -13 -14 -15
leaf_value=0.0043382004858007975 -0.0017057588050935824 -0.0039337588484847147 0.0025087040071693936 0.000244729922096662 0.00028243146209066541 -6.859474640819041e-05 0.0033488175751038574 -4.0186861576269053e-05 0.0015064243153395274 -0.0026945495351132168 0.0018561858422401325 -0.00087593061375605967 7.3218940275604491e-05 -0.002543557802256752
leaf_weight=45 41 53 41 106 452 5670 45 1519 43 84 74 51 5307 75
leaf_count=45 41 53 41 106 452 5670 45 1519 43 84 74 51 5307 75
internal_value=7.3497e-05 -0.000196115 -0.000163153 0.00289116 -0.00022056 -0.000192802 0.000497814 0.000347567 0.00173267 0.000460232 0.000513543 -0.000441356 0.00044684 -0.00208333
internal_weight=13606 8021 7968 147 7821 7780 2059 2014 495 5585 5501 5721 5427 120
internal_count=13606 8021 7968 147 7821 7780 2059 2014 495 5585 5501 5721 5427 120
cat_boundaries=0 2 4
cat_threshold=3293338 99497 1610678785 16
is_linear=0
shrinkage=0.05


Tree=223
num_leaves=15
num_cat=2
split_feature=0 6 6 4 4 2 4 5 4 6 4 4 0 5
split_gain=0.629929 0.546249 0.611796 0.438446 0.380221 1.06227 0.699685 0.655024 0.646622 0.705885 0.666538 1.20031 0.832926 1.79189
threshold=0 2.6365046493076734 1.5140896295432389 23.125000000000004 2.1583333333333337 304.90000000000003 0.82500000000000007 2.5000000000000004 11.208333333333334 1.3560995056197489 12.858333333333336 12.725000000000001 1 3.5000000000000004
decision_type=9 2 2 2 2 2 2 2 2 2 2 2 9 2
left_child=3 2 -2 4 5 6 -1 -8 9 -6 11 12 -10 -14
right_child=1 -3 -4 -5 8 -7 7 -9 10 -11 -12 -13 13 -15
leaf_value=0.0013278334558831763 -3.6393186889532857e-05 0.0090160847613077518 -0.00089685198375197847 -0.0017034480764538951 0.00013322989703428434 -0.003682122376354552 0.00064998834615371539 -0.0030525712279691032 -0.0012630320208318114 0.0060798714075014472 0.0001161046518486697 -0.0055322025516700126 0.0016716643462223125 -0.00036065886447733122
leaf_weight=72 7417 41 103 57 1698 57 40 55 284 60 3436 42 143 109
leaf_count=72 7417 41 103 57 1698 57 40 55 284 60 3436 42 143 109
internal_value=3.67269e-05 -0.000267468 -0.000299202 0.00041646 0.000458639 -0.0015625 0.000449102 -0.00236842 0.000537076 0.00133675 0.000186846 -0.00138408 -0.000746269 0.00133588
internal_weight=13614 7561 7520 6053 5996 224 167 95 5772 1758 4014 578 536 252
internal_count=13614 7561 7520 6053 5996 224 167 95 5772 1758 4014 578 536 252
cat_boundaries=0 2 4
cat_threshold=2281914512 99532 2281701376 65604
is_linear=0
shrinkage=0.05


Tree=224
num_leaves=15
num_cat=2
split_feature=0 4 4 4 4 3 2 4 5 4 4 0 5 4
split_gain=0.78245 0.649326 0.52113 0.748246 0.48578 0.521977 0.69599 0.513814 0.586124 0.458209 0.369036 0.655999 0.597184 0.565707
threshold=0 19.525000000000002 19.141666666666669 18.808333333333337 19.875000000000004 7.0000000000000009 1036.8500000000001 21.891666666666669 2.5000000000000004 1.0000000180025095e-35 15.258333333333335 1 5.5000000000000009 3.7750000000000004
decision_type=9 2 2 2 2 2 2 2 2 2 2 9 2 2
left_child=9 2 3 10 -3 7 -7 -6 -9 -1 11 13 -12 -2
right_child=1 4 -4 -5 5 6 -8 8 -10 -11 12 -13 -14 -15
leaf_value=-0.0024754451396354349 0.0034094614592256852 -0.00064458903271984169 0.00042964313514569645 -0.0012909572969547923 0.00022607947183338474 -0.0026026039271467988 -0.00042746202758984776 -0.00060257472449165572 4.2818211841605397e-05 0.00010050408965871505 -3.8186986476840268e-06 -1.8918512500304409e-05 0.0010559131225292174 -0.00015567190304942026
leaf_weight=51 48 60 69 58 101 52 42 40 55 9477 1246 1562 186 585
leaf_count=51 48 60 69 58 101 52 42 40 55 9477 1246 1562 186 585
internal_value=6.60211e-05 -0.000510452 -0.000319659 -0.000400271 -0.00257143 -0.00172414 -0.00478723 -0.000255102 -0.00289474 0.000314531 -0.000310174 -0.00071754 0.000314246 -0.00206065
internal_weight=13632 4104 3754 3685 350 290 94 196 95 9528 3627 2195 1432 633
internal_count=13632 4104 3754 3685 350 290 94 196 95 9528 3627 2195 1432 633
cat_boundaries=0 2 4
cat_threshold=2282946696 2751 1142947843 50176
is_linear=0
shrinkage=0.05


Tree=225
num_leaves=15
num_cat=2
split_feature=0 4 6 4 4 4 4 4 4 4 4 7 0 4
split_gain=0.482923 0.603064 0.705046 0.461759 1.44386 1.30086 0.519844 0.518281 0.468432 1.06535 0.70353 0.430148 0.421345 0.417851
threshold=0 17.991666666666671 1.8196118850109693 1.0083333333333335 3.7750000000000004 4.8750000000000009 6.4166666666666679 7.0250000000000012 11.075000000000001 11.891666666666667 10.508333333333335 1.0000000180025095e-35 1 23.125000000000004
decision_type=9 2 2 2 2 2 2 2 2 2 2 2 9 2
left_child=3 -2 13 -1 -5 -6 -7 -8 10 -10 -9 -12 -11 -3
right_child=1 2 -4 4 5 6 7 8 9 12 11 -13 -14 -15
leaf_value=-0.0019951974944288687 6.5174869600670426e-06 0.00026453435012089302 0.0040891330066994969 0.0013584937231773731 -0.0028540400583931982 0.0012036741503102411 -0.0044728533703728979 -1.9151487454885376e-05 -0.0059273759746687471 -5.47532583326682e-05 0.0037310267788888463 1.4099099141740012e-05 -8.1101794303684033e-05 -0.0005478968201369117
leaf_weight=55 8285 2095 52 80 44 47 49 338 45 158 69 54 2103 134
leaf_count=55 8285 2095 52 80 44 47 49 338 45 158 69 54 2103 134
internal_value=9.5532e-05 0.000255295 0.000975449 -0.000458716 -0.000376632 -0.000558996 -0.000427873 -0.000514915 -0.000424648 -0.000715525 0.00103037 0.00426829 -0.00056391 0.000841184
internal_weight=13608 10566 2281 3042 2987 2907 2863 2816 2767 2306 461 123 2261 2229
internal_count=13608 10566 2281 3042 2987 2907 2863 2816 2767 2306 461 123 2261 2229
cat_boundaries=0 2 3
cat_threshold=70336529 114704 67125264
is_linear=0
shrinkage=0.05


Tree=226
num_leaves=15
num_cat=1
split_feature=0 4 4 3 4 4 4 3 4 4 4 4 4 5
split_gain=0.730991 0.553538 0.793596 0.699287 0.701475 0.654688 0.670668 0.984006 0.51653 0.644428 0.471175 0.49152 0.483342 0.325937
threshold=0 16.158333333333335 16.375000000000004 19.400000000000002 19.525000000000002 17.241666666666671 17.125000000000004 11.050000000000002 19.908333333333335 19.675000000000004 17.541666666666671 17.958333333333336 18.008333333333336 2.5000000000000004
decision_type=9 2 2 2 2 2 2 2 2 2 2 2 2 2
left_child=1 -1 -3 5 -5 6 7 -4 9 10 -7 -12 -13 -10
right_child=-2 2 3 4 -6 8 -8 -9 13 -11 11 12 -14 -15
leaf_value=2.8340393572234837e-05 -4.1781911763549845e-05 0.0036768924722459686 -0.0024173395600672444 0.0022795527341609892 6.2059330744845828e-05 0.0042474615047110587 -0.0030421873811402934 0.0032192559796834722 -0.0023676802175999325 0.002644710840712028 -0.0031369396378925773 0.0011545176390749812 0.00033737659183560311 0.00053251286959296042
leaf_weight=1697 10924 42 65 102 91 41 43 48 66 44 47 94 254 93
leaf_count=1697 10924 42 65 102 91 41 43 48 66 44 47 94 254 93
internal_value=-4.57842e-05 0.000685057 0.00160194 0.00131579 0.00401554 0.000660377 -0.00224359 -0.000221239 0.00136933 0.0021875 0.0016055 0.00107595 0.00172414 -0.00110063
internal_weight=13651 2727 1030 988 193 795 156 113 639 480 436 395 348 159
internal_count=13651 2727 1030 988 193 795 156 113 639 480 436 395 348 159
cat_boundaries=0 2
cat_threshold=2147615360 1153
is_linear=0
shrinkage=0.05


Tree=227
num_leaves=15
num_cat=1
split_feature=0 4 4 4 5 6 6 4 4 3 4 4 4 6
split_gain=0.802238 0.704218 1.1183 0.953508 0.728703 0.501299 0.876849 0.815021 0.694644 0.493723 0.40572 0.796704 0.525011 0.380013
threshold=0 5.6750000000000016 7.5750000000000002 4.0083333333333337 4.5000000000000009 2.5034626708777576 1.5800944137126034 11.341666666666669 9.0083333333333346 7.3500000000000005 20.008333333333336 19.908333333333335 20.358333333333338 1.1557608829651618
decision_type=9 2 2 2 2 2 2 2 2 2 2 2 2 2
left_child=1 3 -3 4 -1 6 10 -7 -8 -10 11 13 -12 -2
right_child=5 2 -4 -5 -6 7 8 -9 9 -11 12 -13 -14 -15
leaf_value=-0.00043073709776627613 7.0890227935516145e-05 -0.0013175132092012156 -5.7951895511282331e-05 0.0022758616562614242 0.0049040645274387624 0.017395726291177561 -0.0065453138655214406 0.00090736348727765703 -0.0010600796219785602 0.0018161471582164746 -0.0012387916728603566 0.00056594925280480937 -7.1721677756586558e-05 0.001676280974774519
leaf_weight=125 9281 70 2940 55 44 41 41 60 57 56 88 72 606 58
leaf_count=125 9281 70 2940 55 44 41 41 60 57 56 88 72 606 58
internal_value=-7.35619e-06 -0.000693588 -0.00089701 0.00200893 0.000147929 0.000207329 0.000173019 0.00371287 -0.00357143 -0.00154867 0.000230084 0.000316119 -0.000936599 0.000275725
internal_weight=13594 3234 3010 224 169 10360 10259 101 154 113 10105 9411 694 9339
internal_count=13594 3234 3010 224 169 10360 10259 101 154 113 10105 9411 694 9339
cat_boundaries=0 2
cat_threshold=1075921931 16900
is_linear=0
shrinkage=0.05


Tree=228
num_leaves=15
num_cat=2
split_feature=0 4 4 4 4 5 4 4 4 0 4 4 5 5
split_gain=0.428182 0.776706 1.14323 0.737221 0.945551 0.728224 1.30507 0.923465 0.867964 0.562615 0.541822 1.17789 0.972304 0.883838
threshold=0 14.29166666666667 13.008333333333335 22.741666666666671 23.208333333333336 3.5000000000000004 13.641666666666667 13.891666666666667 13.29166666666667 1 11.075000000000001 11.441666666666668 3.5000000000000004 4.5000000000000009
decision_type=9 2 2 2 2 2 2 2 2 9 2 2 2 2
left_child=-1 2 9 -3 -5 6 8 -8 -4 -2 -11 -12 -13 -14
right_child=1 3 5 4 -6 -7 7 -9 -10 10 11 12 13 -15
leaf_value=6.734571653874144e-05 -0.00016850523952530172 -0.00020849549103719723 0.0021284005414815566 0.002364198342593249 -6.2880919385666093e-06 5.4947855106179949e-06 -0.0015038366826313654 0.0022648692767381351 0.0057136971027973776 7.7077103308217931e-05 -0.0019616017949576517 -0.00017280007778388564 0.0024352713327721377 5.5630263453093636e-06
leaf_weight=7279 619 2733 53 41 73 217 69 137 65 1678 84 311 81 150
leaf_count=7279 619 2733 53 41 73 217 69 137 65 1678 84 311 81 150
internal_value=4.41501e-05 -0.00025708 0.000245381 -0.000869336 0.00307018 0.00235675 0.00385802 0.00145631 0.00805085 -0.000145399 0.000216076 -0.00103834 -0.000184502 0.00227273
internal_weight=13590 6311 3464 2847 114 541 324 206 118 2923 2304 626 542 231
internal_count=13590 6311 3464 2847 114 541 324 206 118 2923 2304 626 542 231
cat_boundaries=0 2 4
cat_threshold=2687631880 35979 1073741841 16896
is_linear=0
shrinkage=0.05


Tree=229
num_leaves=15
num_cat=8
split_feature=0 5 0 0 5 5 0 0 5 0 0 0 5 6
split_gain=0.501801 0.58909 0.960787 0.503735 0.307958 0.297818 0.981911 0.605492 0.570112 0.370843 0.35247 0.341655 0.271016 0.265625
threshold=0 1.5000000000000002 1 2 4.5000000000000009 1.5000000000000002 3 4 1.0000000180025095e-35 5 6 7 1.0000000180025095e-35 1.3225635810616778
decision_type=9 2 9 9 2 2 9 9 2 9 9 9 2 2
left_child=1 2 -1 13 -5 6 8 -7 11 -10 -8 -2 -4 -3
right_child=5 3 12 4 -6 7 10 -9 9 -11 -12 -13 -14 -15
leaf_value=0.00090193253470083898 -0.00037176292691286085 -0.00035409748421477705 -0.00016660051715780002 -0.00013393476664728677 -1.5852997676357727e-05 -4.9674421165124551e-05 0.00019536457778023266 0.00018767931120886039 -0.0027340816697423776 -0.0001309164770238791 -2.0286165444827199e-05 5.3770758623025722e-05 3.2329952318721491e-06 0.0044587205768369335
leaf_weight=396 161 1239 167 352 239 3323 705 4606 281 383 1081 504 168 48
leaf_count=396 161 1239 167 352 239 3323 705 4606 281 383 1081 504 168 48
internal_value=1.8311e-06 -0.000620466 0.000581395 -0.00109159 -0.00228785 0.000149267 -0.000264848 0.000312145 -0.00128827 -0.00233434 0.000501114 -0.000263158 -0.00137681 -0.000520432
internal_weight=13653 2609 731 1878 591 11044 3115 7929 1329 664 1786 665 335 1287
internal_count=13653 2609 731 1878 591 11044 3115 7929 1329 664 1786 665 335 1287
cat_boundaries=0 2 4 6 8 10 12 14 15
cat_threshold=134235154 82961 18 1040 134217728 65553 3291611776 34824 536936456 228 68157952 32776 536870912 68 2147614720
is_linear=0
shrinkage=0.05


Tree=230
num_leaves=15
num_cat=3
split_feature=0 6 6 4 0 4 5 0 4 4 6 4 6 4
split_gain=0.933552 0.669723 0.7714 0.515294 0.495647 0.78812 0.521306 0.778198 0.64574 0.544432 0.373778 1.03037 0.884686 0.702306
threshold=0 2.4586944599067744 1.3225635810616778 4.0083333333333337 1 8.408333333333335 2.5000000000000004 2 13.641666666666667 18.458333333333336 1.3560995056197489 11.341666666666669 2.0976724615461966 17.675000000000004
decision_type=9 2 2 2 9 2 2 9 2 2 2 2 2 2
left_child=10 2 3 -2 5 -5 7 9 -9 -7 -1 12 -12 -13
right_child=1 -3 -4 4 -6 6 -8 8 -10 -11 11 13 -14 -15
leaf_value=5.4158754434868729e-05 0.00019253505150594043 -0.0037747024125324383 0.0036226947849862358 -0.00026275213270316459 -0.00023294652844728649 -9.103348914555332e-05 -4.5265911460257158e-06 -7.3072972969639991e-05 -0.00028275333555260464 0.00022188656926929175 -0.00042085630135318963 -0.0037120045090004773 0.010962226883570271 -3.489966283365398e-06
leaf_weight=7852 324 51 101 60 4222 152 412 83 41 43 46 87 41 67
leaf_count=7852 324 51 101 60 4222 152 412 83 41 43 46 87 41 67
internal_value=-0.00016566 -0.000668303 -0.000616035 -0.000697958 -0.000822861 -0.00196629 -0.00153899 -0.00305643 -0.00597015 -0.000853659 0.000175861 -0.00176349 0.00258621 -0.00422078
internal_weight=13582 5489 5438 5337 5013 791 731 319 124 195 8093 241 87 154
internal_count=13582 5489 5438 5337 5013 791 731 319 124 195 8093 241 87 154
cat_boundaries=0 2 4 5
cat_threshold=2752710153 746 1073758354 16384 1073741826
is_linear=0
shrinkage=0.05


Tree=231
num_leaves=15
num_cat=1
split_feature=0 6 4 4 4 4 4 4 5 4 4 4 2 4
split_gain=0.342805 0.712684 1.12749 1.17261 0.657187 0.539667 0.279094 0.420466 0.244083 0.583937 0.664635 0.885495 0.551289 0.488634
threshold=0 1.5800944137126034 8.6416666666666675 12.525000000000002 16.975000000000005 23.375000000000004 23.125000000000004 21.491666666666671 3.5000000000000004 0.67500000000000016 4.5666666666666673 3.7750000000000004 295.25000000000006 20.525000000000002
decision_type=9 2 2 2 2 2 2 2 2 2 2 2 2 2
left_child=6 5 -3 -4 -5 -2 7 8 9 -1 11 12 -11 -10
right_child=1 2 3 4 -6 -7 -8 -9 13 10 -12 -13 -14 -15
leaf_value=0.0015292721363300622 5.1176178236794768e-05 -0.0069684142199182286 0.005227197979925058 -0.0037391624856223716 -0.0001426189460352334 0.0016921389118273679 -0.0007839626742293216 0.0013234760333506624 2.5405643857689954e-05 -0.0023735417672128365 -5.1262178864980307e-05 -0.0062037334672305211 0.00025163438332694856 -0.001154278857249358
leaf_weight=45 8063 43 45 47 84 51 61 106 2165 68 2673 43 87 43
leaf_count=45 8063 43 45 47 84 51 61 106 2165 68 2673 43 87 43
internal_value=-1.101e-05 0.000188781 -0.00262557 -0.000852273 -0.00324427 0.000264974 -0.00032541 -0.000286807 -0.000351288 -0.000651578 -0.00074016 -0.00353535 -0.00177419 4.52899e-05
internal_weight=13624 8333 219 176 131 8114 5291 5230 5124 2916 2871 198 155 2208
internal_count=13624 8333 219 176 131 8114 5291 5230 5124 2916 2871 198 155 2208
cat_boundaries=0 2
cat_threshold=1275085827 116900
is_linear=0
shrinkage=0.05


Tree=232
num_leaves=15
num_cat=2
split_feature=0 4 4 4 4 5 4 4 4 4 5 5 4 0
split_gain=0.930547 0.698781 0.782013 0.484615 0.78842 0.563898 0.850955 1.15648 0.857143 0.753958 0.610835 0.561023 0.514918 0.467256
threshold=0 4.0083333333333337 7.0250000000000012 11.075000000000001 10.008333333333335 2.5000000000000004 18.625000000000004 13.758333333333335 16.908333333333335 16.425000000000004 1.0000000180025095e-35 3.5000000000000004 17.825000000000003 1
decision_type=9 2 2 2 2 2 2 2 2 2 2 2 2 9
left_child=1 -1 -3 4 -4 9 7 -7 -9 10 -5 -6 -10 -2
right_child=13 2 3 5 11 6 -8 8 12 -11 -12 -13 -14 -15
leaf_value=0.0020731883119305739 9.8695298567208489e-05 -0.0038275735468092154 -5.8437361782756608e-05 -0.0003137375866268444 1.3926550256360139e-05 -0.00022153883835919209 -0.00052150093292805397 0.0001830325480889461 -0.00066793790284012673 0.00021335534974907812 -1.5221470285525785e-05 0.00022957935420582498 -0.00037429173756023951 -5.15158712161512e-05
leaf_weight=72 4329 71 200 68 61 141 71 169 44 221 130 54 60 7905
leaf_count=72 4329 71 200 68 61 141 71 169 44 221 130 54 60 7905
internal_value=-7.72286e-05 -0.00131195 -0.00158915 -0.00129204 0.000396825 -0.00188053 -0.00304124 -0.00217391 -0.000274725 -0.000536993 -0.00277778 0.00369565 -0.00384615 6.12545e-05
internal_weight=13596 1362 1290 1219 315 904 485 414 273 419 198 115 104 12234
internal_count=13596 1362 1290 1219 315 904 485 414 273 419 198 115 104 12234
cat_boundaries=0 2 4
cat_threshold=1207976987 65536 1114624 49195
is_linear=0
shrinkage=0.05


Tree=233
num_leaves=15
num_cat=2
split_feature=0 4 4 4 0 4 4 4 5 4 4 5 4 4
split_gain=0.736519 0.909397 0.793871 0.751358 1.04191 0.993961 0.796017 0.631728 0.489654 0.837837 0.413672 1.27384 0.562791 0.825896
threshold=0 0.82500000000000007 3.7750000000000004 7.0250000000000012 1 5.4583333333333348 5.6750000000000016 7.8583333333333343 4.5000000000000009 2.1583333333333337 0.82500000000000007 2.5000000000000004 3.058333333333334 6.4166666666666679
decision_type=9 2 2 2 9 2 2 2 2 2 2 2 2 2
left_child=1 -1 8 4 5 -4 -6 -5 9 -3 11 -2 -12 -14
right_child=10 2 3 7 6 -7 -8 -9 -10 -11 12 -13 13 -15
leaf_value=-0.002208885608133915 -0.00033592305956440253 -0.00061160554416366257 0.0006995203387784477 0.0066493099532600741 -0.0066726075425069644 -0.0011974532456811738 -0.00093496907717691711 -4.8475759740898576e-05 0.0040929769411765021 0.0016079155631787412 -0.00043588469769212103 0.0038225394850589069 0.00068065331823209403 4.5774220360292329e-05
leaf_weight=76 51 77 49 46 58 66 49 4040 50 64 344 94 445 8112
leaf_count=76 51 77 49 46 58 66 49 4040 50 64 344 94 445 8112
internal_value=2.01894e-05 -0.000496183 -0.000405646 -0.000545497 -0.00337838 0.0002 -0.00662393 -0.000391581 0.00274869 0.00124113 0.000281581 0.00293103 0.000238737 0.000318453
internal_weight=13621 4575 4499 4308 222 115 107 4086 191 141 9046 145 8901 8557
internal_count=13621 4575 4499 4308 222 115 107 4086 191 141 9046 145 8901 8557
cat_boundaries=0 2 4
cat_threshold=1275151379 115248 1 16928
is_linear=0
shrinkage=0.05


Tree=234
num_leaves=15
num_cat=3
split_feature=0 4 4 4 4 4 4 0 5 4 5 4 0 5
split_gain=0.942919 1.08704 0.587459 1.35092 1.16127 0.411192 0.375313 0.659918 0.509111 0.965205 0.488734 0.424651 2.53258 1.70635
threshold=0 19.525000000000002 4.0083333333333337 6.4166666666666679 2.1583333333333337 9.0916666666666686 4.0083333333333337 1 5.5000000000000009 0.67500000000000016 3.5000000000000004 6.4166666666666679 2 2.5000000000000004
decision_type=9 2 2 2 2 2 2 9 2 2 2 2 9 2
left_child=1 2 4 -4 -1 -5 7 -2 9 -9 -11 12 13 -8
right_child=6 -3 3 5 -6 -7 11 8 -10 10 -12 -13 -14 -15
leaf_value=-0.00026820518982690337 0.00023129714789636992 -0.00052804129954147076 -0.0050112619555667814 -0.00032377668569009423 0.002752469320584261 -1.8718335564033018e-05 -0.0043744197837169707 0.0028152346921004241 -0.0034652748824609281 -0.0022189276899485218 0.00014301612871845393 2.5295473542319426e-05 0.0015996812848089682 0.00010811227006413682
leaf_weight=54 411 160 40 160 44 1606 40 54 74 196 97 10339 229 86
leaf_count=54 411 160 40 160 44 1606 40 54 74 196 97 10339 229 86
internal_value=-5.51876e-05 -0.00103664 -0.000709034 -0.000913621 0.00306122 -0.000707814 0.000121359 -0.000901442 -0.00226218 -0.00151297 -0.00264505 0.000201047 0.00190141 -0.00367647
internal_weight=13590 2064 1904 1806 98 1766 11526 832 421 347 293 10694 355 126
internal_count=13590 2064 1904 1806 98 1766 11526 832 421 347 293 10694 355 126
cat_boundaries=0 2 4 6
cat_threshold=1210074651 1024 537919488 117 536870912 2193
is_linear=0
shrinkage=0.05


Tree=235
num_leaves=15
num_cat=4
split_feature=6 0 0 5 5 5 5 2 6 0 6 5 0 5
split_gain=0.349221 0.374706 0.247214 0.207106 0.159997 0.514365 0.20423 0.305255 0.138857 0.129623 0.445331 0.254956 0.22886 1.03049
threshold=2.6365046493076734 0 1 5.5000000000000009 2.5000000000000004 4.5000000000000009 1.5000000000000002 3593.4000000000001 2.7719155450922139 2 1.7215724797947727 1.5000000000000002 3 1.0000000180025095e-35
decision_type=2 9 9 2 2 2 2 2 2 9 2 2 9 2
left_child=1 3 4 -1 6 -6 7 -3 -2 10 11 12 13 -4
right_child=8 2 9 -5 5 -7 -8 -9 -10 -11 -12 -13 -14 -15
leaf_value=3.9576413776573621e-05 -0.0017745326959045515 -0.001810789696462134 0.00068318912019793565 0.0002820392838175756 0.0015955320087975068 -0.001515695072981077 -0.0025239790392529078 0.0028385494571453677 -0.00095866943332904582 5.6963655906905336e-06 -0.0027095561554031258 1.8394105094310387e-05 -0.00011481931033446303 -0.0037006703190161638
leaf_weight=980 43 59 82 175 111 121 64 65 42 8257 41 2641 831 82
leaf_count=980 43 59 82 175 111 121 64 65 42 8257 41 2641 831 82
internal_value=-4.0459e-05 -2.03568e-05 -0.0001011 0.00083691 -0.00127907 -0.000431034 -0.00239362 -0.00120968 -0.00323529 -5.86068e-05 -0.000305126 -0.000247525 -0.000929648 -0.00258621
internal_weight=13594 13509 12354 1155 420 232 188 124 85 11934 3677 3636 995 164
internal_count=13594 13509 12354 1155 420 232 188 124 85 11934 3677 3636 995 164
cat_boundaries=0 2 4 6 7
cat_threshold=17040 1025 1027 65536 202506240 2178 1048576
is_linear=0
shrinkage=0.05


Tree=236
num_leaves=15
num_cat=3
split_feature=0 4 4 0 4 4 5 6 4 0 3 5 5 4
split_gain=0.905902 0.372695 0.502153 1.00355 1.21209 0.53804 0.497722 0.394923 0.422599 0.758324 0.531738 0.412736 0.324361 1.55424
threshold=0 12.008333333333335 12.991666666666669 1 12.725000000000001 12.375000000000002 2.5000000000000004 1.3766220136373084 11.125000000000002 2 12.550000000000002 2.5000000000000004 1.0000000180025095e-35 13.941666666666668
decision_type=9 2 2 9 2 2 2 2 2 9 2 2 2 2
left_child=1 7 3 6 5 -5 -3 8 9 11 -10 -1 13 -4
right_child=-2 2 12 4 -6 -7 -8 -9 10 -11 -12 -13 -14 -15
leaf_value=-0.00011962634088915625 -7.8315046260196708e-05 -0.0014056648305709964 0.0052257568795529511 -0.0006561512753317845 -0.0011660029262195893 0.00013594806939368765 0.0048930956397965075 -0.0021665688122023963 0.00026259308144799265 0.00030306447092018633 0.0030054560610799142 -0.005218047911221102 1.2052945470067411e-05 6.0169446436897371e-05
leaf_weight=50 8322 51 42 54 47 73 56 59 145 1352 69 56 2802 454
leaf_count=50 8322 51 42 54 47 73 56 59 145 1352 69 56 2802 454
internal_value=-5.86854e-05 0.000451128 0.000160659 -0.00186833 -0.00407609 -0.00177165 0.00192308 0.0010543 0.00119617 0.000891632 0.00327103 -0.00301724 0.000333535 0.0015121
internal_weight=13632 5310 3579 281 174 127 107 1731 1672 1458 214 106 3298 496
internal_count=13632 5310 3579 281 174 127 107 1731 1672 1458 214 106 3298 496
cat_boundaries=0 2 4 6
cat_threshold=1680867330 17452 0 1056 2 1024
is_linear=0
shrinkage=0.05


Tree=237
num_leaves=15
num_cat=2
split_feature=0 4 4 5 5 4 4 4 5 2 5 2 4 0
split_gain=0.599216 0.483419 0.806249 0.57359 1.10738 0.577593 0.568047 0.651514 0.555508 0.408656 0.821023 0.320803 0.237456 0.839858
threshold=0 14.191666666666668 10.875000000000002 4.5000000000000009 3.5000000000000004 19.958333333333336 8.7250000000000014 9.2416666666666689 1.5000000000000002 576.55000000000007 3.5000000000000004 578.90000000000009 2.3833333333333337 1
decision_type=9 2 2 2 2 2 2 2 2 2 2 2 2 9
left_child=1 2 6 4 5 8 -1 -8 -3 -4 -11 -5 13 -2
right_child=12 3 9 11 -6 -7 7 -9 -10 10 -12 -13 -14 -15
leaf_value=-0.00012859022245538255 0.00091606243367201587 -0.00013838182239874763 -2.8614653643299626e-05 0.00018023667250803845 -0.0031111850610354599 -0.0009674601772493574 0.00027185307193970941 -6.6808056214617833e-06 0.00090317915143023624 -0.00019831610796939848 -0.0057895775881741281 0.0004215195017287288 1.7081941067409456e-05 -0.00013744654072629647
leaf_weight=173 285 199 136 49 92 50 47 97 188 96 66 171 11727 236
leaf_count=173 285 199 136 49 92 50 47 97 188 96 66 171 11727 236
internal_value=4.40788e-05 -0.000946143 -0.00199187 -0.000100134 -0.000992439 5.72082e-05 -0.000236593 0.00208333 0.000710594 -0.00385906 -0.00555556 0.00204545 0.000155001 0.00119962
internal_weight=13612 1364 615 749 529 437 317 144 387 298 162 220 12248 521
internal_count=13612 1364 615 749 529 437 317 144 387 298 162 220 12248 521
cat_boundaries=0 2 4
cat_threshold=136396809 16384 1048576 2768
is_linear=0
shrinkage=0.05


Tree=238
num_leaves=15
num_cat=1
split_feature=0 6 6 6 4 4 4 4 4 4 4 4 5 5
split_gain=0.377646 1.46038 0.860898 0.507918 0.408827 0.880715 0.585117 0.468415 0.347768 0.336606 0.884607 1.2745 0.638154 1.26295
threshold=0 2.6365046493076734 1.4760988674747659 2.5947191574750361 2.1583333333333337 3.5666666666666669 0.82500000000000007 4.2750000000000012 13.375000000000002 16.475000000000005 14.908333333333335 14.491666666666669 1.5000000000000002 2.5000000000000004
decision_type=9 2 2 2 2 2 2 2 2 2 2 2 2 2
left_child=1 2 4 -2 6 -6 -1 -7 -4 10 11 12 -9 -14
right_child=3 -3 8 -5 5 7 -8 9 -10 -11 -12 -13 13 -15
leaf_value=0.00037859101128941424 7.738560986292331e-06 -0.0077930918988560862 0.0094975192587139282 0.0098899627638603382 0.0010418233063903548 -0.0022809093845929996 -0.0029010069445125301 5.1156993330681025e-05 0.00011307205429181844 1.5804913914613251e-05 -0.0016584326171041721 0.0042106019890768677 -0.00048383923216714365 -5.332990500090396e-05
leaf_weight=62 9207 45 43 48 101 53 97 511 60 1646 404 85 255 1092
leaf_count=62 9207 45 43 48 101 53 97 511 60 1646 404 85 255 1092
internal_value=-0.000103946 -0.000481631 -0.000391245 7.82515e-05 -0.000499303 -0.000403906 -0.00298742 -0.000519031 0.00412621 -0.00045705 -0.0008415 -0.000398868 -0.000672766 -0.0012435
internal_weight=13709 4454 4409 9255 4306 4147 159 4046 103 3993 2347 1943 1858 1347
internal_count=13709 4454 4409 9255 4306 4147 159 4046 103 3993 2347 1943 1858 1347
cat_boundaries=0 2
cat_threshold=2283880600 49220
is_linear=0
shrinkage=0.05


Tree=239
num_leaves=15
num_cat=4
split_feature=0 6 5 6 4 0 5 4 4 0 4 2 0 5
split_gain=0.604131 0.54427 0.647918 0.514276 0.431075 0.614979 0.62524 0.959701 0.469749 0.528498 0.521609 0.442353 0.426896 0.728895
threshold=0 1.8305237646592867 3.5000000000000004 2.0447484484576397 15.741666666666669 1 1.5000000000000002 17.958333333333336 11.008333333333335 2 10.508333333333335 325.55000000000007 3 3.5000000000000004
decision_type=9 2 2 2 2 9 2 2 2 9 2 2 9 2
left_child=3 4 -3 -1 8 6 7 -6 9 -2 -11 -12 13 -10
right_child=1 2 -4 -5 5 -7 -8 -9 12 10 11 -13 -14 -15
leaf_value=5.1778225807497251e-05 -0.000134531084789713 -0.0037957681210379624 0.00020567371706379234 0.008475389896951303 -0.0033147745017627407 0.00014641248792279793 -1.0989738761257863e-05 -0.00022807944170863403 0.0014020597085658783 8.7732268220208637e-05 0.0009697966126498204 0.0027737426177832261 -0.00027251777947049364 -0.00039373637932549891
leaf_weight=4937 1473 80 69 67 47 2593 289 66 298 1259 73 63 2036 232
leaf_count=4937 1473 80 69 67 47 2593 289 66 298 1259 73 63 2036 232
internal_value=6.25828e-05 -0.000192129 -0.00318792 0.000498604 -0.0001394 0.000342237 -0.00145631 -0.00464602 -0.000404858 3.48675e-05 0.000729537 0.00367647 -0.000896337 0.00037037
internal_weight=13582 8578 149 5004 8429 2995 402 113 5434 2868 1395 136 2566 530
internal_count=13582 8578 149 5004 8429 2995 402 113 5434 2868 1395 136 2566 530
cat_boundaries=0 2 4 6 8
cat_threshold=3358730 115761 67109392 64 1207960720 582 0 576
is_linear=0
shrinkage=0.05


Tree=240
num_leaves=15
num_cat=0
split_feature=4 5 4 2 4 4 4 4 5 5 4 5 4 2
split_gain=0.370246 0.605859 0.546345 0.391926 0.393328 0.279627 0.459216 0.406646 1.53848 0.429545 0.329025 0.846225 0.625274 0.556818
threshold=2.3833333333333337 1.0000000180025095e-35 2.6583333333333337 67.300000000000026 22.975000000000005 5.4583333333333348 8.408333333333335 3.7750000000000004 2.5000000000000004 2.5000000000000004 9.3083333333333353 1.5000000000000002 8.9916666666666689 27.700000000000003
decision_type=2 2 2 2 2 2 2 2 2 2 2 2 2 2
left_child=1 -1 -2 4 5 7 -7 9 -9 -4 11 -8 13 -13
right_child=2 -3 3 -5 -6 6 10 8 -10 -11 -12 12 -14 -15
leaf_value=-0.00047300015309507671 -0.0023799523092438548 0.00041349453370278236 0.00073052016034878548 1.0093111294173785e-05 0.00091546760793531916 0.0002160334287486021 0.00025904574112033395 -0.0016402372281533685 0.00022440418763737259 -0.00024000496516081993 -4.3011557513497613e-05 0.00019736611203587386 -0.0011294241594096976 -0.00093749113375311008
leaf_weight=73 53 502 40 9257 54 268 60 42 52 44 3038 44 68 44
leaf_count=73 53 502 40 9257 54 268 60 42 52 44 3038 44 68 44
internal_value=-6.78202e-05 0.00117391 -0.000122474 -0.000101837 -0.000532765 -0.000594595 -0.000496877 -0.00252809 -0.00478723 0 -0.000660725 -0.0025463 -0.00448718 -0.00170455
internal_weight=13639 575 13064 13011 3754 3700 3522 178 94 84 3254 216 156 88
internal_count=13639 575 13064 13011 3754 3700 3522 178 94 84 3254 216 156 88
is_linear=0
shrinkage=0.05


Tree=241
num_leaves=15
num_cat=4
split_feature=0 6 6 6 6 6 5 5 0 0 5 0 5 5
split_gain=0.295636 0.438188 0.680553 0.369578 0.249815 0.209997 0.152002 0.0855259 0.350475 0.166451 0.196043 0.18158 0.467221 0.38046
threshold=0 1.5800944137126034 2.0976724615461966 1.8305237646592867 1.6821438309044103 2.6563317201328887 3.5000000000000004 1.0000000180025095e-35 1 2 3.5000000000000004 3 4.5000000000000009 5.5000000000000009
decision_type=9 2 2 2 2 2 2 2 9 9 2 9 2 2
left_child=4 7 3 -3 -1 6 -4 8 -2 10 -9 12 -12 -13
right_child=1 2 5 -5 -6 -7 -8 9 -10 -11 11 13 -14 -15
leaf_value=1.5936974618152579e-05 -0.0002260190792222061 -0.0012957923394328775 -0.0013822443368189719 -0.0041924706176764024 0.00049935753923835424 0.0035943736646918637 0.00073647705835546697 5.0419447821742348e-05 0.00014625609897522818 -9.1281473839394122e-05 0.00055465444323659632 -0.00058543069595593249 -0.00010792158290807153 9.2865478949721869e-05
leaf_weight=3778 439 59 51 41 69 53 45 2463 863 3165 310 1118 625 507
leaf_count=3778 439 59 51 41 69 53 45 2463 863 3165 310 1118 625 507
internal_value=-9.20065e-05 -0.000238486 -0.00230924 -0.0055 0.000278714 -0.000167785 -0.0015625 -0.000184405 0.000192012 -0.00024426 -6.45738e-05 -0.000371094 0.000185185 -0.000688073
internal_weight=13586 9739 249 100 3847 149 96 9490 1302 8188 5023 2560 935 1625
internal_count=13586 9739 249 100 3847 149 96 9490 1302 8188 5023 2560 935 1625
cat_boundaries=0 2 4 6 8
cat_threshold=149138 115753 2350907392 2176 3223322632 2706 3221225472 2048
is_linear=0
shrinkage=0.05


Tree=242
num_leaves=15
num_cat=5
split_feature=0 6 6 5 0 0 5 5 0 2 0 6 6 5
split_gain=0.61091 0.805266 0.525632 0.239783 0.533098 0.40238 0.471515 0.438885 0.325666 0.325164 0.232108 0.147709 0.189408 0.4659
threshold=0 2.6365046493076734 2.1144066871268676 3.5000000000000004 1 2 5.5000000000000009 5.5000000000000009 3 128.05000000000004 4 2.1515097675933066 1.1557608829651618 2.5000000000000004
decision_type=9 2 2 2 9 9 2 2 9 2 9 2 2 2
left_child=2 11 3 4 9 7 -7 -5 -8 -1 -9 12 -2 -14
right_child=1 -3 -4 5 -6 6 8 10 -10 -11 -12 -13 13 -15
leaf_value=3.9922253511714972e-05 -2.608738249095799e-05 -0.0090012950392339541 0.0038167212631463501 -0.00032746887167869887 -4.1737778335293464e-05 0.00029724135375618359 -0.00025866980121702632 -8.0198408507758947e-07 3.1247842256754142e-05 0.00035663678346754547 0.0019006278009199408 -0.0010487169027177058 -0.00021700354880087037 0.0012086692581499804
leaf_weight=45 8659 58 40 604 1167 773 252 120 121 1427 149 75 66 86
leaf_count=45 8659 58 40 604 1167 773 252 120 121 1427 149 75 66 86
internal_value=8.06333e-05 -0.000161939 0.000541631 0.000493774 0.000179992 0.000903913 0.00151384 8.49377e-05 6.70241e-05 0.000809717 0.0017658 -0.00012379 -0.000104982 0.00164474
internal_weight=13642 8944 4698 4658 2639 2019 1146 873 373 1472 269 8886 8811 152
internal_count=13642 8944 4698 4658 2639 2019 1146 873 373 1472 269 8886 8811 152
cat_boundaries=0 2 4 6 8 10
cat_threshold=3222423186 49696 1048720 16928 1168 16928 2148532224 32768 0 16896
is_linear=0
shrinkage=0.05


Tree=243
num_leaves=15
num_cat=2
split_feature=0 4 4 4 3 5 4 0 5 4 5 2 4 4
split_gain=0.69514 0.476862 0.437375 0.650979 0.729818 0.625419 0.421722 0.817717 1.32555 0.923305 0.778556 0.736512 0.638498 1.5791
threshold=0 17.991666666666671 17.541666666666671 17.358333333333338 11.750000000000002 1.5000000000000002 11.591666666666669 1 2.5000000000000004 12.008333333333335 1.5000000000000002 267.85000000000008 16.841666666666672 17.125000000000004
decision_type=9 2 2 2 2 2 2 9 2 2 2 2 2 2
left_child=-1 2 3 6 -5 -4 -2 9 -9 -8 11 -11 -10 -14
right_child=1 -3 5 4 -6 -7 7 8 12 10 -12 -13 13 -15
leaf_value=-8.3488242355200806e-05 7.3109618272304563e-05 0.00020861606668552969 -0.0023709799847088432 0.0003334165488942359 0.0055157400461670007 -5.6320631466144635e-05 -0.0012940680179448106 0.00050268011996588708 -0.00026510624177242817 0.00018060085100307655 -7.783843985194051e-05 -0.0022311850734412055 0.0049702008505802366 -0.0002236405660097085
leaf_weight=5123 2655 2761 55 74 46 141 77 778 949 67 653 197 46 70
leaf_count=5123 2655 2761 55 74 46 141 77 778 949 67 653 197 46 70
internal_value=7.30353e-06 0.000282667 2.58264e-05 0.000106914 0.00375 -0.00229592 2.73125e-05 -0.000396546 0.000229358 -0.00154382 -0.00111778 -0.00340909 -0.000915493 0.00258621
internal_weight=13692 8569 5808 5612 120 196 5492 2837 1843 994 917 264 1065 116
internal_count=13692 8569 5808 5612 120 196 5492 2837 1843 994 917 264 1065 116
cat_boundaries=0 2 4
cat_threshold=201408649 68177 2687631872 8
is_linear=0
shrinkage=0.05


Tree=244
num_leaves=15
num_cat=0
split_feature=7 4 4 4 5 4 4 4 6 2 5 4 4 6
split_gain=0.151747 0.533617 1.37809 0.639535 0.498123 0.835992 0.73167 0.452589 0.355893 0.348837 0.447675 0.371878 0.264815 0.197901
threshold=1.0000000180025095e-35 14.641666666666667 13.491666666666669 15.191666666666668 1.5000000000000002 12.441666666666668 12.29166666666667 11.975000000000001 2.6746039791475802 29.450000000000003 3.5000000000000004 17.241666666666671 18.808333333333337 2.5421628270873113
decision_type=2 2 2 2 2 2 2 2 2 2 2 2 2 2
left_child=8 2 4 -3 6 7 -2 -6 13 10 -5 -11 -13 -1
right_child=1 3 -4 9 5 -7 -8 -9 -10 11 -12 12 -14 -15
leaf_value=-4.5529935728760851e-05 1.4097121412548486e-05 0.00041988942162535237 -0.00023507637681325911 -5.6321716863239063e-05 -1.5473595517873086e-06 -0.00021981451786773354 0.00090251318567895482 7.0472687155143102e-05 -0.0046808972519520207 0.00048985569249049288 0.00014128481601912712 -9.1834115234021302e-05 5.8222257255216572e-05 0.0064754044429431116
leaf_weight=12335 147 43 79 105 372 74 42 54 53 76 67 50 132 50
leaf_count=12335 147 43 79 105 372 74 42 54 53 76 67 50 132 50
internal_value=-0.000104174 0.000423046 -0.000390625 0.00174419 0.00032656 -0.0005 0.00251323 0.000352113 -0.000156778 0.00116279 -0.000581395 0.00232558 0.0010989 -0.000139281
internal_weight=13679 1241 768 473 689 500 189 426 12438 430 172 258 182 12385
internal_count=13679 1241 768 473 689 500 189 426 12438 430 172 258 182 12385
is_linear=0
shrinkage=0.05


Tree=245
num_leaves=15
num_cat=2
split_feature=0 5 6 4 4 4 4 0 4 2 4 5 6 5
split_gain=0.343637 0.849132 0.487405 0.464742 0.456986 1.13951 0.47342 0.451543 0.430009 0.429068 0.301386 0.534815 0.244793 0.741639
threshold=0 1.5000000000000002 2.5784757249888215 2.8916666666666671 11.008333333333335 17.991666666666671 18.925000000000004 1 17.591666666666672 608.50000000000011 15.141666666666667 4.5000000000000009 1.7981909629808028 2.5000000000000004
decision_type=9 2 2 2 2 2 2 9 2 2 2 2 2 2
left_child=1 4 12 -3 -1 9 -7 -5 10 -6 11 -9 -2 -14
right_child=2 3 -4 7 5 6 -8 8 -10 -11 -12 -13 13 -15
leaf_value=5.8526724052415661e-05 -2.2768524382810187e-05 0.0015987340692662389 -0.0023694207229232769 3.0772484426577766e-05 -7.5807295216662193e-05 0.00034742893276037414 -0.0020527087194899154 0.0035169794451530238 0.0039494488308206236 -0.0030740753992609116 -0.0011131035241595867 0.00015857081447236967 -0.001379881792558546 0.0045731895204112142
leaf_weight=81 12058 41 81 699 66 158 50 75 41 59 52 60 46 95
leaf_count=81 12058 41 81 699 66 158 50 75 41 59 52 60 46 95
internal_value=-6.22164e-05 0.000682471 -0.000146461 0.00149793 -0.00120773 -0.00202703 0.000240385 0.00126753 0.00315126 -0.0058 0.00227273 0.00351852 -0.000120912 0.00195035
internal_weight=13662 1382 12280 968 414 333 208 927 228 125 187 135 12199 141
internal_count=13662 1382 12280 968 414 333 208 927 228 125 187 135 12199 141
cat_boundaries=0 2 3
cat_threshold=68305544 65536 1196040
is_linear=0
shrinkage=0.05


Tree=246
num_leaves=15
num_cat=4
split_feature=0 5 0 0 4 4 4 4 5 4 4 4 0 4
split_gain=0.572994 0.424378 0.526608 0.378779 0.656011 0.517066 0.493736 0.402075 0.93785 0.507352 0.376666 0.70662 0.765618 0.46908
threshold=0 5.5000000000000009 1 2 2.1583333333333337 19.675000000000004 19.008333333333336 9.5750000000000011 3.5000000000000004 16.375000000000004 8.5750000000000011 9.158333333333335 3 13.175000000000002
decision_type=9 2 9 9 2 2 2 2 2 2 2 2 9 2
left_child=1 3 -3 -1 -5 6 7 8 -6 -9 -4 -12 13 -13
right_child=-2 2 10 4 5 -7 -8 9 -10 -11 11 12 -14 -15
leaf_value=-9.9089951742525894e-05 3.4298991320613761e-05 0.00065463446930272284 0.00058619637770080952 -0.0061535822983168733 -0.00047223432609265763 -0.001699565600922992 0.00033002276880199637 -0.00037721484724761447 0.0024171058122293369 -4.894396450970673e-05 -0.0058489915802379614 0.00035652541560425859 -0.00031736727880629092 0.0044737130067296627
leaf_weight=3441 7599 112 121 40 179 140 46 600 90 611 41 40 473 61
leaf_count=3441 7599 112 121 40 179 140 46 600 90 611 41 40 473 61
internal_value=-2.20686e-05 -0.000387177 0.000648585 -0.000558578 -0.0011655 -0.00102041 -0.000753604 -0.000912162 0.000836431 -0.00130058 0.000134048 -0.000365854 8.7108e-05 0.00382883
internal_weight=13594 5995 848 5147 1706 1666 1526 1480 269 1211 736 615 574 101
internal_count=13594 5995 848 5147 1706 1666 1526 1480 269 1211 736 615 574 101
cat_boundaries=0 2 3 5 7
cat_threshold=3357607561 3121 1075838976 2147484160 3120 134283264 1
is_linear=0
shrinkage=0.05


Tree=247
num_leaves=15
num_cat=2
split_feature=0 4 4 4 4 0 4 4 4 4 5 4 2 4
split_gain=0.432817 0.59497 0.549975 0.29942 0.419128 0.402893 0.302162 0.470616 0.553203 0.412261 1.4659 0.871629 0.701299 0.69924
threshold=0 2.1583333333333337 4.8750000000000009 8.2583333333333346 8.6416666666666675 1 8.9916666666666689 9.4416666666666682 9.7750000000000021 11.658333333333335 3.5000000000000004 11.075000000000001 325.55000000000007 14.375000000000002
decision_type=9 2 2 2 2 9 2 2 2 2 2 2 2 2
left_child=1 -1 -3 -4 -5 -6 -7 -8 -9 10 11 -10 -12 -11
right_child=-2 2 3 4 5 6 7 8 9 13 12 -13 -14 -15
leaf_value=-0.0033952961604335977 -1.4332516574144806e-05 0.0015076820369420707 -0.00040888094636736265 0.0021754699861426031 0.00059141071125583537 -0.004226347528288832 0.0016681102101357981 -0.0035292403441195943 0.00015450284032914041 -0.00012813049708697568 -0.00020417070397121541 0.0040755957860895142 0.00057138432369011061 0.00017137022225062194
leaf_weight=69 10570 86 125 46 115 55 71 56 169 436 88 46 66 1593
leaf_count=69 10570 86 125 46 115 55 71 56 169 436 88 46 66 1593
internal_value=7.54176e-05 0.000602112 0.000711382 0.000593161 0.000702298 0.000621521 0.000482625 0.000564356 0.000448248 0.000562969 0.00210027 0.00476744 -0.00162338 0.000283391
internal_weight=13591 3021 2952 2866 2741 2695 2580 2525 2454 2398 369 215 154 2029
internal_count=13591 3021 2952 2866 2741 2695 2580 2525 2454 2398 369 215 154 2029
cat_boundaries=0 2 3
cat_threshold=2149729432 1032 1168
is_linear=0
shrinkage=0.05


Tree=248
num_leaves=15
num_cat=2
split_feature=0 4 4 5 4 4 4 4 6 5 2 6 6 0
split_gain=0.860455 0.239654 1.36387 1.31147 0.320372 1.19191 0.776806 0.746619 0.293307 0.281654 0.242649 0.214371 0.239583 0.222829
threshold=0 21.491666666666671 20.991666666666671 1.5000000000000002 19.875000000000004 19.475000000000005 20.141666666666669 19.241666666666671 2.5034626708777576 4.5000000000000009 267.85000000000008 2.2409863868481232 2.6495975099665858 1
decision_type=9 2 2 2 2 2 2 2 2 2 2 2 2 9
left_child=1 2 4 -3 5 7 -6 8 -1 10 -5 13 -13 -2
right_child=11 3 -4 9 6 -7 -8 -9 -10 -11 -12 12 -14 -15
leaf_value=8.2495449165587159e-05 -8.31178306458319e-05 0.0021010666949972446 -0.0010092003015680141 -0.0049074396988192772 -0.0029605791716729533 0.0022291391938254581 0.00040262327738863627 -0.0034199302634283836 -0.00448995876422611 0.00066202891576105927 0.00030925767066749545 -0.0011635781348633357 0.0002856412843249612 -5.6322047833234913e-06
leaf_weight=4675 3112 53 54 42 54 148 88 71 42 43 43 50 46 5123
leaf_count=4675 3112 53 54 42 54 148 88 71 42 43 43 50 46 5123
internal_value=6.22984e-05 0.000558895 0.000496882 0.00234807 0.000580937 0.000648298 -0.00176056 0.000511696 0.000588298 -0.000390625 -0.00205882 -0.000254766 -0.00260417 -0.000227687
internal_weight=13644 5313 5132 181 5078 4936 142 4788 4717 128 85 8331 96 8235
internal_count=13644 5313 5132 181 5078 4936 142 4788 4717 128 85 8331 96 8235
cat_boundaries=0 2 4
cat_threshold=2149729298 154 605028353 117760
is_linear=0
shrinkage=0.05


Tree=249
num_leaves=15
num_cat=0
split_feature=3 4 6 4 4 4 4 4 5 5 4 4 4 5
split_gain=0.288639 0.379902 0.362382 0.312552 1.2275 0.685714 0.325282 0.964716 0.7728 0.617182 0.464475 0.658486 0.459829 0.80123
threshold=44.050000000000004 21.341666666666672 2.751542603006087 5.6750000000000016 7.2833333333333341 4.0083333333333337 9.0916666666666686 10.875000000000002 2.5000000000000004 4.5000000000000009 11.591666666666669 12.29166666666667 14.075000000000001 1.5000000000000002
decision_type=2 2 2 2 2 2 2 2 2 2 2 2 2 2
left_child=2 3 -1 5 -5 -2 8 9 -6 -8 -9 -12 13 -13
right_child=1 -3 -4 4 6 -7 7 10 -10 -11 11 12 -14 -15
leaf_value=3.3803417249933519e-05 1.0866209446699915e-05 -0.001156407181980551 0.0030565735146474318 -0.0016924282363627169 -0.0017750405387849306 0.0023697892079592832 -0.001562876952259179 0.0045654189556452399 0.0023972988218318838 -0.0017360493722385268 -0.0057687401728588831 -0.003599688661381831 -0.00012749470974395273 0.0042374862751792088
leaf_weight=11602 128 67 40 60 44 40 93 45 52 54 45 44 1179 131
leaf_count=11602 128 67 40 60 44 40 93 45 52 54 45 44 1179 131
internal_value=0.00015414 -0.000403633 0.000249098 -0.000274151 -0.000472238 0.00178571 -0.000222288 -0.000392835 0.00260417 -0.0042517 0 -0.000160829 3.69276e-05 0.00242857
internal_weight=13624 1982 11642 1915 1747 168 1687 1591 96 147 1444 1399 1354 175
internal_count=13624 1982 11642 1915 1747 168 1687 1591 96 147 1444 1399 1354 175
is_linear=0
shrinkage=0.05


end of trees

feature_importances:
Column_4=1507
Column_0=741
Column_5=516
Column_6=338
Column_2=244
Column_3=121
Column_7=19
Column_1=14

parameters:
[boosting: gbdt]
[objective: quantile]
[metric: quantile]
[tree_learner: serial]
[device_type: cpu]
[data_sample_strategy: bagging]
[data: ]
[valid: ]
[num_iterations: 250]
[learning_rate: 0.05]
[num_leaves: 15]
[num_threads: 8]
[seed: 7]
[deterministic: 0]
[force_col_wise: 0]
[force_row_wise: 0]
[histogram_pool_size: -1]
[max_depth: -1]
[min_data_in_leaf: 40]
[min_sum_hessian_in_leaf: 0.001]
[bagging_fraction: 0.9]
[pos_bagging_fraction: 1]
[neg_bagging_fraction: 1]
[bagging_freq: 1]
[bagging_seed: 17422]
[bagging_by_query: 0]
[feature_fraction: 0.9]
[feature_fraction_bynode: 1]
[feature_fraction_seed: 7040]
[extra_trees: 0]
[extra_seed: 6516]
[early_stopping_round: 0]
[early_stopping_min_delta: 0]
[first_metric_only: 0]
[max_delta_step: 0]
[lambda_l1: 0]
[lambda_l2: 0]
[linear_lambda: 0]
[min_gain_to_split: 0]
[drop_rate: 0.1]
[max_drop: 50]
[skip_drop: 0.5]
[xgboost_dart_mode: 0]
[uniform_drop: 0]
[drop_seed: 15215]
[top_rate: 0.2]
[other_rate: 0.1]
[min_data_per_group: 100]
[max_cat_threshold: 32]
[cat_l2: 10]
[cat_smooth: 10]
[max_cat_to_onehot: 4]
[top_k: 20]
[monotone_constraints: ]
[monotone_constraints_method: basic]
[monotone_penalty: 0]
[feature_contri: ]
[forcedsplits_filename: ]
[refit_decay_rate: 0.9]
[cegb_tradeoff: 1]
[cegb_penalty_split: 0]
[cegb_penalty_feature_lazy: ]
[cegb_penalty_feature_coupled: ]
[path_smooth: 0]
[interaction_constraints: ]
[verbosity: -1]
[saved_feature_importance_type: 0]
[use_quantized_grad: 0]
[num_grad_quant_bins: 4]
[quant_train_renew_leaf: 0]
[stochastic_rounding: 1]
[linear_tree: 0]
[max_bin: 255]
[max_bin_by_feature: ]
[min_data_in_bin: 3]
[bin_construct_sample_cnt: 200000]
[data_random_seed: 61]
[is_enable_sparse: 1]
[enable_bundle: 1]
[use_missing: 1]
[zero_as_missing: 0]
[feature_pre_filter: 1]
[pre_partition: 0]
[two_round: 0]
[header: 0]
[label_column: ]
[weight_column: ]
[group_column: ]
[ignore_column: ]
[categorical_feature: 0,1]
[forcedbins_filename: ]
[precise_float_parser: 0]
[parser_config_file: ]
[objective_seed: 15521]
[num_class: 1]
[is_unbalance: 0]
[scale_pos_weight: 1]
[sigmoid: 1]
[boost_from_average: 1]
[reg_sqrt: 0]
[alpha: 0.5]
[fair_c: 1]
[poisson_max_delta_step: 0.7]
[tweedie_variance_power: 1.5]
[lambdarank_truncation_level: 30]
[lambdarank_norm: 1]
[label_gain: ]
[lambdarank_position_bias_regularization: 0]
[eval_at: ]
[multi_error_top_k: 1]
[auc_mu_weights: ]
[num_machines: 1]
[local_listen_port: 12400]
[time_out: 120]
[machine_list_filename: ]
[machines: ]
[gpu_platform_id: -1]
[gpu_device_id: -1]
[gpu_device_id_list: ]
[gpu_use_dp: 0]
[num_gpu: 1]

end of parameters

pandas_categorical:null
