tree
version=v4
num_class=1
num_tree_per_iteration=1
label_index=0
max_feature_idx=8
objective=binary sigmoid:1
feature_names=Shipping_Mode Market Order_Region Category_Name Customer_Segment Days_for_shipment_(scheduled) month weekday hour
feature_infos=-1:3:2:0:1 -1:2:3:1:4:0 -1:3:22:12:11:21:15:1:6:13:20:7:18:10:17:14:8:19:9:5:2:16:0 -1:12:34:47:30:18:46:9:10:38:17:0:24:21:44:25:28:3:42:29:26:22:19:6 -1:0:1:2 [0:4] [1:12] [0:6] [0:23]
tree_sizes=1692 1726 1708 1745 1714 1757 1728 1757 1737 1719 1748 1708 1694 1738 1750 1740 1733 1739 1738 1744 1697 1706 1746 1762 1729 1767 1715 1694 1746 1689 1735 1732 1742 1744 1749 1707 1732 1730 1744 1713 1715 1738 1740 1734 1722 1756 1720 1710 1735 1697 1711 1712 1711 1741 1718 1689 1732 1735 1742 1729 1719 1743 1737 1714 1689 1704 1705 1735 1701 1756 1736 1690 1716 1732 1696 1700 1723 1699 1748 1708 1705 1711 1759 1726 1688 1706 1734 1747 1705 1772 1708 1720 1747 1748 1707 1726 1720 1691 1725 1745 1750 1709 1697 1712 1714 1746 1731 1747 1739 1735 1717 1747 1733 1778 1760 1704 1740 1765 1752 1734 1762 1770 1691 1733 1704 1740 1736 1738 1763 1688 1726 1781 1752 1737 1731 1748 1726 1730 1736 1716 1741 1731 1735 1745 1725 1769 1725 1730 1710 1729 1731 1757 1725 1752 1761 1757 1709 1737 1714 1733 1723 1770 1771 1720 1720 1705 1746 1754 1787 1760 1764 1762 1718 1731 1748 1746 1734 1782 1721 1751 1724 1738 1762 1752 1738 1757 1723 1762 1721 1758 1741 1696 1730 1732 1734 1736 1754 1760 1747 1720 1731 1756 1717 1760 1744 1739 1727 1733 1762 1790 1709 1730 1744 1768 1751 1740 1760 1712 1737 1749 1774 1743 1766 1764 1704 1754 1749 1751 1727 1714 1712 1721 1730 1760 1745 1760 1731 1733 1775 1725 1766 1781 1712 1754 1716 1724 1765 1739 1745 1740

Tree=0
num_leaves=15
num_cat=4
split_feature=0 5 8 5 5 2 2 8 7 8 6 7 2 8
split_gain=25630.5 1564.06 577.968 4043 1958.76 23.452 22.5225 15.078 12.1865 16.3943 23.8216 12.108 10.0854 18.0713
threshold=0 1.5000000000000002 11.500000000000002 3.0000000000000004 3.0000000000000004 1 2 3.5000000000000004 1.5000000000000002 19.500000000000004 5.5000000000000009 2.5000000000000004 3 14.500000000000002
decision_type=1 2 2 2 2 9 9 2 2 2 2 2 9 2
left_child=1 -1 4 -4 -2 -5 7 -6 12 -10 -11 -3 -7 -14
right_child=2 11 3 5 6 8 -8 -9 9 10 -12 -13 13 -15
leaf_value=0.27745767068095617 0.08472013549519522 0.24242304672785364 0.27836833930428578 0.15755476283050376 0.16182464672039154 0.17571336771315291 0.16319341612893426 0.15442914752927883 0.16061562378528502 0.16149000223922957 0.17358338503741103 0.23796965837193043 0.17508012342029408 0.16156186260573402
leaf_weight=4945.5857110619545 917.94944076240063 2633.7497307658195 810.23214733600616 2754.5912001729012 1037.5527803599834 464.2986785620451 6568.7738913148642 2052.8192241489887 3329.5786837041378 945.68354849517345 715.14377796649933 3629.7013495266438 323.15188027918339 1052.1627121120691
leaf_count=19972 3707 10636 3272 11124 4190 1875 26527 8290 13446 3819 2888 14658 1305 4249
internal_value=0.19538 0.256384 0.162761 0.171119 0.154517 0.162052 0.16115 0.157037 0.163968 0.16264 0.166697 0.239842 0.167401 0.16496
internal_weight=32181 11209 20971.9 10394.8 10577.1 9584.61 9659.15 3090.37 6830.02 4990.41 1660.83 6263.45 1839.61 1375.31
internal_count=129958 45266 84692 41978 42714 38706 39007 12480 27582 20153 6707 25294 7429 5554
cat_boundaries=0 1 2 3 4
cat_threshold=5 1443491 3760771 2172932
is_linear=0
shrinkage=1


Tree=1
num_leaves=15
num_cat=5
split_feature=0 5 8 5 5 2 2 8 4 7 8 7 4 7
split_gain=23177.3 1498.6 507.405 3617.71 1777.22 23.5182 17.9321 12.8989 12.3359 12.3175 13.5725 11.4667 19.8352 10.9541
threshold=0 1.5000000000000002 11.500000000000002 3.0000000000000004 3.0000000000000004 1 2 3.5000000000000004 3 3.5000000000000004 9.5000000000000018 5.5000000000000009 4 2.5000000000000004
decision_type=1 2 2 2 2 9 9 2 1 2 2 2 1 2
left_child=1 -1 4 -4 -2 11 7 13 -3 10 -9 -5 -13 -6
right_child=2 8 3 5 6 -7 -8 9 -10 -11 -12 12 -14 -15
leaf_value=0.078768167631804289 -0.10442062758510449 0.045278451218968202 0.079763154059028327 -0.041133676400303881 -0.023838269916164525 -0.030294804904048279 -0.030899154228529548 -0.041250712681401763 0.040481926220372604 -0.03494484027489065 -0.057751488348197377 -0.013579209316742287 -0.047284147453480703 -0.037670955545696022
leaf_weight=4946.6853179037571 933.57379625737667 1940.6881657540798 791.32111090421677 1050.4674372673035 246.63181614875793 8383.0141195803881 7942.9358293712139 491.06639564037323 4334.1250838339329 486.34460337460041 167.00233697891235 105.84179949760437 74.288023591041565 341.01257157325745
leaf_count=20170 3741 7875 3227 4228 993 33755 31981 1976 17587 1957 672 426 299 1373
internal_value=0.000149368 0.0581371 -0.0308299 -0.0229993 -0.0385392 -0.0314579 -0.0321821 -0.0376694 0.0419654 -0.0409788 -0.0454382 -0.0388196 -0.0274796 -0.0318654
internal_weight=32235 11221.5 21013.5 10404.9 10608.6 9613.61 9674.99 1732.06 6274.81 1144.41 658.069 1230.6 180.13 587.644
internal_count=130260 45632 84628 41935 42693 38708 38952 6971 25462 4605 2648 4953 725 2366
cat_boundaries=0 1 2 3 4 5
cat_threshold=5 131619 2629635 2 1
is_linear=0
shrinkage=0.05


Tree=2
num_leaves=15
num_cat=7
split_feature=0 5 8 5 5 2 2 4 6 4 4 6 8 2
split_gain=21025.1 1383.37 460.644 3296.44 1604.44 23.5658 18.3599 12.3908 10.2915 11.6042 9.95398 26.391 12.0792 17.2827
threshold=0 1.5000000000000002 11.500000000000002 3.0000000000000004 3.0000000000000004 1 2 3 11.500000000000002 4 5 10.500000000000002 8.5000000000000018 6
decision_type=1 2 2 2 2 9 9 1 2 1 1 2 2 9
left_child=1 -1 4 -4 -2 8 -6 -3 9 -5 11 12 13 -8
right_child=2 7 3 5 6 -7 10 -9 -10 -11 -12 -13 -14 -15
leaf_value=0.075830186621708748 -0.099024618391915689 0.04357483416025934 0.076453952379948842 -0.046427254228914222 -0.035994320195607866 -0.028722392119896169 -0.025739431061623935 0.038743472101999472 -0.021168266897381528 -0.03543381348874531 -0.030148181382688474 -0.04211562923543883 -0.031584760002219381 -0.01076113258131184
leaf_weight=4860.9041275084019 938.90888285636902 1918.476858407259 788.68956702947617 340.85893906652927 1742.7779242992401 8376.8536598235369 528.46134959161282 4305.1290830373764 90.427882075309753 811.58668960630894 6526.6070754826069 204.38392804563046 289.00170443952084 382.34305012226105
leaf_count=20067 3756 7831 3257 1368 6996 33655 2123 17561 363 3258 26219 821 1161 1536
internal_value=0.000101515 0.055793 -0.0292777 -0.0218178 -0.0366218 -0.0298748 -0.030565 0.0402328 -0.0371123 -0.0386853 -0.0292896 -0.0255076 -0.0226785 -0.0198525
internal_weight=32105.4 11084.5 21020.9 10408.4 10612.5 9619.73 9673.58 6223.61 1242.87 1152.45 7930.8 1404.19 1199.81 910.804
internal_count=129972 45459 84513 41901 42612 38644 38856 25392 4989 4626 31860 5641 4820 3659
cat_boundaries=0 1 2 3 4 5 6 7
cat_threshold=5 131619 2629635 2 2 4 1201224
is_linear=0
shrinkage=0.05


Tree=3
num_leaves=15
num_cat=5
split_feature=0 5 8 5 5 2 8 2 8 8 7 7 4 2
split_gain=19023.9 1324.16 410.551 2966.17 1464.73 16.3204 23.813 16.0719 16.658 21.1781 12.2112 11.6885 11.3401 27.7529
threshold=0 1.5000000000000002 11.500000000000002 3.0000000000000004 3.0000000000000004 1 3.5000000000000004 2 19.500000000000004 22.500000000000004 1.0000000180025095e-35 2.5000000000000004 3 4
decision_type=1 2 2 2 2 9 2 9 2 2 2 2 1 9
left_child=1 -1 4 -4 -2 6 -6 -5 10 -10 -9 -3 13 -7
right_child=2 11 3 7 5 12 -8 8 9 -11 -12 -13 -14 -15
leaf_value=0.073209058716443801 -0.094402596255238225 0.040732403968594968 0.073792644553506342 -0.03043407039354807 -0.026435390690465382 0.0043288342013174195 -0.034524977665166573 -0.019624130549689631 -0.01783331777757247 -0.031360409027453205 -0.029080165703133789 0.036334979301417762 -0.025353411078616352 -0.031373711744822418
leaf_weight=4783.9953511655331 936.44615779817104 2614.2268619835377 768.87188754975796 5175.0747243613005 1373.1229167580605 61.589206203818321 2695.5102487057447 393.52227021753788 1108.401859998703 391.56429488956928 2578.3907554000616 3581.2088521569967 3917.0152331590652 1640.9882398098707
leaf_count=20043 3759 10735 3223 20749 5506 247 10804 1579 4447 1571 10341 14695 15710 6581
internal_value=7.69002e-05 0.0534003 -0.0277607 -0.0207199 -0.0346892 -0.0289175 -0.0317169 -0.0282526 -0.0256028 -0.0213645 -0.0278281 0.0381905 -0.0267866 -0.0302411
internal_weight=32019.9 10979.4 21040.5 10415.8 10624.7 9688.23 4068.63 9646.95 4471.88 1499.97 2971.91 6195.44 5619.59 1702.58
internal_count=129990 45473 84517 41910 42607 38848 16310 38687 17938 6018 11920 25430 22538 6828
cat_boundaries=0 1 2 3 4 5
cat_threshold=5 4026499 1447595 2 36
is_linear=0
shrinkage=0.05


Tree=4
num_leaves=15
num_cat=7
split_feature=0 5 8 5 5 2 2 2 4 8 7 4 2 6
split_gain=17376.1 1220.14 351.806 2735.2 1328.11 21.6062 19.0455 16.1 15.3351 13.6831 12.2913 11.0919 28.1082 35.7226
threshold=0 1.5000000000000002 11.500000000000002 3.0000000000000004 3.0000000000000004 1 2 3 4 3.5000000000000004 5.5000000000000009 5 6 7.5000000000000009
decision_type=1 2 2 2 2 9 9 9 1 2 2 1 9 2
left_child=1 -1 4 -4 -2 9 8 -3 -5 -6 -10 12 13 -7
right_child=2 7 3 6 5 11 -8 -9 10 -11 -12 -13 -14 -15
leaf_value=0.070545020159421434 -0.090402648785767217 0.033371844912306894 0.071329754106272777 -0.040282977398313796 -0.026742884013753528 -0.028426825346840191 -0.025953461693260745 0.039966029788830071 -0.031888690187835314 -0.033752005895582318 -0.01714206908427 -0.024274066810081849 -0.032914036209319722 -0.0036555306955396217
leaf_weight=4707.8340344727039 917.29382751882076 3130.3450439572334 760.54228149354458 493.94995027780533 1051.6678791344166 384.01260341703892 8055.368103325367 3028.3747633844614 957.00700046122074 2060.6277601122856 165.78178653120995 4623.0949496626854 1361.5462428480387 234.36617751419544
leaf_count=20059 3711 12932 3243 1977 4212 1538 32269 12511 3831 8248 664 18520 5453 939
internal_value=8.60305e-06 0.0513347 -0.0264799 -0.0199693 -0.032893 -0.0274631 -0.0271483 0.0367334 -0.0327387 -0.0312831 -0.0297113 -0.0255764 -0.0287466 -0.0187355
internal_weight=31931.8 10866.6 21065.3 10432.6 10632.6 9715.32 9672.11 6158.72 1616.74 3112.3 1122.79 6603.02 1979.93 618.379
internal_count=130107 45502 84605 41984 42621 38910 38741 25443 6472 12460 4495 26450 7930 2477
cat_boundaries=0 1 2 3 4 5 6 7
cat_threshold=5 3760771 132643 1544553 2 2 265316
is_linear=0
shrinkage=0.05


Tree=5
num_leaves=15
num_cat=5
split_feature=5 5 8 5 2 4 2 6 8 2 3 8 8 7
split_gain=13352.5 2556.21 3999.3 1161.03 20.1013 10.8213 10.5093 10.8729 15.6381 9.39909 18.1259 17.0569 15.451 8.83181
threshold=3.0000000000000004 1.0000000180025095e-35 11.500000000000002 1.5000000000000002 0 1 2 10.500000000000002 15.500000000000002 3 4 8.5000000000000018 15.500000000000002 1.0000000180025095e-35
decision_type=2 2 2 2 9 1 9 2 2 9 9 2 2 2
left_child=1 2 -1 -3 -2 -6 7 -5 -9 10 -7 -12 -13 -11
right_child=4 3 -4 6 5 9 -8 8 -10 13 11 12 -14 -15
leaf_value=-0.08691037418682318 -0.028752427804000686 0.068504269240437857 0.069463752616344507 0.031253716787830309 -0.023389521566088978 -0.025834711539916663 0.038001159618462434 0.048542315918396327 0.026279744981453631 -0.022319886061094345 -0.0047664014041256461 -0.032354471909394597 -0.012351066840069914 -0.028690460827503456
leaf_weight=917.21147814393044 5384.9787922948599 4610.6496351063251 737.76133844256401 2669.9026644974947 7259.759237036109 1568.4382435232401 3091.3190217912197 223.4114712625742 121.93289218842983 632.60451492667198 246.81804998219013 179.14201147854328 209.35055440664291 3886.1256577074528
leaf_count=3754 21548 20014 3206 11099 29057 6278 12866 929 507 2532 988 717 838 15553
internal_value=5.85055e-05 0.0406338 -0.0172012 0.0495648 -0.0258619 -0.0247104 0.0352649 0.0322267 0.0406819 -0.0261735 -0.0227382 -0.0148118 -0.0215751 -0.0277372
internal_weight=31739.4 12372.2 1654.97 10717.2 19367.2 13982.2 6106.57 3015.25 345.344 6722.48 2203.75 635.311 388.493 4518.73
internal_count=129886 52375 6960 45415 77511 55963 25401 12535 1436 26906 8821 2543 1555 18085
cat_boundaries=0 1 2 3 4 6
cat_threshold=3015299 1 1020265 1149028 1090782216 53316
is_linear=0
shrinkage=0.05


Tree=6
num_leaves=15
num_cat=4
split_feature=5 5 8 5 2 2 7 4 8 8 8 6 6 4
split_gain=12184.2 2282.57 3656.89 1092.19 17.1409 11.7313 15.1923 12.4424 14.4226 12.5231 12.3206 12.1665 9.97549 9.8042
threshold=3.0000000000000004 1.0000000180025095e-35 11.500000000000002 1.5000000000000002 0 1 2.5000000000000004 2 18.500000000000004 20.500000000000004 9.5000000000000018 10.500000000000002 1.5000000000000002 3
decision_type=2 2 2 2 9 9 2 1 2 2 2 2 2 1
left_child=1 2 -1 -3 -2 -5 7 10 -9 11 -7 12 -10 -6
right_child=4 3 -4 5 13 6 -8 8 9 -11 -12 -13 -14 -15
leaf_value=-0.083837928115757354 -0.027077684311727697 0.066175067769984372 0.066835824721368273 0.038564856612484717 -0.022170558391637434 0.032558933225668898 0.029508403007193196 0.035316518067501072 -0.024328629162548302 0.031042771494959421 0.047060941877439345 -0.031635003670379622 0.022832604324962178 -0.024899018515144609
leaf_weight=894.95680746436119 6191.8931002765894 4520.6189688295126 732.11967539787292 1561.7595031559467 6832.6781302690506 244.10906527936459 2634.12791249156 1004.5662994980812 13.120381489396093 160.41044518351555 366.1230666488409 15.762986004352568 77.109547421336174 6354.399720236659
leaf_count=3718 24770 20025 3248 6552 27336 1025 11022 4209 55 672 1537 66 323 25422
internal_value=1.07262e-05 0.0390988 -0.0160407 0.0475644 -0.0246471 0.0337204 0.0318887 0.0353913 0.0325736 0.0222307 0.0412598 0.00889445 0.0159749 -0.0234675
internal_weight=31603.8 12224.8 1627.08 10597.7 19379 6077.09 4515.33 1881.2 1270.97 266.403 610.232 105.993 90.2299 13187.1
internal_count=129980 52452 6966 45486 77528 25461 18909 7887 5325 1116 2562 444 378 52758
cat_boundaries=0 1 2 3 4
cat_threshold=4063875 4211334 2 1
is_linear=0
shrinkage=0.05


Tree=7
num_leaves=15
num_cat=4
split_feature=5 5 8 5 2 2 7 2 7 2 6 8 8 6
split_gain=11015.6 2103.96 3355.64 1045.47 15.1371 13.6228 11.9534 13.7616 11.6503 20.7139 14.1964 12.3916 13.3048 15.6536
threshold=3.0000000000000004 1.0000000180025095e-35 11.500000000000002 1.5000000000000002 0 1 3.5000000000000004 2 3.5000000000000004 3 10.500000000000002 5.5000000000000009 7.5000000000000009 2.5000000000000004
decision_type=2 2 2 2 9 9 2 9 2 9 2 2 2 2
left_child=1 2 -1 -3 -5 6 7 -2 -7 10 -10 -11 13 -13
right_child=5 3 -4 4 -6 8 -8 -9 9 11 -12 12 -14 -15
leaf_value=-0.081116691025927362 -0.035118475121081606 0.06432968009371054 0.064998907951356183 0.02884622721155285 0.035101965323106062 -0.02055200061304617 -0.022810664212864779 -0.025351580062680248 -0.020733410396171801 -0.020484868832850892 -0.0078911882602452615 -0.056408891471701021 -0.025959605167364359 -0.030726524823175311
leaf_weight=879.83783042430878 574.48334547877312 4423.6129676699638 710.0414514541626 2798.4851616322994 3200.782582372427 6514.8975163400173 3435.0125652253628 3972.2286372482777 732.45120771229267 903.45501233637333 304.72729179263115 76.242878302931786 2615.4208622425795 267.48529091477394
leaf_count=3721 2299 20023 3220 11791 13532 26061 13742 15891 2930 3614 1219 305 10462 1070
internal_value=9.00034e-05 0.0377158 -0.0158613 0.0458883 0.0322904 -0.0232128 -0.0250055 -0.0267186 -0.0219181 -0.0237792 -0.0167984 -0.0255441 -0.027175 -0.0364232
internal_weight=31409.2 12012.8 1589.88 10422.9 5999.27 19396.4 7981.72 4546.71 11414.7 4899.78 1037.18 3862.6 2959.15 343.728
internal_count=129880 52287 6941 45346 25323 77593 31932 18190 45661 19600 4149 15451 11837 1375
cat_boundaries=0 1 2 3 4
cat_threshold=495977 4133507 3 33828
is_linear=0
shrinkage=0.05


Tree=8
num_leaves=15
num_cat=3
split_feature=5 5 8 5 2 2 4 6 8 8 6 7 6 8
split_gain=10152.2 1926.53 3124.5 1009.78 16.0232 14.5217 12.8083 10.3572 13.1735 17.7488 12.5155 10.5299 9.30658 8.65286
threshold=3.0000000000000004 1.0000000180025095e-35 11.500000000000002 1.5000000000000002 0 1 2 11.500000000000002 3.5000000000000004 2.5000000000000004 5.5000000000000009 2.5000000000000004 2.5000000000000004 3.5000000000000004
decision_type=2 2 2 2 9 9 1 2 2 2 2 2 2 2
left_child=1 2 -1 -3 13 -5 7 8 9 12 -11 -9 -7 -2
right_child=4 3 -4 5 -6 6 -8 11 -10 10 -12 -13 -14 -15
leaf_value=-0.078692267937296528 -0.020548928819422191 0.0627019176936503 0.063385158610409234 0.034683568931594612 -0.021012490643910812 0.0023468950410217133 0.026532683806588842 0.02878465889171063 0.034137304695033205 0.012162525524348863 -0.048754253125465434 0.068041828545606045 0.034201338979438618 -0.025029732323562315
leaf_weight=866.67939193546772 1284.3931630700827 4314.4153752923012 699.11031134426594 2282.0222254991531 11405.816357150674 29.420718252658844 2541.8485661447048 29.457043930888176 886.59278964996338 20.477790042757988 14.333391442894934 40.658829092979431 103.92045995593071 6686.3084311783314
leaf_count=3741 5139 19980 3245 9734 45631 125 10781 126 3773 87 61 173 442 26761
internal_value=-9.60854e-05 0.0364044 -0.015256 0.044286 -0.0223788 0.0309295 0.028421 0.0329408 0.0317038 0.0188728 -0.0129198 0.0515491 0.0271729 -0.0242772
internal_weight=31205.5 11828.9 1565.79 10263.1 19376.5 5948.73 3666.71 1124.86 1054.75 168.152 34.8112 70.1159 133.341 7970.7
internal_count=129799 52268 6986 45282 77531 25302 15568 4787 4488 715 148 299 567 31900
cat_boundaries=0 1 2 3
cat_threshold=4133507 4738694 2
is_linear=0
shrinkage=0.05


Tree=9
num_leaves=15
num_cat=9
split_feature=0 5 8 5 5 2 2 3 4 2 8 4 2 3
split_gain=10949.3 963.849 217.819 1762.99 961.861 18.5207 17.1473 14.6765 13.9886 12.9522 10.4874 8.09978 21.3057 10.4609
threshold=0 1.5000000000000002 11.500000000000002 3.0000000000000004 3.0000000000000004 1 2 3 4 5 3.5000000000000004 6 7 8
decision_type=1 2 2 2 2 9 9 9 1 9 2 1 9 9
left_child=1 -1 4 -4 -2 11 8 10 -5 -3 -7 12 -6 -14
right_child=2 9 3 6 5 7 -8 -9 -10 -11 -12 -13 13 -15
leaf_value=0.060824235361234019 -0.07652095880723131 0.02677369765078972 0.061873258388720181 -0.033379211272061969 0.0068777837425090657 -0.022174815214204793 -0.019989673099145913 -0.019767686757690438 -0.023257233984051478 0.032577037284227547 -0.028709355842859975 -0.017738540188402381 -0.0090275809335531986 -0.024775473382142574
leaf_weight=4230.2863995432854 857.84417700767517 3164.1206818670034 686.23612403869629 491.33223973214626 62.993691772222519 932.89230841398239 8030.5666982233524 1823.0433733612299 1118.1143132895231 2760.2380820959806 1796.3267156332731 3605.8242228031158 157.39091055095196 1328.473984003067
leaf_count=20066 3788 13525 3264 1970 252 3734 32140 7301 4479 11870 7196 14429 630 5318
internal_value=-1.31677e-05 0.0425527 -0.0207139 -0.0155597 -0.0257713 -0.0212864 -0.0210718 -0.0237806 -0.0261846 0.0295777 -0.0263791 -0.0190007 -0.0220617 -0.0231789
internal_weight=31045.7 10154.6 20891 10326.2 10564.8 9706.95 9640.01 4552.26 1609.45 5924.36 2729.22 5154.68 1548.86 1485.86
internal_count=129962 45461 84501 41853 42648 38860 38589 18231 6449 25395 10930 20629 6200 5948
cat_boundaries=0 1 2 3 5 6 7 8 9 11
cat_threshold=5 171372 132643 1092878856 16452 2 1545545 2 36 69206529 1024
is_linear=0
shrinkage=0.05


Tree=10
num_leaves=15
num_cat=4
split_feature=0 5 8 5 5 2 7 2 2 6 7 6 6 6
split_gain=10001.4 937.128 212.011 1581.73 892.179 17.3628 19.6008 15.2821 15.102 10.1802 9.09571 10.1704 9.01545 8.41291
threshold=0 1.5000000000000002 11.500000000000002 3.0000000000000004 3.0000000000000004 1 2.5000000000000004 2 3 11.500000000000002 1.0000000180025095e-35 1.5000000000000002 4.5000000000000009 3.5000000000000004
decision_type=1 2 2 2 2 9 2 9 9 2 2 2 2 2
left_child=1 -1 4 -4 -2 6 9 -3 -6 10 -5 -12 -13 -8
right_child=2 7 3 5 8 -7 13 -9 -10 -11 11 12 -14 -15
leaf_value=0.059414957492249322 -0.07456725490200046 0.02489301189984143 0.060279749052909108 -0.023816124256271068 -0.022968975165701285 -0.018501767120489836 -0.011049831718850059 0.030989260284247547 -0.018552774799043166 -0.0043949573761206803 -0.057168762889287156 -0.020241887771569274 -0.03654069208932692 -0.022084115677620184
leaf_weight=4128.914479136467 826.01089672744274 2661.5051276236773 660.16398011147976 272.68598373234272 4043.3020570427179 7707.9655535966158 212.51255440711975 3199.9895640611649 5658.0016731619835 36.9034643471241 47.313478216528893 109.33745236694813 378.7183930426836 923.04179221391678
leaf_count=20078 3739 11447 3221 1094 16209 30865 853 13876 22656 148 190 439 1519 3701
internal_value=9.65793e-06 0.0411279 -0.0196782 -0.0146055 -0.0246835 -0.0197081 -0.0241877 0.0283165 -0.0204362 -0.0300763 -0.0312491 -0.035035 -0.0328893 -0.0200191
internal_weight=30866.4 9990.41 20876 10348.6 10527.3 9688.48 1980.51 5861.49 9701.3 844.959 808.055 535.369 488.056 1135.55
internal_count=130035 45401 84634 42030 42604 38809 7944 25323 38865 3390 3242 2148 1958 4554
cat_boundaries=0 1 2 3 4
cat_threshold=5 394787 495945 7889539
is_linear=0
shrinkage=0.05


Tree=11
num_leaves=15
num_cat=9
split_feature=0 5 7 2 4 2 5 2 2 7 2 3 4 6
split_gain=9208.56 895.707 13.8986 26.8908 12.7845 24.2256 12.1892 21.0222 11.5236 10.9479 14.8682 13.7694 11.0268 13.7857
threshold=0 1.5000000000000002 2.5000000000000004 1 2 3 3.0000000000000004 4 5 1.0000000180025095e-35 6 7 8 10.500000000000002
decision_type=1 2 2 9 1 9 2 9 9 2 9 9 1 2
left_child=1 -1 4 -4 5 -3 7 -2 -8 10 -10 -12 -13 -14
right_child=6 2 3 -5 -6 -7 8 -9 9 -11 11 12 13 -15
leaf_value=0.057983928075008233 -0.022382091451237211 0.042529481310202497 0.032625238038318481 0.021925565071967752 0.027672522444941994 0.021289448145735582 -0.02238332612012851 -0.0095520493325420286 -0.01844222412528505 -0.019167413652802178 -0.017869997673925359 0.0079222911958776367 -0.0031319366986614378 -0.02539507141946605
leaf_weight=4016.5504684299231 537.13364973664284 490.5228968411684 974.04293920099735 2384.51140601933 1672.9378650337458 292.2787971496582 3043.7998077720404 919.997603520751 1492.9247946888208 14029.283662065864 304.39083075523376 134.72722505033016 272.6947583258152 93.332419440150261
leaf_count=20041 2570 2149 4259 10342 7289 1280 12224 4437 5982 56233 1220 540 1093 374
internal_value=-7.70809e-05 0.039785 0.0272815 0.0251911 0.0301403 0.0354142 -0.0189018 -0.0145007 -0.0192426 -0.018632 -0.0154444 -0.00953825 -0.00422296 -0.00880876
internal_weight=30659.1 9830.84 5814.29 3358.55 2455.74 782.802 20828.3 1457.13 19371.2 16327.4 2298.07 805.145 500.754 366.027
internal_count=130033 45360 25319 14601 10718 3429 84673 7007 77666 65442 9209 3227 2007 1467
cat_boundaries=0 1 2 3 4 5 6 7 9 10
cat_threshold=5 5259430 2 5389960 5016837 131715 5034056 393729 20544 2
is_linear=0
shrinkage=0.05


Tree=12
num_leaves=15
num_cat=9
split_feature=0 0 8 0 0 2 8 6 2 8 2 2 2 7
split_gain=8361.37 838.678 189.235 1428.41 842.223 17.8897 17.3547 19.0484 17.0953 16.5866 15.6001 15.0481 12.8546 13.4295
threshold=0 1 11.500000000000002 2 3 4 19.500000000000004 11.500000000000002 5 22.500000000000004 6 7 8 1.5000000000000002
decision_type=1 1 2 1 1 9 2 2 9 2 9 9 9 2
left_child=1 -1 4 -4 8 -5 -7 9 -2 10 -8 -3 -9 -14
right_child=2 11 3 5 -6 6 7 12 -10 -11 -12 -13 13 -15
leaf_value=0.056530445557527502 -0.022358563245346619 0.023322195003088859 0.058554296662580635 -0.019804188301502282 -0.071568744605914322 -0.017444019134907954 -0.019722346599349763 -0.007537295446466529 -0.017008841396258207 -0.021978352517823211 -0.0054585519755986633 0.029287085254190222 0.071983162260643094 0.013649546924820316
leaf_weight=3905.8851808905602 2236.7948479354382 2886.1116992384195 646.69337727129459 5174.5398662686348 796.59443040192127 2983.808769389987 261.53358297049999 73.630054980516434 7445.4639692604542 352.62541772425175 751.85872110724449 2884.3260919451714 12.224352121353148 51.151697218418121
leaf_count=20012 8995 12597 3220 20781 3724 11966 1048 295 29867 1414 3013 12730 49 205
internal_value=0.000207354 0.0385778 -0.0176642 -0.0128627 -0.0224043 -0.0176853 -0.0152031 -0.0108556 -0.0182665 -0.0126382 -0.0093882 0.0263492 0.00691794 0.0215076
internal_weight=30463.2 9676.32 20786.9 10308.1 10478.9 9661.37 4486.83 1503.02 9682.26 1366.02 1013.39 5770.44 137.006 63.376
internal_count=129916 45339 84577 41991 42586 38771 17990 6024 38862 5475 4061 25327 549 254
cat_boundaries=0 1 2 3 4 5 6 7 8 9
cat_threshold=5 1 2 8 1447595 2646531 26624 504137 35072
is_linear=0
shrinkage=0.05


Tree=13
num_leaves=15
num_cat=6
split_feature=0 5 8 5 5 2 2 3 2 7 8 2 6 7
split_gain=7568.8 841.924 168.581 1317.73 834.448 13.8097 13.4239 11.5548 10.9235 12.8194 10.4676 20.6578 10.8766 14.1049
threshold=0 1.5000000000000002 11.500000000000002 3.0000000000000004 3.0000000000000004 1 2 3 4 2.5000000000000004 18.500000000000004 5 1.5000000000000002 1.5000000000000002
decision_type=1 2 2 2 2 9 9 9 9 2 2 9 2 2
left_child=1 -1 4 -4 -2 7 -6 -5 -3 10 -10 12 -12 -14
right_child=2 8 3 5 6 -7 -8 -9 9 -11 11 -13 13 -15
leaf_value=0.055320930806558567 -0.070914845219196734 0.029390756579408019 0.057497102200259047 -0.0035747941160909134 -0.021363984416054752 -0.017819613470763631 -0.016191945687256876 -0.014469028894131703 0.028665373353571506 0.021104931335131347 -0.030976860504613037 0.02787123593867967 0.017844458736371263 -0.022706035942085503
leaf_weight=3808.1416206806898 781.23722863197327 1459.2483688145876 636.34664314985275 310.48747530579567 1804.7265257686377 7581.948537260294 7874.1898919045925 1755.5050491243601 1396.4907178878784 2494.3805207312107 20.064655333757401 237.43163259327412 95.3545743227005 27.666709810495377
leaf_count=20047 3757 6518 3254 1246 7272 30468 31621 7045 6185 10968 89 1050 421 122
internal_value=0.000219764 0.0370597 -0.0167299 -0.0121922 -0.0212073 -0.0167887 -0.0171951 -0.0128569 0.0249894 0.0233622 0.0266622 0.0193106 0.00295135 0.00872491
internal_weight=30283.2 9538.78 20744.4 10284.3 10460.2 9647.94 9678.92 2065.99 5730.64 4271.39 1777.01 380.518 143.086 123.021
internal_count=130063 45400 84663 42013 42650 38759 38893 8291 25353 18835 7867 1682 632 543
cat_boundaries=0 1 2 3 5 6 7
cat_threshold=5 6299652 2695171 922878017 17408 4211334 1149281
is_linear=0
shrinkage=0.05


Tree=14
num_leaves=15
num_cat=3
split_feature=0 5 8 5 5 7 7 3 4 8 8 6 6 8
split_gain=7020.17 814.865 151.14 1229.98 774.693 12.3373 9.07192 7.12836 6.83335 9.16846 15.2132 10.3021 6.5123 6.49312
threshold=0 1.5000000000000002 11.500000000000002 3.0000000000000004 3.0000000000000004 2.5000000000000004 1.0000000180025095e-35 1 2 18.500000000000004 20.500000000000004 10.500000000000002 10.500000000000002 3.5000000000000004
decision_type=1 2 2 2 2 2 2 9 1 2 2 2 2 2
left_child=1 -1 4 -4 -2 6 -3 -5 -8 -10 11 -11 -7 -6
right_child=2 5 3 7 13 12 8 -9 9 10 -12 -13 -14 -15
leaf_value=0.054187836693916573 -0.069482781317172768 0.022455332091242272 0.056410989091566402 -0.010094539641510266 -0.014866531363082199 0.021147071836647536 0.033800353103651759 -0.01668819316203175 0.029048106530734336 0.0093413444912505122 0.029386580280375919 -0.037803114611386732 0.027561169419467259 -0.017618312287653273
leaf_weight=3699.1643714904785 749.1737646907568 807.47791215777397 618.32111419737339 555.5242680311203 3209.6429159641266 2830.5528359860182 500.32884037494659 9081.7470974177122 860.73449172079563 83.237501785159111 120.85412719845772 13.462056711316107 460.05329014360905 6454.934199154377
leaf_count=20020 3713 3616 3250 2234 12902 12577 2253 36527 3848 370 539 59 2052 25981
internal_value=2.67639e-05 0.0358894 -0.0162505 -0.0119499 -0.0205014 0.0240287 0.026766 -0.0163359 0.028971 0.0267302 0.0175595 0.00277812 0.0220438 -0.0167044
internal_weight=30045.2 9375.87 20669.3 10255.6 10413.8 5676.7 2386.09 9637.27 1578.62 1078.29 217.554 96.6996 3290.61 9664.58
internal_count=129941 45334 84607 42011 42596 25314 10685 38761 7069 4816 968 429 14629 38883
cat_boundaries=0 1 3 4
cat_threshold=5 594149440 1024 2
is_linear=0
shrinkage=0.05


Tree=15
num_leaves=15
num_cat=7
split_feature=0 5 8 5 5 2 8 3 2 3 8 2 4 8
split_gain=6401.64 785.342 143.843 1135.91 749.333 15.2827 12.5363 12.8484 12.533 13.4767 11.8034 16.5256 19.6151 10.7463
threshold=0 1.5000000000000002 11.500000000000002 3.0000000000000004 3.0000000000000004 1 19.500000000000004 2 3 4 12.500000000000002 5 6 3.5000000000000004
decision_type=1 2 2 2 2 9 2 9 9 9 2 9 1 2
left_child=1 -1 4 -4 -2 -5 7 -7 -6 -10 11 12 -9 -11
right_child=2 -3 3 5 8 6 -8 10 9 13 -12 -13 -14 -15
leaf_value=0.052872281797402276 -0.068175213402469501 0.022971774810542349 0.055533244367048165 -0.01730944614198094 -0.013766073239841007 -0.00063628485916106552 -0.0092992524279936033 -0.0090140097458482858 -0.013033041896329962 -0.015655570767924006 -0.017117289652228303 -0.014115821886571747 0.035884187725953177 -0.021196558947741265
leaf_weight=3594.2711611390114 739.05882841348648 5645.1599089056253 598.5710569024086 5354.0202243924141 4359.1225553154945 158.67300647497177 1443.2288817316294 55.205585420131683 1382.6222244501114 1324.0389568805695 2339.7123967260122 220.9920646250248 43.489798873662949 2580.2834271043539
leaf_count=20009 3780 25372 3236 21584 17532 638 5799 222 5576 5332 9414 889 175 10420
internal_value=7.72764e-06 0.0345661 -0.0155022 -0.0112967 -0.0196534 -0.015457 -0.0130582 -0.0150296 -0.0159358 -0.0176652 -0.0158265 -0.00687443 0.00977937 -0.0192681
internal_weight=29838.5 9239.43 20599 10213.9 10385.1 9615.32 4261.3 2818.07 9646.07 5286.94 2659.4 319.687 98.6954 3904.32
internal_count=129978 45381 84597 41957 42640 38721 17137 11338 38860 21328 10700 1286 397 15752
cat_boundaries=0 1 2 4 5 7 8 9
cat_threshold=5 401067 553779265 1024 167276 642389056 5120 549120 1
is_linear=0
shrinkage=0.05


Tree=16
num_leaves=15
num_cat=6
split_feature=0 5 8 5 5 2 7 6 2 8 2 4 2 6
split_gain=5889.99 763.941 130.706 1051.19 705.228 15.3452 24.2223 15.9373 11.4873 11.3678 16.8114 21.6407 11.3443 11.7805
threshold=0 1.5000000000000002 11.500000000000002 3.0000000000000004 3.0000000000000004 1 3.5000000000000004 11.500000000000002 2 14.500000000000002 3 4 5 11.500000000000002
decision_type=1 2 2 2 2 9 2 2 9 2 9 1 9 2
left_child=1 -1 4 -4 -2 6 7 -5 -6 10 11 -7 -11 -14
right_child=2 -3 3 5 8 9 -8 -9 -10 12 -12 -13 13 -15
leaf_value=0.051877309842355813 -0.066978184291845544 0.022077995128203552 0.054502316050866355 -0.02662109952717516 -0.018668116573944609 -0.020071300708930782 -0.012523015301168838 0.0019685156017561728 -0.014220746549483469 -0.011160180219824671 -0.012619362903032985 0.0075243687344578383 -0.015614404950262254 -0.02561424316238009
leaf_weight=3496.6038818955421 707.5226583480835 5587.6825128942728 580.81386661529541 848.73622177541256 2169.1854252815247 99.458121865987778 688.88820172846317 51.716203585267067 7456.145544230938 1717.4525151252747 1622.4395439773798 248.68079097568989 3995.7056892961264 317.95932491123676
leaf_count=20029 3739 25309 3232 3442 8786 401 2787 209 30045 6911 6537 1002 16105 1281
internal_value=1.732e-05 0.0335111 -0.0148307 -0.0108144 -0.0187987 -0.0147699 -0.0194577 -0.0249791 -0.0152572 -0.0137972 -0.0105174 -0.000349272 -0.0148917 -0.0163137
internal_weight=29589 9084.29 20504.7 10171.9 10332.9 9591.04 1589.34 900.452 9625.33 8001.7 1970.58 348.139 6031.12 4313.67
internal_count=129815 45338 84477 41907 42570 38675 6438 3651 38831 32237 7940 1403 24297 17386
cat_boundaries=0 1 2 3 4 5 6
cat_threshold=5 393763 2695299 2114816 2 4792388
is_linear=0
shrinkage=0.05


Tree=17
num_leaves=15
num_cat=2
split_feature=0 5 8 5 5 7 4 8 8 8 8 8 6 6
split_gain=5318.48 729.343 122.344 958.749 679.291 9.00771 10.0115 13.3213 11.5424 9.86275 15.9787 10.2885 8.916 7.77759
threshold=0 1.5000000000000002 11.500000000000002 3.0000000000000004 3.0000000000000004 2.5000000000000004 1 18.500000000000004 20.500000000000004 9.5000000000000018 12.500000000000002 8.5000000000000018 8.5000000000000018 3.5000000000000004
decision_type=1 2 2 2 2 2 1 2 2 2 2 2 2 2
left_child=1 -1 4 -4 -2 6 9 -8 -9 11 12 13 -11 -3
right_child=2 5 3 -5 -6 -7 7 8 -10 10 -12 -13 -14 -15
leaf_value=0.050451756185316748 -0.065877799766854456 0.037128052753325043 0.052875700835403189 -0.013852089177140129 -0.014404169080772432 0.019345454807063178 0.023560593670053032 0.0015268107125004529 0.020244465107254455 0.058774721675837908 0.027823555382458356 -0.0081500541368564553 0.023445759226320102 0.018676162665747006
leaf_weight=3402.052746117115 686.69908246397972 81.381806969642639 570.40665969252586 9566.2449206858873 9621.5000132322311 3220.7650491148233 1265.5455409139395 141.92014047503471 196.26692523062229 76.906528502702713 336.7147219479084 27.048237726092339 23.259854331612587 191.47335968911648
leaf_count=20060 3754 375 3269 38629 38872 14640 5799 641 896 356 1558 125 108 884
internal_value=8.79055e-05 0.0321803 -0.0139908 -0.0100972 -0.0178332 0.0210609 0.0234214 0.0212049 0.0123896 0.028246 0.033039 0.0212638 0.0505709 0.0241796
internal_weight=29408.2 8963.33 20444.9 10136.7 10308.2 5561.28 2340.52 1603.73 338.187 736.785 436.881 299.903 100.166 272.855
internal_count=129966 45442 84524 41898 42626 25382 10742 7336 1537 3406 2022 1384 464 1259
cat_boundaries=0 1 2
cat_threshold=5 2
is_linear=0
shrinkage=0.05


Tree=18
num_leaves=15
num_cat=2
split_feature=0 5 8 5 5 7 4 8 8 6 8 8 6 6
split_gain=4852.71 735.306 106.638 895.247 655.008 10.7662 8.22399 14.6538 10.2239 9.38722 8.46825 14.062 9.37107 7.28422
threshold=0 1.5000000000000002 11.500000000000002 3.0000000000000004 3.0000000000000004 2.5000000000000004 1 18.500000000000004 20.500000000000004 1.5000000000000002 9.5000000000000018 12.500000000000002 8.5000000000000018 9.5000000000000018
decision_type=1 2 2 2 2 2 1 2 2 2 2 2 2 2
left_child=1 -1 4 -4 -2 6 10 -8 9 -9 -3 12 -12 -6
right_child=2 5 3 -5 13 -7 7 8 -10 -11 11 -13 -14 -15
leaf_value=0.049685596760125364 -0.06486526469994712 0.02035540945196148 0.051919032473411952 -0.013333573853852435 -0.012929846770962324 0.017970683158612409 0.022941485148836038 -0.038767450818717082 0.018525456316085449 0.0050886022575499026 0.056836486269184298 0.026462657747362939 0.020314106485750716 -0.01627001117131046
leaf_weight=3302.0428088307381 667.72826381027699 294.70279179513454 556.17841230332851 9572.6091161966324 7533.593624189496 3205.0859314799309 1242.9396043419838 13.503562986850737 197.27342204749584 126.55458432435989 73.72053587436676 330.26659709215164 23.056597769260406 2083.7174036800861
leaf_count=20044 3780 1371 3283 38708 30479 14668 5744 60 907 573 349 1544 108 8433
internal_value=-1.20163e-06 0.0309949 -0.0133855 -0.00975051 -0.0169783 0.0198443 0.0224529 0.0204332 0.011191 0.000860266 0.026875 0.0313741 0.0481352 -0.0136535
internal_weight=29223 8809.15 20413.8 10128.8 10285 5507.1 2302.02 1580.27 337.332 140.058 721.747 427.044 96.7771 9617.31
internal_count=130051 45368 84683 41991 42692 25324 10656 7284 1540 633 3372 2001 457 38912
cat_boundaries=0 1 2
cat_threshold=5 2
is_linear=0
shrinkage=0.05


Tree=19
num_leaves=15
num_cat=3
split_feature=0 5 8 5 5 4 7 8 8 3 7 6 8 6
split_gain=4402.01 699.591 99.5569 816.135 619.841 9.83316 10.4122 8.67317 15.9134 8.55874 7.80983 12.8732 12.3006 8.33469
threshold=0 1.5000000000000002 11.500000000000002 3.0000000000000004 3.0000000000000004 1 2.5000000000000004 9.5000000000000018 12.500000000000002 2 1.0000000180025095e-35 5.5000000000000009 1.5000000000000002 8.5000000000000018
decision_type=1 2 2 2 2 1 2 2 2 9 2 2 2 2
left_child=1 -1 4 -4 -2 6 7 10 -9 -6 11 -3 -12 -13
right_child=2 5 3 -5 9 -7 -8 8 -10 -11 12 13 -14 -15
leaf_value=0.04850447825937558 -0.063932006363234206 0.029851715273624541 0.051111649741372292 -0.012387263361076961 -0.01441635928385393 0.017715152926711462 0.018900767170380237 0.049235206984086267 0.026164943208564519 -0.011211516193674931 0.049833322029441962 -0.025573668698577846 0.019445682730644342 0.013291679500358831
leaf_weight=3216.3942541480064 633.30379596352577 40.936704143881798 534.36086449027061 9541.609050989151 4860.3036236613989 3799.5061664134264 956.39396421611309 96.99983774125576 325.8308337777853 4739.7132156193256 42.3928312510252 29.073812812566757 155.29643361270428 26.248290464282036
leaf_count=20107 3716 191 3250 38637 19698 17544 4422 467 1539 19202 199 136 729 123
internal_value=0.000200757 0.0299636 -0.0125415 -0.00901971 -0.0160214 0.0191216 0.0223154 0.0268716 0.0314574 -0.0128608 0.020275 0.00859548 0.0259621 -0.0071335
internal_weight=28998.4 8689.07 20309.3 10076 10233.3 5472.68 1673.17 716.779 422.831 9600.02 293.948 96.2588 197.689 55.3221
internal_count=129960 45457 84503 41887 42616 25350 7806 3384 2006 38900 1378 450 928 259
cat_boundaries=0 1 2 4
cat_threshold=5 2 1097465864 53252
is_linear=0
shrinkage=0.05


Tree=20
num_leaves=15
num_cat=8
split_feature=0 5 8 5 5 2 2 2 4 8 2 8 2 2
split_gain=4096 676.456 90.2033 734.92 587.987 19.4444 15.1083 11.6828 10.4592 13.0537 28.6558 10.7709 10.1274 9.6694
threshold=0 1.5000000000000002 11.500000000000002 3.0000000000000004 3.0000000000000004 1 2 3 4 3.5000000000000004 5 1.5000000000000002 6 7
decision_type=1 2 2 2 2 9 9 9 1 2 9 2 9 9
left_child=1 -1 4 -4 -2 -6 13 -3 9 10 -9 -12 -13 -5
right_child=2 7 3 6 5 -7 -8 8 -10 -11 11 12 -14 -15
leaf_value=0.04758314229782469 -0.063069219247478478 0.022680089071772477 0.049161633800288658 -0.035870655876715667 -0.01685444593934815 -0.011308860269641834 -0.010714158026471294 -0.018517026386406215 0.015151323709778359 0.022981240019687734 0.034699744761692193 0.023191080607325224 -0.010724936097737305 -0.014670039143788657
leaf_weight=3107.4235133081675 613.89904750883579 1372.5056769996881 516.00919288396835 55.537057340145111 2167.2855555266142 7414.6012984365225 6664.0220467895269 59.887263640761375 2834.9098669588566 1026.1470056921244 76.872677698731422 35.092050090432167 36.198907181620598 2837.140574991703
leaf_count=20007 3737 6488 3235 227 8838 30046 26981 279 13113 4817 360 164 167 11544
internal_value=-6.80607e-05 0.0289372 -0.0123104 -0.00896057 -0.0156318 -0.0125926 -0.0120988 0.0183427 0.0167827 0.0206658 0.00924587 0.0203442 0.00771841 -0.0151992
internal_weight=28817.5 8549.04 20268.5 10072.7 10195.8 9581.89 9556.7 5441.61 4069.11 1234.2 208.051 148.164 71.291 2892.68
internal_count=130003 45395 84608 41987 42621 38884 38752 25388 18900 5787 970 691 331 11771
cat_boundaries=0 1 2 3 4 5 6 7 8
cat_threshold=5 2957315 1445411 4211334 2 3015680 14400 1
is_linear=0
shrinkage=0.05


Tree=21
num_leaves=15
num_cat=8
split_feature=0 5 2 2 7 4 7 3 6 3 7 7 4 2
split_gain=3758.09 666.265 15.1343 12.5366 11.0184 11.4757 7.15093 6.90907 6.88081 6.64962 6.54067 13.7014 14.4167 13.422
threshold=0 1.5000000000000002 1 2 5.5000000000000009 3 1.5000000000000002 4 1.5000000000000002 5 2.5000000000000004 1.0000000180025095e-35 6 7
decision_type=1 2 9 9 2 1 2 9 2 9 2 2 1 9
left_child=1 -1 4 7 5 -2 -7 8 -3 -5 11 -11 -13 -12
right_child=2 3 -4 9 -6 6 -8 -9 -10 10 13 12 -14 -15
leaf_value=0.047030236679973372 -0.054213136575102086 0.027355424850905054 -0.011457676753247222 -0.0063078991369622892 -0.0008763038497546804 -0.054349720527920212 -0.011409699260731772 0.012347679949248819 0.016661918165122389 0.015655478708297428 0.013242163355379741 0.03776732825637346 0.022775999249057266 0.023570209200753547
leaf_weight=3016.6967465132475 52.616304531693459 173.97768005728722 20091.976103648543 24.851723313331604 25.287985876202583 12.647324427962301 41.544223368167877 1464.1581214815378 1111.5111484378576 367.71881167590618 768.85922355949879 232.86435343325138 515.15103417634964 723.98833979666233
leaf_count=20007 225 810 84159 118 105 52 171 6815 5175 1753 3603 1132 2447 3440
internal_value=9.35691e-05 0.0281858 -0.0115823 0.0176777 -0.0284037 -0.0375804 -0.0214311 0.0150315 0.0179694 0.0203065 0.0205831 0.0235581 0.0274429 0.0184976
internal_weight=28623.8 8399.78 20224.1 5383.08 132.096 106.808 54.1915 2749.65 1285.49 2633.43 2608.58 1115.73 748.015 1492.85
internal_count=130012 45300 84712 25293 553 448 223 12800 5985 12493 12375 5332 3579 7043
cat_boundaries=0 1 2 3 4 6 8 9 10
cat_threshold=5 1 1544553 1 119934985 20544 2097152 1024 2 2633216
is_linear=0
shrinkage=0.05


Tree=22
num_leaves=15
num_cat=4
split_feature=0 5 8 5 5 3 4 6 6 8 7 6 3 7
split_gain=3431.14 632.518 79.6956 682.505 568.623 9.02635 7.73216 8.25086 11.6524 16.9615 14.1331 8.99485 7.66915 6.28385
threshold=0 1.5000000000000002 11.500000000000002 3.0000000000000004 3.0000000000000004 1 2 7.5000000000000009 8.5000000000000018 10.500000000000002 1.5000000000000002 6.5000000000000009 3 1.5000000000000002
decision_type=1 2 2 2 2 9 1 2 2 2 2 2 9 2
left_child=1 13 4 -4 -2 -5 7 11 9 -9 -11 -3 -8 -1
right_child=2 6 3 5 -6 -7 12 8 -10 10 -12 -13 -14 -15
leaf_value=0.042117106985979258 -0.062128152616231704 0.020814077864252694 0.048696722434072373 -0.0038801315977636227 -0.011331732494785765 -0.011332670098234621 0.018395654615685205 -0.019159229669785467 0.018797511843586474 0.052843631280105753 0.0042128977246404988 0.0356850871310933 0.013287922212012812 0.047253923625247087
leaf_weight=831.01881136000156 584.72279743850231 924.46673320233822 504.49791269004345 463.20500457286835 9533.4126580804586 9026.4949408322573 1643.5071128904819 55.274637028574944 462.1851564347744 20.392503425478935 55.878031387925148 114.25078535079956 2070.3575761318207 2099.4236461669207
leaf_count=5679 3722 4413 3236 1881 38805 36710 7744 260 2219 100 267 548 9742 14347
internal_value=1.73956e-05 0.0270948 -0.0111336 -0.00797226 -0.0142672 -0.0109849 0.0168942 0.0197623 0.0150606 0.00193092 0.0172153 0.0224498 0.0156336 0.0457972
internal_weight=28389.1 8276.75 20112.3 9994.2 10118.1 9489.7 5346.31 1632.45 593.73 131.545 76.2705 1038.72 3713.86 2930.44
internal_count=129673 45319 84354 41827 42527 38591 25293 7807 2846 627 367 4961 17486 20026
cat_boundaries=0 1 3 4 6
cat_threshold=5 560070720 1024 2 50728968 16448
is_linear=0
shrinkage=0.05


Tree=23
num_leaves=15
num_cat=7
split_feature=0 5 8 5 5 2 2 2 3 8 3 8 2 7
split_gain=3136.27 584.792 73.0065 644.543 543.986 16.7571 15.0066 10.5304 16.7393 11.1262 8.69984 7.40187 7.86631 9.01229
threshold=0 1.5000000000000002 11.500000000000002 3.0000000000000004 3.0000000000000004 1 2 3 4 3.5000000000000004 5 1.5000000000000002 6 1.0000000180025095e-35
decision_type=1 2 2 2 2 9 9 9 9 2 9 2 9 2
left_child=1 -1 4 -4 -2 -5 -3 8 9 -6 -9 -10 -13 -14
right_child=2 6 3 5 7 -7 -8 10 11 -11 -12 12 13 -15
leaf_value=0.04443109920023533 -0.061398671718419701 0.013576844348285298 0.048347484991509364 -0.016017675736885572 -0.011249215271465397 -0.0096033386298976717 0.01923770149012614 -0.011921050661672501 -0.0027745439574777299 -0.020436151578318091 -0.0079805719027540786 -0.0069757859937266617 -0.0014860641139733996 -0.017297931184785856
leaf_weight=2846.6843512505293 562.08420765399933 2763.3036566525698 490.05515424907207 1219.7681484520435 497.69101159274578 8297.8623799681664 2572.7226257771254 2479.8880945146084 312.23993766307831 975.62335009872913 3877.6961956173182 667.72834481298923 104.95618160068989 637.41305296123028
leaf_count=20042 3718 13039 3240 5013 2031 33747 12376 10087 1273 4007 15770 2731 430 2615
internal_value=1.76463e-05 0.0260988 -0.0105955 -0.00757301 -0.0135964 -0.0104523 0.0163677 -0.0107838 -0.0131994 -0.0172159 -0.00953393 -0.00968397 -0.0112826 -0.0148622
internal_weight=28305.7 8182.71 20123 10007.7 10115.3 9517.63 5336.03 9553.24 3195.65 1473.31 6357.58 1722.34 1410.1 742.369
internal_count=130119 45457 84662 42000 42662 38760 25415 38944 13087 6038 25857 7049 5776 3045
cat_boundaries=0 1 2 3 4 6 8 9
cat_threshold=5 131619 3608937 3761283 1092878344 21508 289539136 49216 83074
is_linear=0
shrinkage=0.05


Tree=24
num_leaves=15
num_cat=6
split_feature=0 5 8 5 5 2 4 6 2 2 2 7 8 8
split_gain=2835.73 564.886 66.2589 593.091 529.431 13.9313 12.0985 15.3455 11.9841 11.1488 10.6941 11.282 17.9304 11.9305
threshold=0 1.5000000000000002 11.500000000000002 3.0000000000000004 3.0000000000000004 1 2 11.500000000000002 3 4 5 1.0000000180025095e-35 15.500000000000002 9.5000000000000018
decision_type=1 2 2 2 2 9 1 2 9 9 9 2 2 2
left_child=1 10 4 -4 -2 6 7 -3 -6 -5 11 12 13 -1
right_child=2 5 3 9 8 -7 -8 -9 -10 -11 -12 -13 -14 -15
leaf_value=0.020542340382322419 -0.060717929637211836 0.016350095383857309 0.047276373729838506 -0.0069231445258300592 -0.013609150535637868 0.018694038513954663 0.011113214081364533 0.043109610546023552 -0.0091037772445983559 -0.010873841490286746 0.045727445188400995 0.037458822559870583 0.044746977799963505 -0.028278950977290843
leaf_weight=27.926640123128891 545.37417286634445 850.79966512322426 478.17777764797211 2634.2608850449324 1980.4974560290575 2306.565601348877 2071.4462759941816 57.175814896821976 7548.4330276399851 6848.2104801982641 2185.1532094329596 485.94915448129177 36.221681743860245 22.673113763332367
leaf_count=202 3752 4095 3260 10704 8148 11187 9781 279 30757 27968 15845 3525 262 164
internal_value=0.000126379 0.0251849 -0.00994208 -0.00705528 -0.0128062 0.0156455 0.0131784 0.0180352 -0.010064 -0.00979509 0.04356 0.0339008 0.0178909 -0.00133387
internal_weight=28078.9 8043.91 20035 9960.65 10074.3 5285.99 2979.42 907.975 9528.93 9482.47 2757.92 572.771 86.8214 50.5998
internal_count=129929 45340 84589 41932 42657 25342 14155 4374 38905 38672 19998 4153 628 366
cat_boundaries=0 1 2 3 4 5 6
cat_threshold=5 3387721 2 2646019 6381828 2103301
is_linear=0
shrinkage=0.05


Tree=25
num_leaves=15
num_cat=4
split_feature=0 5 8 5 5 3 7 3 8 6 8 1 6 8
split_gain=2559.97 587.755 72.1783 533.26 500.233 8.29733 7.97552 9.74731 8.01387 7.64272 7.5232 7.69799 7.88258 7.21047
threshold=0 1.5000000000000002 11.500000000000002 3.0000000000000004 3.0000000000000004 1 2.5000000000000004 2 19.500000000000004 2.5000000000000004 1.5000000000000002 3 11.500000000000002 3.5000000000000004
decision_type=1 2 2 2 2 9 2 9 2 2 2 1 2 2
left_child=1 -1 4 9 -2 -6 -3 8 -8 -4 -7 -12 -13 -9
right_child=2 6 3 -5 5 10 7 13 -10 -11 11 12 -14 -15
leaf_value=0.04308248539067927 -0.060087282696923885 0.016610588450212609 0.033965767196356203 -0.0090939643132407107 -0.011048740239714722 -0.0026679167536435662 0.010047903857867552 0.0082179664710063851 -0.0030315293492573776 0.049350235248854249 -0.0049146754837969949 -0.010410079000985837 -0.03792601049977018 0.0158827296628225
leaf_weight=2684.0687710344791 524.39452336728573 2186.9239924103022 104.19809623062611 9469.4174675196409 6133.0980857908726 580.77881383895874 751.20984199643135 370.35456191003323 138.74267163872719 358.39731693267822 896.88079041242599 1868.775734975934 26.395597785711288 1789.0470617413521
leaf_count=20041 3754 10663 733 38672 25090 2367 3595 1771 664 2519 3668 7634 108 8574
internal_value=-6.61903e-06 0.0240278 -0.00954986 -0.00653326 -0.0125464 -0.00992382 0.0143064 0.0126538 0.00791984 0.0458849 -0.00782235 -0.00892254 -0.0107367 0.014501
internal_weight=27882.7 7920.35 19962.3 9932.01 10030.3 9505.93 5236.28 3049.35 889.953 462.595 3372.83 2792.05 1895.17 2159.4
internal_count=129853 45308 84545 41924 42621 38867 25267 14604 4259 3252 13777 11410 7742 10345
cat_boundaries=0 1 3 5 6
cat_threshold=5 1097597000 49220 1078460992 17408 9
is_linear=0
shrinkage=0.05


Tree=26
num_leaves=15
num_cat=7
split_feature=0 0 8 2 2 7 2 2 3 7 8 8 7 6
split_gain=2377.98 527.17 56.9816 13.7979 13.1683 11.7235 11.4073 10.7982 11.3023 10.2959 13.1829 14.135 10.4141 11.7344
threshold=0 1 11.500000000000002 2 3 2.5000000000000004 4 5 6 1.0000000180025095e-35 15.500000000000002 9.5000000000000018 4.5000000000000009 3.5000000000000004
decision_type=1 1 2 9 9 2 9 9 9 2 2 2 2 2
left_child=1 6 -2 -4 -3 -6 9 8 -5 10 11 -1 -11 -14
right_child=2 4 3 7 5 -7 -8 -9 -10 12 -12 -13 13 -15
leaf_value=0.025165511745718468 -0.011847231741133106 0.018219648519097947 -0.029382423683730785 0.0072787579025898512 0.015767725286108984 0.010069473413972392 0.044068059623600234 -0.0044885540354140064 -0.0082060100285077028 0.040975732109996769 0.040885792872537088 -0.028309241828031902 0.041145556094442745 0.013631800988565737
leaf_weight=26.351580679416656 9997.7208232134581 1514.8180745691061 56.936772927641869 115.94029040634632 1534.4339911192656 2192.2077153176069 2061.3486501574516 4490.1371626108885 5243.3358135670424 302.99275107681751 32.948188647627831 23.270450383424759 66.777076721191406 92.340176403522491
leaf_count=199 42615 7498 242 495 7481 10463 15880 18915 22280 2321 253 170 512 708
internal_value=1.08332e-05 0.0233031 -0.00917961 -0.00649665 0.0141009 0.0123825 0.0416867 -0.0063281 -0.00785809 0.0320422 0.0163678 8.83117e-05 0.0355363 0.0251786
internal_weight=27751.6 7847.49 19904.1 9906.35 5241.46 3726.64 2606.03 9849.41 5359.28 544.68 82.5702 49.622 462.11 159.117
internal_count=130032 45485 84547 41932 25442 17944 20043 41690 22775 4163 622 369 3541 1220
cat_boundaries=0 1 2 3 4 5 6 7
cat_threshold=5 1 1 4212358 2103301 1513130 577241152
is_linear=0
shrinkage=0.05


Tree=27
num_leaves=15
num_cat=7
split_feature=0 0 8 2 2 8 4 8 2 6 8 6 6 2
split_gain=2164.81 522.576 56.1705 15.9402 13.6525 10.882 24.872 15.4745 16.4321 23.9314 22.2007 26.5118 12.6919 12.0011
threshold=0 1 11.500000000000002 2 3 6.5000000000000009 4 8.5000000000000018 5 10.500000000000002 19.500000000000004 2.5000000000000004 9.5000000000000018 6
decision_type=1 1 2 9 9 2 1 2 9 2 2 2 2 9
left_child=1 -1 -2 5 -4 -3 7 13 10 -10 12 -12 -9 -7
right_child=2 3 4 -5 -6 6 -8 8 9 -11 11 -13 -14 -15
leaf_value=0.040985848126517746 -0.011368866577548596 0.015447123520398499 -0.029136417752914336 0.016375206399257214 -0.0058908987772275509 0.014058650662426994 0.014381197584278242 0.017610469872299663 0.0062088728838821652 0.038625305120504834 -0.088780987233262831 -0.013687301722256767 -0.011800883627641588 -0.021940371201521754
leaf_weight=2542.6697800010443 10002.60235068202 829.55043008923531 54.944461971521378 2394.6149645596743 9838.4452938437462 25.443212568759918 966.71941573917866 78.18789578974247 635.99572974443436 62.532737672328949 15.294489949941633 50.769457042217255 69.095420122146606 85.759219810366631
leaf_count=20133 42749 4005 235 11844 41666 123 4711 378 3037 303 73 244 334 411
internal_value=1.30076e-05 0.0224018 -0.00872233 0.0132779 -0.0060554 0.0105985 0.00863043 0.00319647 0.00534387 0.00898223 -0.00667668 -0.0310723 0.00381264 -0.0144125
internal_weight=27652.6 7756.63 19896 5213.96 9893.39 2819.35 1989.8 1023.08 911.876 698.528 213.347 66.0639 147.283 111.202
internal_count=130246 45596 84650 25463 41901 13619 9614 4903 4369 3340 1029 317 712 534
cat_boundaries=0 1 2 3 4 5 6 7
cat_threshold=5 1 498505 1 1 133377 35072
is_linear=0
shrinkage=0.05


Tree=28
num_leaves=15
num_cat=8
split_feature=5 5 8 5 2 7 2 3 4 2 2 7 3 4
split_gain=1635.26 314.933 1047.17 491.446 10.4155 11.6735 15.7699 10.9702 14.9224 15.385 12.3242 9.81656 15.5427 9.30541
threshold=3.0000000000000004 1.0000000180025095e-35 11.500000000000002 1.5000000000000002 0 3.5000000000000004 1 2 3 4 5 1.0000000180025095e-35 6 7
decision_type=2 2 2 2 9 2 9 9 1 9 9 2 9 1
left_child=1 2 -1 -3 5 6 -2 -7 9 -9 -10 12 -8 -14
right_child=4 3 -4 -5 -6 7 11 8 10 -11 -12 -13 13 -15
leaf_value=-0.059281974608811794 -0.018725284213981168 0.039876760121675334 0.046208807501706223 0.012740822516018891 -0.0071895402173756569 -0.010310446246197378 0.0036809993913287497 -0.0018884704791304434 -0.0061256874756794796 -0.015331876424586974 0.0063495452139318703 -0.011509421178987565 -0.019794703348873038 -0.0061800134321260934
leaf_weight=494.54043826460838 639.77567747235298 2467.3711953833699 448.68868659436703 5153.2674826383591 11319.263421088457 1634.0923402756453 305.71262103319168 423.1598666459322 359.21339905261993 443.37593044340611 417.0395895242691 2766.9237923622131 179.38461430370808 417.84857769310474
leaf_count=3745 2662 20112 3225 25311 46341 6726 1255 1739 1479 1824 1715 11382 738 1717
internal_value=2.75539e-05 0.0181534 -0.00910061 0.0215268 -0.00818304 -0.00964317 -0.0113661 -0.00740662 -0.00442845 -0.00896572 0.000579478 -0.0100049 -0.00550535 -0.0101002
internal_weight=27469.7 8563.87 943.229 7620.64 18905.8 7586.53 4309.65 3276.88 1642.79 866.536 776.253 3669.87 902.946 597.233
internal_count=129971 52393 6970 45423 77578 31237 17754 13483 6757 3563 3194 15092 3710 2455
cat_boundaries=0 1 2 4 5 6 7 8 9
cat_threshold=4018819 65539 90440201 16452 1 86531 20994 1107301376 2
is_linear=0
shrinkage=0.05


Tree=29
num_leaves=15
num_cat=7
split_feature=0 0 8 2 2 7 8 2 6 4 7 4 8 8
split_gain=1780.53 475.687 46.5045 14.5675 13.4066 15.0692 20.313 12.6154 12.2816 12.2196 12.0857 10.4031 10.3657 10.1115
threshold=0 1 11.500000000000002 2 3 1.5000000000000002 15.500000000000002 4 2.5000000000000004 5 4.5000000000000009 6 22.500000000000004 13.500000000000002
decision_type=1 1 2 9 9 2 2 9 2 1 2 1 2 2
left_child=1 4 -2 12 5 6 8 -4 11 -7 -11 -1 -3 -10
right_child=2 3 7 -5 -6 9 -8 -9 13 10 -12 -13 -14 -15
leaf_value=0.019247727190619957 -0.010181190347869355 0.0091506142537681988 -0.027487248390299035 0.015354571525908368 0.042252322330670444 0.018381970513426427 0.04056722147662644 -0.0051768367280973131 0.023832834932066754 0.047663259417570471 0.029507208675056074 -0.040043357669978484 0.023373894798287262 -0.020712544074211608
leaf_weight=11.476798728108406 9929.0432259142399 2819.2383798658848 54.928757861256599 2181.5038380771875 1732.9283751547337 79.306301690638065 74.286496788263321 9810.7184000611305 79.80241684615612 216.64505414664745 158.87273177504539 20.817655958235264 134.19436180591583 15.159540250897406
leaf_count=93 42651 13766 236 10939 14587 661 621 41696 655 1814 1319 169 654 123
internal_value=0.00010882 0.0207967 -0.00776152 0.0121642 0.0392212 0.0307046 0.0197914 -0.00533416 0.00766341 0.0362156 0.0399819 -0.0189725 0.00976381 0.0167217
internal_weight=27318.9 7524.23 19794.7 5134.94 2389.3 656.367 201.543 9865.65 127.256 454.824 375.518 32.2945 2953.43 94.962
internal_count=129984 45401 84583 25359 20042 5455 1661 41932 1040 3794 3133 262 14420 778
cat_boundaries=0 1 2 3 4 5 6 7
cat_threshold=5 1 4141384 2119813 1 4 2
is_linear=0
shrinkage=0.05


Tree=30
num_leaves=15
num_cat=8
split_feature=0 5 8 5 5 2 4 2 2 2 3 8 6 3
split_gain=1617.54 467.86 42.3784 473.12 451.635 14.1195 23.036 12.7967 12.1546 11.5204 12.3795 11.3532 13.8922 10.4921
threshold=0 1.5000000000000002 11.500000000000002 3.0000000000000004 3.0000000000000004 1 2 3 4 5 6 22.500000000000004 2.5000000000000004 7
decision_type=1 2 2 2 2 9 1 9 9 9 9 2 2 9
left_child=1 8 3 -2 -4 6 -6 -3 -1 13 -11 -8 -13 -5
right_child=2 7 4 9 5 -7 11 -9 -10 10 -12 12 -14 -15
leaf_value=0.02854053870311728 -0.058658842282458212 0.0088158341065241886 0.044404444252386266 -0.0071046198761756359 -0.019434733960204623 -0.0063826700017739274 -0.0063628947824790538 0.014006054685592387 0.040807318981845142 -0.0053439506988276772 -0.0098571894402113384 -0.060250442456763226 -0.01456634101341433 -0.00043823418078329791
leaf_weight=496.1212278008461 470.56432496011257 2537.5760350823402 440.18731094896793 1379.78191845119 599.92726559937 7422.6636574119329 1266.1016874015331 2582.9262516647577 1836.247826308012 2408.2968983352184 4609.3539104759693 20.537094876170158 87.718804374337196 1040.774774774909
leaf_count=4201 3740 12428 3252 5661 2495 30400 5239 12995 15930 9928 19051 85 363 4268
internal_value=7.50869e-05 0.0199067 -0.00741645 -0.00972817 -0.00509544 -0.0074142 -0.0112033 0.0114785 0.0384954 -0.00728862 -0.00831816 -0.00769173 -0.023233 -0.00425185
internal_weight=27198.8 7452.87 19745.9 9908.77 9837.14 9396.95 1974.28 5120.5 2332.37 9438.21 7017.65 1374.36 108.256 2420.56
internal_count=130036 45554 84482 42648 41834 38582 8182 25423 20131 38908 28979 5687 448 9929
cat_boundaries=0 1 2 3 4 5 6 8 10
cat_threshold=5 132771 2 1283401 2103301 166244 4331073 5120 1094849600 49152
is_linear=0
shrinkage=0.05


Tree=31
num_leaves=15
num_cat=6
split_feature=0 5 8 5 5 2 3 2 7 8 7 8 2 2
split_gain=1471.2 431.018 33.9619 457.866 422.397 11.8777 13.0207 10.7238 15.7432 21.0801 15.0199 14.6214 10.1627 9.83327
threshold=0 1.5000000000000002 11.500000000000002 3.0000000000000004 3.0000000000000004 1 2 3 1.5000000000000002 15.500000000000002 4.5000000000000009 7.5000000000000009 4 5
decision_type=1 2 2 2 2 9 9 9 2 2 2 2 9 9
left_child=1 7 3 -2 -4 6 -6 8 9 11 -10 -1 -7 -3
right_child=2 13 4 -5 5 12 -8 -9 10 -11 -12 -13 -14 -15
leaf_value=0.022313280319282373 -0.05816552360937715 0.015007857426832416 0.044022371706180195 -0.006545329227097431 -0.0059477624496355776 -0.028268941705858832 0.002739691454478659 0.039818420646081182 0.043535435607191038 0.039283960777550343 0.02216957872904686 -0.017962104077495749 -0.007761550470676214 0.0098568332103765727
leaf_weight=40.745072491466999 450.10685212910175 1406.2804232537746 424.78435948491096 9417.3267323225737 1688.833243906498 53.996112048625946 574.74980627000332 1778.4962297007442 193.06726639717817 54.774092376232147 143.3149823397398 50.420149639248848 7072.2610800713301 3673.067932382226
leaf_count=346 3730 7206 3235 38872 6907 231 2348 15901 1699 481 1233 411 29114 18141
internal_value=0.00030015 0.0193889 -0.00682513 -0.0089 -0.00474604 -0.00695226 -0.00373957 0.0375762 0.027904 0.0147681 0.0344326 3.84384e-05 -0.00795633 0.0113319
internal_weight=27022.2 7340.17 19682.1 9867.43 9814.62 9389.84 2263.58 2260.82 482.322 145.939 336.382 91.1652 7126.26 5079.35
internal_count=129855 45418 84437 42602 41835 38600 9255 20071 4170 1238 2932 757 29345 25347
cat_boundaries=0 1 2 4 5 6 7
cat_threshold=5 6316036 1646269960 36932 2103301 1 4735622
is_linear=0
shrinkage=0.05


Tree=32
num_leaves=15
num_cat=5
split_feature=0 5 8 5 5 2 2 2 7 8 7 8 6 3
split_gain=1370.37 405.766 28.0946 436.319 391.823 13.8748 12.2879 12.0102 11.3254 20.4336 15.3883 15.3415 12.9546 10.7435
threshold=0 1.5000000000000002 11.500000000000002 3.0000000000000004 3.0000000000000004 1 2 3 1.5000000000000002 15.500000000000002 4.5000000000000009 7.5000000000000009 1.5000000000000002 4
decision_type=1 2 2 2 2 9 9 9 2 2 2 2 2 9
left_child=1 7 3 -2 -4 -5 -6 8 9 11 -10 -1 -13 -8
right_child=2 -3 4 5 6 -7 13 -9 10 -11 -12 12 -14 -15
leaf_value=0.024905256587014243 -0.057703966306378168 0.010827367608800129 0.042877677907184095 -0.0015325828186623326 -0.029433244538053883 -0.0071813280787963356 0.0002095849946400001 0.038859605736917088 0.041733225935212746 0.039347437748575138 0.019843958103721995 -0.074297836099317907 -0.0059945691509900789 -0.0072385036661553161
leaf_weight=38.093474201858044 433.91385345906019 5052.3339362740517 411.1059365272522 1278.9706094115973 52.419242635369301 8136.4775433540344 520.97685115039349 1731.6246547922492 187.48828507959843 55.856084786355495 140.42914561182261 8.2630820721387845 43.418416738510132 8851.0240236520767
leaf_count=329 3751 25341 3228 5250 226 33659 2136 15950 1704 505 1228 65 351 36426
internal_value=5.6048e-05 0.0186124 -0.00679139 -0.00868244 -0.00490459 -0.00642327 -0.00698891 0.0365333 0.0266436 0.0156032 0.0323592 0.000830119 -0.0169152 -0.00682469
internal_weight=26942.4 7257.51 19684.9 9849.36 9835.53 9415.45 9424.42 2205.17 473.548 145.631 327.917 89.775 51.6815 9372
internal_count=130149 45473 84676 42660 42016 38909 38788 20132 4182 1250 2932 745 416 38562
cat_boundaries=0 1 2 3 4 6
cat_threshold=5 2148 1 2103301 593625152 1024
is_linear=0
shrinkage=0.05


Tree=33
num_leaves=15
num_cat=5
split_feature=0 5 8 5 5 2 4 2 7 8 7 8 8 2
split_gain=1238.46 391.292 27.1484 413.747 367.763 12.0533 14.3673 11.9076 11.5771 14.7954 12.4374 11.3741 10.0923 15.1134
threshold=0 1.5000000000000002 11.500000000000002 3.0000000000000004 3.0000000000000004 1 2 3 1.5000000000000002 15.500000000000002 4.5000000000000009 7.5000000000000009 19.500000000000004 4
decision_type=1 2 2 2 2 9 1 9 2 2 2 2 2 9
left_child=1 5 3 -2 -4 6 -1 -6 9 11 -10 -8 -9 -14
right_child=2 -3 4 -5 7 -7 8 12 10 -11 -12 -13 13 -15
leaf_value=0.009824714753271813 -0.057271869946233914 0.010217808763844677 0.04216578466075286 -0.0062101965859515731 -0.0082672020647707092 0.038395398794686592 0.026953156826306775 -0.0063996765110429336 0.045823867256291909 0.041229291030977992 0.024751421953417559 -0.0098003883056495371 -0.0056166277276366791 0.0046968670728159473
leaf_weight=97.782740481197834 414.11764717847109 5032.9534872770309 402.45158415287733 9443.7260449081659 5152.6825751960278 1604.6243950948119 37.751490645110607 2792.1687514185905 163.17746200412512 47.696392334997654 122.65851479768753 47.582422457635403 824.26603515446186 609.47052952647209
leaf_count=876 3736 25368 3257 39071 21312 15225 336 11465 1539 445 1097 386 3376 2492
internal_value=-1.15492e-05 0.0177844 -0.00650017 -0.00835524 -0.00463718 0.0358209 0.0265675 -0.00664557 0.0311104 0.0189256 0.0367812 0.00645928 -0.00463777 -0.00123885
internal_weight=26793.1 7154.23 19638.9 9857.84 9781.04 2121.27 516.649 9378.59 418.866 133.03 285.836 85.3339 4225.91 1433.74
internal_count=129981 45272 84709 42807 41902 19904 4679 38645 3803 1167 2636 722 17333 5868
cat_boundaries=0 1 2 3 4 5
cat_threshold=5 2119685 4 1449515 6316160
is_linear=0
shrinkage=0.05


Tree=34
num_leaves=15
num_cat=4
split_feature=0 5 8 5 5 2 8 3 2 7 8 7 6 8
split_gain=1133.97 386.659 26.7242 394.573 326.18 10.951 12.5597 10.4718 10.4161 11.4024 18.3152 15.8793 10.743 10.5295
threshold=0 1.5000000000000002 11.500000000000002 3.0000000000000004 3.0000000000000004 1 12.500000000000002 2 3 1.5000000000000002 15.500000000000002 4.5000000000000009 2.5000000000000004 7.5000000000000009
decision_type=1 2 2 2 2 9 2 9 9 2 2 2 2 2
left_child=1 8 3 -2 -4 6 7 -6 9 10 12 -11 13 -1
right_child=2 -3 4 -5 5 -7 -8 -9 -10 11 -12 -13 -14 -15
leaf_value=0.023871938357810551 -0.056866979999538173 0.0096275816192633885 0.040570206569204618 -0.0059811549590968356 0.019367926831518487 -0.0072398998871691603 -0.0044337104892028557 -0.0022595256571870622 0.037722869924257323 0.041310452645118567 0.038812275179019431 0.019716636666441564 0.012198656754777326 -0.047724399659563384
leaf_weight=7.3915604799985912 397.07285799086094 5014.161058947444 388.07739784568548 9385.292567461729 96.495825797319412 6877.3089022934437 2286.5889623165131 120.18166743218899 1576.7372864112258 195.77198256552219 55.849701024591923 150.6489884108305 78.979731060564518 16.823203347623348
leaf_count=64 3740 25391 3237 38872 395 28438 9374 492 15406 1894 535 1367 683 128
internal_value=1.83521e-05 0.0171245 -0.0061962 -0.00804665 -0.00434949 -0.00620783 -0.00333018 0.00816169 0.0352601 0.026311 0.0157483 0.0319199 0.00326587 -0.0258696
internal_weight=26647.4 7096.36 19551 9782.37 9768.65 9380.58 2503.27 216.677 2082.2 505.465 159.044 346.421 103.194 24.2148
internal_count=130016 45468 84548 42612 41936 38699 10261 887 20077 4671 1410 3261 875 192
cat_boundaries=0 1 2 4 5
cat_threshold=5 6316292 1074135553 32768 2119685
is_linear=0
shrinkage=0.05


Tree=35
num_leaves=15
num_cat=6
split_feature=0 0 8 5 5 2 2 7 6 4 8 6 2 7
split_gain=1039.75 357.313 25.5741 379.35 298.24 14 11.6409 12.4875 17.0025 10.974 11.0738 15.1968 10.7821 9.9855
threshold=0 1 11.500000000000002 3.0000000000000004 3.0000000000000004 2 3 1.5000000000000002 2.5000000000000004 4 13.500000000000002 7.5000000000000009 5 3.5000000000000004
decision_type=1 1 2 2 2 9 9 2 2 1 2 2 9 2
left_child=6 5 3 -3 -4 -2 7 8 -1 10 11 -9 -6 -11
right_child=1 2 4 -5 12 -7 -8 9 -10 13 -12 -13 -14 -15
leaf_value=-0.052831527065004338 0.006668775269824 -0.056487643183215142 0.039555897764800743 -0.0055714341477463292 -0.0024229840685744703 0.012105196804079761 0.036313161905156655 0.015168541749492462 0.014784697719154373 0.051275408874496109 0.031406895909942979 -0.077864280349710754 -0.0065861339134753762 0.024735818718423494
leaf_weight=10.738677695393561 2604.7708319574594 380.70205884426832 378.80347829312086 9358.6003928035498 2022.4491187185049 2357.1662721037865 1762.6434463188052 10.75767905265093 69.260813243687153 59.780253306031227 19.576352573931217 7.4152691736817351 7349.569797500968 87.055225737392902
leaf_count=86 13031 3745 3254 38806 8293 12208 17602 100 625 602 183 69 30412 819
internal_value=0.000161672 -0.00269663 -0.00574651 -0.00756171 -0.00393934 0.0092705 0.0344813 0.0213993 0.00570828 0.0293592 0.0053147 -0.0227925 -0.00569735 0.0355407
internal_weight=26479.3 24452.1 19490.1 9739.3 9750.82 4961.94 2027.23 264.584 79.9995 184.585 37.7493 18.1729 9372.02 146.835
internal_count=129835 109749 84510 42551 41959 25239 20086 2484 711 1773 352 169 38705 1421
cat_boundaries=0 1 2 3 4 5 6
cat_threshold=1 4 1545033 2099205 4 6299652
is_linear=0
shrinkage=0.05


Tree=36
num_leaves=15
num_cat=5
split_feature=0 5 8 5 5 2 7 8 6 7 6 2 4 2
split_gain=942.934 335.595 24.9367 361.496 287.71 11.3264 12.8157 13.0894 12.2456 16.3248 11.5652 10.3659 24.1753 10.1671
threshold=0 1.5000000000000002 11.500000000000002 3.0000000000000004 3.0000000000000004 1 1.0000000180025095e-35 15.500000000000002 3.5000000000000004 4.5000000000000009 7.5000000000000009 2 3 4
decision_type=1 2 2 2 2 9 2 2 2 2 2 9 1 9
left_child=1 5 3 -2 11 6 7 10 -8 -10 -1 12 -4 -5
right_child=2 -3 4 13 -6 -7 8 -9 9 -11 -12 -13 -14 -15
leaf_value=-0.023093949563924687 -0.056131248676168866 0.0090631723147122454 0.037023583333132805 -0.0091867272397261075 -0.0054151089176590833 0.035819087064933024 0.039489694938703274 0.033320374596771909 0.030879871129775461 0.0024616948230315409 0.040976189103457156 0.040666097335241118 -0.089917788426195522 -0.0046456478589513408
leaf_weight=37.347946852445602 364.56566019356251 4966.1009711772203 9.7222147881984693 1490.3908369243145 9353.0424332171679 1534.986474364996 143.03821592032909 26.088562853634357 140.96744500100613 78.775476649403572 8.6804638206958753 354.57515143603086 6.1063412576913825 7878.8235477805138
leaf_count=304 3747 25368 85 6263 38666 15871 1396 262 1406 728 72 3137 54 32627
internal_value=0.000151542 0.015967 -0.00549164 -0.00728349 -0.00370352 0.0334527 0.0237312 0.00502602 0.0281038 0.0206923 -0.011011 0.0395156 -0.00732203 -0.00538278
internal_weight=26393.2 6935.99 19457.2 9733.78 9723.45 1969.88 434.898 72.117 362.781 219.743 46.0284 370.404 15.8286 9369.21
internal_count=129986 45407 84579 42637 41942 20039 4168 638 3530 2134 376 3276 139 38890
cat_boundaries=0 1 2 3 4 5
cat_threshold=5 2103301 589825 1 2170883
is_linear=0
shrinkage=0.05


Tree=37
num_leaves=15
num_cat=8
split_feature=0 0 8 5 5 2 2 4 6 2 3 3 8 8
split_gain=872.677 306.407 17.4842 348.216 266.841 14.357 12.8967 10.2933 14.9228 10.0533 10.8157 10.7536 9.13983 23.1063
threshold=0 1 11.500000000000002 3.0000000000000004 3.0000000000000004 2 3 4 11.500000000000002 5 6 7 6.5000000000000009 8.5000000000000018
decision_type=1 1 2 2 2 9 9 1 2 9 9 9 2 2
left_child=5 6 3 -3 -4 -1 7 8 -2 11 -11 -5 -9 -14
right_child=1 2 4 9 -6 -7 -8 12 -10 10 -12 -13 13 -15
leaf_value=0.026819978559624133 0.0092369400196860348 -0.055796576108826858 0.038774099617853969 -0.012939107670627975 -0.0053466882771893084 0.037686927930199163 0.011569394300549653 0.0098094432689448605 0.036678550047858832 -0.0073463155055720104 -0.0029075337418341474 -0.005179783755611852 -0.016443065750011993 0.0044169429605483059
leaf_weight=931.988260820508 784.11707429587841 348.6267269551754 355.71656788140535 728.27867598831654 9360.5448437482119 983.671367444098 2218.3171935081482 540.64450314640999 52.883071810007095 1845.7562035918236 5509.8954725116491 1269.1377801895142 149.18033114075661 1205.4996381551027
leaf_count=9534 4020 3745 3238 3070 38735 10475 11626 2711 280 7654 22810 5329 742 6017
internal_value=0.000162923 -0.00239678 -0.00522793 -0.0067321 -0.00373141 0.0325668 0.00869602 0.00632951 0.0109707 -0.00490327 -0.00402982 -0.00805928 0.00431328 0.00211979
internal_weight=26284.3 24368.6 19418 9701.69 9716.26 1915.66 4950.64 2732.32 837 9353.07 7355.65 1997.42 1895.32 1354.68
internal_count=129986 109977 84581 42608 41973 20009 25396 13770 4300 38863 30464 8399 9470 6759
cat_boundaries=0 1 2 3 4 5 6 8 10
cat_threshold=1 4 3168397 1552713 2 2711555 292028481 49152 1126432776 4
is_linear=0
shrinkage=0.05


Tree=38
num_leaves=15
num_cat=6
split_feature=5 5 8 5 2 7 2 4 7 2 3 8 6 2
split_gain=654.308 122.389 601.106 305.828 14.1101 14.2981 9.74881 18.5716 8.99364 14.4551 19.5414 12.0124 25.0839 11.6746
threshold=3.0000000000000004 1.0000000180025095e-35 11.500000000000002 1.5000000000000002 0 1.0000000180025095e-35 1 2 1.0000000180025095e-35 3 4 21.500000000000004 9.5000000000000018 5
decision_type=2 2 2 2 9 2 9 1 2 9 9 2 2 9
left_child=1 2 -1 4 5 -3 7 -4 9 11 13 -2 -13 -11
right_child=8 3 6 -5 -6 -7 -8 -9 -10 10 -12 12 -14 -15
leaf_value=-0.055481964733624357 -0.004477579133775984 0.0062658626767761981 0.034220326920731257 0.0080905215280590286 0.035129330165151733 0.027376210111821592 0.040242491926938531 -0.078743424482208335 -0.0053444077492330391 0.0052154696631017102 0.0062628411919655458 -0.033354338563296233 0.030389028107465545 -0.011280416032901246
leaf_weight=332.7423133701086 1247.1133154630661 96.515266105532646 8.7616840526461583 4910.9966124892235 1297.4021177664399 474.77461119741201 324.40917295217514 6.2223227173089972 16036.336486428976 150.20705151557922 816.77491655945778 86.910783529281616 18.766006514430046 342.29296886920929
leaf_count=3737 5179 921 81 25299 14182 4915 3046 53 66577 622 3378 360 78 1419
internal_value=9.52669e-05 0.0126236 -0.00772743 0.0146412 0.0318567 0.0234002 0.0390913 -0.00761044 -0.00489763 -0.00220623 0.00154593 -0.00580619 -0.0220348 -0.00624568
internal_weight=26150.2 7451.82 672.135 6779.69 1868.69 571.29 339.393 14.984 18698.4 2662.07 1309.27 1352.79 105.677 492.5
internal_count=129847 52234 6917 45317 20018 5836 3180 134 77613 11036 5419 5617 438 2041
cat_boundaries=0 1 2 3 4 6 7
cat_threshold=2103431 589825 1 4898955 918017 20544 336164
is_linear=0
shrinkage=0.05


Tree=39
num_leaves=15
num_cat=10
split_feature=0 0 8 5 5 2 2 4 2 2 8 3 2 2
split_gain=758.151 248.445 22.2 311.165 225.806 13.1364 10.0059 15.8185 9.93045 9.55506 14.429 15.7464 14.8108 11.9294
threshold=0 1 11.500000000000002 3.0000000000000004 3.0000000000000004 2 3 4 5 6 3.5000000000000004 7 8 9
decision_type=1 1 2 2 2 9 9 1 9 9 2 9 9 9
left_child=5 8 3 -3 6 -1 7 -4 -2 10 12 -12 -5 -13
right_child=1 2 4 9 -6 -7 -8 -9 -10 -11 11 13 -14 -15
leaf_value=0.023474874809143152 0.011547281064837529 -0.055186181369690938 0.029298027509909563 0.0039237721623288438 -0.0045399694248849532 0.034752971008927568 0.038259788200229849 -0.073052334566628629 0.0063912368153533558 -0.0038299991570896123 -0.015613804486929903 0.00086485104702968899 -0.0091981396953715079 -0.010680992020489352
leaf_weight=607.98041364550591 1340.601816251874 317.06534244120121 9.0810417756438238 455.55562011897564 9327.6771305650473 1214.0446672737598 323.0666601806879 6.460984304547309 3559.8725655823946 6823.361494794488 741.42033132910728 402.36918215453625 391.54520143568516 502.01664584875107
leaf_count=6353 7146 3724 86 1901 38674 13665 3128 52 18195 28290 3145 1696 1638 2115
internal_value=0.000125538 -0.00222136 -0.00477436 -0.00647552 -0.00308394 0.0311383 0.0370254 -0.00806253 0.0078224 -0.00481773 -0.0074759 -0.0102349 -0.00220367 -0.00559087
internal_weight=26022.1 24200.1 19299.6 9633.33 9666.29 1822.03 338.609 15.542 4900.47 9316.27 2492.91 1645.81 847.101 904.386
internal_count=129808 109790 84449 42509 41940 20018 3266 138 25341 38785 10495 6956 3539 3811
cat_boundaries=0 1 2 3 4 5 6 7 9 10 11
cat_threshold=1 4 3168389 589825 1 4219014 3743875 1090781193 20484 3153920 589954
is_linear=0
shrinkage=0.05


Tree=40
num_leaves=15
num_cat=8
split_feature=0 0 2 8 5 5 2 7 2 4 2 8 2 8
split_gain=695.119 241.09 16.2198 14.5687 298.724 215.332 12.9203 11.0838 13.0834 14.6366 17.3623 16.8643 29.0903 14.7564
threshold=0 1 2 11.500000000000002 3.0000000000000004 3.0000000000000004 3 2.5000000000000004 4 5 6 6.5000000000000009 7 3.5000000000000004
decision_type=1 1 9 2 2 2 9 2 9 1 9 2 9 2
left_child=2 6 -1 4 -3 -5 -2 8 -8 11 -11 12 -10 -12
right_child=1 3 -4 5 -6 -7 7 -9 9 10 13 -13 -14 -15
leaf_value=0.024698671010644282 0.012435243959938402 -0.054907746865499811 0.036181701101311602 0.036357969784840453 -0.0045749720618007035 -0.0048188737044824988 -0.0013873856117596866 0.0039574765535150712 -0.0096674122525190805 0.0049844331242039274 0.0023400180663310606 0.0009864057148157592 0.029490748287262687 0.027704354637261227
leaf_weight=972.36088520288467 1105.0915493667126 304.39581360667944 802.20851172506809 328.70310632139444 9338.6568591743708 9315.1841706037521 241.85729494690895 2227.0141527205706 66.850306570529938 230.20841003954411 68.937103971838951 463.37711238861084 144.33658470213413 340.9160487651825
leaf_count=10687 5955 3740 9302 3260 38916 38654 1251 11301 349 1200 366 2372 751 1828
internal_value=-5.10953e-05 -0.0022731 0.0300633 -0.00478705 -0.00616379 -0.0034154 0.00763475 0.00620352 0.00945702 0.0113761 0.0168788 0.00632354 0.0180341 0.0228798
internal_weight=25950.1 24175.5 1774.57 19286.9 9643.05 9643.89 4888.59 3783.5 1556.48 1314.63 640.062 674.564 211.187 409.853
internal_count=129932 109943 19989 84570 42656 41914 25373 19418 8117 6866 3394 3472 1100 2194
cat_boundaries=0 1 2 3 4 5 6 7 8
cat_threshold=1 4 3201165 4210822 1179936 1 299073 2393088
is_linear=0
shrinkage=0.05


Tree=41
num_leaves=15
num_cat=6
split_feature=0 0 8 5 5 3 6 7 1 3 3 8 8 6
split_gain=624.139 198.705 15.5155 284.697 191.352 9.92464 8.65075 7.74176 14.489 7.1831 5.37868 5.27681 5.23865 25.1543
threshold=0 1 11.500000000000002 3.0000000000000004 3.0000000000000004 2 2.5000000000000004 1.5000000000000002 3 4 5 1.0000000180025095e-35 22.500000000000004 11.500000000000002
decision_type=1 1 2 2 2 9 2 2 1 9 9 2 2 2
left_child=7 5 3 -3 6 -2 -4 8 -1 -6 -5 -10 -11 -14
right_child=1 2 4 10 9 -7 -8 -9 11 12 -12 -13 13 -15
leaf_value=0.038846131539429889 0.017177724883837005 -0.054645653617736115 0.020095803338721019 -0.011994692499423164 0.0043885866989423102 0.0064197653867376775 0.03967526761390458 0.031213689498119986 0.051272356265599228 -0.0041084692145570423 -0.0040660206895261819 0.016650583861037665 -0.010941109778573984 0.025515391592946548
leaf_weight=127.08712783455849 223.95375142991543 289.1214409545064 73.275112710893154 215.10403932631016 229.92416362464428 4633.8296217620373 245.17693967372179 1230.9740225151181 11.350139908492563 8336.2136565893888 9107.349540323019 362.53410020470619 698.75365111231804 50.751944378018379
leaf_count=1488 1169 3717 742 899 950 24142 2506 14336 125 34626 37986 4024 2905 210
internal_value=1.08774e-05 -0.00207709 -0.00435804 -0.00578163 -0.00294229 0.00695 0.0351701 0.0289142 0.023841 -0.00424515 -0.00426619 0.0172405 -0.00446356 -0.0084725
internal_weight=25835.4 24103.5 19245.7 9611.58 9634.1 4857.78 318.452 1731.95 500.971 9315.64 9322.45 373.884 9085.72 749.506
internal_count=129825 109852 84541 42602 41939 25311 3248 19973 5637 38691 38885 4149 37741 3115
cat_boundaries=0 1 2 4 5 6 7
cat_threshold=1 4 122159113 4096 3 591921216 23068736
is_linear=0
shrinkage=0.05


Tree=42
num_leaves=15
num_cat=9
split_feature=0 0 2 8 5 5 2 2 7 3 2 2 7 2
split_gain=588.506 181.306 15.4174 10.8292 277.012 181.127 13.8997 11.177 12.997 11.1601 13.5235 10.8555 10.7775 19.0854
threshold=0 1 2 11.500000000000002 3.0000000000000004 3.0000000000000004 3 4 4.5000000000000009 5 6 7 4.5000000000000009 8
decision_type=1 1 9 2 2 2 9 9 2 9 9 9 2 9
left_child=2 -2 -1 4 -3 6 -5 8 -6 11 -11 -7 -9 -14
right_child=1 3 -4 5 7 9 -8 12 -10 10 -12 -13 13 -15
leaf_value=0.023279442018643234 0.0066827063409699607 -0.054398683098253221 0.034639404878307266 -0.013401763116564522 -0.0086020458638008616 -0.0088394436899505609 0.036278049452233257 -0.0013881054249349073 -0.0013233570634444149 0.0045627596124862158 -0.0038033367565203334 -0.0040974999092270106 -0.010714523393870962 -0.00029616137822541504
leaf_weight=964.50669282674789 4849.4884709119797 279.14057829976082 739.03740665316582 15.098692379891871 2053.231307387352 1568.4937887340784 295.72839045524597 4603.8635623306036 874.53039838373661 713.64718718826771 1445.5379403233528 5571.7058633416891 956.8255331069231 818.22213147580624
leaf_count=11076 25346 3756 9045 140 8652 6599 3119 19136 3681 2960 6002 23094 3980 3403
internal_value=7.00711e-05 -0.00194666 0.0283811 -0.00412904 -0.00532028 -0.00294512 0.0346008 -0.00384824 -0.006406 -0.00420008 -0.00102991 -0.00515007 -0.00266008 -0.00597413
internal_weight=25749.1 24045.5 1703.54 19196 9585.81 9610.21 310.827 9306.67 2927.76 9299.38 2159.19 7140.2 6378.91 1775.05
internal_count=129989 109868 20121 84522 42608 41914 3259 38852 12333 38655 8962 29693 26519 7383
cat_boundaries=0 1 2 3 4 5 7 8 9 10
cat_threshold=1 4 3168655 589825 2716163 1409552904 36932 5578886 1245859 264648
is_linear=0
shrinkage=0.05


Tree=43
num_leaves=15
num_cat=4
split_feature=5 5 5 8 2 2 4 2 7 7 8 8 8 7
split_gain=417.227 100.475 208.595 442.898 14.4476 9.19194 9.60073 10.2988 18.2906 16.9807 14.2012 20.6358 11.6911 10.9241
threshold=3.0000000000000004 1.5000000000000002 1.0000000180025095e-35 11.500000000000002 0 1 2 3 1.0000000180025095e-35 1.5000000000000002 16.500000000000004 20.500000000000004 9.5000000000000018 5.5000000000000009
decision_type=2 2 2 2 9 9 1 9 2 2 2 2 2 2
left_child=1 2 3 -1 -4 -3 7 8 10 -10 -7 -12 -11 -14
right_child=-2 5 4 -5 -6 6 -8 -9 9 12 11 -13 13 -15
leaf_value=-0.054165481951474165 -0.0037539169754903772 0.01226972478197811 0.023333951280355984 0.034367823877103541 0.034651323878889841 -0.03041616039124594 0.0040438577348045207 0.0061803292877253375 0.048276356526691704 0.028615134845982118 0.06590210772740375 -0.040438867895260827 -0.00028421302001269854 0.031863958934038879
leaf_weight=264.42241233587265 18602.673176109791 602.5664330124855 994.03629331290722 303.29433672130108 668.8082720041275 33.04470106959343 2947.9920483976603 915.36222220957279 49.481789901852608 110.69348664581776 11.514466851949694 7.555596560239791 114.25056494772434 34.375630378723145
leaf_count=3725 77557 3292 11666 3267 8432 178 15231 4834 275 594 63 42 619 183
internal_value=0.000173092 0.0105243 0.0193004 -0.00686786 0.0282346 0.00646877 0.005599 0.00923499 0.0163578 0.0214351 -0.0105883 0.0237696 0.0163134 0.00715131
internal_weight=25660.1 7057.4 2230.56 567.717 1662.84 4826.84 4224.27 1276.28 360.916 308.801 52.1148 19.0701 259.32 148.626
internal_count=129958 52401 27090 6992 20098 25311 22019 6788 1954 1671 283 105 1396 802
cat_boundaries=0 1 2 3 4
cat_threshold=3201167 16518 2 4334369
is_linear=0
shrinkage=0.05


Tree=44
num_leaves=15
num_cat=5
split_feature=0 0 2 8 5 5 6 7 2 8 6 6 7 3
split_gain=519.173 150.787 13.8044 12.6248 247.457 164.016 11.0246 8.78584 14.1785 25.2866 17.7588 10.1779 8.91294 8.75648
threshold=0 1 2 11.500000000000002 3.0000000000000004 3.0000000000000004 2.5000000000000004 1.5000000000000002 3 14.500000000000002 2.5000000000000004 7.5000000000000009 3.5000000000000004 4
decision_type=1 1 9 2 2 2 2 2 9 2 2 2 2 9
left_child=2 13 7 4 -3 6 -5 8 9 10 -1 -10 -9 -2
right_child=1 3 -4 5 -6 -7 -8 12 11 -11 -12 -13 -14 -15
leaf_value=-0.13183565023403279 0.016926032898871807 -0.053946039939877115 0.033275460649393372 0.016552131308573127 -0.0038996046055387937 -0.0038282623874439439 0.039400046184864437 0.033061832466478196 0.013683790352314469 0.044606451049394612 -0.024057273009362317 0.037694240997599493 0.02101560610884752 0.0055124581952522081
leaf_weight=5.5165992453694406 170.1940231770277 253.75450822710991 699.99981662631035 68.906655013561249 9277.2235745787621 9270.7831996381283 225.83660920709372 250.15545982867479 194.93784109503031 9.2458548769354802 12.44221571087837 57.054588176310062 397.63233029097319 4646.3203693330288
leaf_count=45 902 3743 9061 748 38790 38597 2515 3107 2231 105 126 674 4766 24436
internal_value=-8.39739e-05 -0.00194797 0.0271576 -0.00394206 -0.00523205 -0.00266085 0.0340585 0.022232 0.0150572 -0.0165083 -0.0571647 0.0183903 0.0256675 0.00595
internal_weight=25540 23913 1626.98 19096.5 9530.98 9565.53 294.743 926.985 279.197 27.2047 17.9588 251.992 647.788 4816.51
internal_count=129846 109731 20115 84393 42533 41860 3263 11054 3181 276 171 2905 7873 25338
cat_boundaries=0 1 2 3 4 5
cat_threshold=1 4 3168655 2048 390070273
is_linear=0
shrinkage=0.05


Tree=45
num_leaves=15
num_cat=4
split_feature=0 0 8 5 5 8 6 7 8 3 7 6 8 1
split_gain=462.274 123.987 9.58212 57.097 27.8416 304.658 16.1619 13.4518 13.4229 11.8687 9.94252 13.8481 11.6213 9.89357
threshold=0 1 19.500000000000004 3.0000000000000004 3.0000000000000004 11.500000000000002 11.500000000000002 1.0000000180025095e-35 22.500000000000004 2 5.5000000000000009 10.500000000000002 21.500000000000004 3
decision_type=1 1 2 2 2 2 2 2 2 9 2 2 2 1
left_child=-1 -2 4 -4 5 -3 8 9 10 -6 -5 -12 -13 -10
right_child=1 2 3 6 7 -7 -8 -9 13 -11 11 12 -14 -15
leaf_value=0.026184061498038938 0.0055620203157719121 -0.05373850181804795 0.037684340107605019 -0.0024891915829780061 -0.005770597463439945 0.030646663557528736 0.011144634129690417 -0.004167284992646062 -0.027504867917081729 0.002334220975891004 0.0039018821149689486 0.015588683129718287 0.08269825553961252 -0.0068484227959422442
leaf_weight=1585.3258345574141 4803.0512221157551 241.81541875749826 93.027436189353466 1842.1328402608633 619.48078100383282 191.79352805763483 215.09230256080627 13317.136061623693 57.954431891441345 1589.4635622054338 282.67604552209377 16.929899290204048 10.422365054488184 656.25838775932789
leaf_count=20048 25341 3736 1057 7662 2589 2184 891 55665 242 6622 1174 70 43 2740
internal_value=0.000123202 -0.00161303 -0.00341608 -0.000909033 -0.00391688 -0.0164133 -0.00207414 -0.00356789 -0.00306608 4.57328e-05 -0.001095 0.007189 0.0411603 -0.00900557
internal_weight=25522.6 23937.2 19134.2 3174.49 15959.7 433.609 3081.47 15526.1 2866.37 2208.94 2152.16 310.028 27.3523 714.213
internal_count=130064 110016 84675 13879 70796 5920 12822 64876 11931 9211 8949 1287 113 2982
cat_boundaries=0 1 2 4 5
cat_threshold=1 4 273022976 16448 1
is_linear=0
shrinkage=0.05


Tree=46
num_leaves=15
num_cat=10
split_feature=0 0 2 7 2 8 8 2 3 7 2 3 3 2
split_gain=435.483 124.504 16.6862 10.6574 12.2577 19.1481 13.959 9.45846 9.75921 8.06139 15.9155 11.4804 10.8706 10.5938
threshold=0 1 2 1.5000000000000002 3 14.500000000000002 9.5000000000000018 4 5 1.0000000180025095e-35 6 7 8 9
decision_type=1 1 9 2 9 2 2 9 9 2 9 9 9 9
left_child=2 7 3 4 5 6 -1 8 -2 10 12 13 -3 -12
right_child=1 9 -4 -5 -6 -7 -8 -9 -10 -11 11 -13 -14 -15
leaf_value=-0.017464929053601943 0.0080896615794480483 -0.0072765386769764896 0.031525218946806162 0.023732520732279428 0.01491269552176166 0.037865196009661574 -0.10591278441894854 0.0078629217021962041 0.0012575401570928775 -0.0038754124407165344 -0.0097334216435042559 0.0066474720188004531 0.0023158486592823485 0.0053509058541602369
leaf_weight=11.506140336394315 750.83972874283791 1023.085203550756 751.2901718094945 562.25872979313135 213.24814084172249 8.7283449620008451 7.2853421419858924 2322.3761498779058 1710.4596868157387 16333.815896332264 257.7689218595624 818.23290287703276 412.37405267357826 198.71893963962793
leaf_count=116 3900 4512 10166 7106 2534 105 59 12577 8832 72469 1150 3622 1821 872
internal_value=3.40941e-05 -0.00164301 0.02559 0.0197177 0.0111608 -0.0171127 -0.0517556 0.00556103 0.00336604 -0.00345456 -0.000930915 0.00312611 -0.00452391 -0.00319295
internal_weight=25382 23827.7 1554.32 803.027 240.768 27.5198 18.7915 4783.68 2461.3 19044 2710.18 1274.72 1435.46 456.488
internal_count=129841 109755 20086 9920 2814 280 175 25309 12732 84446 11977 5644 6333 2022
cat_boundaries=0 1 2 3 4 5 6 7 9 11 12
cat_threshold=1 4 3152015 2048 497001 393089033 4899467 273416713 16448 1948520456 49156 3152896
is_linear=0
shrinkage=0.05


Tree=47
num_leaves=15
num_cat=8
split_feature=0 0 2 7 6 6 7 7 2 3 6 1 2 4
split_gain=395.917 102.196 14.0957 11.3498 13.217 10.9386 15.6345 8.89918 19.0932 8.78193 12.4571 8.63518 8.63161 14.7909
threshold=0 1 2 1.0000000180025095e-35 7.5000000000000009 3.5000000000000004 4.5000000000000009 2.5000000000000004 3 4 6.5000000000000009 5 6 7
decision_type=1 1 9 2 2 2 2 2 9 9 2 1 9 1
left_child=2 7 3 4 -1 -5 -7 12 -9 10 -10 -8 -2 -14
right_child=1 -3 -4 5 -6 6 11 8 9 -11 -12 -13 13 -15
leaf_value=-0.0154374526529637 0.0034297203759866843 -0.003195986405027584 0.02768734107180873 0.031146134676577588 0.043216197555649892 0.022489238663624293 0.0075976774140817981 -0.00014368349505157721 0.013518826369205237 0.012287427164134897 -0.0031618656966170169 -0.025843239515342037 0.018782764419703099 0.0066126843582361983
leaf_weight=50.655779547989368 810.95284996926785 19078.863177388906 1158.541119620204 115.15778760612011 11.851925320923327 112.70415874570608 38.115298189222813 1715.3117447048426 179.36337639391422 612.33487433195114 297.68676882982254 25.124172069132328 360.95197267830372 809.70780292153358
leaf_count=514 4290 84646 15791 1408 129 1405 427 8870 965 3288 1583 285 2035 4357
internal_value=1.92152e-05 -0.00155708 0.0247434 0.0146019 -0.00431628 0.0191658 0.0113245 0.00496886 0.00316702 0.00830504 0.00304596 -0.00857309 0.00754419 0.0102773
internal_weight=25377.3 23865.2 1512.15 353.609 62.5077 291.101 175.944 4786.31 2804.7 1089.39 477.05 63.2395 1981.61 1170.66
internal_count=129993 110034 19959 4168 643 3525 2117 25388 14706 5836 2548 712 10682 6392
cat_boundaries=0 1 2 3 4 6 7 8 9
cat_threshold=1 4 2103301 2735688 1883898432 50176 24 1544547 2
is_linear=0
shrinkage=0.05


Tree=48
num_leaves=15
num_cat=8
split_feature=0 0 2 2 3 3 7 2 8 8 7 2 8 5
split_gain=367.252 100.124 16.4272 8.20355 10.2516 9.9994 11.0102 12.3453 8.21508 11.2013 8.13194 16.6613 11.8582 46.2463
threshold=0 1 2 3 4 5 1.0000000180025095e-35 6 10.500000000000002 20.500000000000004 1.0000000180025095e-35 7 19.500000000000004 3.0000000000000004
decision_type=1 1 9 9 9 9 2 9 2 2 2 9 2 2
left_child=2 3 -1 4 -2 6 7 -5 -9 -10 11 -3 -12 -14
right_child=1 10 -4 5 -6 -7 -8 8 9 -11 12 -13 13 -15
leaf_value=0.019207295782442513 0.010111423380093887 -0.0033490778899009188 0.031320812252913811 0.012732158082294505 0.001482787609803227 0.010733178727710103 0.0059756564649658464 -0.028404149982220152 0.0082570569042855601 -0.045722275420088686 -0.00404650741939895 0.0048432367444870283 0.036753309942693928 -0.0015714958583953262
leaf_weight=894.11995664983988 409.01483020186424 1762.937724545598 587.10589619725943 48.587038621306419 1996.2859393060207 1084.5965769439936 1108.5190421789885 66.739116922020912 46.931141093373299 12.085550487041472 13572.986328534782 945.07102277502418 81.14411598443985 2629.4329281747341
leaf_count=11555 2138 7821 8414 267 10344 5918 6032 364 258 66 60431 4157 947 10962
internal_value=0.000116932 -0.00139291 0.0241865 0.00507439 0.00298585 0.00717482 0.00410665 -0.00754143 -0.0151797 -0.00279693 -0.00302002 -0.000484515 -0.00344353 -0.0004242
internal_weight=25245.6 23764.3 1481.23 4772.76 2405.3 2367.46 1282.86 174.343 125.756 59.0167 18991.6 2708.01 16283.6 2710.58
internal_count=129674 109705 19969 25387 12482 12905 6987 955 688 324 84318 11978 72340 11909
cat_boundaries=0 1 2 3 4 5 7 8 9
cat_threshold=1 4 3201167 504136 86511624 1411912264 33856 2566 4905099
is_linear=0
shrinkage=0.05


Tree=49
num_leaves=15
num_cat=8
split_feature=0 0 2 3 2 7 4 7 8 8 4 7 2 8
split_gain=336.698 99.1827 14.6431 9.93258 9.88979 9.11473 16.2083 14.5067 12.9755 28.5175 11.2422 8.64615 15.0526 12.8106
threshold=0 1 2 3 4 1.5000000000000002 5 3.5000000000000004 15.500000000000002 9.5000000000000018 6 2.5000000000000004 7 1.0000000180025095e-35
decision_type=1 1 9 9 9 2 1 2 2 2 1 2 9 2
left_child=2 3 5 4 -2 8 -7 -8 9 -1 -11 -5 13 -13
right_child=1 -3 -4 11 -6 6 7 -9 -10 10 -12 12 -14 -15
leaf_value=0.016507520112240437 0.032690204315408575 -0.003098089032665128 0.025379539312121686 0.0071479492163129795 0.0028517437206586854 -0.01691869278645871 0.048443912248086252 0.011151057989546763 0.025798573038533265 0.00056749208444192183 -0.084060160715985571 -0.0209275578144816 0.0072492093838944912 0.00062515670552766025
leaf_weight=24.047215268015862 58.964430794119835 19010.77777326107 1252.0415623858571 1923.2852264046669 63.521873593330383 27.7873380407691 43.045635856688023 66.15154255926609 22.454122945666313 5.212466724216938 15.880076080560686 72.193661764264107 1093.7548790872097 1532.2720199078321
leaf_count=255 320 84520 17576 10427 344 335 596 806 284 45 144 374 5890 7943
internal_value=-4.92151e-05 -0.00148404 0.0232011 0.00497689 0.0185991 0.00930734 0.0171759 0.0258519 -0.00526201 -0.0207126 -0.0631467 0.00457647 0.00276049 -0.000342483
internal_weight=25211.4 23754.8 1456.62 4743.99 122.486 204.578 136.985 109.197 67.5939 45.1398 21.0925 4621.51 2698.22 1604.47
internal_count=129859 109818 20041 25298 664 2465 1737 1402 728 444 189 24634 14207 8317
cat_boundaries=0 1 2 3 4 5 6 7 8
cat_threshold=1 4 2099205 122159112 7471626 4 2 2866696
is_linear=0
shrinkage=0.05


Tree=50
num_leaves=15
num_cat=5
split_feature=0 0 2 2 7 7 6 7 8 6 8 8 8 4
split_gain=315.68 74.8761 13.9931 10.0998 11.5504 10.0668 13.1515 13.5978 12.7358 11.2273 9.85158 9.55604 14.3893 15.5742
threshold=0 1 2 3 1.5000000000000002 1.0000000180025095e-35 3.5000000000000004 4.5000000000000009 15.500000000000002 7.5000000000000009 9.5000000000000018 15.500000000000002 5.5000000000000009 4
decision_type=1 1 9 9 2 2 2 2 2 2 2 2 2 1
left_child=2 -2 5 4 -3 8 -7 -8 9 10 -1 12 13 -6
right_child=1 3 -4 -5 11 6 7 -9 -10 -11 -12 -13 -14 -15
leaf_value=-0.0073741226242506775 0.0041916841452087515 -0.045237008157875291 0.025646095104117451 -0.0027371485474940193 -0.07805620223000409 0.030367640470102122 0.018985842905790345 -0.010324426751771781 0.026057689030257788 0.0350714094439235 -0.062363278472134659 -0.036832091580355948 0.01735185491270002 0.0034624637596112093
leaf_weight=16.488066643476486 4725.3809084147215 29.62106066942215 1091.244234867394 18917.045335166156 10.112410854548216 110.96396965533495 108.03855827450752 62.439572475850582 20.920885875821114 7.0450029373168936 16.096675656735897 23.405376069247723 43.61767864972353 13.930291708558798
leaf_count=167 25263 135 15892 84122 46 1439 1415 717 265 72 130 109 197 62
internal_value=-5.78467e-05 -0.00143621 0.0226475 -0.00283459 -0.0167293 0.0126226 0.0169707 0.00825062 -0.00550281 -0.0221639 -0.0345384 -0.00929355 0.000232697 -0.0308245
internal_weight=25196.4 23763.1 1433.24 19037.7 120.687 341.993 281.442 170.478 60.5506 39.6297 32.5847 91.0658 67.6604 24.0427
internal_count=130031 109934 20097 84671 549 4205 3571 2132 634 369 297 414 305 108
cat_boundaries=0 1 2 3 4 5
cat_threshold=1 4 2103301 1 1
is_linear=0
shrinkage=0.05


Tree=51
num_leaves=15
num_cat=6
split_feature=0 0 2 7 2 4 7 8 8 8 8 5 5 2
split_gain=292.605 77.0896 17.0827 11.6536 17.106 15.3413 14.1794 13.4228 12.4116 30.6797 8.97451 230.636 126.556 11.8878
threshold=0 1 2 1.5000000000000002 3 4 4.5000000000000009 6.5000000000000009 14.500000000000002 9.5000000000000018 11.500000000000002 3.0000000000000004 3.0000000000000004 5
decision_type=1 1 9 2 9 1 2 2 2 2 2 2 2 9
left_child=2 -2 3 4 5 8 -5 -7 9 -1 11 -3 13 -12
right_child=1 10 -4 6 -6 7 -8 -9 -10 -11 12 -13 -14 -15
leaf_value=-0.017779833792244081 0.0044696589223566022 -0.053486367472818812 0.028957275428915977 0.02790108373671665 0.014032509814931439 -0.05639056292742041 0.011615003794489284 0.028562655467306804 -0.00051683991446133093 -0.16359298808710976 -0.013845627278954137 -0.0025350619128436326 -0.0025821564677523949 0.033376778001257761
leaf_weight=8.8672116398811358 4713.7555358111858 227.57290297374129 609.72923566401005 313.25894791632891 195.84231159836054 6.2488723918795612 233.09627916663885 18.168622851371765 8.1884112879633886 6.0815853998064986 13.645850844681261 9241.7802402824163 9250.2615913152695 262.76418771594763
leaf_count=102 25250 3735 9320 4502 2529 71 3109 210 110 56 135 38837 38687 3083
internal_value=6.75298e-05 -0.00124773 0.0222008 0.0166876 0.00779901 -0.017205 0.0209528 0.00682161 -0.0499971 -0.0771007 -0.00266808 -0.00375955 -0.00158597 0.0317521
internal_weight=25109.3 23709.8 1399.48 789.752 243.397 47.5547 546.355 24.4175 23.1372 14.9488 18996 9469.35 9526.67 276.41
internal_count=129736 109727 20009 10689 3078 549 7611 281 268 158 84477 42572 41905 3218
cat_boundaries=0 1 2 3 4 5 6
cat_threshold=1 4 3201165 2177 1 589825
is_linear=0
shrinkage=0.05


Tree=52
num_leaves=15
num_cat=5
split_feature=0 0 2 7 2 6 7 6 8 8 8 6 8 2
split_gain=264.841 80.5074 14.9532 9.62276 14.0897 16.2542 13.5037 11.1783 11.5251 13.5011 10.147 8.86171 8.10541 7.37476
threshold=0 1 2 1.5000000000000002 3 7.5000000000000009 4.5000000000000009 11.500000000000002 18.500000000000004 8.5000000000000018 15.500000000000002 2.5000000000000004 14.500000000000002 4
decision_type=1 1 9 2 9 2 2 2 2 2 2 2 2 9
left_child=2 -2 3 4 10 -6 -5 -8 9 -9 11 -1 -11 -3
right_child=1 13 -4 6 5 -7 7 8 -10 12 -12 -13 -14 -15
leaf_value=-0.06462622806147951 0.0046409566818440178 -0.0035499152071703636 0.028150377376347381 0.02689775892650061 0.0066543582207319284 0.039797380242220237 0.01476392540140542 0.013983240175116336 0.054184571321485478 -0.10995008477679652 0.02034952277903759 -0.01257231428747793 -0.02506197563618558 -0.0015650204341785226
leaf_weight=12.597739107906817 4732.5441992282867 10287.327785126865 555.52902122586966 323.43444483727217 153.47969663888216 48.741096489131451 220.58823573589325 7.4418216794729295 4.0893417522311202 6.387870714068411 13.254860125482081 23.295335471630096 5.0234280154109001 8687.7308691069484
leaf_count=121 25408 45923 8708 4775 1973 696 2989 104 58 87 182 253 67 38625
internal_value=5.34507e-05 -0.00118717 0.0213153 0.0163914 0.00844889 0.0139528 0.020202 0.0113092 -0.0219071 -0.0384118 -0.0141559 -0.0308422 -0.072581 -0.00264243
internal_weight=25081.5 23707.6 1373.86 818.334 251.369 202.221 566.965 243.531 22.9425 18.8531 49.1479 35.8931 11.4113 18975.1
internal_count=129969 109956 20013 11305 3225 2669 8080 3305 316 258 556 374 154 84548
cat_boundaries=0 1 2 3 4 5
cat_threshold=1 4 3201421 2177 7276043
is_linear=0
shrinkage=0.05


Tree=53
num_leaves=15
num_cat=3
split_feature=5 5 5 8 2 2 8 6 7 2 8 7 6 8
split_gain=154.803 47.5898 103.83 347.111 11.8837 10.3382 10.7575 22.7666 9.76155 14.976 17.4446 9.54968 16.555 21.2301
threshold=3.0000000000000004 1.5000000000000002 1.0000000180025095e-35 11.500000000000002 0 1 16.500000000000004 10.500000000000002 1.5000000000000002 2 14.500000000000002 3.5000000000000004 11.500000000000002 14.500000000000002
decision_type=2 2 2 2 9 9 2 2 2 9 2 2 2 2
left_child=1 2 3 -1 8 6 7 -5 9 10 -4 -10 -13 -14
right_child=-2 -3 4 5 -6 -7 -8 -9 11 -11 -12 12 13 -15
leaf_value=-0.05329600666754232 -0.0022221834904346516 0.0040569146309222034 -0.057141826408656463 0.011074712852376177 0.026567887548722986 0.041620673440989027 0.031053314400786649 -0.10898111505317698 0.028259367253690982 0.012018449451063533 0.033796751021244013 0.017852829403720672 -0.056261730753890585 0.038009041951124783
leaf_weight=217.44123600423336 18495.805491194129 4717.7257605493069 18.977909177541736 57.767590120434761 566.82735599204898 135.67716338485479 74.562207020819187 4.238592989742755 207.30389451980591 217.28171590715647 7.3028830364346495 307.97760679572821 17.163560986518863 9.1593625098466855
leaf_count=3748 77627 25392 164 678 9086 1641 882 45 3145 2880 100 4343 234 126
internal_value=0.000118302 0.00671786 0.0135342 -0.00619239 0.0206791 0.031429 0.0170107 0.00286799 0.0158872 0.00777605 -0.0230871 0.0198282 0.0145999 -0.0234591
internal_weight=25055.2 6559.41 1841.68 489.687 1351.99 272.246 136.568 62.0062 785.167 243.563 26.2808 541.604 334.301 26.3229
internal_count=130091 52464 27072 6994 20078 3246 1605 723 10992 3144 264 7848 4703 360
cat_boundaries=0 1 2 3
cat_threshold=3184783 734255 2048
is_linear=0
shrinkage=0.05


Tree=54
num_leaves=15
num_cat=4
split_feature=0 0 2 7 1 8 6 7 6 8 8 8 7 8
split_gain=225.994 55.5164 10.697 11.1694 12.0664 14.6012 11.8021 9.04994 10.9092 19.5343 14.1483 12.5096 9.88903 10.687
threshold=0 1 2 1.5000000000000002 3 14.500000000000002 2.5000000000000004 3.5000000000000004 3.5000000000000004 20.500000000000004 20.500000000000004 1.0000000180025095e-35 5.5000000000000009 21.500000000000004
decision_type=1 1 9 2 1 2 2 2 2 2 2 2 2 2
left_child=2 -2 3 4 5 6 -1 -5 9 11 -10 -9 13 -11
right_child=1 -3 -4 7 -6 -7 -8 8 10 12 -12 -13 -14 -15
leaf_value=-0.10344661307354977 0.003782785996261512 -0.0022913226508887129 0.02502382289437214 0.028460550247399841 0.010120235983584844 0.033037052504877693 -0.023230709501456923 -0.045667356188736873 -0.0008909508849815486 -0.074092162518132651 0.044316695771603812 0.034981214252818894 -0.084532073275971356 0.02992181535015806
leaf_weight=6.903467655181891 4683.4314603507519 18957.890932235867 658.51354434713721 172.23946996405721 177.10013036802411 7.0917507335543624 13.655841641128061 5.0216350406408301 134.71741485595703 3.511730037629607 19.85802248865366 113.16551469266415 5.0484688580036154 8.321014538407324
leaf_count=44 25258 84604 10617 2680 2336 100 127 75 1847 51 273 1664 72 123
internal_value=4.29089e-05 -0.00108693 0.0200566 0.0148527 0.00535485 -0.0211703 -0.0501659 0.0193846 0.0139875 0.0243682 0.00491679 0.0315545 -0.0259442 -0.000947524
internal_weight=24966.5 23641.3 1325.15 666.634 204.751 27.6511 20.5593 461.883 289.644 135.068 154.575 118.187 16.8812 11.8327
internal_count=129871 109862 20009 9392 2607 271 171 6785 4105 1985 2120 1739 246 174
cat_boundaries=0 1 2 3 4
cat_threshold=1 4 2119951 8
is_linear=0
shrinkage=0.05


Tree=55
num_leaves=15
num_cat=10
split_feature=0 0 2 4 3 2 8 2 8 4 2 8 4 8
split_gain=206.303 51.9947 11.0924 9.91293 7.90557 8.21398 11.4853 8.87757 12.122 9.01832 7.20633 9.6442 9.41737 12.2593
threshold=0 1 2 3 4 5 7.5000000000000009 6 1.0000000180025095e-35 7 8 5.5000000000000009 9 2.5000000000000004
decision_type=1 1 9 1 9 9 2 9 2 1 9 2 1 2
left_child=2 4 -1 -4 10 -6 7 8 -7 -10 11 12 13 -2
right_child=1 -3 3 -5 5 6 -8 -9 9 -11 -12 -13 -14 -15
leaf_value=0.015027937060787949 -0.032968047546325256 -0.0020250795012067197 0.040288830601686698 0.022777027483438468 0.0033307434618037833 -0.032925692245489455 0.013696173199957204 0.012369885598591248 0.011212106038107586 -0.011565184324218845 0.0049837847971839263 -0.002880409358802332 0.010145583022423917 0.010356672781390281
leaf_weight=763.1730348803103 31.84833425283432 18952.604808472097 99.121751040220261 437.50790983438492 1264.3182310163975 31.625535652041435 615.72093407809734 118.9079829454422 94.272282347083092 80.621876031160355 1069.3849037885666 1054.1538803726435 307.17567564547062 33.505839198827744
leaf_count=10988 166 84631 1662 7336 6842 169 3350 668 500 432 5898 5565 1629 177
internal_value=0.000211946 -0.00085737 0.019528 0.0255358 0.00384415 0.00602822 0.00957883 0.00208301 -0.00423384 0.000712339 0.00189801 -0.000433559 0.0064787 -0.0107563
internal_weight=24953.9 23654.1 1299.8 536.63 4701.54 2205.47 941.149 325.428 206.52 174.894 2496.07 1426.68 372.53 65.3542
internal_count=130013 110027 19986 8998 25396 11961 5119 1769 1101 932 13435 7537 1972 343
cat_boundaries=0 1 2 3 4 6 7 8 9 10 11
cat_threshold=1 4 3168655 4 1612711488 33796 5220904 3150916 1 1391945 4
is_linear=0
shrinkage=0.05


Tree=56
num_leaves=15
num_cat=6
split_feature=0 0 2 8 5 5 6 2 7 8 2 2 8 6
split_gain=200.095 42.2007 13.8523 7.48292 211.551 108.141 12.3341 10.7949 10.9618 9.58133 8.71102 8.44279 7.47398 14.0835
threshold=0 1 2 11.500000000000002 3.0000000000000004 3.0000000000000004 2.5000000000000004 3 1.5000000000000002 16.500000000000004 4 5 19.500000000000004 11.500000000000002
decision_type=1 1 9 2 2 2 2 9 2 2 9 9 2 2
left_child=2 -2 -1 4 -3 6 10 8 -8 -10 -5 -7 -13 -14
right_child=1 3 -4 5 -6 11 7 -9 9 -11 -12 12 13 -15
leaf_value=0.011657057766115565 0.0031397160109239903 -0.05311133034518789 0.023362053597007368 -0.015702254120157088 -0.0020297125784419566 -0.0034847857392899455 0.055062077434228612 0.039509006609951797 -0.05824114575431967 0.013249185706729026 0.020190405335575947 -0.0019372130355012269 0.00092762299184830598 0.018220365569933009
leaf_weight=481.06353846937418 4691.6385541409254 207.23811978846788 802.04993224143982 17.49924748390913 9229.6925358921289 4907.1695829927921 6.1412100493907955 178.49177471548319 9.2208097651600855 9.5313023850321752 44.386563435196877 2869.6094969958067 1334.0059448778629 129.13737358152866
leaf_count=6709 25396 3758 13331 203 38887 20712 74 2208 105 114 525 11962 5533 532
internal_value=-5.40248e-05 -0.00110142 0.0190977 -0.00215298 -0.00315148 -0.0011639 0.0303117 0.0362589 -0.00208065 -0.0219041 0.0107664 -0.00206754 -0.000453321 0.00245388
internal_weight=24916.9 23633.8 1283.11 18942.1 9436.93 9505.19 265.271 203.385 24.8933 18.7521 61.8858 9239.92 4332.75 1463.14
internal_count=130049 110009 20040 84613 42645 41968 3229 2501 293 219 728 38739 18027 6065
cat_boundaries=0 1 2 3 4 5 6
cat_threshold=1 4 3152007 69634 524296 1447595
is_linear=0
shrinkage=0.05


Tree=57
num_leaves=15
num_cat=7
split_feature=0 0 2 3 2 6 2 8 8 2 6 6 8 5
split_gain=183.464 38.7786 11.386 7.28298 10.3336 7.87791 12.3195 11.707 11.249 7.62203 8.84914 7.32967 6.30989 200.503
threshold=0 1 2 3 4 5.5000000000000009 5 2.5000000000000004 7.5000000000000009 6 11.500000000000002 6.5000000000000009 11.500000000000002 3.0000000000000004
decision_type=1 1 9 9 9 2 9 2 2 9 2 2 2 2
left_child=2 3 -1 4 -2 6 7 -6 -9 10 11 -7 13 -3
right_child=1 12 -4 -5 5 9 -8 8 -10 -11 -12 -13 -14 -15
leaf_value=0.013884460113249023 0.0049568026416253888 -0.052950809586487291 0.024537583091018833 0.0050630272635747015 0.054212018555959987 -0.00081215656678573246 -0.0013988954501078373 -0.015482223195182089 0.01804856404540103 -0.0017155750428826341 0.018804333366184419 -0.023453791124735432 -0.0011915484462633199 -0.0019530642914750819
leaf_weight=748.42827296257019 1011.8093922883272 196.84554615989327 515.46619624271989 2210.4704053401947 16.747280612587929 48.377867564558983 701.20722377300262 33.029802367091179 103.05444559454918 397.0204590857029 18.411512821912766 136.87877678871155 9486.0087029710412 9227.7757758945227
leaf_count=11047 5603 3741 9026 12049 91 253 3664 179 554 2127 104 731 41953 38897
internal_value=-9.48604e-05 -0.00109254 0.0183877 0.00297997 0.00110026 -0.00159761 0.00147723 0.013858 0.00991011 -0.00599591 -0.0135884 -0.0175412 -0.00210081 -0.00301822
internal_weight=24851.5 23587.6 1263.89 4677.01 2466.54 1454.73 854.039 152.832 136.084 600.689 203.668 185.257 18910.6 9424.62
internal_count=130019 109946 20073 25355 13306 7703 4488 824 733 3215 1088 984 84591 42638
cat_boundaries=0 1 2 3 5 6 7 8
cat_threshold=1 4 3168655 1612711424 33796 6867494 1310913 327873
is_linear=0
shrinkage=0.05


Tree=58
num_leaves=15
num_cat=3
split_feature=5 5 5 8 2 2 6 6 4 6 8 7 8 6
split_gain=100.701 34.1849 66.0439 295.726 13.4107 9.89137 19.0686 17.3962 7.58368 7.57432 7.35357 9.12191 16.3343 10.0968
threshold=3.0000000000000004 1.5000000000000002 1.0000000180025095e-35 11.500000000000002 0 1 6.5000000000000009 10.500000000000002 2 4.5000000000000009 10.500000000000002 4.5000000000000009 14.500000000000002 3.5000000000000004
decision_type=2 2 2 2 9 9 2 2 1 2 2 2 2 2
left_child=1 2 3 -1 -4 6 -5 -8 -6 -7 -10 12 13 -12
right_child=-2 -3 4 5 8 9 7 -9 10 -11 11 -13 -14 -15
leaf_value=-0.052798544858481671 -0.0018779033633554783 0.0032129109323516302 0.012527122112119555 -0.10635042156581934 0.03736257025032632 0.024212177838906227 0.03699578752190117 -0.073026153278102413 0.029178169750183804 0.042245085027776783 -0.067848698431705767 0.031619749124738195 0.019805844433785223 -0.0048375843502169412
leaf_weight=187.46537355333567 18470.373511001468 4665.061958745122 739.21533930301666 3.9993420839309719 92.034621924161911 112.34123007208109 16.335574418306354 4.6058257073163977 177.13158524781466 120.89527099579573 7.432218760251998 64.952315226197243 118.39804342016578 43.968619368970394
leaf_count=3735 77694 25335 11043 42 1667 1380 192 44 3161 1554 130 1159 2114 787
internal_value=-1.01031e-05 0.00541952 0.0115151 -0.00499946 0.0174352 0.029708 -0.00450277 0.0127977 0.023912 0.0321796 0.0214871 0.0156838 0.00958784 -0.0139486
internal_weight=24824.2 6353.84 1688.78 445.643 1243.13 258.177 24.9407 20.9414 503.917 233.237 411.883 234.751 169.799 51.4008
internal_count=130037 52343 27008 6947 20061 3212 278 236 9018 2934 7351 4190 3031 917
cat_boundaries=0 1 2 3
cat_threshold=3168655 720897 4
is_linear=0
shrinkage=0.05


Tree=59
num_leaves=15
num_cat=4
split_feature=0 0 2 7 8 8 6 6 8 8 6 7 3 7
split_gain=151.674 34.162 13.0589 16.206 9.73926 12.3552 11.5687 9.6382 13.2319 13.1016 10.6377 14.9324 8.60668 11.7782
threshold=0 1 2 1.0000000180025095e-35 15.500000000000002 1.5000000000000002 10.500000000000002 3.5000000000000004 20.500000000000004 12.500000000000002 2.5000000000000004 1.5000000000000002 3 5.5000000000000009
decision_type=1 1 9 2 2 2 2 2 2 2 2 2 9 2
left_child=2 -2 3 4 5 -1 -7 8 9 10 11 -5 13 -9
right_child=1 -3 -4 7 -6 6 -8 12 -10 -11 -12 -13 -14 -15
leaf_value=0.055197369044816404 0.0029947012799353078 -0.0017800299037964613 0.020603046260090265 -0.068994103399887027 0.015911846057265217 -0.043861293414611605 0.036043029899952859 -0.0022832026879105317 -0.017266164037351331 0.051667639878453048 0.041276547024736543 0.014223021246150287 0.012635620872574924 -0.070058381141636164
leaf_weight=4.2536760345101348 4663.0409784018993 18892.297905620188 867.8506936468184 6.7613328993320456 19.629490859806538 37.37443283945322 5.1545826718211165 40.665176644921303 16.161905009299517 44.779135163873434 23.495236113667488 26.59198872372508 124.2190855704248 7.6098943725228301
leaf_count=51 25360 84667 15120 73 280 353 62 579 244 683 346 416 1746 96
internal_value=6.10898e-05 -0.000833949 0.0171448 0.00839849 -0.0136477 -0.0260505 -0.0341768 0.0137316 0.0247569 0.0314399 0.0155066 -0.00264662 0.00620286 -0.0107419
internal_weight=24779.9 23555.3 1224.55 356.696 66.4122 46.7827 42.529 290.284 117.79 101.628 56.8486 33.3533 172.494 48.2751
internal_count=130076 110027 20049 4929 746 466 415 4183 1762 1518 835 489 2421 675
cat_boundaries=0 1 2 3 5
cat_threshold=1 4 2103429 1073872897 32768
is_linear=0
shrinkage=0.05


Tree=60
num_leaves=15
num_cat=6
split_feature=0 0 7 6 4 8 6 1 4 3 7 8 8 8
split_gain=137.966 34.4155 7.9964 7.81296 13.816 13.9317 23.625 10.4718 9.96698 7.86185 7.53175 7.55999 9.82841 7.1738
threshold=0 1 1.0000000180025095e-35 2.5000000000000004 2 1.0000000180025095e-35 1.5000000000000002 3 4 5 1.0000000180025095e-35 1.5000000000000002 2.5000000000000004 1.5000000000000002
decision_type=1 1 2 2 1 2 2 1 1 9 2 2 2 2
left_child=10 -2 3 4 13 6 -6 8 -7 -5 11 -1 -13 -3
right_child=1 2 -4 9 5 7 -8 -9 -10 -11 -12 12 -14 -15
leaf_value=0.045608223102931798 0.0029687061383344409 -0.047935209848510116 -0.0022474901221206009 -0.0045577427073693159 -0.0026145992003899256 0.0025030731893504006 0.10730422255301411 0.0094918015383223461 -0.055392425907927124 0.0017038561662380157 0.01823045642195879 -0.056466697512673719 0.0070955508902096273 -0.0058998892704343296
leaf_weight=12.15916597470641 4655.6072942614555 11.280012354254721 16191.446734257042 814.68975755944848 10.090076956897974 16.448558587580919 9.4824549928307533 443.81602645292878 13.564075492322447 1270.2406714744866 1015.9426613524556 6.3017366342246524 174.17511038482189 101.30720268562436
leaf_count=192 25363 47 72642 3662 44 72 42 1964 59 5658 17169 89 2643 457
internal_value=-2.8728e-05 -0.000877638 -0.00182706 0.000695931 0.0056933 0.0092997 0.0506386 0.0075921 -0.0177488 -0.000756561 0.0163762 0.00744714 0.00487614 -0.0101114
internal_weight=24746.6 23538 18882.4 2690.92 605.988 493.401 19.5725 473.829 30.0126 2084.93 1208.58 192.636 180.477 112.587
internal_count=130103 110010 84647 12005 2685 2181 86 2095 131 9320 20093 2924 2732 504
cat_boundaries=0 1 2 3 4 5 7
cat_threshold=1 4 4 1 1 286131209 20544
is_linear=0
shrinkage=0.05


Tree=61
num_leaves=15
num_cat=5
split_feature=0 0 3 7 1 7 6 8 6 8 5 5 6 3
split_gain=130.687 26.8481 6.30457 6.03088 13.221 7.90118 7.54596 8.27533 13.8767 5.79571 185.867 90.248 10.2153 7.87187
threshold=0 1 2 1.5000000000000002 3 1.0000000180025095e-35 9.5000000000000018 11.500000000000002 10.500000000000002 11.500000000000002 3.0000000000000004 3.0000000000000004 4.5000000000000009 4
decision_type=1 1 9 2 1 2 2 2 2 2 2 2 2 9
left_child=3 2 -2 4 5 6 -1 -8 -9 10 -3 12 -11 -12
right_child=1 9 -4 -5 -6 -7 7 8 -10 11 13 -13 -14 -15
leaf_value=0.030593701979733406 0.01397832529990207 -0.052644973250388562 0.0024004540535776352 0.018720387167395654 0.0048944715076208629 0.047729927693337663 0.021054442294090162 -0.1366061910657374 0.011069250381385495 0.017571180089174816 -0.0026695877906618252 -0.0014716323278009525 0.037643956287210942 0.00029115536688045757
leaf_weight=30.593430053442717 111.85454399883747 180.59563437476754 4539.1758974343538 829.31205016374588 276.16903163865209 37.335322543978691 7.831449054181574 2.8966544903814793 3.5285989381372929 115.17269509285688 5330.6623279899359 9211.2498091012239 140.95609367638826 3876.8825992047787
leaf_count=549 626 3785 24752 14418 4131 693 148 52 60 1426 22550 38695 1831 16327
internal_value=0.000130252 -0.000690383 0.00270829 0.0162415 0.0109581 0.0274037 0.0165933 -0.0134502 -0.0555063 -0.00152971 -0.00241082 -0.000657596 0.0286179 -0.00142554
internal_weight=24694.2 23506.5 4651.03 1187.67 358.354 82.1855 44.8501 14.2567 6.42525 18855.5 9388.14 9467.38 256.129 9207.54
internal_count=130043 109992 25378 20051 5633 1502 809 260 112 84614 42662 41952 3257 38877
cat_boundaries=0 1 2 3 4 6
cat_threshold=1 4 117964808 3 1634467848 49156
is_linear=0
shrinkage=0.05


Tree=62
num_leaves=15
num_cat=4
split_feature=5 8 5 2 4 5 8 8 7 8 2 7 8 2
split_gain=71.6782 54.4827 248.175 34.903 22.2682 21.8042 18.4065 15.2843 20.5879 16.1079 12.818 12.4874 11.5771 9.20116
threshold=1.5000000000000002 11.500000000000002 1.0000000180025095e-35 0 1 3.0000000000000004 10.500000000000002 8.5000000000000018 4.5000000000000009 2.5000000000000004 2 1.5000000000000002 22.500000000000004 3
decision_type=2 2 2 9 1 2 2 2 2 2 9 2 2 9
left_child=1 2 -1 4 6 -2 7 8 9 -4 12 -6 -3 -7
right_child=5 10 3 -5 11 13 -8 -9 -10 -11 -12 -13 -14 -15
leaf_value=-0.052509500650792629 0.0024238627907811642 0.007705616305946481 -0.099211086944054339 0.023236112817594811 -0.018204068668294379 -0.0031081037312692492 -0.13847359964550307 0.054645507134793547 -0.13948363041141967 0.024180828150347274 0.023893619420383146 0.015760318818356638 0.040332806386062653 -0.00067602735523506114
leaf_weight=170.59207679331303 4628.8833470791578 309.65323508530855 3.9038734063506224 421.59162276238203 42.329239949584007 5580.1829864233732 4.6001393422484389 4.414398591965436 4.6402527652680865 8.2011591643094999 517.34474116191268 75.032629691064358 29.805266872048378 12841.824020549655
leaf_count=3749 25290 4826 54 7589 489 23695 48 60 63 115 8412 1183 469 53917
internal_value=6.47597e-05 0.0103254 0.000341047 0.0163065 -0.00535543 -0.000643935 -0.0478267 -0.0281199 -0.0499386 -0.0156131 0.0188939 0.00351029 0.0102679 -0.00141478
internal_weight=24643 1592.11 735.305 564.713 143.122 23050.9 25.7598 21.1597 16.7453 12.105 856.803 117.362 339.459 18422
internal_count=129959 27057 13350 9601 2012 102902 340 292 232 169 13707 1672 5295 77612
cat_boundaries=0 1 2 3 4
cat_threshold=22661 4 3219979 2298499
is_linear=0
shrinkage=0.05


Tree=63
num_leaves=15
num_cat=6
split_feature=0 0 2 3 2 8 7 4 8 7 8 6 6 6
split_gain=108.643 18.9585 13.9942 7.85054 8.94342 7.98964 7.862 7.5363 7.30737 7.11685 13.7862 26.6761 19.8309 14.3214
threshold=0 1 2 3 4 2.5000000000000004 3.5000000000000004 5 10.500000000000002 4.5000000000000009 14.500000000000002 9.5000000000000018 10.500000000000002 7.5000000000000009
decision_type=1 1 9 9 9 2 2 1 2 2 2 2 2 2
left_child=2 3 7 4 -2 6 -6 -1 -9 10 11 13 -13 -10
right_child=1 -3 -4 -5 5 -7 -8 8 9 -11 -12 12 -14 -15
leaf_value=0.038448748241298937 -0.0029589342798761967 -0.0012745721594657209 0.010757196748820969 0.0017164264767764407 0.014909469450848815 0.019410394961882238 -0.037441029084152228 0.029017085706491447 -0.024162708732442403 0.029271217264746935 0.018140674946116053 -0.19469261936968174 -0.033317887614866946 0.044891449001071865
leaf_weight=69.936455216258764 98.340825363993645 18830.118448529392 759.79572375118732 4304.8753661960363 15.886811286211016 196.18976233899593 13.073838129639624 138.69216759875417 18.799757435917858 53.108935371041298 92.169949188828468 3.2300715446472159 4.6363697946071625 12.501161977648733
leaf_count=1417 539 84641 12247 23523 89 1099 72 2753 356 1055 1803 61 88 242
internal_value=0.000169533 -0.000569786 0.0150872 0.00229414 0.00970015 0.0151201 -0.00872336 0.0229823 0.0203462 0.0138262 0.00758065 -0.0172696 -0.0995806 0.00341658
internal_weight=24611.4 23458.5 1152.87 4628.37 323.491 225.15 28.9606 393.075 323.138 184.446 131.337 39.1674 7.86644 31.3009
internal_count=129985 109963 20022 25322 1799 1260 161 7775 6358 3605 2550 747 149 598
cat_boundaries=0 1 2 3 5 6 7
cat_threshold=1 4 5187168 390725641 4096 2990149 4
is_linear=0
shrinkage=0.05


Tree=64
num_leaves=15
num_cat=7
split_feature=0 0 2 2 8 7 8 8 8 2 7 2 4 8
split_gain=95.6948 17.3634 10.1511 7.70819 16.4372 10.6044 14.7499 6.5911 7.31895 14.2791 6.56193 15.7804 14.3145 16.4668
threshold=0 1 2 3 15.500000000000002 3.5000000000000004 5.5000000000000009 22.500000000000004 21.500000000000004 4 1.5000000000000002 5 6 15.500000000000002
decision_type=1 1 9 9 2 2 2 2 2 9 2 9 1 2
left_child=2 -2 -1 4 5 -3 -7 8 10 -10 11 12 13 -4
right_child=1 3 7 -5 -6 6 -8 -9 9 -11 -12 -13 -14 -15
leaf_value=0.023733400599101478 0.0021283743182802118 -0.021183205983976962 -0.066143003898841854 -0.0012028162487482457 -0.046252375940504943 -0.037233546142718114 0.029354442232417691 0.030814042127180103 -0.033465959501086745 0.015975850723494958 0.014724494515227388 0.011537725540999796 0.0053843736325034268 0.019939560244252003
leaf_weight=237.2048604041338 4624.2169055491686 44.173993080854416 21.531919941306118 18738.05962625891 30.495737567543983 10.971721485257147 34.364171028137207 42.348731942474842 18.015460193157196 23.006636973470449 553.7095736823976 202.06406910344958 29.847022347152233 7.4872326031327239
leaf_count=4782 25328 210 255 84242 145 50 149 750 304 400 9768 3191 407 129
internal_value=7.36952e-05 -0.000614378 0.0141871 -0.0012877 -0.0134304 -0.00374843 0.0132395 0.0114319 0.0106063 -0.0100008 0.011644 0.00510692 -0.016179 -0.0439328
internal_weight=24617.5 23482.3 1135.22 18858.1 120.006 89.5099 45.3359 898.011 855.662 41.0221 814.64 260.93 58.8662 29.0192
internal_count=130110 110124 19986 84796 554 409 199 15204 14454 704 13750 3982 791 384
cat_boundaries=0 1 2 3 4 5 6 7
cat_threshold=1 4 730720 1 3178504 264321 1
is_linear=0
shrinkage=0.05


Tree=65
num_leaves=15
num_cat=6
split_feature=0 0 2 6 7 4 8 8 8 3 6 4 7 8
split_gain=85.0773 16.0444 11.8773 8.5763 13.9767 10.0165 10.5532 9.919 10.0455 8.19273 8.80154 7.69878 8.5468 14.2369
threshold=0 1 2 3.5000000000000004 4.5000000000000009 3 20.500000000000004 12.500000000000002 10.500000000000002 4 5.5000000000000009 5 5.5000000000000009 22.500000000000004
decision_type=1 1 9 2 2 1 2 2 2 9 2 1 2 2
left_child=2 -2 3 5 9 6 7 8 -1 10 -5 -4 -13 -14
right_child=1 -3 11 4 -6 -7 -8 -9 -10 -11 -12 12 13 -15
leaf_value=0.0041145589728398537 0.0021146529516025709 -0.0011701198706496213 0.027137295348975937 -0.042841950874988412 -0.023699719376231873 0.02225948079671701 -0.090322006321827047 0.053621540513615264 -0.090015742880376365 0.015327289055667338 0.0060579978572308929 0.012180885946462378 0.031062950219531451 -0.068865188670606411
leaf_weight=9.8546966649591976 4623.5238329619169 18807.553359299898 147.33877110108733 15.451947387307881 54.287208899855614 92.753963261842728 3.8151952698826781 6.0898927487432948 3.97863695770502 77.417695604264736 22.750380989164114 585.39097319543362 102.61232905089855 3.6926155500113955
leaf_count=133 25354 84590 2861 227 709 1387 58 98 32 1169 333 11058 1947 70
internal_value=0.000126229 -0.000521328 0.0134928 0.00424471 -0.00277142 0.0148423 -0.0141391 0.000449586 -0.0229585 0.00705506 -0.0108744 0.0165625 0.0145494 0.0275918
internal_weight=24556.5 23431.1 1125.43 286.4 169.907 116.492 23.7384 19.9232 13.8333 115.62 38.2023 839.035 691.696 106.305
internal_count=130026 109944 20082 4146 2438 1708 321 263 165 1729 560 15936 13075 2017
cat_boundaries=0 1 2 3 4 6 7
cat_threshold=1 4 2103301 4 1076232193 64 4
is_linear=0
shrinkage=0.05


Tree=66
num_leaves=15
num_cat=5
split_feature=0 0 2 4 8 7 6 7 8 8 6 2 7 8
split_gain=76.6185 18.4457 12.7655 9.27226 11.1079 13.0438 21.8017 28.2939 22.5003 12.1512 7.72489 7.07957 11.5872 9.82257
threshold=0 1 2 3 10.500000000000002 3.5000000000000004 9.5000000000000018 2.5000000000000004 14.500000000000002 18.500000000000004 1.5000000000000002 4 5.5000000000000009 13.500000000000002
decision_type=1 1 9 1 2 2 2 2 2 2 2 9 2 2
left_child=2 -2 3 4 -1 6 7 -6 -8 -9 -7 12 13 -3
right_child=1 11 -4 -5 5 10 8 9 -10 -11 -12 -13 -14 -15
leaf_value=0.030648937957750574 0.0022107706916748393 -0.008762249719742524 0.009351183365525104 0.032427970942294063 0.033955350360696107 -0.043628160562000244 -0.15376804977656028 -0.034944563498342698 -0.024837326061989629 -0.17563996898725248 0.033160100065646923 -0.0012336382313478957 0.016915859238038157 -0.041673093978432371
leaf_weight=61.422324914485216 4611.6729563325644 56.22041530162096 824.78600307181478 133.71537138149142 26.64288505166769 3.6319449059665194 4.5889749117195633 5.1297752894461146 12.885716702789066 2.1896856427192688 33.347850497812033 18706.488868940622 23.947718307375908 37.993355125188828
leaf_count=1295 25316 264 14070 2833 545 74 81 103 260 45 698 84153 106 179
internal_value=-1.0404e-05 -0.000620257 0.0127755 0.0220781 0.0143155 0.00296881 -0.0133147 0.0100351 -0.0586954 -0.0770349 0.0256184 -0.00131461 -0.0130368 -0.0220341
internal_weight=24544.7 23436.3 1108.34 283.555 149.839 88.4168 51.437 33.9623 17.4747 7.31946 36.9798 18824.7 118.161 94.2138
internal_count=130022 110018 20004 5934 3101 1806 1034 693 341 148 772 84702 549 443
cat_boundaries=0 1 2 3 4 5
cat_threshold=1 4 4924960 1 1
is_linear=0
shrinkage=0.05


Tree=67
num_leaves=15
num_cat=4
split_feature=5 5 8 5 2 5 2 4 8 7 6 8 8 2
split_gain=42.5549 16.0633 53.6973 213.375 29.3949 17.716 14.9595 12.2791 14.8736 13.1398 21.1572 10.8466 12.5342 12.6888
threshold=3.0000000000000004 1.5000000000000002 11.500000000000002 1.0000000180025095e-35 0 1.0000000180025095e-35 1 2 10.500000000000002 4.5000000000000009 3.5000000000000004 22.500000000000004 21.500000000000004 3
decision_type=2 2 2 2 9 2 9 1 2 2 2 2 2 9
left_child=1 2 3 -1 7 -4 11 8 9 -5 -11 12 -7 -14
right_child=-2 -3 5 4 -6 6 -8 -9 -10 10 -12 -13 13 -15
leaf_value=-0.052369244397244732 -0.0011398910366452691 0.0022071367214160469 0.027987844263072936 0.0043043954338907861 0.020120438642398941 0.0056737186029861856 0.022090436987678517 0.00042967731943645179 -0.12017365822198928 0.0096091210438399507 -0.16766356294232593 0.033539113580832509 -0.041684789454785424 0.016377664047908108
leaf_weight=161.7469076924026 18392.582725927234 4607.4239463806152 248.08109801262617 15.953026130795484 386.52668727561831 293.10003085061908 214.4043114297092 118.40906915813684 4.4732918441295615 3.3675506711006156 3.3649312630295753 30.872428812086582 18.746277373284101 11.33674628660083
leaf_count=3745 77603 25323 3264 237 7454 5495 3817 1811 41 48 43 592 316 225
internal_value=6.16705e-05 0.00367405 0.00814886 -0.00207845 0.013209 0.0168393 0.011974 -0.00610565 -0.036847 -0.0204161 -0.0789927 0.00508045 0.0025191 -0.0282165
internal_weight=24510.4 6117.81 1510.38 693.841 532.095 816.541 568.46 145.568 27.1588 22.6855 6.73248 354.055 323.183 30.083
internal_count=130014 52411 27088 13379 9634 13709 10445 2180 369 328 91 6628 6036 541
cat_boundaries=0 1 2 3 4
cat_threshold=7301 7643723 4 3179016
is_linear=0
shrinkage=0.05


Tree=68
num_leaves=15
num_cat=9
split_feature=0 0 2 8 3 2 2 6 4 2 8 4 8 7
split_gain=64.9254 14.2901 12.136 11.1908 7.83571 9.97012 9.68324 6.89453 12.4959 10.3159 8.23064 7.7051 7.64109 7.50226
threshold=0 1 2 22.500000000000004 3 4 5 5.5000000000000009 6 7 2.5000000000000004 8 18.500000000000004 1.0000000180025095e-35
decision_type=1 1 9 2 9 9 9 2 1 9 2 1 2 2
left_child=2 4 -1 -4 6 -6 7 9 13 10 -2 -12 -13 -9
right_child=1 -3 3 -5 5 -7 -8 8 -10 -11 11 12 -14 -15
leaf_value=0.024108414084638898 0.060385799598603934 -0.0011848006670323113 0.0082626459986421905 0.035389495527096755 0.010271858182102071 0.0022166225112843383 0.0033569355145599239 0.014339784424328034 -0.0039847242640582677 -0.0021623865875424436 0.047204102955410068 -0.0041996441206642839 0.036329654766264222 -0.03052069345991348
leaf_weight=171.80785597115755 9.5990923792123777 18764.97269199416 876.38325798884034 39.743164375424385 497.3437402099371 1663.9111524522305 1127.623694986105 10.642078578472136 418.46727451682091 716.87969847023487 12.662780493497849 52.87603260576725 14.908274129033087 75.00537833571434
leaf_count=3706 53 84556 15606 758 2835 9140 6343 58 2258 3796 67 282 80 399
internal_value=-1.43947e-05 -0.00057253 0.0118685 0.00933753 0.00192233 0.00410905 -2.45102e-05 -0.00293628 -0.00754608 -9.27705e-05 0.0149625 0.0114024 0.00471425 -0.0249466
internal_weight=24452.8 23364.9 1087.93 916.126 4599.92 2161.25 2438.66 1311.04 504.115 806.926 90.0462 80.4471 67.7843 85.6475
internal_count=129937 109867 20070 16364 25311 11975 13336 6993 2715 4278 482 429 362 457
cat_boundaries=0 1 2 3 5 6 7 8 9 10
cat_threshold=1 4 984608 1612711424 33796 1066374 3478889 4 262208 4
is_linear=0
shrinkage=0.05


Tree=69
num_leaves=15
num_cat=7
split_feature=0 2 0 2 7 3 3 6 7 2 8 8 8 8
split_gain=66.524 14.8048 9.44769 8.38465 10.546 10.8028 10.1918 10.302 8.86922 12.6707 20.1256 23.0584 9.82713 19.7453
threshold=0 1 2 3 2.5000000000000004 4 5 10.500000000000002 1.0000000180025095e-35 6 7.5000000000000009 4.5000000000000009 19.500000000000004 16.500000000000004
decision_type=1 9 1 9 2 9 9 2 2 9 2 2 2 2
left_child=1 -1 3 4 5 -2 -6 -8 9 10 11 -5 13 -10
right_child=2 -3 -4 8 6 -7 7 -9 12 -11 -12 -13 -14 -15
leaf_value=0.0078918805589584407 -0.0021698024236801706 0.020813944003606179 -0.00099328561219078266 -0.011486075958321384 -0.0076087707350726112 0.0080716329491111998 -0.0014652007041709987 0.015902688372846929 0.0042872511761631177 0.0042965782860994615 -0.00025593461260360048 -0.080528910575538598 -0.0032286685781748948 0.019820204492874222
leaf_weight=734.22501444816589 473.77040633559227 342.85207855701447 18730.057603083551 27.409790635108948 682.17132133245468 550.4031230956316 637.04283572733402 98.597581282258034 1311.1630018651485 183.34541258215904 70.627098724246025 21.640509605407715 296.05450774729252 242.42386898398399
leaf_count=12796 2612 7281 84389 154 3596 3056 3387 536 7380 1034 401 122 1665 1363
internal_value=6.8457e-05 0.0121588 -0.000494847 0.00153478 -0.000472401 0.00339169 -0.00326701 0.000851042 0.00380338 -0.00410817 -0.0160058 -0.0419471 0.00512008 0.00671103
internal_weight=24401.8 1077.08 23324.7 4594.65 2441.99 1024.17 1417.81 735.64 2152.66 303.023 119.677 49.0503 1849.64 1553.59
internal_count=129772 20077 109695 25306 13187 5668 7519 3923 12119 1711 677 276 10408 8743
cat_boundaries=0 1 2 3 4 6 8 9
cat_threshold=1 7395469 4 503113 1377960961 53248 1073742336 17476 5259296
is_linear=0
shrinkage=0.05


Tree=70
num_leaves=15
num_cat=8
split_feature=0 0 2 3 2 8 6 6 6 8 7 3 2 3
split_gain=57.5339 11.5148 9.97253 10.1862 8.9473 10.3457 13.2987 11.8792 8.56151 28.9484 9.31035 11.368 8.9745 7.10507
threshold=0 1 2 3 4 22.500000000000004 2.5000000000000004 1.5000000000000002 10.500000000000002 18.500000000000004 1.5000000000000002 5 6 7
decision_type=1 1 9 9 9 2 2 2 2 2 2 9 9 9
left_child=2 4 3 -1 5 8 7 -7 10 -10 12 -12 -2 -6
right_child=1 -3 -4 -5 13 6 -8 -9 9 -11 11 -13 -14 -15
leaf_value=-0.005122008706069537 -0.0067149488154886463 -0.0011473642912516811 0.015143675064048616 0.010881272769142246 -0.019894568678886393 0.01236402747933275 0.02661984044836975 -0.048797155563396304 0.011858984691622498 -0.025704359784726873 0.0058271344203883364 -0.0068672363219788122 0.0074270988390683539 0.0041551812061747023
leaf_weight=155.40674741566181 155.36615899205208 18753.343898788095 654.22594564408064 250.8524669483304 21.65355084836483 20.363414913415909 72.980501964688301 13.012443915009497 309.01113514602184 61.498042523860931 203.27369123697281 1116.3516596108675 347.75551788508892 2276.3900249451399
leaf_count=2460 851 84520 13462 4046 120 110 394 70 1702 335 1080 5922 1908 12854
internal_value=-7.82382e-05 -0.000597574 0.0112566 0.00478354 0.00164258 -0.000563802 0.0146633 -0.0114812 -0.00130477 0.00562413 -0.00271321 -0.00491969 0.00307413 0.00384336
internal_weight=24411.5 23351 1060.49 406.259 4597.66 2299.61 106.356 33.3759 2193.26 370.509 1822.75 1319.63 503.122 2298.04
internal_count=129834 109866 19968 6506 25346 12372 574 180 11798 2037 9761 7002 2759 12974
cat_boundaries=0 1 2 3 5 6 8 9 11
cat_threshold=1 4 3168263 1613103168 33792 2072905 337642504 64 1867777 2097152 1024
is_linear=0
shrinkage=0.05


Tree=71
num_leaves=15
num_cat=11
split_feature=0 2 4 0 3 3 2 2 8 6 4 4 2 8
split_gain=49.272 9.9601 7.8044 7.23388 7.19012 6.29094 8.57442 5.82859 16.3061 15.0236 16.9378 8.32458 12.0341 10.3989
threshold=0 1 2 3 4 5 6 7 1.0000000180025095e-35 9.5000000000000018 8 9 10 3.5000000000000004
decision_type=1 9 1 1 9 9 9 9 2 2 1 1 9 2
left_child=1 4 -3 5 -1 6 -2 8 -7 -10 -11 12 -9 -14
right_child=3 2 -4 -5 -6 7 -8 11 9 10 -12 -13 13 -15
leaf_value=0.00091001744438424484 0.025044238477459454 0.03151934520865661 0.013714423665103876 -0.00091957808383292443 0.011804424547687806 -0.031896153416261661 -0.0017014315809761326 0.013244331104317043 0.013742807851568265 -0.034428723057681812 0.0050662949116446268 -0.001177043468294124 -0.010508891109514178 0.0035144901413111588
leaf_weight=324.27167626097798 56.984237432479858 73.983964934945107 366.08791819959879 18782.954729609191 289.00071838125587 26.757625371217728 59.920166850090027 254.05045907199383 345.1355377137661 37.608086332678795 97.587831348180771 2765.2720064222813 159.34427826106548 775.94144751131535
leaf_count=5528 328 1679 7812 84660 5009 150 342 1473 1991 221 561 14990 871 4334
internal_value=-6.2478e-06 0.01052 0.0163365 -0.000485157 0.00615096 0.0012951 0.0122817 0.000980413 0.00597436 0.00820838 -0.00592022 0.000326598 0.00382539 0.00111343
internal_weight=24414.9 1053.34 440.072 23361.6 613.272 4578.6 116.904 4461.7 507.089 480.331 135.196 3954.61 1189.34 935.286
internal_count=129949 20028 9491 109921 10537 25261 670 24591 2923 2773 782 21668 6678 5205
cat_boundaries=0 1 2 3 4 6 7 8 9 10 11 12
cat_threshold=1 3201293 4 4 1143865409 37892 122159112 3326602 17540 2 2 4202785
is_linear=0
shrinkage=0.05


Tree=72
num_leaves=15
num_cat=8
split_feature=0 2 0 2 3 8 8 6 4 6 7 2 4 8
split_gain=45.8648 11.0961 10.0654 8.27197 12.6824 7.31679 10.5518 21.3032 10.7072 8.27051 17.2662 15.5426 20.8974 23.9415
threshold=0 1 2 3 4 22.500000000000004 21.500000000000004 3.5000000000000004 5 3.5000000000000004 1.5000000000000002 6 7 4.5000000000000009
decision_type=1 9 1 9 9 2 2 2 1 2 2 9 1 2
left_child=1 -1 -2 4 -4 6 9 8 -8 10 -3 12 -11 -14
right_child=2 5 3 -5 -6 -7 7 -9 -10 11 -12 -13 13 -15
leaf_value=0.020592045772762982 0.0015913514167370019 -0.0027987114544071223 -0.0049301772794993785 -0.00030547149230384589 -0.00028847062565932186 0.029001241907645317 0.0042701496985440299 0.0097112839496947892 -0.090593560400417786 0.0096812147910895468 0.023172309016386866 0.0071952679774532659 -0.13678867842776696 -0.027682328023748412
leaf_weight=204.50447105243802 4594.4885033071041 96.130955915898085 2887.9233372956514 12842.746223703027 3005.2504795007408 37.755847215652466 4.0606201030313969 25.281106811016798 11.120865214616058 28.332125369459391 191.45054377987981 415.15901512652636 6.2891971543431309 25.072032630443573
leaf_count=4700 25366 1413 13139 57663 13661 758 67 461 194 453 3674 7877 96 385
internal_value=-4.27503e-05 0.0101538 -0.000503671 -0.00101799 -0.00256762 0.00740223 0.00647874 -0.0184029 -0.0652202 0.00779922 0.0144909 0.00374659 -0.0183669 -0.0495626
internal_weight=24375.6 1045.16 23330.4 18735.9 5893.17 840.652 802.896 40.4626 15.1815 762.434 287.581 474.852 59.6934 31.3612
internal_count=129907 20078 109829 84463 26800 15378 14620 722 261 13898 5087 8811 934 481
cat_boundaries=0 1 2 3 4 6 7 8 9
cat_threshold=1 992800 4 3802755 353108552 20548 4 4099 1
is_linear=0
shrinkage=0.05


Tree=73
num_leaves=15
num_cat=4
split_feature=5 8 5 2 5 2 7 4 7 8 8 7 2 8
split_gain=23.8773 48.6007 187.534 25.4478 21.9611 18.7447 11.2867 14.7238 14.1383 18.0552 11.0584 14.2293 10.5143 19.5206
threshold=1.5000000000000002 11.500000000000002 1.0000000180025095e-35 0 1.0000000180025095e-35 1 2.5000000000000004 2 4.5000000000000009 1.5000000000000002 22.500000000000004 5.5000000000000009 3 9.5000000000000018
decision_type=2 2 2 9 2 9 2 1 2 2 2 2 9 2
left_child=1 2 -1 6 -3 -6 -4 -8 9 -9 -7 -12 13 -10
right_child=-2 4 3 -5 5 10 7 8 12 -11 11 -13 -14 -15
leaf_value=-0.052236582475840988 -0.0003159092370005673 0.027324594069768244 -0.019630036625289143 0.018591034115677269 0.022027439695889162 -0.0003555891461284454 0.026698881999250051 -0.08432202466943961 -0.099428991374523198 0.038382357977809013 0.044928248766707424 -0.054286249426382271 0.017044528181433299 0.038714674014437421
leaf_weight=152.64609526842833 22931.851524367929 241.12590144574642 76.160628098994493 337.6802810318768 175.55485847219825 330.80801808089018 45.15477954223752 3.6371833421289947 13.943741459399464 17.057382613420486 26.115427721291784 4.1942803338170043 7.5392050705850151 3.1315506324172011
leaf_count=3725 102854 3234 1097 7030 3385 6436 814 67 185 325 567 81 151 42
internal_value=7.55925e-05 0.00633303 -0.0036801 0.0110173 0.0147904 0.00915883 -0.005139 0.00649279 -0.0136445 0.0168164 0.00223109 0.0311989 -0.0392544 -0.046728
internal_weight=24366.6 1434.75 656.951 504.305 777.798 536.673 166.624 90.4638 45.3091 20.6946 361.118 30.3097 24.6145 17.0753
internal_count=129993 27139 13436 9711 13703 10469 2681 1584 770 392 7084 648 378 227
cat_boundaries=0 1 2 3 4
cat_threshold=612741 728480 1 6149
is_linear=0
shrinkage=0.05


Tree=74
num_leaves=15
num_cat=9
split_feature=0 2 0 8 4 2 8 2 7 8 4 2 8 4
split_gain=35.4804 10.4509 9.77392 7.44793 7.22137 6.85504 15.8282 16.8395 14.1449 13.1361 15.835 16.8052 14.9595 14.6833
threshold=0 1 2 22.500000000000004 3 4 7.5000000000000009 5 1.0000000180025095e-35 6.5000000000000009 6 7 8.5000000000000018 8
decision_type=1 9 1 2 1 9 2 9 2 2 1 9 2 1
left_child=1 4 5 -3 -1 9 7 8 -7 13 11 -11 -13 -2
right_child=2 3 -4 -5 -6 6 -8 -9 -10 10 -12 12 -14 -15
leaf_value=0.04790741295516654 -0.0080562702709635389 0.0060554066443311945 -0.00071151680855167498 0.0292147135701698 0.017886834415763279 -0.02667679297821356 0.007605301877597107 0.010652787326661677 -0.0032782726027423244 0.0081866948809705548 0.0027447662644437733 -0.028295993552518335 -0.0068700126288404858 0.0090318169026947295
leaf_weight=23.660012759268284 156.4987281113863 833.65628531202674 18725.007201571018 36.224060744047165 130.63298397511244 77.086493492126465 1208.8331706672907 179.88764753937721 398.41501964628696 162.5288358181715 929.9438314884901 91.33445143699646 753.950593277812 639.02814114093781
leaf_count=604 836 15545 84543 769 3083 429 6919 1041 2246 872 5110 477 3997 3476
internal_value=0.000197634 0.00926006 -0.000204212 0.00694004 0.0211214 0.00185903 0.00419045 -0.00204413 -0.0069259 0.000259419 -0.00196058 -0.00630236 -0.00907773 0.00567019
internal_weight=24346.7 1024.17 23322.5 869.88 154.293 4597.51 1864.22 655.389 475.502 2733.28 1937.76 1007.81 845.285 795.527
internal_count=129947 20001 109946 16314 3687 25403 10635 3716 2675 14768 10456 5346 4474 4312
cat_boundaries=0 1 2 3 4 5 6 7 8 9
cat_threshold=1 984608 4 4 1816904 6555264 1 1081344 4
is_linear=0
shrinkage=0.05


Tree=75
num_leaves=15
num_cat=10
split_feature=0 2 0 2 3 8 2 8 2 6 2 4 4 7
split_gain=37.288 11.7932 8.84212 6.59967 9.74682 9.44212 19.371 17.5204 19.5959 15.3275 15.2069 21.5867 14.2179 11.9097
threshold=0 1 2 3 4 19.500000000000004 5 16.500000000000004 6 5.5000000000000009 7 8 9 1.0000000180025095e-35
decision_type=1 9 1 9 9 2 9 2 9 2 9 1 1 2
left_child=1 -1 3 4 -2 7 -7 9 -9 -5 -11 -12 -8 -13
right_child=2 -3 -4 5 -6 6 12 8 -10 10 11 13 -14 -15
leaf_value=0.022805677532996317 0.0062762337073278517 0.0071258483402279697 -0.00075194955282437831 0.010345113913724228 -0.001702714963430297 -0.012714804446229841 0.026063722263241652 -0.0029862936995298846 0.025460775602905512 -0.009285031296345338 -0.015546616748887816 -0.0086043234882281685 -0.0046717308382562333 0.010633665256629513
leaf_weight=138.42169771715999 467.36803816258907 879.53015556186438 18756.537614334375 494.75653594732285 1921.0959569960833 220.12246154248714 74.957198724150658 92.362866818904877 184.11051906645298 318.08226782083511 121.13515406847 95.608018547296524 75.552235901355743 507.41125313937664
leaf_count=3364 2545 16689 84652 2859 10260 1233 427 535 1057 1802 686 538 441 2908
internal_value=0.000139363 0.00945911 -0.000271238 0.00169797 -0.000121758 0.00367945 -0.00357567 0.00518252 0.0167702 0.00309814 -0.00034205 0.00366375 0.00997265 0.0075835
internal_weight=24347.1 1017.95 23329.1 4572.56 2388.46 2184.1 370.632 1813.47 276.473 1536.99 1042.24 724.154 150.509 603.019
internal_count=129996 20053 109943 25291 12805 12486 2101 10385 1592 8793 5934 4132 868 3446
cat_boundaries=0 1 2 3 4 5 6 7 8 9 10
cat_threshold=1 730144 4 504168 359272520 7342081 18946 2099844 4 1
is_linear=0
shrinkage=0.05


Tree=76
num_leaves=15
num_cat=5
split_feature=0 2 8 8 2 2 4 8 6 6 8 6 8 8
split_gain=28.1578 10.0859 7.26863 7.68204 23.1863 17.9402 14.0305 14.3298 27.5679 11.7339 16.23 16.5259 11.2359 11.154
threshold=0 1 22.500000000000004 10.500000000000002 2 3 4 21.500000000000004 7.5000000000000009 9.5000000000000018 16.500000000000004 10.500000000000002 1.0000000180025095e-35 4.5000000000000009
decision_type=1 9 2 2 9 9 1 2 2 2 2 2 2 2
left_child=1 -1 3 4 12 -5 7 -7 -9 -8 11 -11 -3 -14
right_child=-2 2 -4 5 -6 6 9 8 -10 10 -12 -13 13 -15
leaf_value=0.026430339485329787 -0.00039065336026472883 0.047273627141386838 0.027943121101777553 0.010516462827934997 0.017525111693294685 0.017824609071527119 -0.0076590049434032944 -0.17323495683798165 0.053017585311850926 -0.12992280265432374 -0.0056060541538089891 -0.040038427942461617 -0.034452740493769139 -0.00053074909120076955
leaf_weight=62.748469278216362 23305.456048496068 8.0105506777763349 38.594408087432384 256.33964443579316 305.71533104404807 61.126737497746944 120.10116311907768 2.8701622486114493 2.5358913727104664 6.82679155468941 23.104836024343967 20.378885589540005 40.700216993689537 59.894556317478418
leaf_count=1593 109911 137 855 4894 6399 1205 2324 53 49 133 466 386 651 925
internal_value=-3.51218e-05 0.0081008 0.00662156 0.00578785 0.0108071 0.00157205 -0.00820218 0.0109239 -0.0671036 -0.0161508 -0.0364222 -0.0625933 -0.00889787 -0.0142554
internal_weight=24314.4 1008.95 946.199 907.605 414.321 493.284 236.944 66.5328 5.40605 170.412 50.3105 27.2057 108.605 100.595
internal_count=129981 20070 18477 17622 8112 9510 4616 1307 102 3309 985 519 1713 1576
cat_boundaries=0 1 2 3 4 5
cat_threshold=1 720928 6528 269768 2
is_linear=0
shrinkage=0.05


Tree=77
num_leaves=15
num_cat=6
split_feature=0 2 6 0 8 4 8 8 8 6 2 4 8 8
split_gain=25.6857 9.71992 8.67073 6.50114 5.96952 10.399 8.68726 8.62928 16.0596 5.83205 7.37505 13.6551 7.80571 6.99449
threshold=0 1 11.500000000000002 2 14.500000000000002 3 9.5000000000000018 5.5000000000000009 2.5000000000000004 10.500000000000002 4 5 16.500000000000004 9.5000000000000018
decision_type=1 9 2 1 2 1 2 2 2 2 9 1 2 2
left_child=1 -1 9 -2 5 6 7 8 -4 10 11 -3 13 -13
right_child=3 2 4 -5 -6 -7 -8 -9 -10 -11 -12 12 -14 -15
leaf_value=0.019407542618195023 0.0015334188347372055 -0.055313855688848459 0.016614411245224413 -0.0005681176769590017 0.0083328687264852246 0.0047691323598038383 -0.079961044162788347 0.041196258974312228 -0.13254518686063882 0.023858734546466042 0.0074708295677608089 0.010799313623437007 0.036259057393449388 -0.037967707707724341
leaf_weight=152.29441376030445 4569.2339106053114 13.850317921489477 4.0774222835898417 18734.505875784904 22.423709377646446 17.463677205145359 10.434503696858881 4.1026606224477291 3.2373061738908291 49.273980874568224 686.36801156029105 15.922225989401342 11.881481219083069 13.66118013486266
leaf_count=3816 25297 176 72 84568 438 315 164 73 65 905 13435 233 222 192
internal_value=0.000183556 0.00796974 0.00572563 -0.000155582 -0.0122539 -0.0239955 -0.0469838 -0.0168455 -0.0493997 0.00720143 0.0060948 -0.0104423 0.00202766 -0.0117206
internal_weight=24308.7 1004.99 852.696 23303.7 61.7393 39.3156 21.8519 11.4174 7.31473 790.957 741.683 55.3152 41.4649 29.5834
internal_count=129971 20106 16290 109865 1127 689 374 210 137 15163 14258 823 647 425
cat_boundaries=0 1 2 3 4 5 6
cat_threshold=1 730656 4 1 2049 4
is_linear=0
shrinkage=0.05


Tree=78
num_leaves=15
num_cat=9
split_feature=0 2 3 2 3 3 4 2 6 8 8 8 3 6
split_gain=25.2826 10.848 7.11689 6.42616 11.9977 9.25325 6.03416 7.11772 8.73702 6.31925 8.52888 6.19432 5.75746 5.81422
threshold=0 1 2 3 4 5 6 7 11.500000000000002 16.500000000000004 19.500000000000004 11.500000000000002 8 10.500000000000002
decision_type=1 9 9 9 9 9 1 9 2 2 2 2 9 2
left_child=1 2 -1 4 -2 6 7 9 -9 11 -11 -5 13 -7
right_child=3 -3 -4 5 -6 12 -8 8 -10 10 -12 -13 -14 -15
leaf_value=-0.0014489196406864372 0.015009384121759079 0.014142956018541758 0.0093834741733248243 0.0040433860325390812 -0.0013313310988615952 0.0021348212517704559 -0.00041794911278836549 -0.0058967271053949446 -0.026135994727861257 0.040787228428843109 0.00066619455428983977 -0.021674551468275655 0.0083000178004310182 -0.0016888946108176762
leaf_weight=340.75863134488463 103.47169788554311 391.72426225617528 263.06857674568892 92.339670777320862 12296.301930271089 4878.248144544661 3708.3800825886428 550.62892191484571 59.040379974991083 23.350818000733852 30.61014698445797 31.36634449660778 304.82971911132336 1248.6371005699039
leaf_count=6112 500 9176 4774 436 57659 23172 17632 2586 281 108 140 145 1459 5897
internal_value=-6.98959e-05 0.00769297 0.0033464 -0.000404322 -0.00118299 0.000479535 -0.0012592 -0.00523749 -0.00772991 0.00355055 0.018028 -0.00247754 0.00169496 0.00135335
internal_weight=24322.8 995.551 603.827 23327.2 12399.8 10927.4 4495.72 787.336 609.669 177.667 53.961 123.706 6431.71 6126.89
internal_count=130077 20062 10886 110015 58159 51856 21328 3696 2867 829 248 581 30528 29069
cat_boundaries=0 1 2 4 5 7 9 10 11 13
cat_threshold=1 3184911 1613369409 37892 3118601 541065280 1024 1616904712 5188 4 196 398337 49152
is_linear=0
shrinkage=0.05


Tree=79
num_leaves=15
num_cat=7
split_feature=0 2 3 2 8 8 7 8 8 4 8 4 4 8
split_gain=27.4879 8.94604 6.88135 6.50959 9.58389 21.193 8.90251 13.9277 8.50446 10.5696 6.83462 13.6245 8.72863 6.41833
threshold=0 1 2 3 22.500000000000004 21.500000000000004 5.5000000000000009 14.500000000000002 13.500000000000002 4 16.500000000000004 5 6 3.5000000000000004
decision_type=1 9 9 9 2 2 2 2 2 1 2 1 1 2
left_child=1 2 -1 4 5 6 8 -8 9 -2 11 -10 -12 -3
right_child=3 13 -4 -5 -6 -7 7 -9 10 -11 12 -13 -14 -15
leaf_value=-0.0032388798130176229 0.017852705033006035 0.033588839572192344 0.0078703640183333187 -0.00024517660094893466 -0.040943790999989113 0.052115092197955848 -0.0018825673163651059 0.063040693366029799 -0.076531249487326355 -0.013320531076512657 -0.027648008191294746 -0.019098401651596219 0.012031243095482112 0.012763092253611856
leaf_weight=190.74464195966721 38.748751625418663 42.962767921388149 487.65739305689931 22980.891902789474 20.051936879754066 15.291301339864729 48.046447180211544 9.9759311899542791 15.018734559416771 91.167523760348558 34.031448520720005 33.049404047429562 23.382988266646862 266.41164601221681
leaf_count=3485 177 1074 9143 108374 89 69 221 47 70 439 160 158 113 6321
internal_value=1.01163e-06 0.00812794 0.00474513 -0.000346715 -0.0072276 -0.00527174 -0.00826239 0.00927985 -0.0125863 -0.00402282 -0.0231334 -0.0370431 -0.011488 0.015165
internal_weight=24297.4 987.776 678.402 23309.7 328.764 308.713 293.421 58.0224 235.399 129.916 105.483 48.0681 57.4144 309.374
internal_count=129940 20023 12628 109917 1543 1454 1385 268 1117 616 501 228 273 7395
cat_boundaries=0 1 2 4 5 6 7 8
cat_threshold=1 7346575 1075970112 36864 65537 2 2 1
is_linear=0
shrinkage=0.05


Tree=80
num_leaves=15
num_cat=7
split_feature=0 2 8 0 2 8 8 7 7 2 6 2 4 8
split_gain=22.539 7.97596 7.61223 7.1873 5.80648 15.1682 8.07848 9.63743 5.38428 11.2743 15.0669 11.9148 12.1992 8.92491
threshold=0 1 3.5000000000000004 2 3 15.500000000000002 4.5000000000000009 2.5000000000000004 1.0000000180025095e-35 4 5.5000000000000009 5 6 19.500000000000004
decision_type=1 9 2 1 9 2 2 2 2 9 2 9 1 2
left_child=1 2 -1 -2 5 6 -5 -8 9 10 11 12 -6 -10
right_child=3 -3 -4 4 8 -7 7 -9 13 -11 -12 -13 -14 -15
leaf_value=0.043978232627413127 0.0015625910921553228 0.0052641360244056459 0.013874046040674751 -0.028601006132225749 0.030127725508843142 -0.042579464142710279 -0.017413076857834432 0.022141873728861592 -0.001449167185143296 1.5824907548550783e-06 0.0024482049763415725 0.026915222592564049 -0.041458768209317043 0.0017235793508069324
leaf_weight=24.53385454043746 4579.5600357204676 810.59259149804711 145.7429642342031 20.92533951997757 9.6353271901607513 30.514333218336105 24.852840062230825 40.483558066189289 13277.72637315467 2188.1629320494831 309.74162800610065 123.94018045067787 15.564832299947739 2660.691110573709
leaf_count=635 25362 15858 3546 96 40 150 119 183 60186 9860 1358 563 65 11857
internal_value=0.000103626 0.00748909 0.0172013 -0.000210652 -0.000645464 -0.0113125 -0.00156348 0.00709585 -0.000572394 0.00151558 0.0085487 0.0217917 -0.0100854 -0.000919522
internal_weight=24262.7 980.869 170.277 23281.8 18702.2 116.776 86.2617 65.3364 18585.5 2647.04 458.882 149.14 25.2002 15938.4
internal_count=129878 20039 4181 109839 84477 548 398 302 83929 11886 2026 668 105 72043
cat_boundaries=0 1 2 3 4 5 6 7
cat_threshold=1 762400 4 1 3219492 65572 1
is_linear=0
shrinkage=0.05


Tree=81
num_leaves=15
num_cat=5
split_feature=0 2 8 7 7 0 7 2 7 2 6 8 8 8
split_gain=24.8099 8.47801 8.91286 8.62237 24.3516 8.3435 6.51811 15.0839 11.9044 16.9065 15.3328 17.23 22.6705 14.5251
threshold=0 1 21.500000000000004 1.5000000000000002 3.5000000000000004 2 1.5000000000000002 3 3.5000000000000004 4 11.500000000000002 18.500000000000004 8.5000000000000018 13.500000000000002
decision_type=1 9 2 2 2 1 2 9 2 9 2 2 2 2
left_child=1 2 -1 -4 -5 -2 7 -3 9 -8 -10 12 -12 -14
right_child=5 6 3 4 -6 -7 8 -9 10 -11 11 -13 13 -15
leaf_value=0.030781278525263953 0.0015891457787839871 -0.012866043727993048 0.051942995759256289 -0.2218560420087862 0.052025635870758619 -0.00079067159715917796 -0.01637627360617 0.0095204552550646662 0.0066162625188812656 0.022604117467849905 0.0069093023133883482 0.052630929635027301 -0.14431937724421537 -0.037771102162830562
leaf_weight=70.660416243597865 4575.1486877948046 119.71374775096774 1.721995424479245 1.6417914666235449 1.605017941445112 18718.0560060516 27.446758199483156 169.19828030839562 352.37720936536789 202.55423461645842 9.7377499751746708 4.9206584244966498 6.807238005101679 6.0339021906256676
leaf_count=1923 25355 1924 48 41 43 84552 649 3291 7230 4381 189 106 108 106
internal_value=5.69967e-06 0.00778082 0.0231664 -0.0384989 -0.0864662 -0.000322757 0.00624552 0.000128574 0.00924565 0.0182232 0.00381007 -0.0321483 -0.0506244 -0.0942536
internal_weight=24267.6 974.419 75.6292 4.9688 3.24681 23293.2 898.79 288.912 609.878 230.001 379.877 27.4995 22.5789 12.8411
internal_count=129946 20039 2055 132 84 109907 17984 5215 12769 5030 7739 509 403 214
cat_boundaries=0 1 2 3 4 5
cat_threshold=1 721440 4 2377737 4194304
is_linear=0
shrinkage=0.05


Tree=82
num_leaves=15
num_cat=6
split_feature=0 3 7 8 8 7 6 0 3 8 7 6 3 1
split_gain=16.4933 9.6756 4.66447 4.4673 4.0855 7.17716 3.83823 3.72341 5.47219 5.34683 4.91524 8.75215 8.10896 6.75317
threshold=0 1 1.5000000000000002 10.500000000000002 1.0000000180025095e-35 3.5000000000000004 1.5000000000000002 2 3 22.500000000000004 2.5000000000000004 10.500000000000002 4 5
decision_type=1 9 2 2 2 2 2 1 9 2 2 2 9 1
left_child=1 4 -3 -4 5 -1 -5 10 9 -9 -2 12 -12 -14
right_child=7 2 3 6 -6 -7 -8 8 -10 -11 11 -13 13 -15
leaf_value=0.052731143211825052 0.0029993237597291597 0.0045166298736728679 0.023487788647284576 0.035152985336699707 0.0014008735824096409 -0.0061209854706373015 0.0079366232292218033 -0.0046324263527990558 -0.00040967285195391169 -0.028983772201792737 -0.010490644719527124 0.0068243330568908585 -0.011693005764625871 0.00021524423208788164
leaf_weight=10.613584335893394 1882.9039939492941 119.31821075826883 121.70318667590618 14.33914517611265 556.459442012012 10.120001398026941 134.12479860335588 473.04517698660493 18232.519754655659 23.669836215674877 214.84329225122929 368.9619125276804 116.6102991849184 1995.1390760093927
leaf_count=229 10659 2261 2688 311 11437 201 2904 2145 82367 107 1158 2049 651 10874
internal_value=2.67838e-05 0.00639235 0.012431 0.0163865 0.00217518 0.0240056 0.0105653 -0.000239865 -0.000552363 -0.00567851 0.00103689 -0.000330059 -0.00146464 -0.000494338
internal_weight=24274.4 966.678 389.485 270.167 577.193 20.7336 148.464 23307.7 18729.2 496.715 4578.46 2695.55 2326.59 2111.75
internal_count=130041 20031 8164 5903 11867 430 3215 110010 84619 2252 25391 14732 12683 11525
cat_boundaries=0 1 3 4 6 8 9
cat_threshold=1 1611530817 37892 4 352321544 4096 4194816 5120 1
is_linear=0
shrinkage=0.05


Tree=83
num_leaves=15
num_cat=5
split_feature=0 2 4 8 8 3 7 2 8 8 7 8 8 7
split_gain=12.8758 7.22126 17.3374 8.55054 9.49611 8.36986 14.9854 8.98718 7.91061 7.57107 8.24602 7.47705 6.91081 11.2883
threshold=0 1 2 3.5000000000000004 22.500000000000004 3 4.5000000000000009 4 21.500000000000004 18.500000000000004 5.5000000000000009 5.5000000000000009 14.500000000000002 3.5000000000000004
decision_type=1 9 1 2 2 9 2 9 2 2 2 2 2 2
left_child=1 -1 3 -3 5 6 12 -7 9 10 -9 -8 13 -5
right_child=-2 2 -4 4 -6 7 11 8 -10 -11 -12 -13 -14 -15
leaf_value=0.0023360332078538014 -0.00016063279027445771 0.027630881694832465 0.023578689038942304 -0.030917889484281615 0.052087091835708949 0.023752963412899331 -0.065741515248833524 -0.0039517082166372749 -0.092628232556908607 0.04462261302788776 -0.076541678256683496 0.024897905903012378 -0.011874527703028602 -0.10226709751341226
leaf_weight=611.89510076865554 23291.782642617822 26.38835297524929 163.85025545209646 25.156071659177542 7.4325532317161551 31.029793065041304 2.5395003780722645 24.835804447531704 2.7534765116870394 6.3965598978102198 4.6438161842524996 21.869028568267822 25.661922018975019 7.1104894056916228
leaf_count=11539 109963 660 4082 573 195 759 61 573 59 145 101 529 593 166
internal_value=7.45726e-05 0.00571416 0.0113963 0.00126749 -0.00309612 -0.00579455 -0.0155097 0.00692161 -0.00870267 -0.00468718 -0.0153865 0.0154676 -0.0312396 -0.0466409
internal_weight=24253.3 961.563 349.668 185.817 159.429 151.996 82.337 69.6595 38.6297 35.8762 29.4796 24.4085 57.9285 32.2666
internal_count=129998 20035 8496 4414 3754 3559 1922 1637 878 819 674 590 1332 739
cat_boundaries=0 1 2 3 5 6
cat_threshold=1 3430479 1 2359816 53252 664736
is_linear=0
shrinkage=0.05


Tree=84
num_leaves=15
num_cat=7
split_feature=0 2 7 8 8 8 2 4 7 8 4 2 8 4
split_gain=14.5925 6.75255 6.60483 5.64241 7.82282 5.49362 16.0142 13.3293 20.8152 22.8956 9.14726 19.2658 17.1563 15.4849
threshold=0 1 3.5000000000000004 22.500000000000004 13.500000000000002 9.5000000000000018 2 3 4.5000000000000009 3.5000000000000004 4 5 16.500000000000004 6
decision_type=1 9 2 2 2 2 9 1 2 2 1 9 2 1
left_child=1 2 3 4 -1 6 7 -3 -9 -10 -7 -12 13 -13
right_child=-2 5 -4 -5 -6 10 -8 8 9 -11 11 12 -14 -15
leaf_value=-0.0070139476614089705 -0.00016819493932805071 0.01038529231463548 0.045575777387166089 -0.085386670582862909 0.044339945808277936 0.01229715643367485 0.015245313580056492 -0.0053528748479238037 0.010358264271878173 -0.1271265015464387 0.014741912040969869 -0.031055683388059641 0.002973979093544344 0.0068583449265785454
leaf_weight=16.970360558480031 23310.69896832481 37.904734212905169 24.006143094971776 1.454921219497918 13.171530788764356 151.25241224095225 272.81536390259862 26.874279495328665 4.5455081909894934 9.0716932415962201 111.45212800428271 106.86929086223245 143.52303712442517 36.003664691001177
leaf_count=486 110001 633 711 39 371 3118 6028 432 66 123 2364 1990 2967 683
internal_value=8.1303e-05 0.00610341 0.0218719 0.0107848 0.0154269 0.00489998 0.00983805 -0.00968788 -0.0308713 -0.0812332 0.00183076 -0.00214831 -0.00892434 -0.0215014
internal_weight=24266.6 955.915 55.603 31.5968 30.1419 900.312 351.212 78.3962 40.4915 13.6172 549.101 397.848 286.396 142.873
internal_count=130012 20011 1607 896 857 18404 7282 1254 621 189 11122 8004 5640 2673
cat_boundaries=0 1 2 3 4 5 6 7
cat_threshold=1 720928 6400 1 2 283968 1
is_linear=0
shrinkage=0.05


Tree=85
num_leaves=15
num_cat=7
split_feature=0 2 2 8 8 8 8 4 8 6 2 6 4 2
split_gain=12.2681 8.01813 6.45623 8.45238 10.9631 8.96769 14.9987 7.5157 6.02811 5.92234 5.65399 5.92834 14.8575 9.9985
threshold=0 1 2 5.5000000000000009 7.5000000000000009 22.500000000000004 21.500000000000004 3 21.500000000000004 11.500000000000002 4 7.5000000000000009 5 6
decision_type=1 9 9 2 2 2 2 1 2 2 9 2 1 9
left_child=1 8 3 -2 7 6 -6 -5 -1 10 -3 -12 13 -13
right_child=2 9 -4 4 5 -7 -8 -9 -10 -11 11 12 -14 -15
leaf_value=0.027653904844421252 -0.021331523578637504 -0.0040929091366989096 -0.00012740531378601565 0.0059183612565791768 -0.0064975342483352284 -0.037676304389706435 0.044136535995085324 0.069074550271765775 -0.030020245159270986 -0.010168247710166386 0.0043816100261311938 -0.0073998884411297233 0.030103407616728573 0.026381642530921651
leaf_weight=66.036019219085574 80.79935497045517 132.03610755875707 22942.85847838968 10.728816755115986 195.23554992675781 20.074492648243904 15.809783138334749 8.3977491408586502 4.8643692545592776 66.95479454100132 504.55508230440319 76.443057764321566 85.31062151864171 19.389517068862915
leaf_count=1920 379 2029 108304 59 921 91 71 38 127 1285 10536 1753 2045 401
internal_value=4.6809e-08 0.00552258 -0.000228974 -0.00705799 -0.00273141 -0.00574201 -0.00270445 0.0336478 0.0207678 0.00408234 0.00529908 0.00706424 0.0149264 0.00141575
internal_weight=24229.5 955.59 23273.9 331.046 250.246 231.12 211.045 19.1266 70.9004 884.689 817.734 685.698 181.143 95.8326
internal_count=129959 20096 109863 1559 1180 1083 992 97 2047 18049 16764 14735 4199 2154
cat_boundaries=0 1 2 3 4 5 6 7
cat_threshold=1 721440 65537 1 2099201 1 5285120
is_linear=0
shrinkage=0.05


Tree=86
num_leaves=15
num_cat=4
split_feature=0 2 6 8 7 7 6 8 8 7 8 8 0 3
split_gain=14.2321 6.35597 24.6449 13.7218 13.9536 13.3233 13.1082 16.5104 12.9749 10.9477 11.7185 13.5736 12.0412 8.63021
threshold=0 1 4.5000000000000009 21.500000000000004 5.5000000000000009 2.5000000000000004 9.5000000000000018 16.500000000000004 17.500000000000004 2.5000000000000004 10.500000000000002 9.5000000000000018 2 3
decision_type=1 9 2 2 2 2 2 2 2 2 2 2 1 9
left_child=-1 2 5 4 8 -2 -6 -8 9 -4 11 12 -11 -7
right_child=1 -3 3 -5 6 13 7 -9 -10 10 -12 -13 -14 -15
leaf_value=0.0061504486045443861 -0.030161885045161076 -0.00027283008764996162 0.0089715210723338833 -0.013864059816035199 0.012156213846095509 -0.014871516071841982 0.029755534758370408 0.10622113702444216 0.017889335270486233 0.020555016684612317 -0.015736921415491184 0.043098798127743698 -0.0076554928172567803 0.012363559933829468
leaf_weight=944.31743161939085 73.730186104774475 22107.222163170576 308.86989172548056 77.567275337874889 104.43778967112303 49.935135144740343 37.545499987900257 8.6940034627914411 165.32963934540749 40.22377809882164 131.14193778857589 19.500218272209167 143.45335722714663 46.836110688745975
leaf_count=19979 358 104304 1481 357 502 236 173 40 788 234 600 101 655 223
internal_value=0.000165735 -7.92706e-05 0.00343828 0.00636381 0.00799958 -0.0141493 0.0219691 0.0441327 0.00539619 0.00218487 -0.00408515 0.00343555 -0.00077533 -0.00194923
internal_weight=24258.8 23314.5 1207.26 1036.76 959.196 170.501 150.677 46.2395 808.519 643.189 334.319 203.177 183.677 96.7712
internal_count=130031 110052 5748 4931 4574 817 715 213 3859 3071 1590 990 889 459
cat_boundaries=0 1 2 3 5
cat_threshold=1 16420 4 135169 32836
is_linear=0
shrinkage=0.05


Tree=87
num_leaves=15
num_cat=5
split_feature=0 2 7 8 2 7 3 6 8 8 7 7 6 3
split_gain=13.124 6.72024 7.43261 7.82572 5.32366 14.8107 7.9097 6.27182 10.7767 14.2416 6.29414 19.4972 10.8151 5.99337
threshold=0 1 3.5000000000000004 21.500000000000004 2 5.5000000000000009 3 2.5000000000000004 7.5000000000000009 3.5000000000000004 1.0000000180025095e-35 2.5000000000000004 1.5000000000000002 4
decision_type=1 9 2 2 9 2 9 2 2 2 2 2 2 9
left_child=1 2 3 -1 5 6 -2 8 9 10 -8 -12 -13 -7
right_child=4 -3 -4 -5 -6 13 7 -9 -10 -11 11 12 -14 -15
leaf_value=0.01559026027078343 -0.0074587261170118201 0.0045490163855154185 0.041721981663857474 -0.063136326434985249 0.00015177376892339697 0.011571022568190583 -0.036773592440254056 -0.0031972808401907237 -0.001449036746443961 0.042068598285185999 0.070350620399084365 0.017046811036060632 -0.051444208029211819 -0.003180413678578701
leaf_weight=35.818231634795666 898.57106820121408 875.41288791783154 29.943282522261143 3.4616878703236571 21004.277201209217 229.63045851513743 8.9725701771676523 807.06093691289425 164.89906154945493 40.015555344521999 9.6160819008946401 12.587771687656641 10.631912566721439 96.401468601077795
leaf_count=1045 4311 18043 929 83 99032 1076 45 3878 792 198 46 65 54 452
internal_value=0.000137949 0.00588382 0.0200592 0.00865219 -9.76604e-05 -0.00238779 -0.00404566 -0.00105451 0.00591201 0.0207467 0.000339041 0.0104803 -0.0143141 0.00746666
internal_weight=24227.3 944.636 69.2232 39.2799 23282.7 2278.39 1952.35 1053.78 246.723 81.8239 41.8083 32.8358 23.2197 326.032
internal_count=130049 20100 2057 1128 109949 10917 9389 5078 1200 408 210 165 119 1528
cat_boundaries=0 1 2 3 5 7
cat_threshold=1 721440 196611 69603328 68 1074009600 49152
is_linear=0
shrinkage=0.05


Tree=88
num_leaves=15
num_cat=8
split_feature=0 0 3 2 2 8 8 8 4 2 8 8 6 4
split_gain=13.3696 5.6174 6.35007 14.6853 5.57991 8.12589 7.12673 7.45338 16.482 17.8412 12.6564 8.77873 15.0246 32.1117
threshold=0 1 2 3 4 16.500000000000004 10.500000000000002 14.500000000000002 5 6 15.500000000000002 18.500000000000004 8.5000000000000018 7
decision_type=1 1 9 9 9 2 2 2 1 9 2 2 2 1
left_child=4 2 3 -2 5 -1 -6 8 9 -8 -9 12 -12 -14
right_child=1 -3 -4 -5 6 -7 7 10 -10 -11 11 -13 13 -15
leaf_value=-0.0040799820086908955 -0.0083975966398249155 -0.0005790117634595801 0.00090314143990636762 0.01653845050462582 0.015221264486623261 0.013042997766809665 -0.037033169886203331 0.041370188771737815 0.015429959438775304 0.016618307462443145 0.0061364465613101835 0.013204008447935085 -0.096884348240788454 0.020477306118496432
leaf_weight=247.73749166727066 80.895100057125092 18791.262464176863 4322.0857912302017 180.50680963695049 256.3893322777003 96.189270041882992 42.060654046013951 27.070126991719007 47.418780356645584 18.657404560595751 55.010184461250901 125.01170188188553 12.395179575309157 11.001521423459053
leaf_count=4026 452 84956 23938 1041 6346 1821 858 629 1147 453 1250 2966 297 272
internal_value=4.00005e-05 -0.000196123 0.00137148 0.0087965 0.00585794 0.000688933 0.00878492 0.00417109 -0.00665882 -0.0239094 0.00925209 0.00497794 -0.00813768 -0.0416989
internal_weight=24313.7 23374.8 4583.49 261.402 938.942 343.927 595.015 338.626 108.137 60.7181 230.489 203.419 78.4069 23.3967
internal_count=130452 110387 25431 1493 20065 5847 14218 7872 2458 1311 5414 4785 1819 569
cat_boundaries=0 1 2 3 4 5 6 7 8
cat_threshold=1 4 118095881 895044 2103431 1 6070280 1
is_linear=0
shrinkage=0.05


Tree=89
num_leaves=15
num_cat=3
split_feature=5 2 8 5 8 5 2 3 8 6 8 6 8 8
split_gain=7.22681 6.32979 14.8373 31.5437 50.9084 29.7152 14.215 16.2732 13.7184 17.8599 11.8958 11.1256 15.8073 14.4038
threshold=3.0000000000000004 0 14.500000000000002 1.0000000180025095e-35 11.500000000000002 1.0000000180025095e-35 1 2 18.500000000000004 10.500000000000002 21.500000000000004 5.5000000000000009 20.500000000000004 19.500000000000004
decision_type=2 9 2 2 2 2 9 9 2 2 2 2 2 2
left_child=1 -1 3 4 -3 -4 7 8 -7 11 -11 13 -13 -10
right_child=-2 2 5 -5 -6 6 -8 -9 9 10 -12 12 -14 -15
leaf_value=9.9608116936331833e-05 -0.0005165532959266611 -0.052107641754409066 0.039360817771723407 0.0021577882219186262 0.033336945270157611 0.0040528361958662345 0.014279769994460224 0.0079201828454254931 0.019888168567652686 -0.097283249867127886 -0.0084824315960586091 -0.027051773653390829 0.015994194790516374 -0.065533620416622571
leaf_weight=3416.570779517293 18336.224210545421 63.722029089927673 71.413693584501743 1428.2000359538943 23.99756682664156 104.64448126591742 306.87017580680549 336.36424596048892 6.7699326835572746 11.431789655238392 5.6280768364667884 40.614179832860827 44.910213494673371 18.206270091235638
leaf_count=29988 77606 1642 1029 11974 338 914 2638 2871 44 94 57 337 400 140
internal_value=-2.74445e-05 0.00149797 0.00342358 0.000370306 -0.0287325 0.00834806 0.0058182 0.000982855 -0.00897842 -0.0203725 -0.0679877 -0.0130213 -0.00444765 -0.0423796
internal_weight=24215.6 5879.34 2462.77 1515.92 87.7196 946.853 875.439 568.569 232.205 127.56 17.0599 110.501 85.5244 24.9762
internal_count=130072 52466 22478 13954 1980 8524 7495 4857 1986 1072 151 921 737 184
cat_boundaries=0 1 2 4
cat_threshold=638027 7356704 1614807560 49152
is_linear=0
shrinkage=0.05


Tree=90
num_leaves=15
num_cat=4
split_feature=0 2 8 8 7 7 6 4 6 7 8 8 6 4
split_gain=11.1164 7.60297 8.07999 25.3967 33.5481 47.7756 24.438 29.2989 8.11431 15.3676 21.8944 14.3154 11.7049 10.4256
threshold=0 1 3.5000000000000004 4.5000000000000009 4.5000000000000009 5.5000000000000009 4.5000000000000009 2 11.500000000000002 3.5000000000000004 18.500000000000004 19.500000000000004 9.5000000000000018 3
decision_type=1 9 2 2 2 2 2 1 2 2 2 2 2 1
left_child=1 2 -1 4 6 -6 7 -4 12 11 -11 -10 -5 -13
right_child=-2 -3 3 8 5 -7 -8 -9 9 10 -12 13 -14 -15
leaf_value=0.01763007718429779 -0.00029127256163177632 0.0091398692206929311 0.031377523950257162 -0.0013092084571658768 -0.26951780173377943 -0.007222528643944414 0.053142066115991232 -0.2180118373657933 0.029409267038822212 -0.083588830716833845 0.052543390335911745 -0.0015715986518239158 0.025513884854104676 -0.14633709324763697
leaf_weight=55.805187448859215 23293.00627893582 531.56122960150242 2.3239227347075957 236.58245476335287 3.7004402652382842 3.2703463472425938 6.8025513738393784 2.387744452804327 16.83976532518864 14.153847660869362 3.7324846796691409 2.7619795538485041 49.114780656993389 2.2624467834830284
leaf_count=1020 110043 12826 46 4154 55 53 129 39 333 217 83 57 985 50
internal_value=-7.61531e-05 0.00525101 -1.71559e-05 -0.00288103 -0.0598913 -0.146462 -0.00748084 -0.0950062 0.000357082 -0.0208088 -0.055181 0.00730988 0.003302 -0.066758
internal_weight=24224.3 931.299 399.738 343.933 18.485 6.97079 11.5142 4.71167 325.448 39.7505 17.8863 21.8642 285.697 5.02443
internal_count=130090 20047 7221 6201 322 108 214 85 5879 740 300 440 5139 107
cat_boundaries=0 1 2 3 4
cat_threshold=1 3201284 1 1
is_linear=0
shrinkage=0.05


Tree=91
num_leaves=15
num_cat=4
split_feature=0 2 7 8 8 8 6 8 2 7 7 8 2 6
split_gain=7.39915 5.2334 7.10781 6.64786 8.27653 7.11445 30.2386 5.29082 9.69245 15.8211 11.3401 9.27561 18.0845 34.2567
threshold=0 1 3.5000000000000004 22.500000000000004 13.500000000000002 9.5000000000000018 9.5000000000000018 22.500000000000004 2 5.5000000000000009 2.5000000000000004 21.500000000000004 3 3.5000000000000004
decision_type=1 9 2 2 2 2 2 2 9 2 2 2 9 2
left_child=1 2 3 4 5 -1 -7 11 9 10 -9 -3 13 -13
right_child=-2 7 -4 -5 -6 6 -8 8 -10 -11 -12 12 -14 -15
leaf_value=0.010837551183438376 -0.00032461688832920074 0.0036117349292574259 0.044451166282531047 -0.086768838003089946 0.043538501816822277 0.021859686541407009 -0.24887017596970273 -0.060218784747700975 0.03256427311255175 -0.16426971713876365 0.052141316806251538 -0.26710542345735055 0.0066420652464459669 -0.055676055221058542
leaf_weight=11.014388160780078 23257.146365841851 801.37827953882515 21.021979976445436 1.796205237507819 12.132423363626001 3.3308985475450745 1.4940261002629993 4.4436172433197463 24.164151027798653 1.8427307754755027 4.5397979244589806 2.4967553503811351 30.664511799812317 8.2338449656963331
leaf_count=349 109886 16809 710 42 371 96 37 107 610 37 116 44 626 136
internal_value=-0.000149164 0.00420357 0.0185423 0.00647461 0.0124622 -0.0113412 -0.0619712 0.00317436 0.0222618 -0.0160175 -0.00343724 0.00241956 -0.0206601 -0.0542833
internal_weight=24185.7 928.554 50.7899 29.7679 27.9717 15.8393 4.82492 877.764 34.9903 10.8261 8.98342 842.773 41.3951 10.7306
internal_count=129976 20090 1605 895 853 482 133 18485 870 260 223 17615 806 180
cat_boundaries=0 1 2 3 4
cat_threshold=1 720928 264200 3179008
is_linear=0
shrinkage=0.05


Tree=92
num_leaves=15
num_cat=7
split_feature=2 3 3 6 6 7 2 8 4 3 8 8 7 2
split_gain=6.41112 8.40905 6.7503 6.98485 6.41273 14.0942 15.2022 22.1762 13.9443 6.5714 6.32851 6.28062 6.18838 12.5181
threshold=0 1 2 10.500000000000002 1.5000000000000002 1.5000000000000002 3 10.500000000000002 4 5 4.5000000000000009 21.500000000000004 3.5000000000000004 6
decision_type=9 9 9 2 2 2 9 2 1 9 2 2 2 9
left_child=1 -1 3 -2 5 6 7 10 -8 -7 -3 -10 13 -6
right_child=2 4 -4 -5 12 9 8 -9 11 -11 -12 -13 -14 -15
leaf_value=-0.0026618838542654022 0.0028316307114056877 -0.0032199535711523852 0.00054311804684928908 0.014662293360497073 -0.0061816979499681292 0.0057767590265021202 -0.0086953879476573091 -0.047775455411389528 0.02409191260821034 -0.0035597420671118307 0.058616559117699175 -0.0045819899998152626 0.001164534922646327 -0.00012606241142564843
leaf_weight=4068.3182045910507 498.50080689229071 8.4812916070222872 10314.043566668406 166.40834374167025 1126.2582740038633 294.07975741475821 45.213067695498466 24.798099465668201 218.25865517556667 485.68175696954131 8.0789996907114965 20.92833599448204 3485.4457066133618 3441.8885719999671
leaf_count=21781 2670 49 55651 908 6060 1575 231 123 1106 2552 44 101 18658 18518
internal_value=-3.20053e-05 -0.000773066 0.000860744 0.00570669 6.79023e-05 0.00363887 0.0123734 -0.0143791 0.0161998 -1.01361e-05 0.0269472 0.021583 -0.000422201 -0.00163286
internal_weight=24206.4 13227.4 10979 664.909 9159.11 1105.52 325.758 41.3584 284.4 779.762 16.5603 239.187 8053.59 4568.15
internal_count=130027 70798 59229 3578 49017 5781 1654 216 1438 4127 93 1207 43236 24578
cat_boundaries=0 1 3 5 6 7 9 10
cat_threshold=3609867 354549768 36868 371326977 4096 3 4 262209 17472 331777
is_linear=0
shrinkage=0.05


Tree=93
num_leaves=15
num_cat=6
split_feature=5 8 5 5 2 7 7 3 2 6 6 2 4 2
split_gain=7.01083 8.82651 158.754 55.3398 13.7434 18.2141 17.8495 12.5319 12.3884 16.7638 15.6851 11.9858 13.587 18.2326
threshold=3.0000000000000004 11.500000000000002 1.0000000180025095e-35 1.0000000180025095e-35 0 5.5000000000000009 3.5000000000000004 1 2 6.5000000000000009 10.500000000000002 3 4 5
decision_type=2 2 2 2 9 2 2 9 9 2 2 9 1 9
left_child=1 2 -1 8 5 6 -5 -8 9 -3 -11 -4 13 -13
right_child=-2 3 11 4 -6 -7 7 -9 -10 10 -12 12 -14 -15
leaf_value=-0.052061499188193833 -0.00057403395737293695 -0.094592582153979005 -0.00088836064596450588 -0.0018493253323523338 0.0032893494577566941 0.015556733017260205 -0.00024786436344600369 -0.028311347992031367 0.029559199924051885 0.034060074928419712 -0.071400058536690666 -0.01592997786233586 0.0083770951216149379 0.010999939507922397
leaf_weight=142.27024466916919 18349.822648957372 4.9603644609451321 1508.6531704682857 366.49650551006198 2098.8759144302458 92.402223214507103 65.636504795402288 132.79155442118645 212.75058658048511 14.554690510034563 4.6528667956590644 139.64632507041097 990.87400504387915 100.18508631549776
leaf_count=3744 77684 50 12131 3104 17617 775 523 1076 2983 193 44 1119 8313 808
internal_value=-9.27456e-05 0.00141056 -0.000564646 0.00331219 0.0013189 -0.0049476 -0.00838898 -0.0204677 0.0265012 -0.00894684 0.00851326 0.00210987 0.00574577 -0.00488607
internal_weight=24224.6 5874.75 2881.63 2993.12 2756.2 657.327 564.925 198.428 236.919 24.1679 19.2076 2739.36 1230.71 239.831
internal_count=130164 52480 26115 26365 23095 5478 4703 1599 3270 287 237 22371 10240 1927
cat_boundaries=0 1 2 3 4 5 6
cat_threshold=10563 2364417 720897 2987660 4 5253153
is_linear=0
shrinkage=0.05


Tree=94
num_leaves=15
num_cat=10
split_feature=0 3 7 2 3 3 4 2 8 8 2 4 8 2
split_gain=6.9613 7.87858 6.40025 11.7078 10.938 10.0402 7.53912 12.114 12.5638 10.8462 10.1165 11.1917 9.73561 8.60712
threshold=0 1 1.0000000180025095e-35 2 3 4 5 6 14.500000000000002 17.500000000000004 7 8 19.500000000000004 9
decision_type=1 9 2 9 9 9 1 9 2 2 9 1 2 9
left_child=1 -1 3 4 -2 -5 7 8 13 -8 11 -11 -10 -6
right_child=2 -3 -4 5 6 -7 9 -9 12 10 -12 -13 -14 -15
leaf_value=0.013637450970349067 0.010367403517027673 0.001527762665000845 -0.00056598490754827151 -0.0073434841727029179 -0.0055998305412740118 0.0077322606089833684 -0.0016361732618077785 -0.0068024683119121965 0.036909887449747179 0.0084562503706027171 -0.022263774025067337 -0.028379244189182525 0.0044690381152702203 0.018655618481480975
leaf_weight=128.24074789881706 186.31481886282563 5363.2122638896108 16021.981466727331 118.55792198702693 116.25509552657604 969.89550771564245 716.36175423115492 173.60160217434168 60.144173331558704 78.496900379657745 134.668147534132 27.967633120715618 37.57587293535471 41.648816123604774
leaf_count=1093 832 44417 72594 548 539 4334 3263 778 260 340 597 122 165 188
internal_value=0.00027163 0.00183483 -0.000188708 0.00208176 -0.000689912 0.00603826 -0.00223912 0.00325105 0.00995534 -0.00472364 -0.013896 -0.00111545 0.0244355 0.00162462
internal_weight=24174.9 5491.45 18683.5 2661.49 1573.03 1088.45 1386.72 429.226 255.624 957.494 241.133 106.465 97.72 157.904
internal_count=130070 45510 84560 11966 7084 4882 6252 1930 1152 4322 1059 462 425 727
cat_boundaries=0 1 2 3 5 7 8 9 10 11 12
cat_threshold=5 121634824 4901259 54526536 5120 16908297 4160 2 35082 4851712 1 34824
is_linear=0
shrinkage=0.05


Tree=95
num_leaves=15
num_cat=4
split_feature=0 3 8 8 8 4 8 4 8 7 6 6 6 8
split_gain=8.61143 4.5779 3.78034 9.2817 3.7051 3.6999 3.46873 10.6735 8.0836 17.5452 13.2263 10.6645 10.059 12.2027
threshold=0 1 7.5000000000000009 14.500000000000002 18.500000000000004 2 9.5000000000000018 3 16.500000000000004 1.0000000180025095e-35 9.5000000000000018 11.500000000000002 6.5000000000000009 11.500000000000002
decision_type=1 9 2 2 2 1 2 1 2 2 2 2 2 2
left_child=1 2 -1 -4 -5 -6 -3 -8 9 11 -11 12 13 -9
right_child=-2 6 3 4 5 -7 7 8 -10 10 -12 -13 -14 -15
leaf_value=0.0091281925409553624 -0.00024582993677744271 0.0093741657526122523 -0.063301347105778172 0.033776038563280916 -0.082616963494100401 0.0029051929868314239 0.01444533923577776 -0.072448483280298251 0.0062010628306330053 0.0068295840876819031 -0.025548536316129661 0.055838021752973768 -0.082835766461041002 0.00089312374580091463
leaf_weight=10.202358925715091 23248.540837161243 343.064238358289 9.8590004313737172 5.2636717483401281 1.8455094117671251 4.018107982352376 147.43521305918694 9.1388328596949595 188.46986650303006 128.10185734927654 41.843745278194547 2.7904459945857516 12.083921758458017 14.948206037282942
leaf_count=214 109976 7692 195 116 39 89 3287 107 4184 2739 832 37 228 256
internal_value=-5.73199e-05 0.00466314 -0.0119929 -0.0279754 0.00332417 -0.024012 0.00537527 0.00295586 -0.00130698 -0.00808051 -0.00114251 -0.0383434 -0.0456091 -0.0269333
internal_weight=24167.6 919.065 31.1886 20.9863 11.1273 5.86362 887.876 544.812 397.377 208.907 169.946 38.9614 36.171 24.087
internal_count=129991 20015 653 439 244 128 19362 11670 8383 4199 3571 628 591 363
cat_boundaries=0 1 3 4 5
cat_threshold=1 131136 5120 2 2
is_linear=0
shrinkage=0.05


Tree=96
num_leaves=15
num_cat=11
split_feature=0 3 7 2 3 4 2 6 1 3 6 2 2 3
split_gain=5.3691 10.0336 6.1323 12.8198 12.4137 8.28887 14.7656 11.222 15.9729 8.72235 7.63906 7.68684 7.57761 10.1344
threshold=0 1 1.0000000180025095e-35 2 3 4 5 9.5000000000000018 6 7 2.5000000000000004 8 9 10
decision_type=1 9 2 9 9 1 9 2 1 9 2 9 9 9
left_child=1 -1 3 4 -2 6 9 8 -7 -5 11 -6 13 -4
right_child=2 -3 12 5 10 7 -8 -9 -10 -11 -12 -13 -14 -15
leaf_value=0.011416892542964689 0.0062856588625243726 0.00087454236796962164 0.010576707346247377 0.01377229073877723 -0.014201425209664914 -0.012505158739315167 0.024580243702476686 -0.0060092153541590268 0.011279712565442121 -0.008161770431158781 -0.0057543874799747402 0.0068131073762131055 -0.00022783342030105371 -0.0033323145451070743
leaf_weight=226.15473384223878 428.20128100737929 5253.3878682665527 126.90326572582126 74.463206902146339 42.970321949571371 77.427238140255213 136.31291789188981 222.90556338429451 414.77880253642797 88.648684527724981 932.78286265581846 250.95134913921356 12406.085230674595 3514.317902199924
leaf_count=1952 1919 43496 573 343 193 355 614 1006 1846 404 4210 1113 56063 16046
internal_value=-4.54698e-05 0.00132966 -0.000448525 0.00177024 -0.000953552 0.00616192 0.013207 0.00329823 0.0075133 0.00206863 -0.00351091 0.00348949 -0.000817891 -0.00281992
internal_weight=24196.3 5479.54 18716.7 2669.44 1654.91 1014.54 299.425 715.112 492.206 163.112 1226.7 293.922 16047.3 3641.22
internal_count=130133 45448 84685 12003 7435 4568 1361 3207 2201 747 5516 1306 72682 16619
cat_boundaries=0 1 2 3 5 6 7 8 10 11 12 13
cat_threshold=5 390594569 5166217 37884480 1024 2 2165316 4 1075971072 32772 524416 3219971 131073
is_linear=0
shrinkage=0.05


Tree=97
num_leaves=15
num_cat=7
split_feature=0 2 6 8 8 6 4 2 6 4 2 4 6 8
split_gain=8.02354 6.09992 5.22194 5.15968 8.50432 16.4679 11.8816 7.58637 7.02479 7.99148 5.12869 8.19372 10.4132 9.47153
threshold=0 1 11.500000000000002 22.500000000000004 21.500000000000004 3.5000000000000004 2 3 2.5000000000000004 4 5 6 2.5000000000000004 18.500000000000004
decision_type=1 9 2 2 2 2 1 9 2 1 9 1 2 2
left_child=1 -1 3 4 10 6 -6 -7 9 -5 11 12 -3 -14
right_child=-2 2 -4 8 5 7 -8 -9 -10 -11 -12 -13 13 -15
leaf_value=0.016806758228193951 -5.7684042288626152e-06 0.044185482446525037 -0.010433329220563167 0.029916526516615884 0.015620059880199209 -0.023750282212578116 -0.084453892191659719 0.02039529547606244 0.038892611107509696 -0.069784835043798052 0.0030371937313155594 0.033822901127575314 -0.019289959166355966 0.052443249936705211
leaf_weight=86.06023178063333 23225.118091667071 12.015819333493708 63.460163407027721 4.426140774041416 3.9844746291637421 5.9417531080543995 11.603850662708281 17.198550613597039 22.604608010500669 3.6816475056111813 602.62906425818801 40.621608756482601 32.722674993798137 5.3547361493110648
leaf_count=2588 109860 270 1212 101 70 88 199 378 591 86 12536 992 735 123
internal_value=0.000175929 0.0047495 0.00330768 0.00449423 0.00365194 -0.0191499 -0.0588744 0.00761016 0.0245713 -0.0153566 0.00492561 0.0154343 0.00360379 -0.00920229
internal_weight=24137.4 912.305 826.245 762.785 732.073 38.7286 15.5883 23.1403 30.7124 8.10779 693.344 90.7148 50.0932 38.0774
internal_count=129829 19969 17381 16169 15391 735 269 466 778 187 14656 2120 1128 858
cat_boundaries=0 1 2 3 4 5 6 7
cat_threshold=1 729120 4 2097664 1 1082112 1
is_linear=0
shrinkage=0.05


Tree=98
num_leaves=15
num_cat=6
split_feature=3 2 2 8 6 8 8 8 4 8 2 6 4 8
split_gain=5.41367 12.4326 6.22848 6.58993 18.323 15.4858 10.8354 7.79397 4.97574 13.0642 4.79993 5.82813 8.04415 7.06724
threshold=0 1 2 18.500000000000004 10.500000000000002 22.500000000000004 14.500000000000002 21.500000000000004 3 16.500000000000004 4 1.5000000000000002 5 5.5000000000000009
decision_type=9 9 9 2 2 2 2 2 1 2 9 2 1 2
left_child=2 -2 3 6 5 7 -1 -5 -8 -10 11 12 13 -3
right_child=1 10 -4 4 -6 -7 8 -9 9 -11 -12 -13 -14 -15
leaf_value=-0.0062269275183452384 0.0064984144911057239 0.020225698774021531 -0.00026173172410038991 -0.015021693345975791 0.04412308518439928 -0.06143477469474147 -0.019712328426222062 0.039092060325547622 -0.08558719947525939 -0.0018438673801002847 0.0018649252361450986 -0.002318829980293589 0.010227830021177069 -0.025573753854265441
leaf_weight=153.70890734158456 976.69649136997759 11.426852723583577 18412.646673627198 16.527687119320035 20.895644370466471 11.905660543590782 26.34333629347384 11.138233430683615 11.963363926857712 7.6257544457912436 2339.8864170368761 1923.9825667664409 197.14946341142058 32.042333183810115
leaf_count=844 5314 58 98979 93 116 57 139 57 77 43 12662 10322 1039 166
internal_value=3.32259e-05 0.00141336 -0.000372455 -0.0079105 0.00624638 -0.0137543 -0.0125946 0.00676437 -0.0339033 -0.0529872 0.000298829 -0.00139488 0.00593505 -0.0135343
internal_weight=24153.9 5481.18 18672.8 260.109 60.4672 39.5716 199.641 27.6659 45.9325 19.5891 4504.49 2164.6 240.619 43.4692
internal_count=129966 29561 100405 1426 323 207 1103 150 259 120 24247 11585 1263 224
cat_boundaries=0 2 3 4 5 6 7
cat_threshold=1426330184 32836 1130630 65537 1 2791744 4
is_linear=0
shrinkage=0.05


Tree=99
num_leaves=15
num_cat=5
split_feature=2 7 6 6 7 8 6 2 8 6 4 6 3 3
split_gain=4.50839 5.90617 15.8754 18.1578 9.85028 15.1019 12.1774 14.9208 17.4592 13.0676 9.33868 9.2947 9.49606 8.20836
threshold=0 5.5000000000000009 7.5000000000000009 6.5000000000000009 3.5000000000000004 17.500000000000004 6.5000000000000009 1 3.5000000000000004 9.5000000000000018 2 3.5000000000000004 3 4
decision_type=9 2 2 2 2 2 2 9 2 2 1 2 9 9
left_child=1 4 3 -3 11 6 13 8 -8 -10 -4 -1 -13 -6
right_child=-2 2 10 -5 5 -7 7 -9 9 -11 -12 12 -14 -15
leaf_value=-0.022134105385599529 -0.00040561182524842353 0.0098238728360660749 0.0019136921461083431 -0.019235321774319688 0.0072252310302467447 0.0077401425942372317 0.046162737839552881 -0.021092295353468307 -0.062925937406536334 0.0052536344076320818 0.032940205896016914 -0.00045836209370185387 0.0080915227882382562 -0.011194613602363799
leaf_weight=34.808590583503246 21697.954480305314 171.57467062398791 35.199387533590198 78.285053573548794 142.35229473933578 198.89220048300922 20.058504559099674 217.06576154753566 9.3232102580368501 28.547045174986124 77.984981620684266 623.30560554750264 675.44929447583854 90.30052438005805
leaf_count=175 116736 982 194 412 798 1013 97 1137 50 184 435 3372 3634 506
internal_value=-0.000177842 0.00187258 0.00775634 0.000719162 0.000834722 -0.00393845 -0.00851403 -0.015637 0.00720254 -0.0115314 0.0232912 0.00336361 0.00404699 -9.47553e-05
internal_weight=24101.1 2403.15 363.044 249.86 2040.1 706.54 507.647 274.995 57.9288 37.8703 113.184 1333.56 1298.75 232.653
internal_count=129725 12989 2023 1394 10966 3785 2772 1468 331 234 629 7181 7006 1304
cat_boundaries=0 1 2 3 5 7
cat_threshold=16484 32 2 1946686976 1088 1074009088 68
is_linear=0
shrinkage=0.05


Tree=100
num_leaves=15
num_cat=6
split_feature=0 3 2 8 2 7 8 2 8 6 8 6 2 6
split_gain=4.82021 4.8942 7.12418 14.9053 6.34738 6.96354 14.1345 14.7213 12.3863 13.0695 9.31975 18.4356 5.97601 5.63204
threshold=0 1 2 11.500000000000002 3 1.0000000180025095e-35 14.500000000000002 4 4.5000000000000009 7.5000000000000009 7.5000000000000009 9.5000000000000018 5 6.5000000000000009
decision_type=1 9 9 2 9 2 2 9 2 2 2 2 9 2
left_child=1 2 3 13 -3 6 7 8 -6 -10 -11 -12 -7 -1
right_child=-2 4 -4 -5 5 12 -8 -9 9 10 11 -13 -14 -15
leaf_value=0.0085057536983501325 -0.00053295690236987426 0.00032547400915456688 0.0016891888445475169 -0.01097830359944881 -0.0058601565727815974 0.0028288317150883986 0.013385048806960684 -0.00076000711440658147 -0.001479601331043678 -0.12109317942237929 0.00013788861723876362 -0.12036804311931371 0.0095996831956163906 -0.0036473005826669113
leaf_weight=198.1871786005795 18680.191100981086 1937.5345302037895 1129.3942054715008 421.42211607098579 16.478598712012172 737.71875347755849 84.042769676074386 113.73667206801474 7.0630160234868553 8.3617370501160639 7.1593224778771383 5.7012183349579573 618.25906256772578 183.68784732557833
leaf_count=1637 84590 15860 9221 3492 127 6106 757 916 68 70 57 42 5482 1555
internal_value=-0.000150771 0.00115357 -0.00086791 -0.00443962 0.00225777 0.00458328 -0.00319097 -0.0119802 -0.0329565 -0.0603938 -0.0800011 -0.0532837 0.00600766 0.00265994
internal_weight=24148.9 5468.75 1932.69 803.297 3536.06 1598.52 242.543 158.501 44.7639 28.2853 21.2223 12.8605 1355.98 381.875
internal_count=129980 45390 15905 6684 29485 13625 2037 1280 364 237 169 99 11588 3192
cat_boundaries=0 1 3 4 5 6 7
cat_threshold=5 1612841536 33792 3484995 760524 4194592 3416067
is_linear=0
shrinkage=0.05


Tree=101
num_leaves=15
num_cat=7
split_feature=0 3 2 5 6 4 2 4 8 8 2 5 8 8
split_gain=7.78613 5.82094 8.31444 5.83079 5.7818 7.41073 9.4817 7.2554 7.11516 5.52774 6.21925 6.54709 6.27765 14.4417
threshold=0 1 2 1.5000000000000002 11.500000000000002 3 4 5 14.500000000000002 1.0000000180025095e-35 6 1.5000000000000002 13.500000000000002 9.5000000000000018
decision_type=1 9 9 2 2 1 9 1 2 2 9 2 2 2
left_child=1 4 3 -3 -1 9 7 8 -7 -6 -11 12 13 -12
right_child=-2 2 -4 -5 5 6 -8 -9 -10 10 11 -13 -14 -15
leaf_value=-0.00042159193171943416 -0.00059246908179419759 0.0085340288727226449 0.0063097811381984843 -0.0013771972915492883 -0.053178160239222651 -0.014314717213595432 0.026172793347292746 -0.035034993931498747 0.048157210231362692 -0.0087390264603153436 0.035540022118110665 0.025104425452731362 0.024241210517048341 -0.11116396518258864
leaf_weight=2945.4653352871537 18670.182069277391 177.766846107319 1208.494504570961 898.04438953101635 4.7898237928748122 10.614939447492363 69.71379167959094 14.111336573958395 7.9873889796435824 60.877335947006941 2.9332143645733577 40.275566443800926 5.2651023901998997 3.9187232777476311
leaf_count=24264 84566 4007 10030 5066 48 93 650 108 80 482 72 229 117 57
internal_value=-0.000107072 0.00155392 0.00347326 0.000258132 0.000162502 0.00797272 0.017814 -0.00612661 0.0125092 -0.000565475 0.00165935 0.0129399 -0.0168145 -0.0483621
internal_weight=24120.4 5450.26 2284.31 1075.81 3165.95 220.487 102.427 32.7137 18.6023 118.06 113.27 52.3926 12.117 6.85194
internal_count=129869 45303 19103 9073 26200 1936 931 281 173 1005 957 475 246 129
cat_boundaries=0 1 3 4 5 6 7 8
cat_threshold=5 1613103680 33796 4954816 1 1050628 2 43264
is_linear=0
shrinkage=0.05


Tree=102
num_leaves=15
num_cat=5
split_feature=2 6 8 3 8 4 4 8 8 5 4 8 5 6
split_gain=4.34498 18.448 12.0264 8.72623 8.98125 7.957 7.71553 7.9269 13.042 6.87816 6.23166 5.65491 9.43048 5.24446
threshold=0 4.5000000000000009 21.500000000000004 1 17.500000000000004 2 3 1.5000000000000002 12.500000000000002 3.0000000000000004 4 9.5000000000000018 3.0000000000000004 8.5000000000000018
decision_type=9 2 2 9 2 1 1 2 2 2 1 2 2 2
left_child=1 6 3 10 -5 -4 7 -1 11 -7 -3 12 -9 -6
right_child=-2 2 5 4 13 9 -8 8 -10 -11 -12 -13 -14 -15
leaf_value=0.036605142680801478 -0.00014715513302523403 0.04825579083697086 -0.040468809993996373 0.0026380821042357779 0.0051937232211566398 0.034327785051320961 -0.023201255562048287 0.028129629204373587 0.014297216268990011 -0.011724369313099288 0.016248520701575377 -0.06255695703420977 -0.031594042610540204 0.022738561252363697
leaf_weight=11.508527439087628 22874.775586383417 18.62269901111722 20.260689508169889 729.85405131243169 74.145181324332952 9.7035549357533437 83.100566918030381 8.6981416568160039 36.867722135037184 49.308754459023476 82.91319428384304 8.505697235465048 27.528501018881798 100.09233835712075
leaf_count=58 123118 88 101 4000 432 108 439 89 193 208 463 48 117 505
internal_value=1.08953e-05 0.00285623 0.00531606 0.0067941 0.00501751 -0.0134338 -0.0121266 -0.00224227 -0.00772114 -0.00415189 0.0201358 -0.0258683 -0.0172542 0.0152725
internal_weight=24135.9 1261.11 1084.9 1005.63 904.092 79.273 176.209 93.1086 81.6001 59.0123 101.536 44.7323 36.2266 174.238
internal_count=129967 6849 5905 5488 4937 417 944 505 447 316 551 254 206 937
cat_boundaries=0 1 3 4 5 6
cat_threshold=16420 132096 4096 4 1 4
is_linear=0
shrinkage=0.05


Tree=103
num_leaves=15
num_cat=7
split_feature=0 2 7 7 3 4 3 7 4 6 6 6 6 4
split_gain=4.11256 6.11958 14.8209 8.86326 8.56586 7.91281 7.5276 6.80011 15.9896 31.2199 12.8923 10.2932 25.7262 8.85309
threshold=0 1 1.5000000000000002 4.5000000000000009 2 3 4 1.0000000180025095e-35 5 4.5000000000000009 4.5000000000000009 7.5000000000000009 6.5000000000000009 6
decision_type=1 9 2 2 9 1 9 2 1 2 2 2 2 1
left_child=1 2 7 -4 5 -3 -5 11 10 -10 -9 12 -1 -14
right_child=-2 4 3 6 -6 -7 -8 8 9 -11 -12 -13 13 -15
leaf_value=0.00013023075966241926 -0.0001401283015609657 0.019210164136928901 0.013722614676517378 0.011025874617248833 0.012762322283907689 -0.0037904619661195032 -0.014145362931711498 0.029954774630219363 -0.11484265924939976 -0.0063218078482743028 -0.035267610859233571 0.040217719399125385 -0.1529015460195467 -0.043647559759658047
leaf_weight=46.047988131642342 23219.011790875345 45.049147766083479 137.78217547945678 39.310673028230667 272.54091374762356 220.02559673413634 69.730685709044337 14.631664972752334 12.413903523236515 14.21798951551318 15.713399495929478 10.562237177044151 3.8409295901656142 3.5847741402685642
leaf_count=714 109872 1124 3065 748 6584 5152 1306 253 217 261 272 167 53 57
internal_value=-1.05924e-05 0.00327653 -0.00168796 0.00529368 0.00664203 0.000114161 -0.00535692 -0.0160675 -0.0286329 -0.0569065 -0.00381894 -0.00488733 -0.0137966 -0.100159
internal_weight=24124.5 905.452 367.836 246.824 537.616 265.075 109.041 121.013 56.977 26.6319 30.3451 64.0359 53.4737 7.4257
internal_count=129845 19973 7113 5119 12860 6276 2054 1994 1003 478 525 991 824 110
cat_boundaries=0 1 2 4 5 6 7 8
cat_threshold=1 2377741 36569672 37892 4 35918345 1 1
is_linear=0
shrinkage=0.05


Tree=104
num_leaves=15
num_cat=6
split_feature=0 2 6 8 8 7 7 4 3 4 8 7 8 3
split_gain=4.17776 5.35972 9.36594 20.1729 20.511 19.6995 16.5142 13.0592 10.0709 10.0183 9.23262 10.1774 9.79995 9.5231
threshold=0 1 3.5000000000000004 20.500000000000004 19.500000000000004 4.5000000000000009 3.5000000000000004 2 3 4 16.500000000000004 1.5000000000000002 6.5000000000000009 5
decision_type=1 9 2 2 2 2 2 1 9 1 2 2 2 9
left_child=-1 2 3 4 6 7 8 -5 -2 -7 12 -12 -4 -14
right_child=1 -3 10 5 -6 9 -8 -9 -10 -11 11 -13 13 -15
leaf_value=0.0014603843797583145 0.0061692604851549112 0.00013216932143385519 -0.011772326100748368 0.04328674776467651 -0.045189395360592091 0.1026462195708618 0.0087586836551792596 -0.0060432945289935385 -0.013374942364161506 0.031966652424769669 0.0022283090320153825 -0.022112439200745786 0.021476002005383736 -0.0016061202542506899
leaf_weight=5445.7654917631298 88.584356162697077 17319.351528007537 207.23265434801579 20.117260329425335 26.288972780108452 10.105764165520668 279.52298975363374 40.278013251721859 220.69410870969296 9.9496644139289856 58.650218315422535 160.37192411348224 43.523816514760256 267.38174552842975
leaf_count=45329 407 78285 972 97 116 43 1301 184 1023 43 275 745 207 1227
internal_value=0.000242686 -0.000111664 -0.00303975 0.00110089 -0.00197866 0.0246458 -4.93789e-05 0.0103882 -0.00801002 0.0675815 -0.00698785 -0.0155944 -0.00334976 0.00226425
internal_weight=24197.8 18752.1 1432.7 695.541 615.09 80.4507 588.801 60.3953 309.278 20.0554 737.16 219.022 518.138 310.906
internal_count=130254 84925 6640 3214 2847 367 2731 281 1430 86 3426 1020 2406 1434
cat_boundaries=0 1 2 3 5 6 7
cat_threshold=5 515 2 1025 49152 1 1073872897
is_linear=0
shrinkage=0.05


Tree=105
num_leaves=15
num_cat=7
split_feature=2 7 3 6 6 4 6 4 3 2 2 7 6 6
split_gain=4.89364 11.6921 9.35262 6.33305 5.97389 10.5998 4.65575 5.57325 4.36827 7.35223 4.74672 5.44067 6.58518 4.96523
threshold=0 5.5000000000000009 1 3.5000000000000004 5.5000000000000009 2 7.5000000000000009 3 4 5 6 3.5000000000000004 1.5000000000000002 6.5000000000000009
decision_type=9 2 9 2 2 1 2 1 9 9 9 2 2 2
left_child=1 2 -1 -3 -5 -6 -7 -8 10 -10 11 12 -2 -14
right_child=8 3 -4 4 5 6 7 -9 9 -11 -12 -13 13 -15
leaf_value=0.0016590908011798412 0.010859246346041448 0.015667901968382122 -0.0056955148796646853 -0.013546606104334218 -0.01544846107836048 0.030691468722404705 6.5519711924797401e-05 0.027580658466352437 -0.0013960954765968221 0.0020757331662760816 -0.00054414374645052408 0.0053119793791681766 -0.0086548476162271026 0.00030894466394608931
leaf_weight=624.57682472094893 118.73134216666222 123.10044613108039 1389.3164868373424 50.768931997939944 42.190383292734623 30.145696556195617 63.964504977688193 25.837653990834951 1970.2271345965564 6673.9379077162594 11318.256706928834 796.31928218156099 198.2694477122277 699.62467010878026
leaf_count=3452 631 639 7735 269 225 142 350 140 10723 35784 60721 4246 1079 3812
internal_value=0.000177367 -0.00198558 -0.00343464 0.00664041 0.00142082 0.00610744 0.0136895 0.00798211 0.000411506 0.00128372 -0.000163203 0.00220496 -0.000207071 -0.0016704
internal_weight=24125.3 2349.9 2013.89 336.008 212.907 162.138 119.948 89.8022 21775.4 8644.17 13131.2 1812.94 1016.63 897.894
internal_count=129948 12952 11187 1765 1126 857 632 490 116996 46507 70489 9768 5522 4891
cat_boundaries=0 1 3 4 5 7 8 9
cat_threshold=196611 1934100032 5120 2 1 1348994632 32836 820992 34308
is_linear=0
shrinkage=0.05


Tree=106
num_leaves=15
num_cat=5
split_feature=0 3 2 7 4 6 8 2 6 8 8 8 8 7
split_gain=5.38556 5.18784 6.00259 6.86286 16.2272 11.2138 4.2194 3.83427 14.2592 16.247 14.4727 19.823 8.3114 14.3101
threshold=0 1 2 1.0000000180025095e-35 3 5.5000000000000009 15.500000000000002 4 10.500000000000002 17.500000000000004 22.500000000000004 21.500000000000004 13.500000000000002 4.5000000000000009
decision_type=1 9 9 2 1 2 2 9 2 2 2 2 2 2
left_child=1 -1 -3 4 5 -4 -5 8 10 -10 11 12 -2 -14
right_child=7 2 3 6 -6 -7 -8 -9 9 -11 -12 -13 13 -15
leaf_value=0.00033614306009354164 -0.0061478058555814279 0.0020154266100932093 -0.14135683760559167 0.024710378158235298 0.0098586669591786222 -0.003703714210348286 0.007748425413690585 0.00012894355505321307 -0.0026299569979115131 0.038096351136716861 -0.062026985699321337 0.048988270846088013 -0.043580031683510136 0.011096630767606943
leaf_weight=480.51084877736866 101.22848073393106 225.78921256586909 3.3222220242023468 111.03831207565963 30.936534836888313 2.667446356266737 54.737874021753669 22901.269935447723 103.73493991792202 32.055938072502613 14.612224027514456 13.077107280492781 46.044063068926334 16.169185794889927
leaf_count=10404 494 5141 51 2590 586 66 1296 108397 485 151 67 55 219 77
internal_value=0.000199731 0.00395377 0.00791039 0.0140733 -0.00472578 -0.0800542 0.0191097 5.10977e-05 -0.00524407 0.00698424 -0.0142062 -0.0102476 -0.0149871 -0.0293696
internal_weight=24137.2 909.002 428.492 202.702 36.9262 5.98967 165.776 23228.2 326.922 135.791 191.131 176.519 163.442 62.2132
internal_count=130079 20134 9730 4589 703 117 3886 109945 1548 636 912 845 790 296
cat_boundaries=0 1 3 4 5 6
cat_threshold=1 1110310976 37892 4557133 4 65537
is_linear=0
shrinkage=0.05


Tree=107
num_leaves=15
num_cat=5
split_feature=2 6 7 7 3 6 6 2 8 8 2 7 8 3
split_gain=4.7959 4.68525 6.99569 6.44407 9.98283 12.7033 11.0026 9.76828 9.21354 9.0952 8.51376 7.5484 7.16791 6.39594
threshold=0 11.500000000000002 5.5000000000000009 3.5000000000000004 1 9.5000000000000018 6.5000000000000009 2 17.500000000000004 6.5000000000000009 3 1.5000000000000002 13.500000000000002 4
decision_type=9 2 2 2 9 2 2 9 2 2 9 2 2 9
left_child=1 3 -3 7 -5 6 9 11 -8 -6 -7 -1 -13 -9
right_child=-2 2 -4 4 5 10 8 13 -10 -11 -12 12 -14 -15
leaf_value=0.00033003853316265042 -0.00034407058923311898 0.0068430899808315099 0.041932036168419437 -0.0074778116333485203 -0.0076253520158440294 0.03284287050948715 -0.014421510498185198 -0.0031955846845912496 0.0076672552522130018 0.011574029549570786 -0.00033754538516639207 -0.011596485543171733 -0.052322018434510911 0.0069168683711551566
leaf_weight=70.638684408739209 21677.178439153358 107.25538864545524 16.373043552041054 402.62430134601891 86.367719441652298 42.954196605831385 170.86710478551686 184.04823868721724 65.231747191399336 215.84010887332261 39.815191738307476 32.096821339800954 16.286788383498788 964.33094675652683
leaf_count=363 116775 597 95 2177 474 235 880 989 358 1192 220 163 86 5216
internal_value=-0.000108371 0.00200065 0.0114902 0.00149733 -0.00145319 0.00253202 -0.000231202 0.00388051 -0.00831861 0.00608705 0.0208091 -0.00930889 -0.0253054 0.00528257
internal_weight=24091.9 2414.73 123.628 2291.1 1023.7 621.076 538.307 1267.4 236.099 302.208 82.7694 119.022 48.3836 1148.38
internal_count=129820 13045 692 12353 5536 3359 2904 6817 1238 1666 455 612 249 6205
cat_boundaries=0 1 3 4 5 7
cat_threshold=16484 1109786697 33792 32 32 541066752 1024
is_linear=0
shrinkage=0.05


Tree=108
num_leaves=15
num_cat=1
split_feature=2 8 7 7 6 8 8 8 7 8 7 5 8 6
split_gain=4.06243 8.87233 12.5855 7.18927 13.2301 6.78916 8.92325 6.14213 7.12722 5.60523 8.84522 5.11292 7.04943 5.36161
threshold=0 16.500000000000004 5.5000000000000009 2.5000000000000004 7.5000000000000009 2.5000000000000004 6.5000000000000009 2.5000000000000004 4.5000000000000009 20.500000000000004 1.5000000000000002 3.0000000000000004 6.5000000000000009 9.5000000000000018
decision_type=9 2 2 2 2 2 2 2 2 2 2 2 2 2
left_child=1 2 3 4 -1 -6 -7 8 -5 -3 -11 13 -13 -9
right_child=-2 9 -4 7 5 6 -8 11 -10 10 -12 12 -14 -15
leaf_value=-0.046371924558605275 0.00012326373692040298 0.029729865645082867 0.029296153593354107 0.054617812487043407 -0.021183136914586315 0.044481480939549733 0.0041184941110009119 -0.0075163283591034372 -0.018239837788017452 0.042453697542920284 -0.010942452525729073 -0.045845207861739998 -0.0020857633411094693 -0.061050325226760953
leaf_weight=10.641872443258761 23844.743069546297 52.630828712135553 31.217588789761066 6.2244601100683195 11.651584491133688 23.271866541355848 33.266800701618195 7.1736481077969101 7.2856151312589645 10.906543783843516 26.847765371203423 12.189471855759619 37.569968998432159 13.439207080751656
leaf_count=55 128490 265 164 40 61 110 182 55 46 59 143 51 158 138
internal_value=0.000195462 0.0060339 0.000216209 -0.00536292 0.00547841 0.0135703 0.0207323 -0.0155515 0.0153277 0.019184 0.00448274 -0.0214797 -0.0128054 -0.0424195
internal_weight=24129.1 284.317 193.932 162.714 78.8321 68.1903 56.5387 83.8824 13.5101 90.3851 37.7543 70.3723 49.7594 20.6129
internal_count=130017 1527 1060 896 408 353 292 488 86 467 202 402 209 193
cat_boundaries=0 1
cat_threshold=4
is_linear=0
shrinkage=0.05


Tree=109
num_leaves=15
num_cat=6
split_feature=0 2 3 2 8 8 8 2 8 7 8 7 2 7
split_gain=4.62486 7.17986 4.52198 3.95888 8.43032 5.66838 7.99038 5.83397 4.9482 6.29168 4.47013 7.86187 4.41059 8.85725
threshold=0 1 2 3 12.500000000000002 10.500000000000002 22.500000000000004 4 7.5000000000000009 1.0000000180025095e-35 21.500000000000004 2.5000000000000004 5 4.5000000000000009
decision_type=1 9 9 9 2 2 2 9 2 2 2 2 9 2
left_child=1 -1 -3 4 8 12 7 -7 9 -4 -9 -12 13 -5
right_child=-2 2 3 5 -6 6 -8 10 -10 -11 11 -13 -14 -15
leaf_value=0.020732919081934045 -0.00013672086316321382 -0.00067656727553822157 -0.051904926271825261 0.018113574482965942 0.013563600650545023 -0.0085188015261193108 0.047055590451636056 0.018077587132670721 -0.033633364789191093 0.0090635052332441301 -0.086791477527236982 0.033613986273837666 0.024693536517068668 -0.034346875925833582
leaf_weight=47.157444823533297 23246.993437319994 513.36379321292043 5.1901283562183407 24.479252029210329 44.840846264734864 72.746564760804176 9.870809178799389 50.593326384201646 22.57342379540205 22.910571532323956 2.8559110425412646 2.5809204019606113 71.989176072180271 11.985250715166329
leaf_count=1594 110048 10829 99 541 1042 1542 263 1133 423 539 52 52 1718 237
internal_value=3.26869e-07 0.00349083 0.00231249 0.00668336 -0.0020164 0.00999381 0.00370051 0.00037732 -0.0162008 -0.00219721 0.0114113 -0.0296338 0.0189607 0.000683335
internal_weight=24150.1 903.137 855.98 342.616 95.515 247.101 138.648 128.777 50.6741 28.1007 56.0302 5.43683 108.454 36.4645
internal_count=130112 20064 18470 7641 2103 5538 3042 2779 1061 638 1237 104 2496 778
cat_boundaries=0 1 2 4 5 6 7
cat_threshold=1 720928 1076757056 37892 4458628 3171337 37184
is_linear=0
shrinkage=0.05


Tree=110
num_leaves=15
num_cat=4
split_feature=0 2 4 2 8 6 8 8 8 7 7 8 8 7
split_gain=5.47664 6.11402 7.77076 9.33704 12.7408 20.5017 15.7175 77.5248 15.4837 12.3976 14.3375 19.9427 16.1634 11.0736
threshold=0 1 2 3 9.5000000000000018 8.5000000000000018 15.500000000000002 16.500000000000004 10.500000000000002 4.5000000000000009 2.5000000000000004 19.500000000000004 19.500000000000004 3.5000000000000004
decision_type=1 9 1 9 2 2 2 2 2 2 2 2 2 2
left_child=1 -1 3 4 -3 13 8 -8 -7 10 11 -9 -12 -6
right_child=-2 2 -4 -5 5 6 7 9 -10 -11 12 -13 -14 -15
leaf_value=0.00021432077489256789 -0.00019339431024379663 0.015392819238469208 0.016627585878898395 0.013405476345031664 -0.016442123523143056 -0.13226721642459982 -0.33460655901510927 -0.12541343757074194 0.0038452958196660367 0.052154483745439156 -0.021590266713902927 0.052164376776151412 -0.20865644525820726 0.036639978733973066
leaf_weight=523.66799639724195 23225.753317121416 39.368097392842174 171.56311419978738 90.470039514824748 25.358462734147906 2.4220459125936058 2.5813750959932831 2.5287973545491678 15.212618656456469 3.0611240025609723 2.0286455098539591 4.2186233624815941 2.6805195901542902 16.039454780519009
leaf_count=10387 109959 1011 4654 2286 582 45 53 56 300 79 48 110 63 404
internal_value=-4.43146e-05 0.00375821 0.00854149 0.00222086 -0.00708702 -0.0196424 -0.047969 -0.0821262 -0.0148492 -0.0372331 -0.0611168 -0.0143882 -0.128071 0.00412432
internal_weight=24127 901.201 377.533 205.97 115.5 76.1317 34.7337 17.0991 17.6347 14.5177 11.4566 6.74742 4.70917 41.3979
internal_count=130037 20078 9691 5037 2751 1740 754 409 345 356 277 166 111 986
cat_boundaries=0 1 2 3 4
cat_threshold=1 3430473 1 4228736
is_linear=0
shrinkage=0.05


Tree=111
num_leaves=15
num_cat=3
split_feature=2 8 6 8 5 6 8 0 7 2 6 8 6 8
split_gain=5.36598 9.33125 6.08347 10.0881 7.37148 5.19613 4.15147 3.82333 5.23664 10.7324 10.6926 8.83656 29.2854 8.72712
threshold=0 14.500000000000002 10.500000000000002 17.500000000000004 3.0000000000000004 9.5000000000000018 19.500000000000004 1 1.0000000180025095e-35 2 1.5000000000000002 21.500000000000004 9.5000000000000018 1.5000000000000002
decision_type=9 2 2 2 2 2 2 1 2 9 2 2 2 2
left_child=1 -1 4 -4 -3 -6 -5 -2 9 11 -11 -9 -13 -12
right_child=7 2 3 6 5 -7 -8 8 -10 10 13 12 -14 -15
leaf_value=-0.00097909105393842672 0.0013217858479142785 -0.090881778382437384 -0.044820523955395541 0.046496269729586932 -0.0014417983963024225 -0.056741218842488034 -0.0069278513903559026 0.00011492909696438328 -0.00053101743652766596 0.017507881451059845 -0.010349406287137979 -0.026984230621128532 0.034444597525011424 0.0050442838275572303
leaf_weight=105.04483964666724 5410.7052505202591 6.5275181233882931 12.030755981802942 6.5651194900274268 8.7218299806118011 8.2813593000173569 8.1513122580945474 1340.5204945728183 15912.00629972294 157.78138337284327 101.99666506424546 93.081547155976295 24.511136129498482 946.18995666131377
leaf_count=565 45134 63 72 46 43 42 48 6044 72162 686 445 406 109 4272
internal_value=9.16546e-05 -0.00888561 -0.0271719 -0.0108588 -0.0457148 -0.0283752 0.0169051 0.000153426 -0.000187413 0.00186416 0.00532881 -0.00103084 -0.0141799 0.00354636
internal_weight=24142.1 155.323 50.2779 26.7472 23.5307 17.0032 14.7164 23986.8 18576.1 2664.08 1205.97 1458.11 117.593 1048.19
internal_count=130137 879 314 166 148 85 94 129258 84124 11962 5403 6559 515 4717
cat_boundaries=0 1 2 3
cat_threshold=1 5 4868494
is_linear=0
shrinkage=0.05


Tree=112
num_leaves=15
num_cat=8
split_feature=2 3 3 6 2 6 6 4 7 7 1 6 4 0
split_gain=3.84601 11.8496 10.5811 7.76359 6.06296 4.63066 6.49174 9.58877 5.38899 4.99511 5.84074 5.85552 5.10543 4.48834
threshold=0 1 2 9.5000000000000018 3 3.5000000000000004 11.500000000000002 4 1.5000000000000002 1.0000000180025095e-35 5 7.5000000000000009 6 7
decision_type=9 9 9 2 9 2 2 1 2 2 1 2 1 1
left_child=2 3 5 4 13 -1 9 -8 -9 10 11 -7 -12 -2
right_child=1 -3 -4 -5 -6 6 7 8 -10 -11 12 -13 -14 -15
leaf_value=0.0037940658490222125 0.010583359027556184 0.0013844412121181001 -0.0014338080455709489 -0.0093348324799719037 -0.0056673150687697078 -0.021404683818219805 -0.0022934067362664532 0.00018326448925075835 0.029717036128087373 -0.001401270400303814 0.0027833454013325163 0.0063364911095385897 0.017624489176948862 -0.00014157210005595172
leaf_weight=1571.6479093544185 118.59098156914115 10085.501213232055 8757.6972889844328 412.66291433945298 399.06064373627305 36.898026522248983 79.996938724070787 20.792604705318809 60.064980790019035 1872.7204759214073 127.1696057729423 39.263343214988708 106.45822418667376 412.02169142663479
leaf_count=8340 1008 54589 47114 2221 2175 185 441 114 341 10037 656 225 577 1866
internal_value=0.00013151 0.000796251 -0.00046819 -0.00360061 -0.00109404 0.00169 0.000286059 0.00997981 0.0221224 -0.000428387 0.00545284 -0.0062789 0.00915424 0.00240686
internal_weight=24100.5 11427.8 12672.7 1342.34 929.673 3915.01 2343.36 160.855 80.8576 2182.51 309.789 76.1614 233.628 530.613
internal_count=129889 61859 68030 7270 5049 20916 12576 896 455 11680 1643 410 1233 2874
cat_boundaries=0 1 3 5 6 7 8 9 10
cat_threshold=3872267 1077936128 1024 1614939649 1024 4196708 1 2 1 5
is_linear=0
shrinkage=0.05


Tree=113
num_leaves=15
num_cat=9
split_feature=2 3 3 6 7 2 2 3 3 7 0 3 6 6
split_gain=3.6789 4.73858 4.64887 6.84609 4.29456 14.7111 12.9414 10.5652 9.23938 8.49715 16.9533 11.0321 7.82946 7.19564
threshold=0 1 2 1.5000000000000002 3.5000000000000004 3 4 5 6 1.0000000180025095e-35 7 8 6.5000000000000009 7.5000000000000009
decision_type=9 9 9 2 2 9 9 9 9 2 1 9 2 2
left_child=4 -2 -3 -4 6 7 8 -6 -1 11 -11 12 -8 -14
right_child=1 2 3 -5 5 -7 9 -9 -10 10 -12 -13 13 -15
leaf_value=-0.0020001775475373606 -0.00025757051337454691 0.0014497423877653972 0.039445401611360238 0.0066057069168295526 0.0024188749813057369 0.0024124311854434779 -5.1639572179214062e-05 -0.0054860451333708727 0.0040047192294572088 0.013277202669768774 -0.0050499314171550784 0.0051341448437806012 -0.030256645314284056 -0.0074186878898434491
leaf_weight=1125.5964436419308 6497.6973226871341 4940.2124062869698 17.275889258831739 195.05369307659566 612.06474646180868 3469.431618085131 335.96395171247423 1337.3854336831719 1465.2348719704896 122.60749462246895 3171.0302213057876 620.1582755073905 44.686093039810658 151.1612146217376
leaf_count=5915 35173 26833 97 1052 3313 18684 1794 7148 7740 2750 15118 3339 236 827
internal_value=2.26991e-06 0.000640661 0.0017717 0.00886037 -0.000594894 0.000462599 -0.00141013 -0.00300448 0.00139821 -0.00304309 -0.00434271 0.000646289 -0.00459721 -0.0126296
internal_weight=24105.6 11650.2 5152.54 212.33 12455.3 5418.88 7036.44 1949.45 2590.83 4445.61 3293.64 1151.97 531.811 195.847
internal_count=130019 63155 27982 1149 66864 29145 37719 10461 13655 24064 17868 6196 2857 1063
cat_boundaries=0 1 3 5 6 7 9 11 12 14
cat_threshold=2955019 1096812105 33796 397312 20544 524296 524296 2360392 33792 906231880 32836 1 2494465 32832
is_linear=0
shrinkage=0.05


Tree=114
num_leaves=15
num_cat=5
split_feature=2 8 2 7 6 6 3 8 2 6 3 5 7 6
split_gain=4.26446 8.62363 7.8 12.5983 18.4625 10.7437 6.45315 7.48501 12.9652 8.59087 6.40915 5.84883 5.60088 9.4857
threshold=0 22.500000000000004 1 3.5000000000000004 10.500000000000002 1.5000000000000002 2 22.500000000000004 3 2.5000000000000004 4 3.0000000000000004 1.0000000180025095e-35 9.5000000000000018
decision_type=9 2 9 2 2 2 9 2 9 2 9 2 2 2
left_child=1 -1 3 10 -5 -4 7 -2 9 -9 -3 -10 -7 -14
right_child=6 2 5 4 -6 12 -8 8 11 -11 -12 -13 13 -15
leaf_value=-0.00044697183648431047 -0.00097721355934934809 0.0041608882422216218 0.011850385683143411 0.0059278810173900949 0.072423847786944884 0.0012572871374574126 0.0017426343976197391 -0.0066384911970185194 0.017905890478964421 0.050543006647949751 -0.019111888264077129 -0.0025694959751608069 -0.014405721937227731 -0.041983593450968991
leaf_weight=11823.192140687257 5472.0228284820914 50.064586853608489 40.180194102227688 72.48508732765913 12.194718802347777 40.511910308152437 6077.8450294975191 8.3072749786078912 44.902960278093815 31.382029147818685 62.005436794832349 156.21217426657677 190.50776088237762 37.283055502921343
leaf_count=63336 29691 275 233 366 72 205 32965 40 426 169 357 659 1092 204
internal_value=-6.98784e-05 -0.000719751 -0.00711743 0.000902703 0.0155039 -0.0118769 0.000609727 -0.000596506 0.0080299 0.0308113 -0.0100494 0.00190721 -0.0158729 -0.0189195
internal_weight=24119.1 12328.4 505.233 196.75 84.6798 308.483 11790.7 5712.83 240.804 39.6893 112.07 201.115 268.303 227.791
internal_count=130090 66140 2804 1070 438 1734 63950 30985 1294 209 632 1085 1501 1296
cat_boundaries=0 1 2 4 5 7
cat_threshold=3378187 3178498 1633683016 33856 270336 267264 16384
is_linear=0
shrinkage=0.05


Tree=115
num_leaves=15
num_cat=7
split_feature=0 2 3 6 2 4 8 8 8 8 2 8 3 5
split_gain=4.65639 4.60749 8.89845 5.32311 4.5008 8.89088 8.25964 5.25928 4.6005 4.34719 4.03344 8.52869 5.92664 4.74014
threshold=0 1 2 11.500000000000002 3 4 16.500000000000004 21.500000000000004 8.5000000000000018 14.500000000000002 5 16.500000000000004 6 3.0000000000000004
decision_type=1 9 9 2 9 1 2 2 2 2 9 2 9 2
left_child=1 2 -1 4 5 8 -7 -8 -3 -10 11 12 -2 -13
right_child=10 3 -4 -5 -6 6 7 -9 9 -11 -12 13 -14 -15
leaf_value=-0.0048166552820780219 0.012835386415731165 -0.073311879176654937 0.019522549091066373 -0.012323753282441499 0.0044387603636883129 -0.012126154815655293 0.052712515378258287 -0.018589327615757056 0.0061403003951654251 -0.055740062307144206 -0.00015738650531446481 0.046715557046931942 -0.0058710623546903325 0.01412910381463316
leaf_weight=56.452693456783891 51.444650460034609 6.5332173369824913 102.05162043124437 60.756198242306709 610.65018207207322 32.281091585755348 10.065754640847443 3.4804617241024962 6.5172095820307714 5.0277509279549122 22941.619673967361 13.19907024130225 126.19197246059775 72.231615796685219
leaf_count=1677 245 74 3154 1135 13139 467 212 64 66 84 108637 92 599 297
internal_value=5.15737e-05 0.0035725 0.0110825 0.00182665 0.00312824 -0.00872392 0.0016245 0.0343928 -0.0397823 -0.0208082 -8.55506e-05 0.00595547 -6.15061e-05 0.0191637
internal_weight=24098.5 893.816 158.504 735.312 674.556 63.9055 45.8273 13.5462 18.0782 11.545 23204.7 263.067 177.637 85.4307
internal_count=129942 20072 4831 15241 14106 967 743 276 224 150 109870 1233 844 389
cat_boundaries=0 1 2 4 5 6 7 9
cat_threshold=1 730720 36045312 4 2049 4 4 2229248 68
is_linear=0
shrinkage=0.05


Tree=116
num_leaves=15
num_cat=4
split_feature=2 8 6 8 5 3 5 8 4 8 8 5 5 2
split_gain=4.21599 10.8776 4.73108 9.6572 7.67786 4.71371 4.25128 4.22845 5.13617 3.66537 3.38536 142.971 68.0719 9.93239
threshold=0 14.500000000000002 10.500000000000002 17.500000000000004 3.0000000000000004 1 3.0000000000000004 5.5000000000000009 2 7.5000000000000009 11.500000000000002 1.0000000180025095e-35 1.0000000180025095e-35 3
decision_type=9 2 2 2 2 9 2 2 1 2 2 2 2 9
left_child=1 5 4 -4 -3 -1 9 -8 -9 -7 11 -2 -12 -13
right_child=10 2 3 -5 -6 6 7 8 -10 -11 12 13 -14 -15
leaf_value=0.0097183266513887982 -0.051952289605968163 -0.084718425913033121 -0.046618501857790429 0.014590007378104015 -0.024481367025867 0.037510994327199426 -0.043405322055810602 0.01723968442132133 -0.031244511344724581 -0.016481319564995711 0.027494570457822692 0.0029471224467472351 1.0669147267662218e-05 -0.00076676109524800927
leaf_weight=55.763800671324134 134.29575822874904 7.6979805119335678 11.648979358375074 14.422845277935265 16.911051660776138 6.8860461898148042 13.099739983677862 10.713470742106439 11.144418194890021 5.7833518870174885 229.67107993364334 2206.5779758058488 11823.423592306674 9575.430588632822
leaf_count=293 3717 63 70 93 86 52 60 48 50 50 3241 11185 61396 49641
internal_value=-0.000111183 -0.00809889 -0.0276001 -0.0127582 -0.0433242 0.000677002 -0.00987589 -0.0209426 -0.00748037 0.0128645 -5.64371e-05 -0.000654077 0.000534373 -6.93607e-05
internal_weight=24123.5 154.072 50.6809 26.0718 24.609 103.391 47.627 34.9576 21.8579 12.6694 23969.4 11916.3 12053.1 11782
internal_count=130045 865 312 163 149 553 260 158 98 102 129180 64543 64637 60826
cat_boundaries=0 1 3 4 5
cat_threshold=1 132608 49156 1 133472
is_linear=0
shrinkage=0.05


Tree=117
num_leaves=15
num_cat=4
split_feature=3 2 5 8 6 8 7 8 8 6 6 2 8 2
split_gain=3.10422 11.136 5.28145 7.84253 6.19976 7.62833 6.6293 4.78731 9.01556 8.60268 8.77622 6.94117 6.92093 6.20663
threshold=0 1 3.0000000000000004 22.500000000000004 4.5000000000000009 1.0000000180025095e-35 1.5000000000000002 15.500000000000002 13.500000000000002 1.5000000000000002 3.5000000000000004 2 14.500000000000002 3
decision_type=9 9 2 2 2 2 2 2 2 2 2 9 2 9
left_child=-1 2 3 4 -2 -6 -7 8 -4 -10 12 -9 -11 -12
right_child=1 -3 7 -5 5 6 -8 11 9 10 13 -13 -14 -15
leaf_value=-0.00039149368132815462 -0.0052676159489926377 0.0027072184047630425 -0.0030368892845541113 0.031427925911800478 -0.026569257927255948 0.020527826430440321 0.0031475596072238991 -0.0017588452053041706 0.047819595459271891 -0.038526887185655917 -0.0062165070483310991 -0.012890582911704038 0.0086304358127548934 0.020736306520878163
leaf_weight=18426.350503047928 211.89691922068596 3463.5484372861683 939.14566040039062 22.46166374720633 16.931786091998219 76.24212709069252 195.67675070278347 323.70392769575119 13.946972608566282 16.687309294939041 29.131557181477547 254.29837360978127 14.577040851116182 65.879298686981201
leaf_count=99395 1880 18755 4018 207 130 733 1789 1375 59 71 124 1077 62 280
internal_value=-7.72378e-05 0.000947726 -0.00184658 0.00252453 0.00122803 0.00599315 0.00802074 -0.00323763 -0.00127116 0.0105549 0.00643904 -0.00690982 -0.0165397 0.0140005
internal_weight=24070.5 5644.13 2180.58 523.209 500.748 288.851 271.919 1657.37 1079.37 140.222 126.275 578.002 31.2644 95.0109
internal_count=129955 30560 11805 4739 4532 2652 2522 7066 4614 596 537 2452 133 404
cat_boundaries=0 2 3 4 5
cat_threshold=1143084552 36932 3708451 1576994 1572898
is_linear=0
shrinkage=0.05


Tree=118
num_leaves=15
num_cat=3
split_feature=2 3 8 6 8 4 5 6 6 8 8 8 5 5
split_gain=4.79186 7.67073 6.25349 14.9254 9.5015 10.4553 8.09382 14.9463 6.34213 6.10377 7.66786 6.29108 6.04462 9.95977
threshold=0 1 5.5000000000000009 2.5000000000000004 4.5000000000000009 2 3.0000000000000004 8.5000000000000018 9.5000000000000018 3.5000000000000004 1.5000000000000002 2.5000000000000004 1.5000000000000002 1.0000000180025095e-35
decision_type=9 9 2 2 2 1 2 2 2 2 2 2 2 2
left_child=1 -1 3 -3 5 6 9 -8 -6 10 -5 -12 13 -7
right_child=-2 2 -4 4 8 12 7 -9 -10 -11 11 -13 -14 -15
leaf_value=-0.0055632237624820211 0.00041761987133514535 0.011455319890881117 0.00089417063153557786 0.0019008251838417126 -0.0258278916646274 -0.051807001018941159 0.022509979872394469 -0.01668846711271571 0.0043644501939333396 0.019983544535492819 -0.068710029923183591 -0.010407211119912888 -0.010156565045951584 0.041192622640954565
leaf_weight=879.59530987031758 19904.391233664006 129.41988908872008 2528.184490295127 17.807384386658669 93.225596955046058 3.6986480578780183 94.154929965734482 32.786509066820145 21.382682785391808 11.583021175116299 10.836970804259181 8.0741014629602432 384.93545055389404 12.989475967362523
leaf_count=4776 107154 699 13778 156 516 110 404 141 119 102 100 82 1762 315
internal_value=9.27809e-05 -0.00143383 -0.000335967 -0.00412863 -0.0070454 -0.00443294 0.00575744 0.0123858 -0.0201948 -0.0116626 -0.0216455 -0.0438176 -0.00887938 0.0205808
internal_weight=24133.1 4228.67 3349.08 820.895 691.475 576.866 175.243 126.941 114.608 48.3015 36.7185 18.9111 401.624 16.6881
internal_count=130214 23060 18284 4506 3807 3172 985 545 635 440 338 182 2187 425
cat_boundaries=0 1 2 3
cat_threshold=2294275 354681416 2
is_linear=0
shrinkage=0.05


Tree=119
num_leaves=15
num_cat=8
split_feature=3 2 0 7 4 6 2 6 6 3 6 2 6 2
split_gain=2.54634 6.34475 5.01273 10.09 10.6679 10.1729 8.29814 14.3334 6.85518 5.19686 7.89901 5.58856 4.94186 8.81569
threshold=0 1 2 2.5000000000000004 3 2.5000000000000004 4 3.5000000000000004 7.5000000000000009 5 3.5000000000000004 6 5.5000000000000009 7
decision_type=9 9 1 2 1 2 9 2 2 9 2 9 2 9
left_child=-1 2 3 -2 6 -6 7 -5 -9 11 -11 -4 13 -3
right_child=1 12 9 4 5 -7 -8 8 -10 10 -12 -13 -14 -15
leaf_value=-0.0003760685846355267 0.012322347224427916 -0.013448562272890728 0.0013205557873657695 -0.092137323534887086 -0.024760993300548661 0.0085155215469286238 0.003389147385980504 0.0030730461856995927 -0.040383431677403506 0.0053289588473683369 -0.0032051224398824611 -0.0090547195756543273 0.0031159462374432101 0.00073189692462821091
leaf_weight=15799.442838754505 184.41472217440605 103.76803193427622 181.84863962233067 8.9021588116884214 26.84535251557827 158.98751650750637 35.056625708937645 16.07846137881279 20.83461232483387 382.57814628444612 930.89186519384384 467.64998235926032 2795.2832770328969 2985.9554511439055
leaf_count=85221 1081 562 978 50 154 885 204 90 117 2022 4937 2504 15237 15956
internal_value=-3.61855e-06 0.000705039 -0.0014498 0.00325748 -0.00288835 0.00370841 -0.0180468 -0.0288843 -0.0214548 -0.00254262 -0.000713941 -0.00617384 0.00158993 0.00021449
internal_weight=24098.5 8299.09 2414.09 451.119 266.705 185.833 80.8719 45.8152 36.9131 1962.97 1313.47 649.499 5885.01 3089.72
internal_count=129998 44777 13022 2581 1500 1039 461 257 207 10441 6959 3482 31755 16518
cat_boundaries=0 2 3 4 5 6 8 9 10
cat_threshold=1107301448 32836 3673602 4 2 2100736 72089600 5120 2621440 16388
is_linear=0
shrinkage=0.05


Tree=120
num_leaves=15
num_cat=4
split_feature=2 3 8 8 6 8 5 7 6 5 8 8 2 2
split_gain=3.11053 4.35113 9.17952 7.91196 7.93649 4.83091 21.3122 12.8119 15.3322 9.16374 36.2958 7.83101 19.4195 14.773
threshold=0 1 6.5000000000000009 4.5000000000000009 10.500000000000002 5.5000000000000009 1.0000000180025095e-35 1.5000000000000002 5.5000000000000009 1.0000000180025095e-35 11.500000000000002 2.5000000000000004 2 3
decision_type=9 9 2 2 2 2 2 2 2 2 2 2 9 9
left_child=1 2 3 4 -1 6 -3 8 -8 10 -7 13 -13 -9
right_child=-2 5 -4 -5 -6 9 7 11 -10 -11 -12 12 -14 -15
leaf_value=-0.0075015302191341936 -0.00031681634001888917 -0.051856236713653039 0.01501380583668609 -0.035753701254273372 0.04476937682260515 -0.051878250546701636 0.011762487635052735 0.012454222610038484 -0.010457399884831261 -0.00041854915000205168 0.043008710014580634 0.019803387609060114 -0.00049696616869011965 -0.0044446271181748627
leaf_weight=34.111843330785632 18464.469925409183 17.306393392384052 148.73800319805741 18.07444828376174 9.2259220443665964 13.282015558332203 110.00124553218484 211.1972505133599 263.85852072015405 3950.4665441829711 41.781032036989927 276.91704899072647 208.24909013696015 304.12278728559613
leaf_count=194 99544 502 791 95 50 381 574 1063 1294 20747 642 1403 1065 1578
internal_value=-3.54011e-06 0.00102679 0.00792206 -0.0079639 0.00362612 0.00074415 0.00328338 0.00397772 -0.00391961 -0.000136203 0.0201206 0.00692878 0.0114877 0.00263658
internal_weight=24071.8 5607.33 210.15 61.4122 43.3378 5397.18 1391.65 1374.35 373.86 4005.53 55.063 1000.49 485.166 515.32
internal_count=129923 30379 1130 339 244 29249 7479 6977 1868 21770 1023 5109 2468 2641
cat_boundaries=0 1 3 4 5
cat_threshold=1098852 809631744 4096 50208 1048672
is_linear=0
shrinkage=0.05


Tree=121
num_leaves=15
num_cat=5
split_feature=2 7 8 3 6 8 8 2 8 3 5 6 4 8
split_gain=2.89946 10.9198 11.7256 11.7028 9.27249 8.36256 12.819 16.8662 15.7436 11.8395 10.5035 9.65574 19.4102 9.34502
threshold=0 3.5000000000000004 21.500000000000004 1 1.5000000000000002 17.500000000000004 9.5000000000000018 2 16.500000000000004 3 1.0000000180025095e-35 1.5000000000000002 4 10.500000000000002
decision_type=9 2 2 9 2 2 2 9 2 9 2 2 1 2
left_child=1 2 5 -3 -4 6 9 -8 13 -1 -11 12 -12 -9
right_child=-2 3 4 -5 -6 -7 7 8 -10 10 11 -13 -14 -15
leaf_value=0.015724886146089658 0.00042905798808609254 -0.0017343544158589142 -0.013901932024987171 0.0049620089165360089 0.011127853275797857 -0.0090573286724884901 0.0048887839769711002 0.011428412819568308 0.028207896982342624 -0.051841376364964914 0.019800372262149521 -0.0081381560414639214 -0.012716765136393844 -0.017911262984354952
leaf_weight=53.068262431770563 18195.010281350464 1317.1370293069631 44.060818489640951 1277.6745315901935 230.9549855273217 580.83258956298232 862.13832627236843 31.408534727990627 24.526131870225072 12.792733903974293 96.100952859967947 1059.9261062834412 87.841871704906225 199.69975254684687
leaf_count=296 98360 6994 240 6809 1303 3129 4550 169 152 374 468 5503 418 1153
internal_value=0.000117206 -0.000847376 -0.00276462 0.00157535 0.00711778 -0.00366805 -0.00237854 0.00155452 -0.00950967 -0.00573517 -0.00671313 -0.00630297 0.00427182 -0.0139239
internal_weight=24073.2 5878.16 3283.35 2594.81 275.016 3008.34 2427.5 1117.77 255.634 1309.73 1256.66 1243.87 183.943 231.108
internal_count=129918 31558 17755 13803 1543 16212 13083 6024 1474 7059 6763 6389 886 1322
cat_boundaries=0 1 3 4 6 7
cat_threshold=2166915 354944577 32836 2101376 335675464 5120 1
is_linear=0
shrinkage=0.05


Tree=122
num_leaves=15
num_cat=4
split_feature=2 7 8 8 7 6 4 4 8 6 8 6 4 8
split_gain=3.10901 8.42685 6.03523 6.32408 9.68846 6.1376 7.05835 5.87965 5.36129 4.90425 6.24609 4.51592 3.61807 4.08198
threshold=0 1.5000000000000002 15.500000000000002 9.5000000000000018 4.5000000000000009 10.500000000000002 1 2 10.500000000000002 10.500000000000002 17.500000000000004 10.500000000000002 3 7.5000000000000009
decision_type=9 2 2 2 2 2 1 1 2 2 2 2 1 2
left_child=1 8 3 5 -5 6 -3 -4 -1 -9 -11 -10 -7 -14
right_child=-2 2 7 4 -6 12 -8 9 11 10 -12 -13 13 -15
leaf_value=-0.0055491168278984718 1.2297104023602897e-05 0.014911017688914799 0.021695137228696537 0.058792999044290029 -0.00075930757703929685 -0.010808889011583795 -0.036536044642061151 -0.051946012503248519 -0.066784952382729842 -0.042594293028381899 0.025966659087263141 -0.021858003638576567 0.052464083170210951 0.0023691304215526367
leaf_weight=16.035704704001546 23939.39236535877 10.207298249006271 7.0958760567009449 12.475265730172396 15.09157982468605 8.8479570150375366 19.221065010875463 12.653454516083004 10.753449808806183 6.6710152812302095 6.6170392669737339 11.656363639980553 8.6433388441801089 7.679655108600854
leaf_count=85 129199 50 48 73 67 42 117 81 65 36 45 73 47 38
internal_value=-3.46633e-05 -0.00690289 -0.000587779 0.00666894 0.0261909 -0.00318755 -0.0186915 -0.0186357 -0.0276219 -0.0296676 -0.00845306 -0.0434164 0.0149387 0.0288954
internal_weight=24093 153.649 115.204 82.1662 27.5668 54.5993 29.4284 33.0374 38.4455 25.9415 13.2881 22.4098 25.171 16.323
internal_count=130066 867 644 434 140 294 167 210 223 162 81 138 127 85
cat_boundaries=0 1 2 3 4
cat_threshold=1 2 2 2
is_linear=0
shrinkage=0.05


Tree=123
num_leaves=15
num_cat=4
split_feature=0 3 7 7 1 6 8 8 8 8 6 8 4 6
split_gain=2.5373 6.25024 3.71719 8.91787 7.56009 17.1078 17.3552 18.8034 12.605 28.6948 12.2538 6.74229 14.7466 8.89846
threshold=0 1 1.0000000180025095e-35 2.5000000000000004 2 9.5000000000000018 6.5000000000000009 14.500000000000002 7.5000000000000009 6.5000000000000009 10.500000000000002 18.500000000000004 3 8.5000000000000018
decision_type=1 9 2 2 1 2 2 2 2 2 2 2 1 2
left_child=1 -1 4 -4 5 8 -7 -8 9 -3 -9 -6 -13 -14
right_child=-2 2 3 -5 11 6 7 10 -10 -11 -12 12 13 -15
leaf_value=0.011018164451927607 -0.00049920591915360432 -0.0083968250178453486 0.0042486366589946862 -0.00051845811219886062 0.0025739381054399432 0.017299287561904953 -0.10604355984206747 0.012322998113335773 0.0095341681284456248 -0.12644943222647245 -0.083100066346522256 -0.045695585738102923 -0.010337892598584929 0.021199356161146363
leaf_weight=133.72973494231701 18648.825871624053 36.382198195904493 1438.7269571498036 3084.022626336664 485.54954879917204 8.9757586494088155 13.125700876116754 9.0168385654687864 69.127100804820657 5.9957507885992518 5.366872187703847 23.798708720132709 91.748972250148654 29.577501382678747
leaf_count=1177 84529 286 12346 25586 3926 103 90 76 662 46 37 193 691 240
internal_value=-0.000222245 0.000727632 0.000447795 0.000997997 -0.00274222 -0.0125076 -0.0430722 -0.0627701 -0.0036284 -0.0250992 -0.0232814 -0.00024847 -0.0097086 -0.0026496
internal_weight=24084 5435.14 5301.41 4522.75 778.665 147.99 36.4852 27.5094 111.505 42.3779 14.3837 630.675 145.125 121.326
internal_count=129988 45459 44282 37932 6350 1300 306 203 994 332 113 5050 1124 931
cat_boundaries=0 1 2 3 4
cat_threshold=5 122159112 2 4
is_linear=0
shrinkage=0.05


Tree=124
num_leaves=15
num_cat=7
split_feature=0 2 3 4 8 8 8 2 2 4 8 7 7 7
split_gain=4.31284 4.86158 5.16147 8.7043 7.54946 6.03583 5.00832 14.9197 10.7189 10.4814 8.0578 18.6832 15.9116 11.3951
threshold=0 1 2 3 11.500000000000002 5.5000000000000009 10.500000000000002 4 5 6 14.500000000000002 2.5000000000000004 5.5000000000000009 3.5000000000000004
decision_type=1 9 9 1 2 2 2 9 9 1 2 2 2 2
left_child=1 2 3 4 5 -1 7 -3 9 -8 12 -12 -11 -13
right_child=-2 6 -4 -5 -6 -7 8 -9 -10 10 11 13 -14 -15
leaf_value=-0.033018192404098173 -0.00010643286748005384 -0.008230592663325988 0.023573380919295242 0.025029531132744864 -0.0023285282861127353 -0.14732265813803977 0.0090076956380452204 0.013472100137851476 0.0074252157739390871 -0.039283257230086077 0.012650519774042135 -0.058304746997000591 0.028517010635190899 -0.012526809107757532
leaf_weight=2.3630631510168314 23204.322622288018 109.95330609381199 49.438567547127604 9.4133926182985306 5.5376297943294048 2.2589476071298122 68.743050372228026 239.89072694256902 201.27103587239981 53.397407371550798 64.684168362990022 18.486821211874485 10.327085763216017 51.361841859295964
leaf_count=79 110042 1832 1701 324 166 69 1570 5867 4147 1031 1385 417 226 1138
internal_value=2.50466e-05 0.00342669 0.015353 -0.00636052 -0.0417055 -0.088883 0.0022474 0.00680093 -0.00110653 -0.00753389 -0.0136495 -0.00671198 -0.0282957 -0.0246428
internal_weight=24091.4 887.127 69.0116 19.573 10.1596 4.62201 818.115 349.844 468.271 267 198.257 134.533 63.7245 69.8487
internal_count=129994 19952 2339 638 314 148 17613 7699 9914 5767 4197 2940 1257 1555
cat_boundaries=0 1 2 4 5 6 7 8
cat_threshold=1 721952 35913729 4 1 6532 7627276 2
is_linear=0
shrinkage=0.05


Tree=125
num_leaves=15
num_cat=5
split_feature=0 3 2 2 4 8 8 6 8 6 8 8 8 6
split_gain=3.06194 5.34421 10.1575 4.98215 8.42233 9.24085 7.84396 10.6869 9.09806 9.01877 6.8711 6.17329 6.53869 10.1694
threshold=0 1 2 3 4 2.5000000000000004 19.500000000000004 9.5000000000000018 15.500000000000002 6.5000000000000009 13.500000000000002 14.500000000000002 11.500000000000002 11.500000000000002
decision_type=1 9 9 9 1 2 2 2 2 2 2 2 2 2
left_child=1 2 -1 -3 -5 -6 7 10 11 -8 -7 12 -9 -14
right_child=-2 3 -4 4 5 6 9 8 -10 -11 -12 -13 13 -15
leaf_value=0.026187022344081851 -0.00020406061622490137 -0.0023533861327815148 0.00089573142632680565 0.026563149220467038 0.033522047819008839 -0.0059182958647543372 -0.01301946190992685 -0.005294852875785125 -0.063380667448825478 0.039032709400790164 0.02006025972089201 0.052462052891972456 -0.088121580918319786 0.0012738530638031259
leaf_weight=57.524633027613163 23186.341528024524 452.05435938760638 109.94680890254676 43.239419793710113 21.626918409019709 68.754686715081334 13.015336668118833 29.479322385042906 11.215233592316507 23.075512245297432 40.414071319624782 3.3268625419586888 7.0920011140406114 5.7692403569817543
leaf_count=1455 109917 9096 2497 1253 613 1763 328 754 267 645 1027 79 160 116
internal_value=-9.3322e-05 0.00277394 0.0105691 0.000838366 0.00613199 0.00245806 -0.000865428 -0.00545727 -0.0230297 0.0202613 0.00369892 -0.0131202 -0.0182732 -0.048021
internal_weight=24072.9 886.534 167.471 719.063 267.009 223.769 202.142 166.051 56.8827 36.0908 109.169 45.6674 42.3406 12.8612
internal_count=129970 20053 3952 16101 7005 5752 5139 4166 1376 973 2790 1109 1030 276
cat_boundaries=0 1 3 4 5 6
cat_threshold=1 356516873 16384 1749568 3153487 4
is_linear=0
shrinkage=0.05


Tree=126
num_leaves=15
num_cat=6
split_feature=2 3 7 4 2 2 6 7 4 7 6 8 6 6
split_gain=5.10843 8.41523 8.10546 7.37525 9.47562 8.44228 12.6314 10.0188 8.11722 7.92519 16.9221 16.9816 9.62646 8.25692
threshold=0 1 3.5000000000000004 2 3 4 11.500000000000002 1.5000000000000002 5 1.5000000000000002 3.5000000000000004 21.500000000000004 1.5000000000000002 2.5000000000000004
decision_type=9 9 2 1 9 9 2 2 1 2 2 2 2 2
left_child=1 -1 3 4 9 6 -5 -8 -9 12 13 -12 -3 -11
right_child=-2 2 -4 5 -6 -7 7 8 -10 10 11 -13 -14 -15
leaf_value=0.010340666658252727 0.0007291781796487113 0.013021972732055765 0.00061859500183119708 -0.022325176429515939 -0.0019845303993306323 -0.00055782891142761427 -0.017428534307333512 0.0087019858348408533 0.08329320872069472 -0.018143335701195577 -0.00014472763835197464 -0.053231946434179112 -0.0079127346805377124 -0.041636674534872686
leaf_weight=159.4437361266464 11947.459744730964 67.973249785602093 5125.4668212849647 100.29535102657974 1363.649642046541 4619.4690323490649 12.008986907079816 7.6632013432681561 6.9598371144384146 109.76731326431036 182.16143522784114 16.42194739729166 285.79088272340596 56.728024106472731
leaf_count=871 64328 340 27598 546 7528 24978 70 67 36 588 1016 88 1558 317
internal_value=-4.11202e-06 -0.000727335 -0.000883476 -0.00201216 -0.00449286 -0.000923747 -0.0131604 0.0164123 0.0442037 -0.00909701 -0.0143915 -0.0045348 -0.00389028 -0.0261479
internal_weight=24061.3 12113.8 11954.4 6828.89 2082.49 4746.4 126.927 26.632 14.623 718.843 365.079 198.583 353.764 166.495
internal_count=129929 65601 64730 37132 11435 25697 719 173 103 3907 2009 1104 1898 905
cat_boundaries=0 1 3 4 5 6 7
cat_threshold=6525635 608698432 1024 2 167936 65537 1
is_linear=0
shrinkage=0.05


Tree=127
num_leaves=15
num_cat=5
split_feature=2 8 5 3 8 7 7 1 5 8 0 8 4 7
split_gain=2.77287 16.6219 16.9093 8.52173 7.16471 19.0542 14.0041 12.7045 13.7201 11.3277 11.155 18.2328 12.2859 10.4522
threshold=0 5.5000000000000009 1.0000000180025095e-35 1 18.500000000000004 3.5000000000000004 5.5000000000000009 2 3.0000000000000004 9.5000000000000018 3 19.500000000000004 4 5.5000000000000009
decision_type=9 2 2 9 2 2 2 1 2 2 1 2 1 2
left_child=1 2 -1 -3 5 -5 -7 -8 9 -9 12 -12 -6 -14
right_child=-2 3 -4 4 10 6 7 8 -10 -11 11 -13 13 -15
leaf_value=-0.051822894926745577 -0.00022206613029270104 -0.026093858252404636 0.0069895909615247751 0.002109796764921523 0.011907683538257437 -0.010653394683857346 0.02332969632373209 -0.013908309236174053 -0.0090998437401428444 0.030849717218952934 0.022297711510096668 0.002347415019790077 -0.022004353309077081 0.016854903693302666
leaf_weight=12.354803834110497 19563.653128698468 22.519604716449976 1133.2549501601607 1357.0175691526383 56.321418508887291 733.78682398237288 47.07272557169199 20.421479385346174 203.95474275946617 45.932249927893281 142.13241554051638 589.58016899600625 111.64964663982391 20.47843000292778
leaf_count=365 105793 116 5815 7273 329 3895 300 193 863 432 747 3109 609 114
internal_value=3.54109e-05 0.00115359 0.00635533 -0.000621359 -0.000369503 -0.00180459 -0.00685791 0.00191726 -0.00257926 0.0170747 0.00338229 0.00613879 -0.00726109 -0.0159816
internal_weight=24060.1 4496.48 1145.61 3350.87 3328.35 2408.19 1051.17 317.381 270.308 66.3537 920.162 731.713 188.449 132.128
internal_count=129953 24160 6180 17980 17864 12956 5683 1788 1488 625 4908 3856 1052 723
cat_boundaries=0 1 3 4 5 6
cat_threshold=26916 536870976 1024 1 4 2
is_linear=0
shrinkage=0.05


Tree=128
num_leaves=15
num_cat=3
split_feature=3 2 8 6 7 8 7 6 6 4 5 6 5 7
split_gain=4.14441 5.26569 13.7567 7.89852 12.9377 10.4661 7.18972 15.4495 12.3867 7.59222 8.21013 6.63365 6.20735 6.12711
threshold=0 1 21.500000000000004 5.5000000000000009 5.5000000000000009 22.500000000000004 1.0000000180025095e-35 4.5000000000000009 4.5000000000000009 2 1.5000000000000002 2.5000000000000004 3.0000000000000004 3.5000000000000004
decision_type=9 9 2 2 2 2 2 2 2 1 2 2 2 2
left_child=1 2 13 6 12 -6 8 9 -4 11 -11 -8 -5 -1
right_child=-2 -3 3 4 5 -7 7 -9 -10 10 -12 -13 -14 -15
leaf_value=-0.0035789011218923771 0.001474776903143037 0.00042286114102890011 0.0074288895264977535 0.025436943223001364 0.061310484815521975 0.012746438519805281 0.0015380875731457 -0.024610660106972122 0.075301995048212222 0.047001062886548151 -0.0046401064973173615 0.032656879439721925 0.0021704450612014792 -0.00020206533633199779
leaf_weight=3093.5475206635892 5009.1012036837637 13068.991349712014 35.911042157560587 37.029997833073139 22.959093684330583 21.467624843120575 31.939576167613268 57.667348679155111 8.2700459994375688 8.1387582812458259 141.66556388139725 36.923785787075758 126.93572628498077 2374.3003625050187
leaf_count=16722 27053 70585 186 365 114 105 173 302 44 159 632 198 538 12790
internal_value=0.000196492 -0.000140049 -0.00136548 0.00633216 0.0139098 0.0378436 0.00140532 -0.00158902 0.0201337 0.00448227 -0.00183448 0.0182236 0.00742495 -0.00211258
internal_weight=24074.8 19065.7 5996.76 528.909 208.392 44.4267 320.516 276.335 44.1811 218.668 149.804 68.8634 163.966 5467.85
internal_count=129966 102913 32328 2816 1122 219 1694 1464 230 1162 791 371 903 29512
cat_boundaries=0 2 3 4
cat_threshold=1361449992 32836 2437379 2
is_linear=0
shrinkage=0.05


Tree=129
num_leaves=15
num_cat=5
split_feature=2 8 6 4 8 3 8 4 8 6 7 4 8 7
split_gain=2.32926 8.5176 6.81611 5.096 4.88297 4.0232 4.83905 4.163 3.91168 7.51854 3.11231 2.62087 2.45521 2.38766
threshold=0 13.500000000000002 10.500000000000002 1 17.500000000000004 2 4.5000000000000009 3 8.5000000000000018 10.500000000000002 3.5000000000000004 4 19.500000000000004 3.5000000000000004
decision_type=9 2 2 1 2 9 2 1 2 2 2 1 2 2
left_child=1 5 3 -3 -4 6 -1 -7 9 -9 -5 -8 -6 -13
right_child=-2 2 4 10 12 7 11 8 -10 -11 -12 13 -14 -15
leaf_value=-0.010814162493617071 -2.2973348697431218e-05 -0.0067950881785191668 -0.024956409953871307 -0.03715931434970212 0.038157071271105056 -0.035732933155349068 -0.0010401251724676472 -0.034713790538256205 0.022988313210900415 0.021442208865906007 -0.078208860264164168 0.015857446013919332 -0.0030421858902577171 0.046845847181467969
leaf_weight=13.318067725747822 23910.180266590789 8.2430219016969204 15.195775493979456 11.380795221775772 6.5841677114367476 10.820151392370462 7.4635881930589676 14.620971361175181 11.991682181134818 10.062702639028428 7.7699719443917266 11.427077163010837 8.0220864824950677 13.63089783489704
leaf_count=72 129008 51 87 72 48 55 39 79 71 53 45 71 48 66
internal_value=-6.3311e-05 -0.006066 -0.0216624 -0.0396658 -0.00511388 0.00284157 0.0119623 -0.00700489 -0.000439375 -0.0118209 -0.0538142 0.0249678 0.0155295 0.0327143
internal_weight=24060.7 150.531 57.1958 27.3938 29.802 93.3351 45.8396 47.4955 36.6754 24.6837 19.1508 32.5216 14.6063 25.058
internal_count=129865 857 351 168 183 506 248 258 203 132 117 176 96 137
cat_boundaries=0 1 2 4 5 6
cat_threshold=1 2 1074136064 16388 4 4
is_linear=0
shrinkage=0.05


Tree=130
num_leaves=15
num_cat=9
split_feature=3 2 7 3 2 2 3 7 8 2 5 4 8 2
split_gain=2.58966 4.6732 8.44771 6.42647 8.70753 8.13125 6.20066 13.7241 5.28031 7.94144 7.40878 5.0368 4.75091 4.57179
threshold=0 1 5.5000000000000009 2 3 4 5 1.5000000000000002 1.0000000180025095e-35 6 3.0000000000000004 7 14.500000000000002 8
decision_type=9 9 2 9 9 9 9 2 2 9 2 1 2 9
left_child=-1 2 6 4 -4 12 7 -2 9 10 -3 -11 -5 -9
right_child=1 8 3 5 -6 -7 -8 13 -10 11 -12 -13 -14 -15
leaf_value=-0.00025980240057240771 0.053452902538961455 -0.052906290579585326 -0.012188996633165894 0.011431077185913043 0.014294354752735168 3.3442732689970526e-05 -0.002125734188826217 -0.014894329792928748 0.0015489746870848775 0.00094595397261595232 -0.00029959454990715061 0.021101818827001465 0.028968460888603161 0.013354704010545124
leaf_weight=16839.306932229549 16.951259437948465 8.5012971013784391 85.534667847678065 104.08697565644979 36.857737086713314 130.30177755653858 2482.836597384885 18.161120915785432 4067.7118485607207 42.867235386744142 31.460116684436798 111.91385984234512 61.396936113014817 19.188376808539033
leaf_count=90894 98 72 452 578 209 707 13418 95 21948 239 133 596 336 113
internal_value=7.98934e-05 0.000871568 -0.000655657 0.00592672 -0.0037364 0.0097228 -0.00174317 0.0136306 0.0019295 0.00997696 -0.00919104 0.0145777 0.0169155 -0.000793555
internal_weight=24057.1 7217.77 2955.32 418.178 122.392 295.786 2537.14 54.3008 4262.45 194.743 39.9614 154.781 165.484 37.3495
internal_count=129888 38994 16006 2282 661 1621 13724 306 22988 1040 205 835 914 208
cat_boundaries=0 2 3 5 6 7 9 10 11 12
cat_threshold=1344279112 53252 2601569 1025 1024 2265152 208992 603979776 1024 541700 2 12352
is_linear=0
shrinkage=0.05


Tree=131
num_leaves=15
num_cat=8
split_feature=2 3 3 2 6 3 8 5 5 2 5 8 2 3
split_gain=2.04824 5.4092 4.98795 6.35797 4.4076 3.88856 5.1071 31.1787 7.87882 6.5098 6.70314 6.4003 10.8032 13.4673
threshold=0 1 2 3 1.5000000000000002 4 11.500000000000002 1.0000000180025095e-35 1.0000000180025095e-35 5 1.5000000000000002 18.500000000000004 6 7
decision_type=9 9 9 9 2 9 2 2 2 9 2 2 9 9
left_child=1 4 3 -2 -1 -3 7 -7 -8 10 -9 12 -10 -14
right_child=2 5 -4 -5 -6 6 8 9 11 -11 -12 -13 13 -15
leaf_value=0.0097661229464416077 -0.014231714933708893 -0.0012369261715838506 0.00032848229831737878 0.01139962901526672 -0.011242448290799165 -0.051828481102859529 0.020169237266965494 0.021104408268086058 0.006811245110507954 0.00078910170840488158 -0.0061157728219971104 -0.0010269652690412683 -0.0058248972245846381 0.0088911031124119973
leaf_weight=28.768991308286786 20.530349308624864 5812.7736292406917 11732.99407620728 176.16209771856666 188.86354757845402 29.74383844807744 58.532241728156805 23.532591843977571 1043.1167710758746 2402.4061883240938 581.35235373675823 1286.4090034980327 483.76016553677619 217.20204760879278
leaf_count=154 109 31382 63391 963 1028 876 833 487 5328 12453 2641 6609 2587 1174
internal_value=-8.25379e-07 -0.000457399 0.000464421 0.00816517 -0.00809343 -0.000311545 0.000567098 -0.000887946 0.00199949 -0.000384114 -0.00497455 0.00164855 0.00362198 -0.00120404
internal_weight=24086.1 12156.5 11929.7 196.692 217.633 11938.8 6126.06 3037.03 3089.02 3007.29 604.885 3030.49 1744.08 700.962
internal_count=130015 65552 64463 1072 1182 64370 32988 16457 16531 15581 3128 15698 9089 3761
cat_boundaries=0 1 3 5 6 8 9 10 12
cat_threshold=3220427 268959816 4096 805830720 4096 1028 1141116928 32768 3211264 3145864 536872448 68
is_linear=0
shrinkage=0.05


Tree=132
num_leaves=15
num_cat=7
split_feature=2 3 3 3 2 8 8 7 6 8 3 8 7 4
split_gain=3.66145 9.71539 5.91115 5.18619 4.48603 11.9443 7.79224 8.36098 6.31014 6.56916 5.86593 16.0557 8.62378 5.25084
threshold=0 1 2 3 4 1.0000000180025095e-35 6.5000000000000009 5.5000000000000009 11.500000000000002 21.500000000000004 5 19.500000000000004 3.5000000000000004 6
decision_type=9 9 9 9 9 2 2 2 2 2 9 2 2 1
left_child=3 -2 -3 -1 5 -5 -7 8 10 -10 -8 12 -12 -9
right_child=1 2 -4 4 -6 6 7 13 9 -11 11 -13 -14 -15
leaf_value=-0.0012591714526046774 -0.0013667945425574052 0.0014453470019766279 0.0093799039332220571 0.03402901015271495 0.0015864881704162005 -0.015889834223144921 -0.0098398083100505566 0.052372790220143899 -0.024092369197784569 0.018007404513276638 0.020357317994890281 -0.027189094573475927 -0.006935911065422672 0.01007284422624396
leaf_weight=8347.9153869282454 3865.266741450876 7622.6956392712891 233.14516514353454 20.549706971272826 3471.2677508294582 121.88995940424502 100.11041879095137 8.8487267754971981 59.733556807041168 10.967203781008719 98.668950753286481 31.4575270768255 40.955070503056049 42.929535403847694
leaf_count=45096 20837 41317 1279 117 18656 684 529 48 322 54 526 182 220 228
internal_value=5.05609e-05 0.000683301 0.00169245 -0.000549809 0.000927345 -0.00329145 -0.00484284 -0.00142243 -0.00425813 -0.0175618 -0.000789819 0.00480045 0.0123516 0.0173018
internal_weight=24076.4 11721.1 7855.84 12355.3 4007.38 536.111 515.561 393.671 341.893 70.7008 271.192 171.082 139.624 51.7783
internal_count=130095 63433 42596 66662 21566 2910 2793 2109 1833 376 1457 928 746 276
cat_boundaries=0 1 3 5 7 8 9 10
cat_threshold=1251211 1130497545 1024 266240 49220 354684992 53316 384 1073741824 4
is_linear=0
shrinkage=0.05


Tree=133
num_leaves=15
num_cat=4
split_feature=2 3 6 8 8 7 8 6 7 3 7 6 4 6
split_gain=3.76348 8.73708 6.58204 6.2454 3.62042 9.16581 4.11796 4.63838 4.60665 8.16835 12.3523 11.9316 5.99139 5.55704
threshold=0 1 11.500000000000002 13.500000000000002 1.5000000000000002 1.5000000000000002 5.5000000000000009 10.500000000000002 2.5000000000000004 2 3.5000000000000004 8.5000000000000018 3 6.5000000000000009
decision_type=9 9 2 2 2 2 2 2 2 9 2 2 1 2
left_child=1 2 4 -4 5 -1 7 -6 13 10 11 -10 -11 -8
right_child=-2 -3 3 -5 6 -7 8 -9 9 12 -12 -13 -14 -15
leaf_value=-0.055678323584731418 -2.8094593447742379e-06 -0.00069137896653633662 0.0084195895155316069 0.040228969204342359 0.011809882180581424 0.0025370709916379807 -0.0010633327192042599 0.044746534747690074 -0.0041611664098065498 -0.0078540122255051741 -0.00059958167405088116 -0.069121480175177413 0.016502215258790229 0.017474563485206505
leaf_weight=8.2617564219981414 22604.515307569876 850.5552832391113 34.610873116180301 27.845388481393456 83.622967569157481 37.231181653216481 63.790791815146804 12.255878834053872 13.32800340652466 35.718812990933657 86.504115886986256 15.051766747608779 86.141812209039927 110.37274146638811
leaf_count=45 121885 4655 190 163 462 192 359 75 77 190 464 84 469 581
internal_value=0.000156947 0.00260371 0.00710091 0.0226014 0.00547656 -0.00803515 0.00668947 0.0160201 0.00451233 -2.84357e-05 -0.00919035 -0.0386141 0.00865304 0.0106847
internal_weight=24069.8 1465.29 614.736 62.4563 552.28 45.4929 506.787 95.8788 410.908 236.745 114.884 28.3798 121.861 174.164
internal_count=129891 8006 3351 353 2998 237 2761 537 2224 1284 625 161 659 940
cat_boundaries=0 1 3 5 6
cat_threshold=16900 1075971073 68 1024 4 2
is_linear=0
shrinkage=0.05


Tree=134
num_leaves=15
num_cat=2
split_feature=0 2 7 8 7 8 6 8 6 6 6 8 6 6
split_gain=2.32746 5.114 5.53543 5.45501 8.26172 12.1952 18.7506 15.4987 11.1792 11.039 7.19803 6.7613 12.777 6.7103
threshold=0 1 5.5000000000000009 12.500000000000002 3.5000000000000004 9.5000000000000018 9.5000000000000018 7.5000000000000009 9.5000000000000018 4.5000000000000009 11.500000000000002 1.5000000000000002 6.5000000000000009 2.5000000000000004
decision_type=1 9 2 2 2 2 2 2 2 2 2 2 2 2
left_child=1 2 3 4 10 6 7 9 -7 -6 13 -11 -13 -1
right_child=-2 -3 -4 -5 5 8 -8 -9 -10 11 -12 12 -14 -15
leaf_value=-0.02796020272160521 -7.4116076803530759e-05 0.0004727384394938409 0.030645462778768146 0.016018251195613502 0.028830658696206109 -0.023760147498446932 0.046892406133835184 0.052150476112017022 -0.15921477563128605 -0.0077530348564749038 -0.040194053500056948 -0.22722634849116938 -0.077026761749385997 0.023867874251812971
leaf_weight=7.3755290433764449 23221.699791075662 689.34524893574417 27.908711245283484 78.66808932647109 2.1514432094991269 3.2972848676145068 9.5503507051616889 3.2352392654865971 2.8310797456651926 1.6845351848751287 6.4834965504705897 1.9710626229643819 5.0270095821470022 40.753807255998254
leaf_count=148 110047 14671 819 2145 58 90 275 90 71 57 171 60 159 1173
internal_value=2.20477e-05 0.00253092 0.00956828 0.00654701 -0.00228509 -0.0234859 -0.00717903 -0.0438832 -0.0863352 -0.0725605 0.00926316 -0.097684 -0.119332 0.0159255
internal_weight=24102 880.283 190.938 163.029 84.3608 29.748 23.6196 14.0693 6.12836 10.8341 54.6128 8.68261 6.99807 48.1293
internal_count=130034 19987 5316 4497 2352 860 699 424 161 334 1492 276 219 1321
cat_boundaries=0 1 2
cat_threshold=1 722913
is_linear=0
shrinkage=0.05


Tree=135
num_leaves=15
num_cat=9
split_feature=2 7 3 3 0 2 2 3 7 8 8 3 7 2
split_gain=3.10663 6.53907 11.4482 8.78679 7.01845 6.36327 5.41757 11.0272 8.7438 5.40374 7.61952 5.32854 5.32771 13.7564
threshold=0 2.5000000000000004 1 2 3 4 5 6 1.5000000000000002 17.500000000000004 2.5000000000000004 7 3.5000000000000004 8
decision_type=9 2 9 9 1 9 9 9 2 2 2 9 2 9
left_child=1 2 -1 4 -3 -6 7 8 -4 10 -10 -5 -2 -14
right_child=12 3 6 11 5 -7 -8 -9 9 -11 -12 -13 13 -15
leaf_value=0.021368629540315483 -0.00046138267594441446 -0.016570716439608411 -0.0024482210032266182 -0.0031289095301003851 0.018823399637683959 -0.012844211354892197 0.0010223862253961301 -0.0084950114076863467 -0.011935805422818989 -0.0024444914024145119 0.028217679936235886 -0.00034361917439372324 -0.0019405049010851397 0.0038537229324579927
leaf_weight=55.936198394745588 5924.535392710939 157.30161230266094 215.22053006105125 2576.7781574260443 26.424434080719948 19.988288460299373 4963.0623787902296 447.27200911566615 14.250694487243889 33.413342457264662 69.115416327491403 5135.1619008518755 1573.3248500935733 2907.4881730005145
leaf_count=296 31998 713 1231 13879 237 160 26679 2518 82 171 412 27613 8492 15708
internal_value=-0.000129189 -0.000623233 0.000651991 -0.00155813 -0.0115661 0.00532603 0.00041226 -0.00343726 0.00342572 0.0145445 0.0213538 -0.00127711 0.000522043 0.0018235
internal_weight=24119.3 13713.9 5798.27 7915.65 203.714 46.4127 5742.33 779.272 332 116.779 83.3661 7711.94 10405.3 4480.81
internal_count=130189 73991 31389 42602 1110 397 31093 4414 1896 665 494 41492 56198 24200
cat_boundaries=0 1 2 4 5 6 7 9 11 12
cat_threshold=6973451 16777216 50331656 4096 10 4341770 16387 4719624 53252 1614807616 1028 1049024
is_linear=0
shrinkage=0.05


Tree=136
num_leaves=15
num_cat=1
split_feature=2 7 8 7 6 8 8 6 8 6 6 8 6 6
split_gain=3.11377 7.63557 14.5439 11.1292 9.36828 6.28199 11.3042 4.61061 4.25401 4.38025 6.84375 4.09152 5.87962 5.25236
threshold=0 5.5000000000000009 17.500000000000004 1.5000000000000002 8.5000000000000018 14.500000000000002 7.5000000000000009 7.5000000000000009 10.500000000000002 10.500000000000002 11.500000000000002 20.500000000000004 10.500000000000002 10.500000000000002
decision_type=9 2 2 2 2 2 2 2 2 2 2 2 2 2
left_child=1 2 3 7 -5 6 -3 -1 -6 -10 -11 12 -4 -13
right_child=-2 5 11 4 8 -7 -8 -9 9 10 -12 13 -14 -15
leaf_value=-0.017547045231724182 9.2818668180113982e-06 0.012321903825712154 0.048962099822651706 0.036062195591302575 -0.01031979554531998 -0.0039784378317112299 0.077957205713730826 0.020173463810188398 -0.048616326940668649 0.0027935144100946943 -0.051666291709638851 -0.010193491372000617 0.011340814049223691 0.031864777380621899
leaf_weight=9.9853854794055206 23779.728278316557 15.996147941797974 21.809244055300951 8.4582615569233877 63.674164783209562 12.187745127826927 11.120609559118746 42.929634654894471 19.0216194242239 16.04147882014513 9.0082544013857859 18.166893243789676 19.826624438166618 12.552178876474498
leaf_count=52 128529 81 107 48 367 72 60 233 86 91 47 86 97 75
internal_value=7.22012e-05 0.00521491 0.00207408 -0.00595219 -0.0146076 0.0258379 0.039239 0.0130554 -0.0185852 -0.0305271 -0.016791 0.0208343 0.0310472 0.00699202
internal_weight=24060.5 280.778 241.474 169.119 116.204 39.3045 27.1168 52.915 107.746 44.0714 25.0497 72.3549 41.6359 30.7191
internal_count=130031 1502 1289 924 639 213 141 285 591 224 138 365 204 161
cat_boundaries=0 1
cat_threshold=4
is_linear=0
shrinkage=0.05


Tree=137
num_leaves=15
num_cat=5
split_feature=0 2 3 3 8 8 6 6 4 8 8 6 6 7
split_gain=4.02784 5.0913 8.95669 8.03502 7.54858 7.98588 9.7528 7.58278 4.84236 6.90879 8.29804 16.4409 8.52531 5.68208
threshold=0 1 2 3 21.500000000000004 22.500000000000004 3.5000000000000004 8.5000000000000018 4 9.5000000000000018 11.500000000000002 3.5000000000000004 9.5000000000000018 2.5000000000000004
decision_type=1 9 9 9 2 2 2 2 1 2 2 2 2 2
left_child=1 3 -3 -1 -4 6 -6 -8 -5 13 11 -11 -13 -10
right_child=-2 2 4 8 5 -7 7 -9 9 10 -12 12 -14 -15
leaf_value=-0.0059651558022559845 -7.6226845009626334e-06 -0.0023674785204574962 0.01688216943074608 0.01752550821674902 -0.10655979589728347 0.018324032027662914 0.052344984341041623 -0.060461722277218556 0.032003346940229403 -0.095331666797233289 9.2644043076792692e-05 0.043924306887229758 -0.0598657341813493 0.0026798767675221512
leaf_weight=258.02849187515676 23197.74498206377 138.001115584746 215.34420148655772 72.247931644320488 4.0509417429566383 8.9394950680434704 2.8786110058426857 3.0874977391213179 28.153684662654996 7.1121497564017764 97.394611334428191 5.6010013744235021 3.0591279231011868 39.980180287733674
leaf_count=5234 109989 3416 5601 1595 65 267 74 67 577 98 2034 119 49 910
internal_value=0.000119333 0.0034128 0.00779811 0.000133053 0.0136374 -0.016029 -0.0466866 -0.00603318 0.00632987 0.00221757 -0.00535587 -0.0390007 0.00726123 0.0147967
internal_weight=24081.6 883.879 372.302 511.577 234.301 18.9565 10.0171 5.96611 253.549 181.301 113.167 15.7723 8.66013 68.1339
internal_count=130095 20106 9490 10616 6074 473 206 141 5382 3787 2300 266 168 1487
cat_boundaries=0 1 2 4 6 7
cat_threshold=1 6310287 36045377 1028 1696989185 53248 2
is_linear=0
shrinkage=0.05


Tree=138
num_leaves=15
num_cat=4
split_feature=2 7 6 2 8 8 7 8 7 2 4 6 8 8
split_gain=3.1132 8.77166 12.7019 7.62166 16.0539 7.11916 8.9737 6.97812 6.95405 17.6477 20.2723 20.877 14.941 12.5108
threshold=0 3.5000000000000004 3.5000000000000004 1 19.500000000000004 20.500000000000004 4.5000000000000009 19.500000000000004 4.5000000000000009 2 3 11.500000000000002 6.5000000000000009 7.5000000000000009
decision_type=9 2 2 9 2 2 2 2 2 9 1 2 2 2
left_child=1 -1 5 4 -4 6 7 -3 9 10 -5 12 -12 -13
right_child=-2 2 3 8 -6 -7 -8 -9 -10 -11 11 13 -14 -15
leaf_value=-0.0024997957124904845 0.00025717320322616081 0.012788799551406214 -0.0065480031554514193 -0.0074250155412599831 -0.057129251790550721 0.016099898906052134 0.00045851519468554318 -0.02065996361259792 -0.002546677232432056 -0.0040665378668917288 0.0070437895077495446 0.029458446182373022 0.035923586673762282 -0.040084914373683965
leaf_weight=4123.3584482222795 16792.012326255441 285.25869960151613 144.83726893924177 92.525125227868557 17.592474795877934 136.82730719447136 624.14089157991111 16.494181174784899 1256.9131809361279 348.88992495462298 67.730132548138499 9.3840907923877257 132.19741942547262 20.805560214444995
leaf_count=22489 90393 1560 783 513 94 722 3278 84 6987 1862 337 57 726 117
internal_value=-0.000117263 -0.000980303 0.00100334 -0.00125895 -0.0113289 0.00545433 0.00388114 0.0109604 -0.000350208 0.00375573 0.0119694 0.0202876 0.0261399 -0.0184682
internal_weight=24069 7276.95 3153.6 2090.88 162.43 1062.72 925.894 301.753 1928.45 671.532 322.642 230.117 199.928 30.1897
internal_count=130002 39609 17120 11476 877 5644 4922 1644 10599 3612 1750 1237 1063 174
cat_boundaries=0 1 2 3 4
cat_threshold=1970691 2 1311233 2
is_linear=0
shrinkage=0.05


Tree=139
num_leaves=15
num_cat=8
split_feature=2 8 8 3 0 3 4 8 6 4 7 4 2 8
split_gain=2.58351 11.1095 13.8242 12.88 11.8801 11.0298 11.5735 13.7409 12.9067 9.08219 9.06234 16.7232 9.3824 11.8478
threshold=0 15.500000000000002 2.5000000000000004 1 2 3 4 22.500000000000004 10.500000000000002 5 5.5000000000000009 6 7 20.500000000000004
decision_type=9 2 2 9 1 9 1 2 2 1 2 1 9 2
left_child=1 2 -1 -4 -3 6 7 8 -6 -5 -8 12 -12 -14
right_child=-2 4 3 9 5 -7 10 -9 -10 -11 11 -13 13 -15
leaf_value=0.0056020788552957092 -0.00052544997518390248 0.030705102786986894 -0.02531700789750679 0.0025052856179830826 -0.0042495032315973732 0.0090750519822727777 0.0016673981021025992 0.016760532972556728 -0.026384099781247079 -0.0036426153641115101 0.021967906313089442 0.048690542792162901 -0.031041017068179938 0.014474449213241633
leaf_weight=671.81977704167366 18601.482820771635 30.777132764458656 49.891981948167086 845.84068164974451 228.13727861270308 551.9318353254348 717.02818452566862 53.371440779417753 92.586533786728978 2072.9906722549349 38.261287303641438 30.147931486368179 28.954231817275286 28.244494624435902
leaf_count=3666 100320 485 266 4726 1193 2880 3689 283 489 11269 185 171 141 140
internal_value=-0.000245264 0.000712459 -0.000874796 -0.00234051 0.00392768 0.00326962 0.000583662 -0.00673023 -0.0106393 -0.00185468 0.00383765 0.0162265 0.00597375 -0.00729099
internal_weight=24041.5 5439.98 3640.54 2968.72 1799.44 1768.66 1216.73 374.095 320.724 2918.83 842.636 125.608 95.46 57.1987
internal_count=129903 29583 19927 16261 9656 9171 6291 1965 1682 15995 4326 637 466 281
cat_boundaries=0 1 3 4 6 7 8 9 10
cat_threshold=270820 2097152 5120 2 1713378888 32772 2 2 1 8352
is_linear=0
shrinkage=0.05


Tree=140
num_leaves=15
num_cat=4
split_feature=2 7 8 6 8 3 4 6 8 6 8 5 5 2
split_gain=2.99668 7.11872 5.50258 5.49944 2.87222 3.86424 3.81008 3.05875 3.8077 2.12192 2.08127 133.115 58.6301 7.8777
threshold=0 1.5000000000000002 10.500000000000002 10.500000000000002 15.500000000000002 1 2 10.500000000000002 17.500000000000004 10.500000000000002 11.500000000000002 1.0000000180025095e-35 1.0000000180025095e-35 3
decision_type=9 2 2 2 2 9 1 2 2 2 2 2 2 9
left_child=1 2 -1 -4 5 9 -6 -8 -9 -3 11 -2 13 -12
right_child=10 4 3 -5 6 -7 7 8 -10 -11 12 -13 -14 -15
leaf_value=-0.0042176645910599157 -0.051789703754023697 0.011341180221702156 -0.071382642999256868 -0.019458611403369189 0.020058802677700417 -0.0039769565550836312 -0.039288891266860998 -0.029766801396529954 0.021425010620769003 0.041035793499439595 -0.0049601332227929944 0.00020280123800227399 0.00011666295940740885 0.02869959528984603
leaf_weight=15.692088212817906 124.40769655071199 14.196332536637785 9.5158043801784533 10.987574767321346 6.9107842966914177 54.651671493425965 12.831845197826626 7.7659270800650102 6.8246796280145645 10.440579507499931 23.098823007196188 11785.126223215833 11799.277909921482 195.80063547194004
leaf_count=84 3737 73 58 69 48 294 84 42 46 53 280 60926 61377 2932
internal_value=8.25815e-05 -0.00674146 -0.0265019 -0.043557 -0.00103986 0.00419132 -0.0131207 -0.0214823 -0.0058221 0.0170177 0.000128072 -0.000340316 0.000592333 0.0262322
internal_weight=24077.5 149.817 36.1955 20.5034 113.622 79.2886 34.3332 27.4225 14.5906 24.6369 23927.7 11909.5 12018.2 218.899
internal_count=130103 851 211 127 640 420 220 172 88 126 129252 64663 64589 3212
cat_boundaries=0 1 3 4 5
cat_threshold=1 1073873920 16384 2 720896
is_linear=0
shrinkage=0.05


Tree=141
num_leaves=15
num_cat=5
split_feature=3 6 7 1 8 8 7 5 8 4 7 8 4 1
split_gain=2.12682 7.26961 5.33826 4.91607 9.19896 6.83492 12.9948 8.99334 6.7717 8.92684 8.6752 7.22694 7.4057 4.70698
threshold=0 3.5000000000000004 2.5000000000000004 1 22.500000000000004 21.500000000000004 3.5000000000000004 3.0000000000000004 5.5000000000000009 2 3.5000000000000004 7.5000000000000009 3 4
decision_type=9 2 2 1 2 2 2 2 2 1 2 2 1 1
left_child=-1 2 13 -4 5 8 -7 -8 9 10 -5 12 -10 -2
right_child=1 -3 3 4 -6 6 7 -9 11 -11 -12 -13 -14 -15
leaf_value=-0.00042743332943855457 0.0075644042170916973 -0.00029019372132665439 0.0023526301347464341 -0.03896265224224113 -0.025658937102001473 0.062821125475322578 -0.044281634087450478 0.020284450103804461 0.0085900487741212197 0.012081109090950153 0.00052839832790830502 -0.0028785894533280704 -0.028445000801243722 0.0022771052109283592
leaf_weight=10694.506700810045 666.81616334989667 9018.6417615786195 1576.6889243945479 18.161609461531043 40.21857763454318 11.920177418738602 8.0132056996226328 16.495572611689568 17.74826761521399 153.96252986975014 59.358007276430726 515.21769334562123 56.370871996507049 1196.2547019850463
leaf_count=57706 3618 48988 8512 98 207 60 75 69 94 821 323 2775 281 6319
internal_value=9.78389e-05 0.000518374 0.00220087 0.000678695 -0.00226311 -0.00119187 0.0200007 -0.000825591 -0.00213242 0.00511391 -0.00872372 -0.00497867 -0.0195767 0.00422232
internal_weight=24050.4 13355.9 4337.23 2474.16 897.467 857.248 36.429 24.5088 820.819 231.482 77.5196 589.337 74.1191 1863.07
internal_count=129946 72240 23252 13315 4803 4596 204 144 4392 1242 421 3150 375 9937
cat_boundaries=0 2 3 4 5 6
cat_threshold=337904648 33796 21 2 2 10
is_linear=0
shrinkage=0.05


Tree=142
num_leaves=15
num_cat=4
split_feature=2 8 2 6 8 8 1 8 7 8 8 4 8 5
split_gain=3.11337 9.51618 11.9685 9.22645 34.5415 10.8806 14.2689 13.5045 13.3169 11.9943 10.9805 9.20486 9.0039 8.15254
threshold=0 1.0000000180025095e-35 1 11.500000000000002 1.0000000180025095e-35 9.5000000000000018 2 14.500000000000002 4.5000000000000009 17.500000000000004 11.500000000000002 3 22.500000000000004 3.0000000000000004
decision_type=9 2 9 2 2 2 1 2 2 2 2 1 2 2
left_child=3 2 -2 -1 -5 -6 9 8 10 -7 -8 13 -13 -9
right_child=1 -3 -4 4 5 6 7 11 -10 -11 -12 12 -14 -15
leaf_value=-0.00018716777648354502 0.015948982816472317 0.00099234568198859965 -0.0086065608780835998 0.047364906615924553 -0.021949532849862979 0.0080144623553835125 -0.03393444577402184 0.038053753333766011 0.035695988739044171 0.081343048840745488 0.0099179326459261502 -0.032512832783907618 0.012882882195492119 -0.01350301744057146
leaf_weight=11897.922939321026 47.188684053719044 11217.938077419996 445.65350979007781 26.693309426307678 151.18319413438439 13.753564406186344 23.128265183418989 11.18295209109783 26.40763683617115 9.3797010872513038 37.291957344859838 88.136531561613083 12.468187525868414 24.392397329211235
leaf_count=64181 260 60643 2372 134 814 91 138 119 133 58 213 530 75 104
internal_value=0.000109587 0.000693005 -0.00610643 -0.000445095 -0.00769301 -0.0113919 -0.00490734 -0.00893145 0.00607709 0.0263542 -0.00686833 -0.0191567 -0.0268868 0.00270362
internal_weight=24032.7 11710.8 492.842 12321.9 424.018 397.324 246.141 223.008 86.8279 23.1333 60.4202 136.18 100.605 35.5753
internal_count=129865 63275 2632 66590 2409 2275 1461 1312 484 149 351 828 605 223
cat_boundaries=0 1 2 3 4
cat_threshold=5443851 160 1 2
is_linear=0
shrinkage=0.05


Tree=143
num_leaves=15
num_cat=4
split_feature=7 2 5 8 2 2 4 6 6 8 5 8 8 6
split_gain=3.11236 16.6287 13.741 7.78887 21.9593 9.96495 9.63038 22.8549 9.04578 10.2625 8.31118 8.42268 8.31967 6.27362
threshold=1.0000000180025095e-35 0 3.0000000000000004 9.5000000000000018 1 2 3 7.5000000000000009 1.5000000000000002 1.5000000000000002 1.0000000180025095e-35 10.500000000000002 12.500000000000002 9.5000000000000018
decision_type=2 9 2 2 9 9 1 2 2 2 2 2 2 2
left_child=1 2 3 4 8 -5 7 -7 -1 -10 -8 -12 -13 -14
right_child=-2 -3 -4 5 -6 6 10 -9 9 -11 11 12 13 -15
leaf_value=0.049318452181222133 -7.1768465686872983e-05 0.0047221343462873358 0.00041560136406939495 0.0094051586531264005 -0.035081697815634819 -0.077737734652980464 0.046563945176272555 0.020510326145053454 0.048797452062105354 -0.010724637752666365 0.038144720243604768 -0.053922965081773078 -7.1548617119224252e-05 -0.028114390384273266
leaf_weight=8.8655089884996396 20576.107937891036 1874.5674952138215 1197.9730577915907 79.171377342194319 80.970316423103213 15.673745421692731 6.9213508963584891 9.5113806873559934 8.1421335749328119 65.479766214266419 8.4466008394956571 11.479452047497032 64.030431216582656 28.966527473181486
leaf_count=70 111414 9951 5058 788 741 137 110 91 85 569 73 91 540 203
internal_value=0.000161551 0.00154898 -0.00221817 -0.0104145 -0.0187149 -0.00436294 -0.0117194 -0.0406335 0.00143048 -0.00414186 -0.00662096 -0.00988081 -0.0137635 -0.00880628
internal_weight=24036.3 3460.2 1585.63 387.659 163.458 224.201 145.029 25.1851 82.4874 73.6219 119.844 112.923 104.476 92.997
internal_count=129921 18507 8556 3498 1465 2033 1245 228 724 654 1017 907 834 743
cat_boundaries=0 1 2 3 4
cat_threshold=4904353 184577 4735136 4
is_linear=0
shrinkage=0.05


Tree=144
num_leaves=15
num_cat=8
split_feature=0 3 2 8 2 4 2 2 8 6 8 6 2 8
split_gain=3.15823 3.94835 7.14733 5.74785 8.02717 5.61159 17.2697 8.53419 19.8376 11.2045 10.034 8.15166 11.4034 9.98111
threshold=0 1 2 2.5000000000000004 3 4 5 6 19.500000000000004 11.500000000000002 1.5000000000000002 5.5000000000000009 7 6.5000000000000009
decision_type=1 9 9 2 9 1 9 9 2 2 2 2 9 2
left_child=1 5 -3 4 -4 6 -1 8 9 10 -8 12 -9 -13
right_child=-2 2 3 -5 -6 -7 7 11 -10 -11 -12 13 -14 -15
leaf_value=0.015341536911921947 -0.00057064136470035053 -0.0015474459998950172 -0.0098144152267098453 0.005439909888889879 0.010507461445102156 0.0006199175356426897 -0.093544137341876971 -0.0056194748403813298 -0.089811807970189311 0.030407101406140287 -0.018261768770588781 -0.032458778607880746 0.01885834163781859 -0.0056146028570137237
leaf_weight=80.808172194287181 18564.519228274003 792.53433772176504 141.65229514427483 1380.9747294913977 62.711593659594655 2480.2923047002405 5.0448238775134078 205.69199518114328 10.955525895580648 10.484831443056462 36.093365136533976 52.606800587847829 51.049765745177865 101.31710004992783
leaf_count=670 84291 6616 1170 11811 572 20643 34 1617 82 94 311 414 403 942
internal_value=-0.000260915 0.000801056 0.00232263 0.0042549 -0.00354448 -0.00039504 -0.00494577 -0.00855334 -0.0247479 -0.0157339 -0.0274937 -0.00555592 -0.00023673 -0.0147892
internal_weight=23976.7 5412.22 2377.87 1585.34 204.364 3034.34 554.052 473.244 62.5785 51.623 41.1382 410.666 256.742 153.924
internal_count=129670 45379 20169 13553 1742 25210 4567 3897 521 439 345 3376 2020 1356
cat_boundaries=0 1 3 4 5 6 7 8 9
cat_threshold=5 1612972608 33796 1022464 7357452 4 2294400 1589281 45066
is_linear=0
shrinkage=0.05


Tree=145
num_leaves=15
num_cat=7
split_feature=2 3 2 3 2 3 8 5 5 8 8 2 8 8
split_gain=2.30212 5.59156 7.2438 4.32738 5.55917 4.54469 4.44946 44.2676 22.832 17.6268 11.1054 15.2344 14.9082 9.69256
threshold=0 1 2 3 4 5 9.5000000000000018 1.0000000180025095e-35 1.0000000180025095e-35 11.500000000000002 3.5000000000000004 6 4.5000000000000009 6.5000000000000009
decision_type=9 9 9 9 9 9 2 2 2 2 2 9 2 2
left_child=1 2 -1 4 -2 -6 7 -5 9 -8 -9 13 -13 -12
right_child=3 -3 -4 6 5 -7 8 10 -10 -11 11 12 -14 -15
leaf_value=-0.0084450139316957027 -0.0047978074937159824 -0.00072965978988023632 0.0098441494118712645 -0.05166013459488325 0.0038627103029592429 -0.012255005974619065 -0.051703343765787904 0.003213330601964921 0.0012489025348029947 0.032036453734364173 -0.01020889617342279 0.013946608352753213 -0.00063372121952904865 -0.0014847191934484162
leaf_weight=62.222538040950894 806.86832012981176 12482.114594729617 245.14857621863484 41.844241738319397 397.48856071196496 39.448353983461857 6.7694381140172473 1640.99694237113 5786.3459554985166 87.66725692152977 646.2388691008091 214.25871810317039 964.67375963367522 627.50863624736667
leaf_count=355 4352 67553 1340 1349 2139 215 213 8366 30170 1375 3334 1086 4922 3204
internal_value=-0.000104785 -0.000563553 0.00599235 0.000416424 -0.00235376 0.0021659 0.000762425 -0.000493487 0.00164691 0.0260338 2.95222e-05 -0.00210065 0.00199914 -0.00586491
internal_weight=24049.6 12789.5 307.371 11260.1 1243.81 436.937 10016.3 4135.52 5880.78 94.4367 4093.68 2452.68 1178.93 1273.75
internal_count=129973 69248 1695 60725 6706 2354 54019 22261 31758 1588 20912 12546 6008 6538
cat_boundaries=0 1 2 3 5 6 8 9
cat_threshold=5057067 538968129 8227 69731401 4096 2233536 2098177 4096 3166336
is_linear=0
shrinkage=0.05


Tree=146
num_leaves=15
num_cat=5
split_feature=2 8 7 2 6 6 4 7 2 6 6 8 7 4
split_gain=1.96542 5.95277 11.6115 14.248 16.9288 27.5796 16.8624 16.8301 12.9795 18.1113 14.6383 18.9066 15.1426 13.1249
threshold=0 19.500000000000004 2.5000000000000004 1 10.500000000000002 8.5000000000000018 2 4.5000000000000009 3 11.500000000000002 6.5000000000000009 21.500000000000004 1.0000000180025095e-35 4
decision_type=9 2 2 9 2 2 1 2 9 2 2 2 2 1
left_child=1 -1 8 4 5 7 -6 -4 9 10 11 -3 -12 -13
right_child=-2 2 3 -5 6 -7 -8 -9 -10 -11 12 13 -14 -15
leaf_value=-0.0012864979227219008 0.0003177051657854181 0.032987372249946238 0.032469399491874724 -0.00048340379842648246 -0.00058459631732367943 -0.016702206339562046 0.076872586197895026 0.0063469020672729665 -0.012463461374401196 0.032774101158830053 -0.03006790734692015 0.017650325146874434 0.00070652460144342451 -0.030611571036001452
leaf_weight=6261.8828342650086 16511.424327688292 56.778806479647756 115.75933555699885 357.60436198115349 10.865725448355079 71.470131181180477 19.885923212394118 131.93389108218253 208.40985639579594 44.997498942539096 62.947737358510494 26.650803104043007 109.51686213724315 29.883253717795014
leaf_count=34356 88778 298 626 1982 48 374 100 682 1189 248 293 128 561 157
internal_value=1.27334e-05 -0.000657449 0.00249683 0.00670925 0.0136828 0.0106601 0.049504 0.0185552 -0.00303071 0.0031928 -0.00135324 0.0126076 -0.0105258 -0.00786036
internal_weight=24020 7508.59 1246.7 707.519 349.915 319.163 30.7516 247.693 539.185 330.775 285.777 113.313 172.465 56.5341
internal_count=129820 41042 6686 3812 1830 1682 148 1308 2874 1685 1437 583 854 285
cat_boundaries=0 1 2 3 4 5
cat_threshold=1910625 853056 2 598848 1
is_linear=0
shrinkage=0.05


Tree=147
num_leaves=15
num_cat=5
split_feature=0 8 2 6 5 8 4 7 2 2 8 6 7 6
split_gain=3.02479 4.24269 32.8201 22.9185 17.0919 12.9042 10.7811 23.6489 9.79848 9.7509 17.4544 16.6482 44.5981 15.4949
threshold=0 19.500000000000004 1 5.5000000000000009 1.5000000000000002 20.500000000000004 2 4.5000000000000009 3 4 16.500000000000004 11.500000000000002 4.5000000000000009 10.500000000000002
decision_type=1 2 9 2 2 2 1 2 9 9 2 2 2 2
left_child=1 9 3 -3 -5 8 7 -7 -6 10 -1 13 -13 -12
right_child=-2 2 -4 4 5 6 -8 -9 -10 -11 11 12 -14 -15
leaf_value=0.00081968779632745909 -0.00028295684097843533 -0.029607296505025887 0.0061209373300414004 0.023694686838462081 0.0048396530564793396 0.011626474324852178 0.0043278386885064468 -0.086483571440628029 -0.038537577403197965 0.0035451303922908531 -0.013109185657214462 -0.00433512461084624 -0.1923861284707945 0.045902131340668853
leaf_weight=1505.4474037587643 18616.008519103751 137.32044051773846 523.21779048256576 45.033052682876587 21.939276799559593 13.854088991880419 118.53649561107159 11.034243002533911 42.130119279026985 2745.1128885783255 227.48808467388153 9.6648074407130462 4.6793777402490369 11.695833042263983
leaf_count=12756 84525 1048 4470 1067 119 77 683 59 240 22740 1925 83 42 107
internal_value=1.97213e-05 0.00105844 -0.00204744 -0.012838 -0.00422746 -0.0102875 -0.00195363 -0.0318706 -0.0289435 0.00169041 -0.00121735 -0.0133613 -0.0656814 -0.0102236
internal_weight=24033.2 5417.15 913.066 389.848 252.527 207.494 143.425 24.8883 64.0694 4504.09 1758.98 253.528 14.3442 239.184
internal_count=129941 45416 7763 3293 2245 1178 819 136 359 37653 14913 2157 125 2032
cat_boundaries=0 1 2 3 4 5
cat_threshold=5 7375233 4 3147776 337736
is_linear=0
shrinkage=0.05


Tree=148
num_leaves=15
num_cat=9
split_feature=0 8 2 6 6 4 2 3 8 2 6 3 4 2
split_gain=2.51422 3.1636 26.0713 23.1516 6.92284 9.15425 5.98238 7.4379 7.64651 6.35276 9.12133 7.16016 6.34012 14.8963
threshold=0 1.0000000180025095e-35 1 4.5000000000000009 2.5000000000000004 2 3 4 10.500000000000002 5 9.5000000000000018 6 7 8
decision_type=1 2 9 2 2 1 9 9 2 9 2 9 1 9
left_child=1 2 3 -1 5 -4 -3 8 9 11 -11 -8 13 -10
right_child=-2 6 4 -5 -6 -7 7 -9 12 10 -12 -13 -14 -15
leaf_value=0.0052422033682219087 -0.0001117372578998376 0.00019783136709195334 -0.054379242150136425 -0.039436279993843498 0.021503445219576027 0.012510583983433894 0.00760238780371359 0.0076611308335885579 0.0071390346869055661 0.0069632111032143524 0.032498539961216481 -0.01055578286939458 -0.00041670140587586857 -0.02970327258246604
leaf_weight=48.860977958887815 18625.51838764362 3537.5607056133449 7.6299208421260118 71.314305171370506 80.177023505792022 15.517883110791447 112.15708568878472 713.92786370404065 47.765598984435201 157.26440535485744 44.97228317707777 87.766323713585734 436.45966718345881 52.29482920281589
leaf_count=370 84624 29433 67 539 681 116 929 6221 423 1307 416 738 3715 433
internal_value=0.000164155 0.00111151 -0.00471105 -0.0196368 0.0132655 -0.00953747 0.00136438 0.00383707 0.000878527 0.00610027 0.012046 -0.000492154 -0.00301917 -0.014371
internal_weight=24039.2 5413.67 223.5 120.175 103.325 23.1478 5190.17 1652.61 938.68 402.16 202.237 199.923 536.52 100.06
internal_count=130012 45388 1773 909 864 183 43615 14182 7961 3390 1723 1667 4571 856
cat_boundaries=0 1 2 3 4 6 7 9 10 11
cat_threshold=5 4131852 1 4569544 1881801281 32836 3147268 1073742336 32768 4 2229764
is_linear=0
shrinkage=0.05


Tree=149
num_leaves=15
num_cat=6
split_feature=6 2 3 2 3 8 6 2 8 8 7 7 8 4
split_gain=2.33489 11.0078 14.5564 10.2185 10.8251 8.59077 7.72353 15.2715 9.19555 9.88023 12.328 22.1656 9.22283 7.53079
threshold=9.5000000000000018 0 1 2 3 12.500000000000002 8.5000000000000018 4 1.5000000000000002 2.5000000000000004 3.5000000000000004 1.5000000000000002 20.500000000000004 5
decision_type=2 9 9 9 9 2 2 9 2 2 2 2 2 1
left_child=1 2 5 -2 -5 13 -3 8 -8 10 11 -10 -11 -1
right_child=3 6 -4 4 -6 -7 7 -9 9 12 -12 -13 -14 -15
leaf_value=-0.019135385399010465 -0.003634720188599921 0.00015335848708524473 -0.021879825062872005 0.0087836402338335225 -0.00018069169125348264 -0.011599212725708019 -0.015690691586796278 -6.3514993531102877e-05 0.078180066973950926 0.0078027586362920832 0.087118038033094258 -0.046771783308718631 0.027142560717778732 0.021834501665535366
leaf_weight=13.949016408994794 2036.2452431358397 16974.812466315925 120.33250722661614 372.61838071793318 2814.3759631812572 62.449109312146902 32.047737577930093 963.91030511073768 6.8870335537940282 453.13886952400208 9.605066826567052 7.3232804536819458 71.352124793455005 57.253856303170323
leaf_count=73 11135 91453 647 2024 15368 337 225 5280 43 2445 48 48 379 312
internal_value=5.68298e-05 0.000316986 -0.00982188 -0.000878207 0.0008916 0.00180178 0.000461092 0.00384674 0.0101672 0.011864 0.0433619 0.0137862 0.0104338 0.0138083
internal_weight=23996.3 18773.1 253.984 5223.24 3186.99 133.652 18519.1 1544.26 580.354 548.306 23.8154 14.2103 524.491 71.2029
internal_count=129817 101290 1369 28527 17392 722 99921 8468 3188 2963 139 91 2824 385
cat_boundaries=0 1 2 3 4 5 6
cat_threshold=65569 1107695104 4329217 809632833 140548 4
is_linear=0
shrinkage=0.05


Tree=150
num_leaves=15
num_cat=7
split_feature=3 6 2 8 8 8 2 3 2 3 8 8 6 2
split_gain=2.19818 7.15784 5.76471 7.80658 4.92435 2.19316 1.8281 6.3592 6.18182 8.06238 7.15518 7.19388 5.88099 6.82654
threshold=0 3.5000000000000004 1 8.5000000000000018 14.500000000000002 9.5000000000000018 2 3 4 5 13.500000000000002 18.500000000000004 6.5000000000000009 6
decision_type=9 2 9 2 2 2 9 9 9 9 2 2 2 9
left_child=1 4 3 -3 5 -1 7 8 9 -2 -11 -12 13 -9
right_child=6 2 -4 -5 -6 -7 -8 12 -10 10 11 -13 -14 -15
leaf_value=0.008777525798371405 0.010526940557350224 0.052273607999516816 -0.019397829937326479 -0.010117353942288996 0.033150761205867497 -0.020345866894471185 0.00041111521959192698 0.0028324768585574148 -0.0047043331863061751 -0.025327654843339643 0.035103273953180858 -0.018684847247885408 -0.0016768811497509337 -0.00062027004122099366
leaf_weight=17.123824037611488 149.43382997997105 7.8036953322589424 73.179028924554586 14.023361684754489 15.32473464310169 10.384660542011259 13435.275144487619 2685.4265540149063 1323.5175382029265 37.090471291914582 12.96810667216778 11.939491515979169 3194.3233731612563 3050.7036859132349
leaf_count=96 828 39 414 79 86 56 72786 14352 7134 215 65 58 17494 16370
internal_value=-1.22849e-05 -0.00609038 -0.0141827 0.00835918 0.0104369 -0.00221677 2.53062e-05 -0.000469907 -0.00343198 0.00438542 -0.00982359 0.00931986 4.24777e-05 0.00100002
internal_weight=24038.5 137.839 95.0061 21.8271 42.8332 27.5085 23900.7 10465.4 1534.95 211.432 61.9981 24.9076 8930.45 5736.13
internal_count=130072 770 532 118 238 152 129302 56516 8300 1166 338 123 48216 30722
cat_boundaries=0 1 2 3 5 6 8 9
cat_threshold=72 329796 2563171 325190657 4096 34 16778241 4096 2361408
is_linear=0
shrinkage=0.05


Tree=151
num_leaves=15
num_cat=7
split_feature=3 1 3 8 1 5 8 7 6 8 0 3 7 4
split_gain=2.26568 2.30822 4.35703 4.41179 5.78241 5.44963 35.2925 5.17159 5.28535 5.29135 5.83986 4.71722 10.544 4.31088
threshold=0 1 2 3.5000000000000004 3 1.0000000180025095e-35 11.500000000000002 1.0000000180025095e-35 1.5000000000000002 11.500000000000002 4 5 2.5000000000000004 6
decision_type=9 1 9 2 1 2 2 2 2 2 1 9 2 1
left_child=-1 13 3 4 -3 6 -5 -7 9 -9 -11 -12 -13 -2
right_child=1 2 -4 5 -6 7 -8 8 -10 10 11 12 -14 -15
leaf_value=-0.00079050652986034197 0.0018483632831712061 0.0059165653436169807 0.0015185010024568817 -0.051649355310014682 -0.0030019289166042617 0.0023204951675754818 0.042066040021068292 -0.016655170623427511 -0.0024146387455717018 0.011188393508440156 0.0021788611559878826 0.0067711466940607095 -0.031711023115765756 -0.00044244114848398538
leaf_weight=9703.5784737952054 4267.6065609715879 416.60749834962189 1809.1974250394851 14.224352389574049 310.09871743060648 507.97956439293921 34.201684705913067 136.68342006951571 2714.5317886229604 42.477673932909966 62.328621618449688 27.524832371622324 50.382902033627033 3958.6583278719336
leaf_count=52638 23024 2245 9787 462 1652 2659 545 702 14059 237 331 150 257 21407
internal_value=-0.000200835 0.000198248 -0.000536041 -0.00139858 0.00215099 -0.00212094 0.0145387 -0.00234871 -0.00313049 -0.00921444 -0.00364824 -0.00834502 -0.0160545 0.000745072
internal_weight=24056.1 14352.5 6126.24 4317.04 726.706 3590.33 48.426 3541.91 3033.93 319.397 182.714 140.236 77.9077 8226.26
internal_count=130155 77517 33086 23299 3897 19402 1007 18395 15736 1677 975 738 407 44431
cat_boundaries=0 2 3 5 6 7 8 9
cat_threshold=354422857 53248 7 1078199296 1028 8 4 1073742848 1
is_linear=0
shrinkage=0.05


Tree=152
num_leaves=15
num_cat=5
split_feature=2 4 2 6 6 7 8 2 6 6 8 8 2 6
split_gain=2.46212 5.42668 7.68586 31.3327 10.4901 14.4481 10.663 9.04714 13.4369 9.86621 9.47635 8.97514 8.51144 11.9831
threshold=0 1 2 11.500000000000002 9.5000000000000018 5.5000000000000009 2.5000000000000004 3 10.500000000000002 10.500000000000002 18.500000000000004 19.500000000000004 4 8.5000000000000018
decision_type=9 1 9 2 2 2 2 9 2 2 2 2 9 2
left_child=-1 2 -2 4 12 6 -6 9 -9 10 -8 -10 -4 -14
right_child=1 -3 3 -5 5 -7 7 8 11 -11 -12 -13 13 -15
leaf_value=-0.00053030152086021146 0.00026823984735068981 -0.00062552324331586844 0.015122722310003445 0.028587399859580739 -0.041904985504319321 0.020745005029073321 -0.038085360391912973 0.034218342458332135 -0.034602914928576943 -0.0018142490002283984 0.0034802763238704808 0.021500030825989704 0.0036857708375962108 -0.019523105731650905
leaf_weight=12127.963059255853 4146.4599159248173 5740.2167742792517 146.155820870772 122.15557704120874 25.570817369967699 41.013127820566297 55.006147049367428 28.91738161072135 18.877965632826093 73.702715730294585 18.26579375565052 11.453917985782025 1436.809249997139 57.855421476066113
leaf_count=65784 22306 31030 822 694 136 222 279 165 93 432 96 66 7657 293
internal_value=-2.89357e-05 0.000481113 0.0015094 0.00401635 0.00246885 -0.00661003 -0.0114502 -0.0076739 0.0084121 -0.0137925 -0.0277236 -0.0134173 0.00397833 0.00276888
internal_weight=24050.4 11922.5 6182.24 2035.78 1913.63 272.808 231.795 206.224 59.2493 146.975 73.2719 30.3319 1640.82 1494.66
internal_count=130075 64291 33261 10955 10261 1489 1267 1131 324 807 375 159 8772 7950
cat_boundaries=0 1 2 3 4 5
cat_threshold=4137995 1 4229568 516 516
is_linear=0
shrinkage=0.05


Tree=153
num_leaves=15
num_cat=9
split_feature=8 5 5 2 4 2 3 2 7 3 2 8 4 3
split_gain=1.92938 123.198 49.9271 11.9489 8.60265 8.30943 8.064 7.61809 7.12602 8.01324 7.32812 8.66249 7.24705 7.1072
threshold=11.500000000000002 1.0000000180025095e-35 1.0000000180025095e-35 0 1 2 3 4 5.5000000000000009 5 6 9.5000000000000018 7 8
decision_type=2 2 2 9 1 9 9 9 2 9 9 2 1 9
left_child=1 -1 3 4 -2 6 -3 -4 9 -7 -10 -12 -11 -9
right_child=2 5 7 -5 -6 8 -8 13 10 12 11 -13 -14 -15
leaf_value=-0.051653487251939904 0.013010281876207494 -0.0025135723887511272 -0.0019156597482050391 0.027633881374257232 -0.047821891054853238 0.0060851883410760589 0.00072046797311527046 -0.00044902303855299196 0.012982925434260426 -0.0054190734318118917 0.0057527633430454897 -0.014148892717833384 0.001028912585890831 0.0025362708463692119
leaf_weight=116.5526334065944 12.952313873916864 4016.8679697345942 3694.1190121211112 190.64202082157135 10.541907995939255 616.22472210228443 3693.8522950429469 4692.5745223499835 259.29200548864901 533.25589578412473 277.90305082127452 68.06952003762126 2383.5714166592807 3455.6393214948475
leaf_count=3777 162 20812 19354 2977 121 3153 19075 24330 1352 2728 1409 353 12410 17978
internal_value=-4.90023e-05 -0.0004988 0.000397405 0.0243252 -0.0100203 4.38113e-06 -0.000965366 -3.5263e-05 0.00180922 0.00095482 0.00682644 0.00178554 -0.000149399 0.00081859
internal_weight=24022.1 11965.6 12056.5 214.136 23.4942 11849 7710.72 11842.3 4138.32 3533.05 605.265 345.973 2916.83 8148.21
internal_count=129991 65069 64922 3260 283 61292 39887 61662 21405 18291 3114 1762 15138 42308
cat_boundaries=0 1 2 3 5 6 7 8 9 11
cat_threshold=720897 1 7713416 320865289 49220 166755 268437001 132134 4 1375998472 33792
is_linear=0
shrinkage=0.05


Tree=154
num_leaves=15
num_cat=6
split_feature=7 2 2 3 2 6 4 8 6 7 5 8 3 8
split_gain=2.16629 19.1186 10.2385 9.13219 8.37306 11.6726 18.7456 17.2456 18.324 14.3853 13.5532 16.8486 11.2691 11.8918
threshold=1.5000000000000002 0 1 2 3 2.5000000000000004 4 19.500000000000004 11.500000000000002 1.0000000180025095e-35 1.5000000000000002 12.500000000000002 5 11.500000000000002
decision_type=2 9 9 9 9 2 1 2 2 2 2 2 9 2
left_child=1 -1 -2 -4 -3 6 -6 12 -9 -10 11 -8 -7 -14
right_child=2 4 3 -5 5 7 10 8 9 -11 -12 -13 13 -15
leaf_value=-0.0027420931359408867 -0.0017336537769276105 0.0067347075266671261 -0.0011447019084136175 0.0020953375467024065 -0.0084799277685654734 0.015494962800333032 -0.047067108499484769 -0.014525847761080233 0.06015904387559548 -0.0090303249930090805 0.010652503442240956 0.01352743523768481 -0.0032117585268577492 0.0052262292412155282
leaf_weight=2646.4949548393488 8325.2150170654058 970.16579265519977 3798.7345585990697 5064.5475433468819 185.61526762135327 119.94097354076803 23.354922953993082 311.6373246870935 15.373192332684994 14.691978935152292 781.56459251046181 22.546994518488646 1025.8443682100624 704.17086586356163
leaf_count=14580 44972 5272 20651 27521 949 645 381 1634 85 99 3500 401 5488 3747
internal_value=-0.000176553 0.00057735 -0.000475746 0.000706956 0.00268171 0.00143762 0.00588044 -0.000609497 -0.0109295 0.0263482 0.00910173 -0.0173031 0.00129669 0.000221489
internal_weight=24009.9 6821.4 17188.5 8863.28 4174.91 3204.74 1013.08 2191.66 341.702 30.0652 827.467 45.9019 1849.96 1730.02
internal_count=129925 36781 93144 48172 22201 16929 5231 11698 1818 184 4282 782 9880 9235
cat_boundaries=0 1 2 4 5 6 8
cat_threshold=6079523 2306668 1094845000 1092 139332 4 35782729 4096
is_linear=0
shrinkage=0.05


Tree=155
num_leaves=15
num_cat=8
split_feature=2 4 2 6 6 1 6 3 3 2 3 7 7 6
split_gain=3.31807 6.76716 12.4056 12.4 12.9126 10.971 10.9632 10.005 9.12904 8.73947 8.59906 12.0227 7.34993 7.01532
threshold=0 1 2 4.5000000000000009 11.500000000000002 3 2.5000000000000004 4 5 6 7 3.5000000000000004 1.5000000000000002 9.5000000000000018
decision_type=9 1 9 2 2 1 2 9 9 9 9 2 2 2
left_child=1 5 3 -3 8 10 7 9 -5 -4 11 12 -1 -10
right_child=-2 2 6 4 -6 -7 -8 -9 13 -11 -12 -13 -14 -15
leaf_value=-0.0066990239551930897 0.00061407461206467438 0.014386879645401647 -0.0049674830345044774 0.0073860361010882267 0.023780770724854516 -0.005117026432083607 -0.0021088623772782373 0.00818670971220474 -0.00045687071981347213 0.0064271131744507021 0.00037882449137119378 -0.013697283579158016 0.0075291594475500297 -0.016111660254434352
leaf_weight=189.83078403025866 11454.036123244092 271.10611709952354 439.24474150128663 368.03151321597397 66.921824591234326 1701.4247865118086 3347.1270055957139 570.25994991511106 612.9330570474267 259.26085794903338 4179.6713245492429 278.69021205976605 173.92941372282803 81.02371060103178
leaf_count=1034 62190 1402 2341 2013 348 9249 18157 3097 3357 1375 22337 1511 970 448
internal_value=-8.60878e-07 -0.000562608 0.000646497 0.00475067 0.00247863 -0.00167849 -0.00060729 0.00334922 0.00113626 -0.000707187 -0.00045369 -0.00579268 0.000104083 -0.00225221
internal_weight=23993.5 12539.5 6015.91 1400.02 1128.91 6523.55 4615.89 1268.77 1061.99 698.506 4822.12 642.45 363.76 693.957
internal_count=129829 67639 32538 7568 6166 35101 24970 6813 5818 3716 25852 3515 2004 3805
cat_boundaries=0 1 2 3 4 6 8 9 11
cat_threshold=4131851 1 2883584 14 1913127424 53252 67637248 32832 1114120 67240009 20480
is_linear=0
shrinkage=0.05


Tree=156
num_leaves=15
num_cat=9
split_feature=3 2 8 2 7 4 1 7 4 7 8 2 2 4
split_gain=2.95861 5.65104 8.48634 10.525 8.12107 11.8915 10.1466 7.93126 6.37774 4.87864 7.96065 11.6721 8.72048 6.24265
threshold=0 1 1.0000000180025095e-35 2 2.5000000000000004 3 4 5.5000000000000009 5 1.5000000000000002 2.5000000000000004 6 7 8
decision_type=9 9 2 9 2 1 1 2 1 2 2 9 9 1
left_child=1 2 3 -1 5 -5 7 -6 -8 10 11 -4 -12 -11
right_child=-2 -3 9 4 6 -7 8 -9 -10 13 12 -13 -14 -15
leaf_value=0.019620436742026934 0.00084976150483023673 0.00083214966720572537 0.0064622799227924341 -0.010924828904859823 0.0089310897994606311 0.020881896370148669 -0.071525971062012361 -0.01966113735962598 -0.021481260328293228 -0.0044499982240250296 -0.0057113044031451773 -0.015341652363378228 0.0025854203080760323 -0.0011124470366934312
leaf_weight=95.466936783865094 7945.2571172565222 6339.815396418795 90.511996395885944 43.904609680175781 95.314548414200544 88.862951165065169 7.9738089963793755 32.532522212713957 31.580305550247431 1998.363393297419 365.26853570342064 165.09548671357334 2040.3361195549369 4687.3211854640394
leaf_count=556 42951 34370 487 232 521 452 43 181 174 10909 2035 837 10884 25366
internal_value=6.10194e-05 -0.000328971 -0.00108463 0.00608692 0.00109261 0.0103638 -0.00619519 0.0015353 -0.0251991 -0.00138935 0.000421233 -0.00796814 0.00131265 -0.00211005
internal_weight=24027.6 16082.3 9742.53 395.636 300.169 132.768 167.401 127.847 39.5541 9346.9 2661.21 255.607 2405.6 6685.68
internal_count=129998 87047 52677 2159 1603 684 919 702 217 50518 14243 1324 12919 36275
cat_boundaries=0 2 3 4 5 6 7 8 9 10
cat_threshold=1358959688 36932 4403659 131459 2 6 4 12418 131 2
is_linear=0
shrinkage=0.05


Tree=157
num_leaves=15
num_cat=6
split_feature=8 5 2 8 5 8 2 4 3 2 4 7 7 8
split_gain=2.05503 17.9389 16.2057 10.414 9.61762 134.109 16.1147 9.41749 8.65762 9.43829 7.56257 12.0333 19.6743 6.33239
threshold=19.500000000000004 1.0000000180025095e-35 0 20.500000000000004 1.0000000180025095e-35 11.500000000000002 1 2 3 4 5 3.5000000000000004 1.5000000000000002 18.500000000000004
decision_type=2 2 9 2 2 2 9 1 9 9 1 2 2 2
left_child=4 -2 3 7 5 -1 10 -3 9 -4 11 12 -7 -12
right_child=1 2 8 -5 -6 6 -8 -9 -10 -11 13 -13 -14 -15
leaf_value=-0.051567433550945174 0.027171492194224309 0.060420605654938488 -0.0097334905768791877 0.0056888015681718839 -0.00016296964150270852 0.028014004701323675 0.035847898485917677 0.018031842503811967 0.0027401452273734875 -0.00094598283228511024 0.017586315534941645 0.014731704937965474 -0.11564511018165793 -0.04459750362199779
leaf_weight=110.01315297186375 64.195824228227139 15.702735861763358 354.78470916114748 259.44825323484838 19771.604448558763 3.7914219759404677 74.033104974776506 79.146914359182119 1306.0644717197865 1927.7207360379398 46.296182192862034 10.07725630328059 6.4168715104460716 4.491214580833911
leaf_count=3748 1045 70 1836 1308 102565 54 1212 380 6815 10119 658 141 82 59
internal_value=-8.06231e-05 0.000952994 0.000526118 0.0105734 -0.000287435 -0.00993346 0.0216316 0.0250495 -0.000493938 -0.00234838 0.00155996 -0.0240275 -0.0622892 0.0120873
internal_weight=24033.8 4007.06 3942.87 354.298 20026.7 255.119 145.106 94.8497 3588.57 2282.51 71.0729 20.2855 10.2083 50.7874
internal_count=130092 21573 20528 1758 108519 5954 2206 450 18770 11955 994 277 136 717
cat_boundaries=0 1 2 3 5 6 7
cat_threshold=851972 627727 4 336466952 53312 2721 2
is_linear=0
shrinkage=0.05


Tree=158
num_leaves=15
num_cat=8
split_feature=0 3 2 2 7 8 8 8 3 4 4 8 4 7
split_gain=2.8983 4.29858 9.9328 4.79849 9.13527 13.0797 19.0409 22.3216 15.9994 10.6055 8.59078 7.63277 11.0145 14.4007
threshold=0 1 2 3 3.5000000000000004 7.5000000000000009 3.5000000000000004 4.5000000000000009 4 5 6 8.5000000000000018 7 1.0000000180025095e-35
decision_type=1 9 9 9 2 2 2 2 9 1 1 2 1 2
left_child=1 2 -1 4 10 6 9 -8 -7 -6 -3 -5 13 -13
right_child=-2 3 -4 11 5 8 7 -9 -10 -11 -12 12 -14 -15
leaf_value=0.024386852518898397 -9.5679864110822254e-06 -0.016674655565631923 -0.0010211584927368271 0.014823582328762647 0.037887000904709693 0.013763146454947495 -0.13204106892648521 -0.031963070068236392 -0.023474707480739238 -0.030914273714327548 0.0092394659869041839 -0.044790644636158131 0.011667546234082822 -0.0020569878502205699
leaf_weight=62.370675317943096 23132.476353125647 40.158956993371248 88.835938401520252 133.34545349702239 10.1502366643399 59.623026050627232 8.03966271877289 18.150416130200028 39.394552737474442 12.497745029628277 157.0605589337647 23.860155208036304 111.58018479496241 113.46037138439715
leaf_count=1661 109967 790 1993 3420 226 1255 144 360 822 268 3240 460 2790 2638
internal_value=9.81087e-05 0.00290043 0.0103219 0.00123847 -0.00299451 -0.012477 -0.0336521 -0.0626844 -0.00203288 -7.93309e-05 0.00396269 0.00503874 -9.29581e-07 -0.00948218
internal_weight=24011 878.528 151.207 727.321 345.075 147.856 48.8381 26.1901 99.0176 22.648 197.22 382.246 248.901 137.321
internal_count=130034 20067 3654 16413 7105 3075 998 504 2077 494 4030 9308 5888 3098
cat_boundaries=0 1 3 4 5 7 8 9 10
cat_threshold=1 289408008 16384 1750594 1096007 1074004480 68 1 4 1
is_linear=0
shrinkage=0.05


Tree=159
num_leaves=15
num_cat=2
split_feature=0 6 6 8 8 8 8 8 7 8 8 8 8 4
split_gain=2.08817 3.63748 12.7194 10.796 9.58704 8.30618 7.8258 9.54653 7.37925 11.1835 10.4572 17.0503 10.5893 15.3911
threshold=0 5.5000000000000009 4.5000000000000009 20.500000000000004 19.500000000000004 10.500000000000002 20.500000000000004 21.500000000000004 4.5000000000000009 1.5000000000000002 4.5000000000000009 2.5000000000000004 12.500000000000002 1
decision_type=1 2 2 2 2 2 2 2 2 2 2 2 2 1
left_child=1 2 -1 5 8 -3 -6 -8 9 -4 11 -10 -12 -14
right_child=-2 3 4 -5 6 -7 7 -9 10 -11 12 -13 13 -15
leaf_value=0.0031899100378412443 -3.1313463081755745e-05 0.01110712313314326 -0.10065255833178513 0.027873990729395573 -0.15373213957254694 -0.0040722765308146384 0.052790742375109959 -0.070858657756710006 -0.014211651781175828 0.0059382293260431913 0.032408829092540108 -0.15889762712766334 -0.12432172342452891 0.023336059592074056
leaf_weight=382.03373147919774 23113.647760637105 166.85685280896723 2.6120148412883273 49.171890053898096 1.9344586525112379 195.96810283884406 2.0200098939239961 6.869560157880187 4.4592632018029708 42.510838575661182 7.3569221179932338 3.747283274307847 3.6682673022150993 3.4010407850146294
leaf_count=8031 109879 4411 62 1325 38 4599 43 152 90 876 158 62 75 76
internal_value=5.9843e-05 0.00244671 -0.000578336 0.0058881 -0.0188986 0.00290846 -0.0625939 -0.0427613 -0.0119182 -0.000231964 -0.0352169 -0.0802783 -0.00958318 -0.0532836
internal_weight=23986.3 872.61 460.613 411.997 78.5797 362.825 10.824 8.88957 67.7556 45.1229 22.6328 8.20655 14.4262 7.06931
internal_count=129877 19998 9663 10335 1632 9010 233 195 1399 938 461 152 309 151
cat_boundaries=0 1 2
cat_threshold=1 1
is_linear=0
shrinkage=0.05


Tree=160
num_leaves=15
num_cat=2
split_feature=2 7 8 8 6 7 8 8 6 7 4 6 6 7
split_gain=1.84311 9.21037 8.86768 9.93557 7.10425 7.69738 7.22217 24.998 9.7744 7.93741 6.64284 11.8897 10.1276 7.10183
threshold=0 5.5000000000000009 21.500000000000004 16.500000000000004 7.5000000000000009 1.5000000000000002 10.500000000000002 15.500000000000002 9.5000000000000018 2.5000000000000004 1 11.500000000000002 11.500000000000002 3.5000000000000004
decision_type=9 2 2 2 2 2 2 2 2 2 1 2 2 2
left_child=1 4 3 -3 -1 -6 10 -8 -9 -10 12 -12 13 -7
right_child=-2 2 -4 -5 5 6 7 8 9 -11 11 -13 -14 -15
leaf_value=-0.018912548462402121 -0.00021078593717522854 0.015653141968835747 -0.025000465279044107 0.065756864842975465 0.012041716136044225 0.022745861701999159 -0.03673633478663782 -0.019594130231407839 -0.01546305281072735 0.019912671884538071 -0.01074488765289533 0.028159310681417912 -0.01698729236550095 0.078736047654498181
leaf_weight=45.518244231119752 23476.261704767123 71.705078426748514 11.106016496196387 11.478351416066287 130.4158891197294 16.346966763958338 55.857282971963286 33.483377765864134 20.43191634491086 70.809212125837803 72.738974751904607 26.902415299788117 10.19169640727341 8.6658667847514135
leaf_count=238 127102 415 57 70 708 84 298 164 99 366 403 156 68 50
internal_value=-0.000141239 0.00260569 0.0169641 0.0225669 -9.65676e-05 0.00182444 -0.00239996 -0.00893783 0.0035116 0.0119909 0.00635536 -0.000241051 0.0250255 0.042144
internal_weight=24061.9 585.651 94.2894 83.1834 491.362 445.844 315.428 180.582 124.725 91.2411 134.846 99.6414 35.2045 25.0128
internal_count=130278 3176 542 485 2634 2396 1688 927 629 465 761 559 202 134
cat_boundaries=0 1 2
cat_threshold=36 2
is_linear=0
shrinkage=0.05


Tree=161
num_leaves=15
num_cat=5
split_feature=2 3 5 8 6 8 2 3 6 2 8 8 8 8
split_gain=1.88281 12.2212 4.70446 9.27367 11.3266 4.63267 4.69287 4.21458 4.19317 4.65466 9.66382 15.1817 7.94616 9.54723
threshold=0 1 1.0000000180025095e-35 11.500000000000002 1.5000000000000002 2.5000000000000004 2 3 1.5000000000000002 4 2.5000000000000004 5.5000000000000009 19.500000000000004 17.500000000000004
decision_type=9 9 2 2 2 2 9 9 2 9 2 2 2 2
left_child=1 2 3 -1 -5 6 -3 -2 9 10 -9 -12 13 -13
right_child=7 5 -4 4 -6 -7 -8 8 -10 -11 11 12 -14 -15
leaf_value=-0.051489379824342811 -0.00066415094664511035 0.0092104704530334442 -0.0023399564270988964 -0.058914473692315283 0.010855263967574509 0.0034925705803106528 -0.0079289171036484064 0.021191711944678657 0.00052656872901821064 0.005548198894132563 -0.038774270836010698 -0.00038318416879957925 -0.021402265837117778 0.039170199031420043
leaf_weight=14.499406810849903 7934.3119251541793 43.366115070879459 3492.5928291641176 7.378469079732894 27.489119667559862 1554.0305161997676 169.36683570966125 36.629163106903434 9664.4352129790932 832.75446457788348 31.229717129841447 116.02025339193642 36.87022539973259 17.566243268549442
leaf_count=518 42648 232 18435 89 396 8504 932 196 52383 4401 160 644 204 94
internal_value=-2.71118e-05 -0.000857062 -0.0025494 -0.0178837 -0.00390899 0.00253095 -0.00437477 0.00020923 0.000854738 0.00382384 -0.0023364 -0.00672529 -0.000853532 0.00481797
internal_weight=23978.5 5308.72 3541.96 49.367 34.8676 1766.76 212.733 18669.8 10735.5 1071.07 238.316 201.686 170.457 133.586
internal_count=129836 29106 19438 1003 485 9668 1164 100730 58082 5699 1298 1102 942 738
cat_boundaries=0 1 3 4 6 7
cat_threshold=761859 1126436936 16452 8192 877135424 36868 3200
is_linear=0
shrinkage=0.05


Tree=162
num_leaves=15
num_cat=5
split_feature=3 2 2 6 8 3 7 7 8 8 8 7 3 8
split_gain=2.73312 5.5884 5.34952 4.26015 5.37257 6.23888 4.72856 4.65296 5.03442 4.85707 4.10097 4.89512 3.81677 3.60509
threshold=0 1 2 1.5000000000000002 22.500000000000004 3 2.5000000000000004 1.0000000180025095e-35 13.500000000000002 16.500000000000004 4.5000000000000009 3.5000000000000004 4 17.500000000000004
decision_type=9 9 9 2 2 9 2 2 2 2 2 2 9 2
left_child=2 -2 3 4 5 -1 -6 -7 10 -10 11 -9 13 -5
right_child=1 -3 -4 12 6 7 -8 8 9 -11 -12 -13 -14 -15
leaf_value=-0.0011508859725249665 -0.00058948649098438061 0.0015120904048425434 0.00019398242612950651 -0.0077396654001284614 -0.0017710808205894249 0.0078508595165438042 -0.053247258433250837 -0.034603940308916226 0.016873893236823825 -0.017582127501121005 -0.035266156234881205 0.0066578491966050746 -0.0012642424981141979 -0.034452305002714352
leaf_weight=303.27850529924035 6606.4233970809728 6053.8796307425946 7063.3126146923751 52.104708721861243 7.3846597634255913 19.583348570391536 11.269279446452854 12.802957454696299 16.13907689973712 27.924487434327602 47.340098502114415 16.389654979109764 3756.8167924080044 16.67198109254241
leaf_count=1646 35799 32907 38109 281 37 98 62 62 93 157 252 89 20323 88
internal_value=-8.91616e-05 0.000415842 -0.000652207 -0.00204338 -0.00658281 -0.00547709 -0.032869 -0.0137723 -0.0184256 -0.00496199 -0.0261773 -0.0114383 -0.00150038 -0.0124105
internal_weight=24011.3 12660.3 11351 4287.71 462.112 443.458 18.6539 140.18 120.596 44.0636 76.5327 29.1926 3825.59 68.7767
internal_count=130003 68706 61297 23188 2496 2397 99 751 653 250 403 151 20692 369
cat_boundaries=0 2 3 4 6 8
cat_threshold=1093141064 33796 1021513 3763585 1074266632 32768 524296 1024
is_linear=0
shrinkage=0.05


Tree=163
num_leaves=15
num_cat=10
split_feature=3 2 2 7 2 4 3 6 6 3 6 4 1 4
split_gain=1.95518 7.6295 6.87675 5.37505 14.5763 9.47525 4.09196 5.58092 3.3481 3.2514 3.23068 8.64454 13.5802 6.69595
threshold=0 1 2 1.0000000180025095e-35 3 4 5 9.5000000000000018 1.5000000000000002 6 1.5000000000000002 7 8 9
decision_type=9 9 9 2 9 1 9 2 2 9 2 1 1 1
left_child=1 3 10 4 -1 -6 8 -8 -7 -5 11 12 -2 -12
right_child=2 -3 -4 9 5 6 7 -9 -10 -11 13 -13 -14 -15
leaf_value=-0.011215407861022913 0.01687696634403579 0.00050342705221998168 0.0018221541194185392 -0.011840183260326681 0.020228467374171472 -0.0098830341479578584 0.0053458184777003424 -0.018752725956319341 0.010046821679545586 -0.0026064438660747713 0.0029895751935190358 0.0071898104072173202 -0.0229480492463187 -0.0020419172652975451
leaf_weight=133.10990359447896 24.94771327637136 9587.2470272500068 5795.6322500184178 90.384937794879079 107.61926740407944 24.352685777470469 51.518630154430866 45.019081495702267 156.48301538825035 3162.7718765940517 809.13705078326166 323.13198986835778 54.553445603698492 3617.5796183589846
leaf_count=728 127 51867 31434 479 607 116 279 248 834 17177 4406 1661 271 19668
internal_value=0.000156379 -0.000246259 0.000662213 -0.00214839 0.00257593 0.00744224 0.00274957 -0.00533915 0.00697709 -0.0029074 -0.000730703 0.00355583 -0.0112145 -0.00112224
internal_weight=23983.5 13358.5 10625 3771.26 518.103 384.993 277.373 96.5377 180.836 3253.16 4829.35 402.633 79.5012 4426.72
internal_count=129902 72335 57567 20468 2812 2084 1477 527 950 17656 26133 2059 398 24074
cat_boundaries=0 2 3 4 5 6 8 10 11 12 13
cat_threshold=1158414408 37956 1141921 6984512 16512 2 262144 32772 67108872 5120 4 8 4
is_linear=0
shrinkage=0.05


Tree=164
num_leaves=15
num_cat=5
split_feature=0 2 4 8 7 6 8 8 7 7 2 8 4 6
split_gain=2.71217 4.81162 9.87676 8.78707 4.73242 9.55232 17.8605 12.8948 12.5828 10.4317 9.96025 13.3531 9.72737 9.446
threshold=0 1 2 2.5000000000000004 1.5000000000000002 3.5000000000000004 20.500000000000004 20.500000000000004 4.5000000000000009 3.5000000000000004 3 13.500000000000002 4 5.5000000000000009
decision_type=1 9 1 2 2 2 2 2 2 2 9 2 1 2
left_child=1 4 -3 -4 -1 6 -6 9 -8 12 11 -11 -7 -13
right_child=-2 2 3 -5 5 7 8 -9 -10 10 -12 13 -14 -15
leaf_value=-0.0070201656622707349 -3.4111915587634347e-05 0.025959520929544989 0.031882833386071778 0.00096866061031554505 0.019056588512032423 -0.035101640265454141 0.0036999688325556517 0.02983944731156199 -0.072910662510722299 -0.028153195499948387 -0.0037398967268966136 -0.14589959716704634 0.019059130122850286 -0.043019058159271956
leaf_weight=173.9975378587842 23153.720990508795 59.80551134608686 25.166365394368768 265.34811767376959 134.40427771396935 10.242563905194402 12.277852036058905 23.975507950410247 9.5119085088372213 29.843441570177674 73.616086285561323 4.7672980986535531 43.492677243426442 4.1938514392822981
leaf_count=2908 110046 1830 798 7084 3030 221 277 536 174 558 1359 83 1027 115
internal_value=6.94889e-05 0.00279294 0.00724892 0.00364666 -0.000287268 0.00308712 0.0122488 -0.00443929 -0.029743 -0.00938555 -0.0180471 -0.0351637 0.00873546 -0.0977511
internal_weight=24024.4 870.643 350.32 290.514 520.323 346.325 156.194 190.131 21.7898 166.156 112.421 38.8046 53.7352 8.96115
internal_count=130046 20000 9712 7882 10288 7380 3481 3899 451 3363 2115 756 1248 198
cat_boundaries=0 1 2 3 4 5
cat_threshold=1 2120847 4 5126 4
is_linear=0
shrinkage=0.05


Tree=165
num_leaves=15
num_cat=6
split_feature=0 8 2 6 7 6 2 7 6 2 4 4 7 6
split_gain=2.55651 4.23125 26.7081 14.8304 17.3128 11.7981 15.6037 10.991 23.0295 10.8907 8.42703 7.27244 9.29553 8.34971
threshold=0 22.500000000000004 1 3.5000000000000004 3.5000000000000004 11.500000000000002 2 1.0000000180025095e-35 8.5000000000000018 3 4 5 2.5000000000000004 5.5000000000000009
decision_type=1 2 9 2 2 2 9 2 2 9 1 1 2 2
left_child=-1 -2 3 -3 -5 6 7 8 -4 -7 -11 12 13 -9
right_child=1 2 5 4 -6 9 -8 11 -10 10 -12 -13 -14 -15
leaf_value=0.00096045587398509288 -0.00011923605459121755 -0.0087186013821887835 -0.040061391946554101 0.016619248415511344 0.082195490952244876 -0.0097600091170224213 -0.016506864166934556 -0.067143715038348817 0.038955613066494754 0.013843313233404162 0.074892237694458116 0.0066074599891018972 0.0012984677300612981 -0.0047168314127769354
leaf_weight=5393.1232815030962 17821.379672216251 16.605592273175716 40.703077752143145 21.43702907115221 18.973240558058023 22.524691253900528 304.69272580742836 11.897443607449533 11.921995237469671 9.8375940956175327 13.288209229707718 238.4897792302072 42.008747424930334 9.7425044402480108
leaf_count=45310 81072 73 179 98 85 106 1391 51 50 43 56 1084 189 45
internal_value=3.09574e-06 -0.000275109 -0.00392363 0.0264266 0.0474083 -0.00665815 -0.00845426 -0.00104349 -0.0221604 0.0178295 0.0341537 0.00260002 -0.0124157 -0.0390386
internal_weight=23976.6 18583.5 762.123 57.0159 40.4103 705.107 659.456 354.764 52.6251 45.6505 23.1258 302.138 63.6487 21.6399
internal_count=129832 84522 3450 256 183 3194 2989 1598 229 205 99 1369 285 96
cat_boundaries=0 1 2 3 4 5 6
cat_threshold=5 270336 5396806 35104 1 4
is_linear=0
shrinkage=0.05


Tree=166
num_leaves=15
num_cat=5
split_feature=3 2 8 5 2 4 7 7 6 4 5 5 5 8
split_gain=2.1981 5.08695 3.97455 15.2532 7.36512 6.97963 7.83371 6.80601 7.06345 7.90596 6.93566 6.67753 5.8604 4.83806
threshold=0 1 8.5000000000000018 1.0000000180025095e-35 2 3 1.5000000000000002 2.5000000000000004 7.5000000000000009 4 3.0000000000000004 3.0000000000000004 1.5000000000000002 4.5000000000000009
decision_type=9 9 2 2 9 1 2 2 2 1 2 2 2 2
left_child=1 -1 3 -3 5 6 11 8 13 -10 12 -5 -9 -6
right_child=-2 2 -4 4 7 -7 -8 10 9 -11 -12 -13 -14 -15
leaf_value=-0.0027446711112186434 -0.00020673898449088252 -0.051488819152783194 0.002851835524497874 -0.047712818714053175 0.01168964660394849 -0.0051358511488065152 0.014175380928927546 0.017981844887186769 -0.013367372085792473 0.030392519108282109 0.003516709926675827 -0.00098184224485844832 -0.016601273117315126 -0.0034005936834787644
leaf_weight=768.19246101938188 19063.426927646622 14.435604454949496 2627.8117241393775 9.434204585850237 124.54521661810577 696.75056322850287 106.86131144687533 14.297819500789045 12.38310519605875 61.996013650670648 308.02809198200703 40.295674592256546 85.532918199896812 92.611705852672458
leaf_count=4236 103030 516 14244 73 631 3656 550 337 64 315 1314 170 472 475
internal_value=3.73935e-05 0.000973555 0.00165935 -0.000329603 0.000146018 -0.00295747 0.00654637 0.00391888 0.00980887 0.0231071 -0.000195187 -0.00984713 -0.0116483 0.00525406
internal_weight=24026.6 4963.18 4194.98 1567.17 1552.74 853.342 156.591 699.395 291.536 74.3791 407.859 49.7299 99.8307 217.157
internal_count=130083 27053 22817 8573 8057 4449 793 3608 1485 379 2123 243 809 1106
cat_boundaries=0 2 3 4 5 6
cat_threshold=558497857 17472 1769761 4506252 4 4
is_linear=0
shrinkage=0.05


Tree=167
num_leaves=15
num_cat=5
split_feature=2 3 3 6 2 0 8 8 6 8 8 6 7 7
split_gain=1.99833 6.44168 4.86498 4.98222 5.34634 5.35653 9.29859 8.46716 7.55173 7.4956 9.95529 7.21276 8.44372 5.69146
threshold=0 1 2 1.5000000000000002 3 4 6.5000000000000009 11.500000000000002 10.500000000000002 19.500000000000004 20.500000000000004 4.5000000000000009 4.5000000000000009 4.5000000000000009
decision_type=9 9 9 2 9 1 2 2 2 2 2 2 2 2
left_child=1 -1 3 -2 5 6 -5 -7 -8 13 -11 12 -12 -9
right_child=2 -3 -4 4 -6 7 8 9 -10 10 11 -13 -14 -15
leaf_value=-0.0015928746732323162 0.0070005026876555831 0.00074378013974804483 -0.00035008077662255479 0.031948821374173264 0.0019202481392096679 -0.014575398222246547 -0.011592062956284807 0.014689023147111039 0.033240562542437208 -0.051984205173147759 -0.0050536201244333716 -0.02946983411927951 0.053623768648614817 -0.0092708670911389544
leaf_weight=6651.4013931732625 411.11325389333069 5286.9045339059085 8091.4103334639221 26.906729593873024 3115.250520741567 176.65214752778411 50.470104053616524 87.444580418989062 11.540666505694388 13.233657596632836 21.391502395272258 16.409489898011088 8.5941988974809629 34.589277178049088
leaf_count=35939 2175 28592 43901 161 16907 1003 300 487 69 71 117 95 38 201
internal_value=-9.99647e-05 -0.000558326 0.000353752 0.00178424 0.00118729 -0.0038745 0.00665407 -0.00659694 -0.00324838 0.000798323 -0.0137312 -0.00282004 0.0117639 0.00789783
internal_weight=24003.3 11938.3 12065 3973.6 3562.48 447.232 88.9175 358.315 62.0108 181.663 59.6288 46.3952 29.9857 122.034
internal_count=130056 64531 65525 21624 19449 2542 530 2012 369 1009 321 250 155 688
cat_boundaries=0 1 3 5 6 7
cat_threshold=2221289 1175192648 36868 1108082753 20480 514 4
is_linear=0
shrinkage=0.05


Tree=168
num_leaves=15
num_cat=8
split_feature=2 3 7 2 6 2 3 3 3 6 7 3 7 6
split_gain=1.80145 6.81283 6.38696 14.0729 12.0242 9.78977 10.2679 9.61253 9.0557 8.55906 9.22154 8.46754 8.29635 9.1803
threshold=0 1 3.5000000000000004 2 11.500000000000002 3 4 5 6 9.5000000000000018 2.5000000000000004 7 5.5000000000000009 11.500000000000002
decision_type=9 9 2 9 2 9 9 9 9 2 2 9 2 2
left_child=2 -2 4 8 5 -1 -7 -6 -4 -8 -11 -5 -13 -14
right_child=1 -3 3 11 7 6 9 -9 -10 10 -12 12 13 -15
leaf_value=0.00036787548052913659 -0.00068362790007196728 0.0015710774186357688 -0.011199243181143783 -0.000962398167796596 -0.0024355388326740869 -0.0070597933158501177 -0.00012560658394421655 0.011773456319388122 -0.00091963081195882098 -0.0044171155119127276 -0.026864024729523362 0.0060899978299646922 0.0012340509038051184 -0.020836776903579789
leaf_weight=2180.688561771065 7085.1381407007575 6339.809185449034 323.10081403702497 1294.9805336799473 202.25421694293618 1468.5865769926459 1596.0378655400127 279.4347207583487 621.754484962672 173.64646460860968 62.122922401875257 1627.6298519577831 717.06646469794214 50.428445655852556
leaf_count=11739 38394 34478 1677 6976 1142 7975 8688 1552 3242 949 328 8848 3855 272
internal_value=-3.06591e-06 0.000381513 -0.000490139 0.000901631 -0.00157281 -0.00223842 -0.00394964 0.00600116 -0.0045153 -0.0014314 -0.0103317 0.00229466 0.00405234 -0.000216118
internal_weight=24022.7 13424.9 10597.7 4634.96 5962.77 5481.08 3300.39 481.689 944.855 1831.81 235.769 3690.11 2395.12 767.495
internal_count=130115 72872 57243 24870 32373 29679 17940 2694 4919 9965 1277 19951 12975 4127
cat_boundaries=0 1 3 4 5 7 9 11 13
cat_threshold=3119619 1141375560 37956 526336 2754560 52826120 16448 1342443528 64 37880321 17412 925107273 4
is_linear=0
shrinkage=0.05


Tree=169
num_leaves=15
num_cat=6
split_feature=6 3 2 6 2 2 8 3 8 7 8 8 2 6
split_gain=3.14434 8.92553 10.6326 7.8612 16.3474 10.5006 9.49074 8.5189 11.4726 14.8745 7.31494 7.2582 7.24094 14.8327
threshold=9.5000000000000018 0 1 8.5000000000000018 2 3 1.5000000000000002 4 3.5000000000000004 1.5000000000000002 13.500000000000002 2.5000000000000004 5 7.5000000000000009
decision_type=2 9 9 2 9 9 2 9 2 2 2 2 9 2
left_child=3 -2 -3 12 6 7 -5 8 9 -6 -10 -11 13 -1
right_child=1 2 -4 4 5 -7 -8 -9 10 11 -12 -13 -14 -15
leaf_value=-0.00035454939721484729 -0.0031169279227834293 -0.0017017552929070555 0.0047860266659367351 -0.017068967901260702 -0.0060813099802803057 -0.0084497130264035488 0.011609390393806708 -0.0042611761326090672 -0.0033049936482813197 0.028409987241470754 0.0097109143973720183 0.072253855941051076 0.00020575085254773693 -0.01557233349081899
leaf_weight=553.04953025281429 2648.9406692162156 1504.442964008078 1074.6518524158746 30.360956087708473 30.343602469190955 274.7684487439692 579.32567811757326 279.17372682876885 218.07889636419713 50.06752697750926 213.74382893927395 11.632748454809187 16326.955423809588 225.37833942472935
leaf_count=2977 14487 8228 5894 222 147 1466 3157 1544 1217 277 1194 60 88087 1197
internal_value=-6.62678e-07 -0.00108526 0.0010096 0.000301063 0.0035569 -0.000188575 0.010017 0.00270722 0.006431 0.0225805 0.00313763 0.0366762 -2.01345e-05 -0.00470018
internal_weight=24020.9 5228.04 2579.09 18792.9 1687.5 1077.81 609.687 803.04 523.867 92.0439 431.823 61.7003 17105.4 778.428
internal_count=130154 28609 14122 101545 9284 5905 3379 4439 2895 484 2411 337 92261 4174
cat_boundaries=0 2 3 4 5 7 8
cat_threshold=1162351624 17472 5377920 140677 5243392 1648624641 49156 196901
is_linear=0
shrinkage=0.05


Tree=170
num_leaves=15
num_cat=5
split_feature=2 7 2 8 8 3 6 6 8 3 6 8 3 8
split_gain=2.23092 6.01686 13.9041 15.1442 12.9026 11.1665 9.46206 23.1513 8.59883 8.10509 7.92916 10.892 9.19811 8.50323
threshold=0 5.5000000000000009 1 13.500000000000002 11.500000000000002 2 9.5000000000000018 3.5000000000000004 15.500000000000002 3 4.5000000000000009 1.0000000180025095e-35 4 11.500000000000002
decision_type=9 2 9 2 2 9 2 2 2 9 2 2 9 2
left_child=1 9 3 4 -3 -4 7 -5 10 -1 11 -7 13 -12
right_child=-2 2 5 6 -6 8 -8 -9 -10 -11 12 -13 -14 -15
leaf_value=-0.0026654763286958149 0.00039803663631952181 0.0077335036666446259 0.0076486964252473659 0.031705516327643853 -0.023313425734506028 -0.040080870473661379 0.040052720384842866 -0.018590866397156902 -0.010880310265892342 0.0003782026792639043 0.016182514505391193 -0.0017625398050311143 -0.0017313895547759848 0.060008886100740969
leaf_weight=4170.3180122859776 13790.490127205849 215.27334771491587 284.7689058445394 64.302213886752725 39.623689426109195 19.611276065930724 52.367345185950398 35.516163598746061 276.9352770075202 4588.5758536159992 43.576393611729145 341.17327817715704 83.42139770835638 14.835536306723951
leaf_count=22550 74796 1176 1534 359 244 114 277 183 1433 24771 231 1845 469 81
internal_value=-1.68812e-05 -0.000576018 0.0023819 0.0101106 0.00290727 -0.00066295 0.0228399 0.0138097 -0.00375759 -0.00107358 9.21621e-05 -0.00384542 0.0101083 0.0233211
internal_weight=24020.8 10230.3 1471.4 407.083 254.897 1064.32 152.186 99.8184 779.553 8758.89 502.618 360.785 141.833 58.4119
internal_count=130063 55267 7946 2239 1420 5707 819 542 4173 47321 2740 1959 781 312
cat_boundaries=0 1 2 4 6 8
cat_threshold=79403 73763 56886280 64 388759616 53252 1073742336 16384
is_linear=0
shrinkage=0.05


Tree=171
num_leaves=15
num_cat=4
split_feature=3 8 5 5 8 4 8 6 6 7 4 8 6 3
split_gain=1.48536 3.67022 27.8801 20.5384 18.0923 9.40587 7.33105 6.27302 5.78901 5.31944 18.6217 9.53528 11.2362 6.43349
threshold=0 14.500000000000002 1.0000000180025095e-35 1.0000000180025095e-35 11.500000000000002 1 19.500000000000004 6.5000000000000009 3.5000000000000004 1.0000000180025095e-35 2 17.500000000000004 1.5000000000000002 3
decision_type=9 2 2 2 2 1 2 2 2 2 1 2 2 9
left_child=-1 2 4 -3 -2 7 9 8 -6 10 -5 -12 -13 -11
right_child=1 3 -4 6 5 -7 -8 -9 -10 13 11 12 -14 -15
leaf_value=-0.00031348670577882072 -0.051487732257617075 0.027875301177100936 0.0016286987633848148 0.022799999699869344 -0.013512948904002273 0.039383608431318225 0.0013080635516307497 0.025638554916890904 -0.10603448287046252 0.0050560476582201625 0.0039568738877367362 -0.064253840559306871 -0.011029488792315198 -0.0053421161747221196
leaf_weight=14678.07307132706 40.874484537169337 61.459730356931686 5728.2770973853767 83.521885769441724 3.6767590343952179 10.410022407770157 1528.0236360169947 3.5885975137352943 3.1298556216061115 159.04667133279145 105.73034657910466 11.741907991468905 63.76908483915031 1520.1424655867741
leaf_count=79516 1463 977 29644 442 51 162 7955 59 49 820 570 56 357 7852
internal_value=-6.87814e-08 0.000493161 0.00126867 -0.000776206 -0.0321678 0.00578865 -0.00128338 -0.0278542 -0.0560567 -0.00332037 0.00326653 -0.00573512 -0.0193058 -0.00435894
internal_weight=24001.5 9323.39 5789.96 3533.44 61.6797 20.8052 3471.98 10.3952 6.80661 1943.95 264.763 181.241 75.511 1679.19
internal_count=129973 50457 31428 19029 1784 321 18052 159 100 10097 1425 983 413 8672
cat_boundaries=0 2 3 4 5
cat_threshold=319554120 49220 1 2 610402304
is_linear=0
shrinkage=0.05


Tree=172
num_leaves=15
num_cat=7
split_feature=0 2 4 3 8 2 8 8 4 2 8 8 8 7
split_gain=2.15463 4.70565 6.85694 7.36169 5.82141 5.60974 6.12486 4.36209 12.5128 15.6216 9.99299 14.99 11.1404 13.7758
threshold=0 1 2 3 2.5000000000000004 4 21.500000000000004 4.5000000000000009 5 6 3.5000000000000004 2.5000000000000004 1.0000000180025095e-35 4.5000000000000009
decision_type=1 9 1 9 2 9 2 2 1 9 2 2 2 2
left_child=1 7 -3 4 -4 -6 -7 8 -1 -10 11 12 -11 -14
right_child=-2 2 3 -5 5 6 -8 -9 9 10 -12 -13 13 -15
leaf_value=0.007780834541104906 -0.00016550711668643432 0.025083981052337931 0.036822401869755959 0.010781780134160949 -0.018282024076447346 0.021095040998906089 -0.070171891915048676 0.0019454731817405207 0.0086136674043472573 0.00055946022517757484 -0.096243147085459918 0.053598218825476211 -0.1137132044099098 -0.0091814332268813654
leaf_weight=57.878712626174092 23122.347282581031 47.966670211404562 6.7146000191569319 143.97485435195267 56.310120780020952 20.536528939381245 2.0189930647611609 471.82901963964105 25.920479150488973 6.6171847283840242 9.5131394360214454 3.9311610758304587 9.2602538205683214 4.7780703380703917
leaf_count=1310 109932 1457 218 4033 1514 479 41 9766 620 129 129 79 167 87
internal_value=-7.33281e-05 0.00235903 0.00761621 0.00429801 -0.00704636 -0.0116748 0.00895524 -0.000200707 -0.00880669 -0.0248024 -0.0407723 -0.0358925 -0.0529244 -0.0781349
internal_weight=23989.6 867.25 277.522 229.555 85.5802 78.8656 22.5555 589.728 117.899 60.0203 34.0998 24.5867 20.6555 14.0383
internal_count=129961 20029 7742 6285 2252 2034 520 12287 2521 1211 591 462 383 254
cat_boundaries=0 1 2 3 5 6 7 8
cat_threshold=1 2153678 4 36045384 37888 5120256 1 2130952
is_linear=0
shrinkage=0.05


Tree=173
num_leaves=15
num_cat=6
split_feature=3 2 8 8 8 4 8 2 7 3 4 8 5 5
split_gain=2.50553 16.2469 2.83301 5.80555 3.45277 4.32728 1.71331 1.42451 7.29137 8.59889 8.90265 6.86193 12.334 10.3547
threshold=0 1 20.500000000000004 18.500000000000004 15.500000000000002 2 10.500000000000002 3 3.5000000000000004 4 5 11.500000000000002 1.5000000000000002 1.0000000180025095e-35
decision_type=9 9 2 2 2 1 2 9 2 9 1 2 2 2
left_child=1 6 3 4 5 -3 -1 8 9 10 -2 13 -13 -11
right_child=7 2 -4 -5 -6 -7 -8 -9 -10 11 -12 12 -14 -15
leaf_value=-0.023955439465219872 0.013610628619407612 -0.017869126767975682 0.038515215409632902 -0.023303918658309743 0.046525300423050434 0.021346928630294491 -0.052668915245240845 -0.00032446752974493043 -0.0016876480136017069 -0.05139686354143233 0.0015368904486162309 0.024384735280780483 -0.0038571406967045879 0.0042928683739828248
leaf_weight=11.098092654719951 312.03291412442923 8.4357883185148239 15.26182923465967 8.7709200419485551 10.344265181571243 42.344447957351804 9.7676062006503326 19698.388723619282 1815.6049944255501 8.4262108057737333 298.95816498808563 40.60246610827744 807.89293441176414 887.23177794925869
leaf_count=58 1679 49 78 41 60 232 53 106561 9913 320 1622 973 3619 4614
internal_value=-0.000111166 0.00721892 0.0170021 0.0147371 0.0201957 0.0148322 -0.0252808 -0.000146688 0.000691728 0.00252895 0.0075789 0.000712373 -0.0025057 0.00376895
internal_weight=23975.2 106.023 85.1573 69.8954 61.1245 50.7802 20.8657 23869.1 4170.75 2355.14 610.991 1744.15 848.495 895.658
internal_count=129872 571 460 382 341 281 111 129301 22740 12827 3301 9526 4592 4934
cat_boundaries=0 2 3 4 5 7 8
cat_threshold=536870912 1024 551172 4 672068 319553536 4100 1
is_linear=0
shrinkage=0.05


Tree=174
num_leaves=15
num_cat=7
split_feature=2 4 3 3 8 2 6 6 3 8 8 6 4 6
split_gain=2.96746 9.72505 10.2014 8.35981 9.06077 8.22607 9.7401 9.4473 5.35628 7.33726 7.65009 11.9383 5.59525 6.03166
threshold=0 1 2 3 21.500000000000004 4 6.5000000000000009 7.5000000000000009 5 1.0000000180025095e-35 2.5000000000000004 6.5000000000000009 6 4.5000000000000009
decision_type=9 1 9 9 2 9 2 2 9 2 2 2 1 2
left_child=1 3 -3 -1 5 7 -7 -5 -4 -10 11 12 13 -11
right_child=-2 2 8 4 -6 6 -8 -9 9 10 -12 -13 -14 -15
leaf_value=-0.0056580198939985265 0.00040249448678147032 -0.01851183312077357 0.0048044313146488778 -0.0089471121592787015 0.015720269632436994 0.012587331951184678 -0.0023616030214451173 0.0096541851711119848 -0.019373203500962 0.049856978393062773 -0.00064554591290390609 -0.0057090637600402195 0.049418103413734642 0.0037218385328111076
leaf_weight=1413.0969584174454 19360.306176733226 52.791853297501802 926.89990412816405 397.84376090019941 87.015380484983325 184.40600043721497 266.34498452395201 82.396119154989719 48.012768231332302 9.8902787026017887 1096.7022681031376 43.916569838300347 21.12732027284801 24.973393253982067
leaf_count=7682 104728 288 5120 2153 470 987 1453 449 279 51 5988 254 98 126
internal_value=0.000129943 -0.00100222 0.00138476 -0.00319029 0.000287934 -0.00115136 0.00367265 -0.00563823 0.00194476 -0.000206227 0.000561105 0.0138067 0.0291139 0.0168097
internal_weight=24015.7 4655.42 2224.31 2431.1 1018.01 930.991 450.751 480.24 2171.52 1244.62 1196.61 99.9076 55.991 34.8637
internal_count=130126 25398 12204 13194 5512 5042 2440 2602 11916 6796 6517 529 275 177
cat_boundaries=0 1 2 4 6 7 9 10
cat_threshold=2555969 1 270532616 4096 1090651649 49216 2359296 1695023169 49216 2
is_linear=0
shrinkage=0.05


Tree=175
num_leaves=15
num_cat=7
split_feature=2 7 3 8 7 4 8 8 5 8 2 3 2 2
split_gain=2.06713 14.5058 10.2652 10.8931 9.63137 8.27829 20.3301 21.2562 12.6055 11.6356 11.464 8.10471 8.68163 8.01663
threshold=0 3.5000000000000004 1 21.500000000000004 3.5000000000000004 2 1.5000000000000002 6.5000000000000009 3.0000000000000004 2.5000000000000004 3 4 5 6
decision_type=9 2 9 2 2 1 2 2 2 2 9 9 9 9
left_child=4 11 3 -3 -1 6 -4 8 9 -8 -9 12 -2 -6
right_child=1 2 5 -5 13 -7 7 10 -10 -11 -12 -13 -14 -15
leaf_value=-0.0016868694332774397 0.0031061562224581982 -0.0073088210523073712 -0.019502073161148284 -0.039210106698706025 0.0031167623907649078 -0.0018371817236733628 -0.055370150602313796 0.0085863609444327364 0.029825956946035688 0.010937747838450322 -0.0047835766469346494 0.0016087818304645414 0.02057972240570817 -0.00086228173230487387
leaf_weight=6699.8896835520864 203.6931261587888 308.0960761718452 86.537151833996177 29.304526330903172 2620.0362426955253 4109.6748430505395 8.1106418650597316 301.92698665894568 125.2249291986227 35.903070958331227 321.31842504255474 6612.1197543274611 111.04348590783775 2437.1504610497504
leaf_count=36698 1089 1666 468 162 14143 22002 68 1586 532 347 1721 35527 614 13450
internal_value=3.02726e-05 0.000484518 -0.00147702 -0.00978943 -0.000443167 -0.000893409 0.00350884 0.00602157 0.021736 -0.00128116 0.00175441 0.00199345 0.00971497 0.00120365
internal_weight=24010 12253 5326.1 337.401 11757.1 4988.7 879.021 792.484 169.239 44.0137 623.245 6926.86 314.737 5057.19
internal_count=130073 65782 28552 1828 64291 26724 4722 4254 947 415 3307 37230 1703 27593
cat_boundaries=0 1 3 4 5 7 8 9
cat_threshold=4633251 654966849 4096 4 2179080 52428809 4096 3212300 299043
is_linear=0
shrinkage=0.05


Tree=176
num_leaves=15
num_cat=2
split_feature=2 6 5 8 8 8 8 8 4 5 8 8 8 5
split_gain=2.95663 5.18653 11.6948 9.62479 13.4779 9.33389 6.27643 4.8513 3.42148 3.248 3.19941 2.32565 2.20277 38.1329
threshold=0 10.500000000000002 3.0000000000000004 15.500000000000002 8.5000000000000018 12.500000000000002 8.5000000000000018 4.5000000000000009 1 3.0000000000000004 18.500000000000004 12.500000000000002 3.5000000000000004 1.0000000180025095e-35
decision_type=9 2 2 2 2 2 2 2 1 2 2 2 2 2
left_child=1 3 -3 4 8 -6 7 -4 -1 -10 -5 -8 13 -2
right_child=12 2 6 10 5 -7 11 -9 9 -11 -12 -13 -14 -15
leaf_value=-0.0069698304892743248 -0.051428306811436897 0.037953716282863433 -0.012167705355491876 -0.072361497676580414 0.040987598943882195 -0.020325538795994583 -0.047106941391435023 0.036937177714889635 -0.013985124608608082 -0.056019564655084481 -0.031113849856982418 -0.015578570224595221 -0.00020324004912565562 0.0015389248796881117
leaf_weight=12.432566693052649 34.274564314633608 17.610711878165603 10.474121242761614 6.9835650101304081 18.225246485322717 9.4131487831473333 8.4846523106098193 9.676538944244383 7.2952838335186252 12.418789550662041 14.384949345141647 18.828912168741226 19879.783773960546 3956.3317094556987
leaf_count=65 1276 143 48 45 95 57 38 43 57 59 94 92 107650 20343
internal_value=-3.29273e-05 -0.00688893 0.00315569 -0.0157923 -0.00549789 0.0201054 -0.00975546 0.0114129 -0.0275106 -0.0404645 -0.0445942 -0.0253725 1.19532e-05 0.001084
internal_weight=24016.6 146.228 65.0749 81.1535 59.785 27.6384 47.4642 20.1507 32.1466 19.7141 21.3685 27.3136 23870.4 3990.61
internal_count=130105 836 364 472 333 152 221 91 181 116 139 130 129269 21619
cat_boundaries=0 1 2
cat_threshold=1 2
is_linear=0
shrinkage=0.05


Tree=177
num_leaves=15
num_cat=3
split_feature=3 7 8 8 6 8 7 8 5 4 3 8 5 6
split_gain=1.88968 2.67019 4.35617 8.24517 7.63194 13.0113 5.81268 4.901 8.94658 5.16171 5.92077 5.83306 8.69149 10.5178
threshold=0 2.5000000000000004 20.500000000000004 21.500000000000004 11.500000000000002 22.500000000000004 4.5000000000000009 3.5000000000000004 1.0000000180025095e-35 1 2 7.5000000000000009 3.0000000000000004 3.5000000000000004
decision_type=9 2 2 2 2 2 2 2 2 1 9 2 2 2
left_child=-1 -2 7 -4 -5 -6 -7 8 -3 11 -11 12 13 -9
right_child=1 2 3 4 5 6 -8 9 -10 10 -12 -13 -14 -15
leaf_value=-0.00053081372091046001 0.0012613800785796203 -0.051347959835494429 0.010518729212412398 -0.0019773966013113191 -0.0076340813596282786 0.079178110634987642 0.021782525966434731 0.024001452733153635 0.0027117345314044542 -0.0028761204881005784 0.0044487557579872029 -0.00022747443253326512 0.015927750657120699 -0.027177413426585192
leaf_weight=12893.432974201627 4713.5583351068199 7.7110622283071271 257.01550434716046 499.98723372258246 18.396261090412736 9.453151039779188 8.2706489097326976 15.36453186906874 1022.0216539762914 3428.9587799571455 292.25312640145421 607.92358219623566 141.83171698451042 28.961703535169363
leaf_count=69929 25580 303 1342 2676 94 51 46 148 5336 18542 1576 3270 605 263
internal_value=-0.000119815 0.000359829 -0.000310069 0.00315588 -0.000373943 0.0218217 0.052395 -0.000805815 0.00230691 -0.00151569 -0.00229662 0.00214391 0.00988799 -0.0094376
internal_weight=23945.1 11051.7 6338.15 793.123 536.107 36.1201 17.7238 5545.03 1029.73 4515.29 3721.21 794.082 186.158 44.3262
internal_count=129761 59832 34252 4209 2867 191 97 30043 5639 24404 20118 4286 1016 411
cat_boundaries=0 2 3 5
cat_threshold=354685960 37952 4 1073742401 16388
is_linear=0
shrinkage=0.05


Tree=178
num_leaves=15
num_cat=6
split_feature=2 3 6 2 4 8 8 2 7 8 7 2 8 6
split_gain=2.3118 6.17098 5.38883 9.88825 10.5882 14.4785 10.4778 9.87819 9.3118 18.1716 11.575 7.44157 11.6734 7.30007
threshold=0 1 6.5000000000000009 2 3 1.5000000000000002 4.5000000000000009 4 5.5000000000000009 10.500000000000002 3.5000000000000004 5 5.5000000000000009 7.5000000000000009
decision_type=9 9 2 9 1 2 2 9 2 2 2 9 2 2
left_child=-1 -2 3 4 5 -3 -6 13 10 -10 11 -7 -13 -4
right_child=1 2 7 -5 6 8 -8 -9 9 -11 -12 12 -14 -15
leaf_value=-0.00036481297826426024 0.0037268359020935834 0.070046622559294267 -0.013932546183660622 0.0027637237233872534 0.0074364420529294539 0.023504275424418311 -0.023436186002879261 9.3834325849997629e-05 -0.029071096362501159 0.057123889690642408 -0.030925715308707458 0.04359708915351232 -0.017451870238304381 -0.0031501328785444194
leaf_weight=14410.704062378034 1373.0391956828535 7.5602222420275202 210.96011497266591 2700.458881534636 35.980174297466874 20.344051649793983 116.36985013820231 4419.5433707498014 9.6144853569567221 16.797490539029241 35.411250898614526 9.342744477093218 48.372659469023347 613.44448185153306
leaf_count=77833 7473 40 1115 14598 173 109 614 24380 47 85 200 47 259 3267
internal_value=3.57742e-05 0.000635742 0.000117041 0.00180721 -0.00667826 0.00265067 -0.0161451 -0.000849741 -0.000991873 0.0257472 -0.00721579 0.0035401 -0.00645166 -0.00583847
internal_weight=24027.9 9617.24 8244.2 3000.25 299.793 147.443 152.35 5243.95 139.883 26.412 113.471 78.0595 57.7154 824.405
internal_count=130240 52407 44934 16172 1574 787 787 28762 747 132 615 415 306 4382
cat_boundaries=0 1 2 3 4 5 6
cat_threshold=3978251 388235265 196900 1 2112 260
is_linear=0
shrinkage=0.05


Tree=179
num_leaves=15
num_cat=4
split_feature=2 8 7 6 7 7 8 8 6 3 7 4 6 3
split_gain=2.01508 7.39225 15.503 15.6531 12.0386 11.4151 10.9476 10.4901 23.3558 8.7555 7.84836 8.0969 11.2847 7.82084
threshold=0 17.500000000000004 1.5000000000000002 11.500000000000002 1.0000000180025095e-35 1.0000000180025095e-35 16.500000000000004 22.500000000000004 11.500000000000002 1 4.5000000000000009 2 8.5000000000000018 3
decision_type=9 2 2 2 2 2 2 2 2 9 2 1 2 9
left_child=1 6 3 5 -5 -3 9 13 10 -1 11 12 -9 -4
right_child=-2 2 7 4 -6 -7 -8 8 -10 -11 -12 -13 -14 -15
leaf_value=-0.0099661655867929449 -0.00013877241153640983 -0.02712613391715378 0.0032255524770682664 0.052334424691377682 -0.016063815283918214 9.9699399341885686e-05 -0.014473927791389557 0.064255024575467112 0.051725962614788512 0.0017766441378283026 -0.036251954674850942 -0.024940233866587794 -0.013846504738902693 0.017860890832670694
leaf_weight=164.70199427753687 21266.56308109127 74.831899210810661 157.15597713924944 17.790581196546555 10.077134013175966 79.295871127396822 126.51485007256269 8.3206907939165848 14.517617503181098 1735.8237225431949 31.93594890460372 19.932044394314289 10.412963822484015 284.99487995356321
leaf_count=902 115128 369 834 97 59 441 695 43 85 9550 161 107 47 1488
internal_value=2.57724e-05 0.00130037 0.00569854 -0.00688375 0.0276012 -0.0131189 -0.000232145 0.0100415 -0.00603212 0.000715906 -0.0179088 -0.00275818 0.0208429 0.0131359
internal_weight=24002.9 2736.31 709.266 181.995 27.8677 154.128 2027.04 527.27 85.1193 1900.53 70.6016 38.6657 18.7337 442.151
internal_count=130006 14878 3731 966 156 810 11147 2765 443 10452 358 197 90 2322
cat_boundaries=0 1 3 4 6
cat_threshold=606340 84410376 1088 2 572658177 16384
is_linear=0
shrinkage=0.05


Tree=180
num_leaves=15
num_cat=9
split_feature=3 2 7 4 2 2 7 2 4 6 2 2 7 6
split_gain=2.10326 6.94337 6.29611 8.16077 5.20923 4.7965 5.71328 7.65819 6.84823 12.7183 12.5546 11.8511 10.8671 8.62
threshold=0 1 1.5000000000000002 2 3 4 3.5000000000000004 5 6 11.500000000000002 7 8 5.5000000000000009 10.500000000000002
decision_type=9 9 2 1 9 9 2 9 1 2 9 9 2 2
left_child=1 2 3 4 -1 6 7 -2 9 10 -8 -11 -13 -10
right_child=5 -3 -4 -5 -6 -7 8 -9 13 11 -12 12 -14 -15
leaf_value=0.013500138143800557 -0.00020149087532899198 -0.0014161320573794255 0.00020537715213524702 0.0091280224783525585 -0.011012229169727314 0.00093879116524398702 0.0019982357290306333 -0.0057499580793226659 -0.0043285349152157272 0.019082643438034327 0.015075686531062378 -0.0073447232678034591 -0.043037164487370799 0.0079245856866002624
leaf_weight=19.787682015448809 1474.8008127752692 6458.4028072208166 1522.8135298155248 474.51420128531754 86.358293924480677 10923.300949472934 646.55976199544966 1072.6879217624664 765.45921987947077 18.934762429445982 252.35815103165805 56.645174980163574 34.201992116868496 176.65970876999199
leaf_count=103 8153 35018 8196 2576 459 58854 3559 5953 4162 103 1333 316 198 975
internal_value=2.42882e-05 -0.000603715 0.00188559 0.00632452 -0.00620826 0.000373097 -0.000999622 -0.00256118 0.00103443 0.00389744 0.00585948 -0.0121682 -0.0187214 -0.00203091
internal_weight=23983.5 8561.88 2103.47 580.66 106.146 15421.6 4498.31 2547.49 1950.82 1008.7 898.918 109.782 90.8472 942.119
internal_count=129958 46352 11334 3138 562 83606 24752 14106 10646 5509 4892 617 514 5137
cat_boundaries=0 2 3 4 5 6 7 8 9 10
cat_threshold=1463813193 36864 1643014 4 590336 5341731 5243392 1 5242914 33
is_linear=0
shrinkage=0.05


Tree=181
num_leaves=15
num_cat=8
split_feature=2 6 3 6 3 6 2 4 2 6 3 5 7 4
split_gain=1.17598 7.51035 8.11856 5.98215 7.03998 7.50694 11.6786 10.7414 8.56185 9.33893 6.99986 6.15657 23.9447 5.65962
threshold=0 1.5000000000000002 1 6.5000000000000009 2 7.5000000000000009 3 4 5 11.500000000000002 6 1.5000000000000002 2.5000000000000004 7
decision_type=9 2 9 2 9 2 9 1 9 2 9 2 2 1
left_child=-1 2 -2 10 5 6 -5 8 9 -7 -3 12 13 -8
right_child=1 3 -4 4 -6 7 11 -9 -10 -11 -12 -13 -14 -15
leaf_value=-0.00030678571026677623 -0.01324416990912625 -0.00054956064666846611 -0.0013344476798440258 -0.00096273860472943405 0.0028032365124157142 0.015073739064174699 -0.10106349856739934 0.0016357917026439584 -0.0054078248534978231 -0.035743269413698292 0.0039648482407521604 -0.01146373134137486 -0.0034303757237024394 -0.22299704197343548
leaf_weight=13174.666077531874 183.28555927239358 1341.4201167076826 582.20811901986599 634.65685884654522 1498.5991071034223 92.3804219532758 2.4360263030976048 2661.6604199092835 1073.1352051384747 10.021866168826817 2385.9844815395772 316.69710107147694 9.7668528947979194 1.5617849659174683
leaf_count=71012 998 7230 3201 3515 8177 507 61 14492 5923 59 12959 1402 286 46
internal_value=1.01227e-05 0.00039685 -0.00437649 0.00076161 -0.00017765 -0.00111138 -0.00505548 -0.000122271 -0.00410289 0.00920181 0.00234936 -0.012508 -0.0456219 -0.148698
internal_weight=23968.5 10793.8 765.494 10028.3 6300.92 4802.32 965.119 3837.2 1175.54 102.402 3727.4 330.462 13.7647 3.99781
internal_count=129868 58856 4199 54657 34468 26291 5310 20981 6489 566 20189 1795 393 107
cat_boundaries=0 1 3 5 6 7 8 10 11
cat_threshold=3314475 262145 4 1409816072 50180 4211712 2 68 1919287809 5120 1
is_linear=0
shrinkage=0.05


Tree=182
num_leaves=15
num_cat=7
split_feature=3 2 2 3 4 2 8 8 8 6 6 8 6 3
split_gain=2.08608 5.78193 5.27163 5.09954 4.56949 6.87846 11.5749 7.57109 5.52419 5.66909 5.338 5.15873 4.51443 6.2168
threshold=0 1 2 3 4 5 10.500000000000002 13.500000000000002 14.500000000000002 1.5000000000000002 10.500000000000002 9.5000000000000018 9.5000000000000018 6
decision_type=9 9 9 9 1 9 2 2 2 2 2 2 2 9
left_child=1 4 3 -2 5 -1 11 -8 -9 -10 -11 -7 -5 -14
right_child=2 -3 -4 12 -6 6 7 8 9 10 -12 -13 13 -15
leaf_value=-0.001354933751350862 0.014011150511370508 0.00047343028151879498 0.0015038625602934595 -8.9184394441864444e-05 -0.00099985397143997055 -0.0029355716791380354 -0.030433352618072614 0.011774764888554111 -0.033086414309404476 -0.0061996465606424323 -0.032563936011963952 0.023679474792907058 -0.0057552335204067813 0.0015703938474836518
leaf_weight=836.50620730593801 47.773766962811351 6349.4162990739569 4835.7424503043294 3972.8276015166193 6087.1174192819744 210.23572020791471 67.019306730479002 23.386832863092422 32.205886039882898 132.21930414624512 22.460870105773211 19.932751972228289 906.12719017080963 422.92888178117573
leaf_count=4511 274 34658 26156 21530 32819 1127 367 131 165 686 142 113 4936 2265
internal_value=-0.000233612 -0.000634391 0.000308947 -0.00077197 -0.00158032 -0.00422114 -0.00874678 -0.015799 -0.0111347 -0.0140016 -0.010028 -0.00063069 -0.000931303 -0.00345558
internal_weight=23965.9 13780.5 10185.4 5349.66 7431.08 1343.97 507.461 277.292 210.273 186.886 154.68 230.168 5301.88 1329.06
internal_count=129880 74719 55161 29005 40061 7242 2731 1491 1124 993 828 1240 28731 7201
cat_boundaries=0 2 3 4 5 6 7 9
cat_threshold=270798920 32836 1130251 7245248 603979776 4 77064 1094714368 16384
is_linear=0
shrinkage=0.05


Tree=183
num_leaves=15
num_cat=5
split_feature=6 1 8 6 4 3 6 3 8 3 8 7 5 8
split_gain=1.41537 7.73942 10.6233 9.435 9.51624 8.55013 8.02161 7.63689 5.6231 8.9704 5.52129 9.94576 6.88373 6.55361
threshold=9.5000000000000018 0 1.0000000180025095e-35 11.500000000000002 1 2 11.500000000000002 3 4.5000000000000009 4 2.5000000000000004 2.5000000000000004 3.0000000000000004 15.500000000000002
decision_type=2 1 2 2 1 9 2 9 2 9 2 2 2 2
left_child=-1 2 3 4 -2 6 -4 -3 9 -9 11 -7 -13 -12
right_child=1 7 5 -5 -6 10 -8 8 -10 -11 13 12 -14 -15
leaf_value=0.00011183087190641361 0.057169375205025685 0.0098094904861425816 0.013355599602409163 0.067510130557474929 -0.0023572150445815834 -0.043611376173256514 -0.025573460502528358 -0.0101812234691354 0.00068953212179245825 0.00036385732739499543 -0.002631909341431142 0.033571319418148393 -0.015741829607732613 -0.011465160659783051
leaf_weight=18776.929164830595 8.2021121848374605 186.42771291173995 94.507988475263119 7.9492989331483832 37.006843147799373 28.273707751184702 15.387372117489575 330.41520721837878 3086.8712552376091 501.59318068809807 532.71881615556777 8.9654153287410718 33.594747945666313 346.59912219829857
leaf_count=101467 48 1011 524 41 189 180 86 1785 16919 2713 3008 104 142 1813
internal_value=-9.06116e-05 -0.000819028 -0.00449585 0.0172755 0.0084425 -0.00563003 0.00724551 0.000188481 -0.00029301 -0.0039419 -0.00712054 -0.0206246 -0.00535388 -0.0061137
internal_weight=23995.4 5218.51 1113.21 53.1583 45.209 1060.05 109.895 4105.31 3918.88 832.008 950.152 70.8339 42.5602 879.318
internal_count=130030 28563 6135 278 237 5857 610 22428 21417 4498 5247 426 246 4821
cat_boundaries=0 1 2 4 5 7
cat_threshold=2 4 304742400 64 335675457 1075839496 33856
is_linear=0
shrinkage=0.05


Tree=184
num_leaves=15
num_cat=5
split_feature=0 3 4 8 4 8 7 8 8 6 6 6 6 3
split_gain=2.17557 3.58736 2.9437 7.59135 8.11335 11.1002 13.5825 7.12632 10.3122 12.3641 7.65223 10.2082 7.92321 7.00224
threshold=0 1 2 6.5000000000000009 3 1.0000000180025095e-35 1.5000000000000002 3.5000000000000004 1.5000000000000002 5.5000000000000009 6.5000000000000009 7.5000000000000009 9.5000000000000018 4
decision_type=1 9 1 2 1 2 2 2 2 2 2 2 2 9
left_child=1 -1 7 4 5 6 -4 8 -3 13 -11 -12 -13 -10
right_child=-2 2 3 -5 -6 -7 -8 -9 9 10 11 12 -14 -15
leaf_value=0.0098427277229035173 -0.00013682974821830894 0.0046405332910705458 0.021633279712801393 -0.0013834488949572401 -0.0034332080514209887 0.008707785298898145 -0.019382520121827573 0.0041361917944108288 -0.017088784157183731 -0.069304032418780373 0.033996155597757309 -0.05023121133803371 -0.0072305131813264313 0.011933033466012627
leaf_weight=102.59071023762226 18543.452288962901 137.36053322441876 27.230119794607162 2653.8915595877916 295.17048778012395 664.26452011428773 78.008659014478326 1311.3923043683171 25.373467719182372 10.868735341355203 6.7871427852660409 25.133509356528521 18.670137103646994 40.39247253164649
leaf_count=913 84391 1162 222 22224 2317 5550 618 11270 227 84 57 194 199 342
internal_value=0.000120483 0.00100295 0.000813433 4.74485e-05 0.00361422 0.00631751 -0.00876984 0.00262596 -0.00485937 -0.015116 -0.0312399 -0.0230624 -0.0319033 -4.79655e-05
internal_weight=23940.6 5397.13 5294.54 3718.57 1064.67 769.503 105.239 1575.98 264.586 127.225 61.4595 50.5908 43.8036 65.7659
internal_count=129770 45379 44466 30931 8707 6390 840 13535 2265 1103 534 450 393 569
cat_boundaries=0 1 2 3 4 6
cat_threshold=5 88604680 2 1 4097 16388
is_linear=0
shrinkage=0.05


Tree=185
num_leaves=15
num_cat=5
split_feature=3 7 3 6 3 6 8 8 8 5 8 7 4 4
split_gain=2.89641 2.92652 4.74881 4.14577 4.54371 3.91038 9.08605 5.82585 9.34503 3.33222 5.47326 4.39622 4.49724 4.15822
threshold=0 5.5000000000000009 1 1.5000000000000002 2 11.500000000000002 1.5000000000000002 18.500000000000004 5.5000000000000009 3.0000000000000004 1.0000000180025095e-35 1.0000000180025095e-35 3 4
decision_type=9 2 9 2 9 2 2 2 2 2 2 2 1 1
left_child=1 3 -3 4 9 -4 -7 8 -8 11 -11 12 -1 -13
right_child=-2 2 5 -5 -6 6 7 -9 -10 10 -12 13 -14 -15
leaf_value=-0.04799007169064054 0.00064550202828407089 -0.011525965683306695 0.001560935736793791 -0.001206246986993933 0.0081486026806781731 -0.038090818682595839 0.042880665326011896 0.041676320150551713 -0.0016442511954421594 0.022614026455420298 -0.0027522726348062562 0.001605859458387195 -0.00065876150624899021 0.018547062546518812
leaf_weight=6.6127009186893702 14028.091437921859 55.83592083863914 1264.5752905067056 7598.7560892850161 236.10511626303196 8.0763302706181985 15.963377330452202 19.067564357072115 45.018212109804153 22.183767482638359 513.62783743441105 75.269674019888043 20.819543858990077 69.818599421530962
leaf_count=42 75991 306 6911 41293 1273 40 87 105 249 94 2181 657 174 608
internal_value=0.000182922 -0.000469313 0.00164187 -0.000817938 0.00230632 0.00225394 0.0124542 0.0175538 0.0100112 0.000240507 -0.00170205 0.00628762 -0.0120682 0.00975821
internal_weight=23979.8 9951.73 1408.54 8543.19 944.437 1352.7 88.1255 80.0492 60.9816 708.332 535.812 172.521 27.4322 145.088
internal_count=130011 54020 7698 46322 5029 7392 481 441 336 3756 2275 1481 216 1265
cat_boundaries=0 2 4 6 7 8
cat_threshold=342623304 53248 268435528 4096 69993472 32768 4 1
is_linear=0
shrinkage=0.05


Tree=186
num_leaves=15
num_cat=9
split_feature=2 8 8 2 3 2 3 7 8 8 2 2 4 4
split_gain=2.02232 10.737 11.0471 26.0507 12.0514 10.1983 12.7554 7.82036 12.7524 12.9309 17.7401 12.7382 18.8189 14.1136
threshold=0 19.500000000000004 18.500000000000004 1 2 3 4 5.5000000000000009 12.500000000000002 11.500000000000002 5 6 7 8
decision_type=9 2 2 9 9 9 9 2 2 2 9 9 1 1
left_child=-1 2 7 -4 -5 -3 -7 -2 9 -9 -11 13 -13 -10
right_child=1 5 3 4 -6 6 -8 8 11 10 -12 12 -14 -15
leaf_value=-0.000341479578720709 0.00091795278896995923 -0.00024625878228785359 -0.018711485564099357 0.014469244333981524 -0.0078141411456391745 -0.0046451843108026572 0.010187566234825408 -0.0018764840831142751 0.0015798046774966213 -0.011477883558830143 0.0382769371108381 0.020927638064232677 -0.01982091620918288 -0.025493307659015176
leaf_weight=13507.997478334233 7112.3274266961962 748.1171761136502 238.73436054587364 126.52529097534716 102.02542509138584 174.1395948138088 801.43570860661566 742.49165104702115 66.064546573907137 27.06051329895854 37.218304710462689 64.565175700932741 50.492330074310303 177.42433656565845
leaf_count=72559 38899 4218 1243 674 542 962 4206 4157 379 144 217 377 312 1017
internal_value=6.27009e-05 0.000583996 -0.000126362 -0.00760597 0.00461133 0.00419129 0.00751966 0.000295873 -0.00350089 -1.39791e-05 0.0215 -0.0113468 0.00280185 -0.0174318
internal_weight=23976.6 10468.6 8744.93 467.285 228.551 1723.69 975.575 8277.64 1165.32 806.77 64.2788 358.546 115.058 243.489
internal_count=129906 57347 47961 2459 1216 9386 5168 45502 6603 4518 361 2085 689 1396
cat_boundaries=0 1 2 4 5 7 8 9 10 11
cat_threshold=2251179 1868352 1074139136 32832 5244416 924845065 64 4202496 6063104 1 2
is_linear=0
shrinkage=0.05


Tree=187
num_leaves=15
num_cat=6
split_feature=2 6 8 8 8 3 8 2 6 3 2 8 6 2
split_gain=1.86508 12.124 9.53697 8.98482 7.32558 6.25452 6.47763 5.57427 5.46147 11.5212 7.00045 10.7524 16.178 6.43813
threshold=0 11.500000000000002 1.5000000000000002 3.5000000000000004 19.500000000000004 1 21.500000000000004 2 10.500000000000002 3 4 1.0000000180025095e-35 11.500000000000002 5
decision_type=9 2 2 2 2 9 2 9 2 9 9 2 2 9
left_child=1 5 -3 -4 -5 6 -1 -6 13 10 11 12 -10 -2
right_child=8 2 3 4 7 -7 -8 -9 9 -11 -12 -13 -14 -15
leaf_value=-0.0081865788249475668 0.0036074562427342175 -0.017868102434373586 0.035711709803104542 0.0040515198965435468 -0.00038220424606550448 -0.00084781107697973418 -0.044200168052589785 0.031481252127368763 -0.013190220501361458 0.0013488866824472019 -0.0019541785632490468 -0.011253196830869606 0.065527625423257505 0.00028844350811007495
leaf_weight=142.26672852039337 1671.0973005350679 32.763258805498481 31.739438666030765 260.19718151167035 28.472008375450969 7841.3634721608832 13.687248244881628 38.565290173515677 14.849036242812872 1432.8207341320813 750.10397898219526 512.97734348662198 11.646368118003011 11210.750723965466
leaf_count=784 9087 172 198 1451 171 42486 74 199 75 7780 4069 2783 61 60655
internal_value=-3.13908e-05 -0.000632177 0.00795543 0.0103123 0.00784876 -0.00105362 -0.0106635 0.0225873 0.000291818 -0.00174277 -0.00514838 -0.00947333 0.0214111 0.000722027
internal_weight=23993.3 8389.05 391.737 358.974 327.234 7997.32 155.954 67.0373 15604.2 2722.4 1289.58 539.473 26.4954 12881.8
internal_count=130045 45535 2191 2019 1821 43344 858 370 84510 14768 6988 2919 136 69742
cat_boundaries=0 1 3 4 6 7 8
cat_threshold=984617 369098816 4096 545 1611138056 54336 5243264 1048964
is_linear=0
shrinkage=0.05


Tree=188
num_leaves=15
num_cat=4
split_feature=2 4 2 6 7 7 8 8 8 0 6 7 8 6
split_gain=2.28946 7.05683 10.4121 7.85678 8.14374 9.23072 10.2042 9.48142 7.20403 6.00938 11.0158 13.5509 13.5436 9.57779
threshold=0 1 2 2.5000000000000004 4.5000000000000009 3.5000000000000004 9.5000000000000018 18.500000000000004 15.500000000000002 3 11.500000000000002 2.5000000000000004 2.5000000000000004 7.5000000000000009
decision_type=9 1 9 2 2 2 2 2 2 1 2 2 2 2
left_child=1 2 9 4 5 6 -4 -8 -6 10 11 -1 -13 -14
right_child=-2 -3 3 -5 8 -7 7 -9 -10 -11 -12 12 13 -15
leaf_value=0.030795410727658984 0.00039673497577283979 -0.0016448503908643567 -0.041692470455535841 0.00041340702359865777 0.020798699313577293 -0.054398750632794958 0.03760578581897709 -0.026452050540507973 -0.036789461199203836 0.0036596851773760992 0.047646943608368325 -0.050138957783685295 -0.005987140773299782 0.033960395316918877
leaf_weight=49.891844186931849 18609.840518658981 4362.0960111077875 18.15533484145999 212.59100119676441 20.24887885525823 20.829678252339363 12.634613936766984 10.642157301306723 7.4208327159285536 541.46010516025126 23.062749085947871 12.503566900268195 48.64407323487103 21.697330502793193
leaf_count=419 100864 23722 86 1159 116 103 79 55 42 2443 199 92 384 174
internal_value=0.000134489 -0.000775001 0.00301244 -0.00467292 -0.0172162 -0.0272466 -0.0135961 0.00831849 0.00535394 0.00632324 0.014801 0.0102092 -0.00218848 0.00633497
internal_weight=23971.7 5361.88 999.782 302.522 89.9315 62.2618 41.4321 23.2768 27.6697 697.26 155.8 132.737 82.845 70.3414
internal_count=129937 29073 5351 1640 481 323 220 134 158 3711 1268 1069 650 558
cat_boundaries=0 1 2 3 4
cat_threshold=2203809 4 2195584 5
is_linear=0
shrinkage=0.05


Tree=189
num_leaves=15
num_cat=3
split_feature=2 8 5 6 3 2 6 8 6 6 6 6 5 5
split_gain=2.58542 6.32247 11.8882 10.1297 10.9216 9.6501 7.07455 7.2704 6.46531 6.31018 10.3399 6.9054 12.357 9.00211
threshold=0 20.500000000000004 1.5000000000000002 11.500000000000002 1 2 3.5000000000000004 22.500000000000004 9.5000000000000018 9.5000000000000018 10.500000000000002 5.5000000000000009 3.0000000000000004 3.0000000000000004
decision_type=9 2 2 2 9 9 2 2 2 2 2 2 2 2
left_child=1 -1 -3 4 -4 6 7 -6 -8 11 -11 12 -7 -13
right_child=-2 2 3 -5 5 9 8 -9 -10 10 -12 13 -14 -15
leaf_value=-0.0011852686241119151 0.0003852863563561516 0.026152204239767003 0.0065784096391676584 0.029257770058276907 0.032442040603628888 -0.067538580352441244 -0.0053784026500340604 -0.004659901554279265 0.014829728249809344 -0.045145344727108905 0.013235867723873222 0.024595744659777923 -0.011179388203520182 -0.0081157392090469085
leaf_weight=7801.3323279265314 15117.769621366635 52.320342291146517 441.94111721217632 32.3290656208992 34.188394069671631 11.852168351411818 208.42600989341736 21.512293741106987 48.858273044228554 29.320161938667297 10.230569437146185 26.449154585599899 54.20906500518322 102.69219474494457
leaf_count=42905 81310 1193 1996 146 157 64 944 103 219 135 46 156 228 434
internal_value=-1.23419e-05 -0.000689273 0.00290603 0.00171597 0.000816283 -0.0038821 0.00189622 0.0181128 -0.00154088 -0.0113488 -0.0300439 -0.00814226 -0.0212909 -0.00141617
internal_weight=23993.4 8875.66 1074.33 1022.01 989.679 547.738 312.985 55.7007 257.284 234.753 39.5507 195.203 66.0612 129.141
internal_count=130036 48726 5821 4628 4482 2486 1423 260 1163 1063 181 882 292 590
cat_boundaries=0 1 3 4
cat_threshold=7161347 1610613760 33796 4522498
is_linear=0
shrinkage=0.05


Tree=190
num_leaves=15
num_cat=7
split_feature=3 2 2 6 2 4 8 8 2 8 6 6 0 8
split_gain=2.69769 4.82195 4.48127 7.1417 8.37223 7.15435 6.66954 6.94323 15.2934 12.1914 10.5737 5.19544 4.59674 8.54272
threshold=0 1 2 11.500000000000002 3 4 4.5000000000000009 21.500000000000004 5 22.500000000000004 6.5000000000000009 8.5000000000000018 6 22.500000000000004
decision_type=9 9 9 2 9 1 2 2 9 2 2 2 1 2
left_child=2 -2 6 12 5 -5 -1 -8 9 -9 -10 -12 -4 -14
right_child=1 -3 3 4 -6 -7 7 8 10 -11 11 -13 13 -15
leaf_value=0.0025174471276252948 -0.0019424620371453795 0.00093056385431428276 0.0021056987479484159 -0.036143583522602295 0.011435401686442007 8.6745975283999228e-05 -0.0043188542965517636 -0.055228877935383072 -0.00014115473059348057 0.0037521456632429971 0.054340074051741211 0.018403861910390184 -0.00047103816110583989 -0.0099742231064739312
leaf_weight=601.67187892645597 1660.8104129191488 11639.068643791601 1653.4499500254169 15.936902638524771 264.60374348051846 93.966606298461556 2074.9530396852642 19.279375918209553 108.26756009086967 16.059282895177603 11.457710344344376 82.310895245522261 5478.1516912542284 247.15102749690413
leaf_count=3327 9127 62903 13795 86 1457 512 11350 106 581 88 59 442 24927 1128
internal_value=9.57614e-05 0.000570607 -0.000496344 0.000132612 0.00686859 -0.00473602 -0.00216453 -0.00339215 0.00470836 -0.022156 0.0100085 0.022795 -0.000209091 -0.000879737
internal_weight=23967.1 13299.9 10667.3 7753.26 374.507 109.904 2914 2312.33 237.375 35.3387 202.036 93.7686 7378.75 5725.3
internal_count=129888 72030 57858 41905 2055 598 15953 12626 1276 194 1082 501 39850 26055
cat_boundaries=0 2 3 4 5 6 7 8
cat_threshold=1395265536 5124 131681 1417475 4327424 4 1048576 5
is_linear=0
shrinkage=0.05


Tree=191
num_leaves=15
num_cat=8
split_feature=0 3 2 7 6 4 6 3 2 7 2 4 7 6
split_gain=1.30615 3.12931 6.35616 2.62821 6.15462 3.42652 3.05461 2.37455 17.748 5.36315 4.76714 3.14577 2.71638 2.35458
threshold=0 1 2 3.5000000000000004 8.5000000000000018 3 10.500000000000002 4 5 3.5000000000000004 6 7 1.5000000000000002 1.5000000000000002
decision_type=1 9 9 2 2 1 2 9 9 2 9 1 2 2
left_child=1 2 3 6 5 -5 -1 8 -2 10 13 12 -12 -10
right_child=7 -3 -4 4 -6 -7 -8 -9 9 -11 11 -13 -14 -15
leaf_value=-0.0048172355688545646 0.010118504105935429 0.00036311344425737761 0.014712420224957629 -0.029204913312632138 -0.064369547637378399 0.016767768361075384 0.039600662995000376 -0.00022043359355967851 0.023178024650292575 -0.018243875351613741 -0.018401012943570588 -0.020071160274206995 0.014786230299745559 0.0002254700045972248
leaf_weight=23.253695707768205 147.08019036054611 5243.0724801849574 96.09651605039835 7.5934523008763799 5.8732013627886763 8.6934717204421794 4.6435357667505732 18108.349536338821 13.009458670392631 135.73920343630016 10.643294204026462 62.520443944260478 14.656441569328306 79.176930857822299
leaf_count=214 672 44063 884 65 47 75 46 82412 60 622 49 291 66 357
internal_value=-0.000113073 0.000571603 0.00754867 -0.00636363 -0.0204896 -0.00466607 0.00257619 -0.000311901 -0.00381028 -0.01041 -0.00508096 -0.0126149 0.000824757 0.00312552
internal_weight=23960.4 5389.23 146.154 50.0574 22.1601 16.2869 27.8972 18571.2 462.826 315.746 180.007 87.8202 25.2997 92.1864
internal_count=129923 45394 1331 447 187 140 260 84529 2117 1445 823 406 115 417
cat_boundaries=0 1 2 3 4 5 6 7 8
cat_threshold=5 390594568 489728 1 889716744 141794 2626568 2
is_linear=0
shrinkage=0.05


Tree=192
num_leaves=15
num_cat=4
split_feature=0 2 6 8 3 8 8 7 8 7 6 3 8 8
split_gain=2.08426 4.29642 7.90518 9.60706 7.57897 7.50176 9.39962 24.852 7.40741 6.77751 6.4542 12.8121 10.348 13.2953
threshold=0 1 2.5000000000000004 20.500000000000004 2 13.500000000000002 11.500000000000002 3.5000000000000004 2.5000000000000004 1.5000000000000002 3.5000000000000004 3 20.500000000000004 11.500000000000002
decision_type=1 9 2 2 9 2 2 2 2 2 2 9 2 2
left_child=1 10 3 5 8 6 -3 -8 -4 -5 12 -12 13 -1
right_child=-2 2 4 9 -6 -7 7 -9 -10 -11 11 -13 -14 -15
leaf_value=-0.001033662502867143 3.8697933423869494e-05 -0.0055513144936203485 -0.10492046171635989 -0.15018881776582998 0.012650202726113594 0.029316124461824484 0.027519693334615278 -0.229405422600684 -0.0097552005952281865 -0.033831560368254819 -0.0159337114994909 0.0042295851095245527 -0.01997193843081442 0.024190942393561843
leaf_weight=120.3612153083086 23155.833928685635 16.282735360786326 2.2335400469601181 1.9627320338040579 251.22279896587133 11.015548393130301 2.0051311459392305 1.7738690990954635 24.197308450937271 3.453505277633667 133.99861516058445 169.8025763258338 33.530914591625333 92.296038037165999
leaf_count=2453 110178 400 72 38 7170 309 47 42 653 79 2663 3525 666 1964
internal_value=0.000129245 0.00252591 0.00710572 -0.0145459 0.0102074 -0.00383598 -0.0220392 -0.0930814 -0.012912 -0.075997 -0.000170189 -0.00504916 0.00584365 0.00991415
internal_weight=24020 864.137 314.147 36.4935 277.654 31.0773 20.0617 3.779 26.4308 5.41624 549.989 303.801 246.188 212.657
internal_count=130259 20081 8810 915 7895 798 489 89 725 117 11271 6188 5083 4417
cat_boundaries=0 1 2 3 5
cat_threshold=1 2414862 35652160 1091175489 33856
is_linear=0
shrinkage=0.05


Tree=193
num_leaves=15
num_cat=8
split_feature=2 4 2 6 3 6 8 0 3 5 8 7 4 2
split_gain=1.71163 6.24119 10.6861 14.2425 11.277 12.1742 11.4799 11.0521 12.4528 10.717 14.5932 12.4757 10.2938 9.88945
threshold=0 1 2 4.5000000000000009 3 7.5000000000000009 17.500000000000004 4 5 3.0000000000000004 6.5000000000000009 1.5000000000000002 6 7
decision_type=9 1 9 2 9 2 2 1 9 2 2 2 1 9
left_child=1 13 3 -3 -5 -6 9 8 -4 10 -7 -11 -13 -1
right_child=-2 2 7 4 5 6 -8 -9 -10 11 -12 12 -14 -15
leaf_value=-0.0052062173775694835 0.00042538995443086179 0.016332716415576827 0.00071280568184303283 -0.012730975790054187 0.007587496067672771 -0.055556831492993487 -0.032055788025665173 -0.0016857164607674393 0.013236215186013481 -0.020161609244169543 0.01464838752022871 0.041628324601254138 -0.0010891360735505694 -0.00039199127697441135
leaf_weight=1396.0131620038301 12788.607863297686 229.02474959753454 683.2999161100015 100.27872175723314 611.08615591749549 17.394348079338673 37.990550346672535 3323.2500165291131 272.97952459938824 25.195017039775848 12.885309683158992 30.861810490489006 25.970464080572128 4446.5867540631443
leaf_count=7585 69290 1193 5827 547 3355 130 209 15128 2357 108 141 132 111 24039
internal_value=3.01889e-05 -0.000420556 0.000809489 0.00520246 0.00230448 0.00439423 -0.00829671 -0.000321515 0.00438772 -0.000259626 -0.0256815 0.00912462 0.0221079 -0.00155187
internal_weight=24001.4 11212.8 5370.22 1090.69 861.662 761.384 150.297 4279.53 956.279 112.307 30.2797 82.0273 56.8323 5842.6
internal_count=130152 60862 29238 5926 4733 4186 831 23312 8184 622 271 351 243 31624
cat_boundaries=0 1 2 3 5 6 8 9 10
cat_threshold=2433963 1 2359296 320865289 5120 5 1898057728 49220 2 2424833
is_linear=0
shrinkage=0.05


Tree=194
num_leaves=15
num_cat=5
split_feature=8 5 5 6 8 1 3 6 3 7 4 6 4 6
split_gain=0.912178 104.833 37.4201 7.91654 4.26388 13.2229 8.39576 9.05233 7.00511 6.55404 6.06723 5.41143 4.87876 4.12344
threshold=11.500000000000002 1.0000000180025095e-35 1.0000000180025095e-35 4.5000000000000009 13.500000000000002 0 1 10.500000000000002 2 1.5000000000000002 3 3.5000000000000004 4 5.5000000000000009
decision_type=2 2 2 2 2 1 9 2 9 2 1 2 1 2
left_child=1 -1 3 -2 5 6 -4 10 9 11 -8 -7 -11 -14
right_child=2 -3 4 -5 -6 8 7 -9 -10 12 -12 -13 13 -15
leaf_value=-0.051403763348829616 0.011028082854261941 0.00015759804330778984 0.00094421767540523902 0.030755036832326246 -0.00044463705716925458 0.017406523997681354 -0.024217680373602696 -0.0054560664583509482 0.002629651971295987 0.029695199968670552 -0.062074648741300843 0.074953497039482772 0.017400925832450304 -0.024961470541628818
leaf_weight=99.409952957183123 95.281849525868893 11807.06016360037 71.042872652411461 109.08005837723613 9895.0051769828424 7.4719159640371826 23.654872735962272 30.343806287273765 1769.6512239407748 20.275350648909807 19.153415665030479 9.012657914310692 11.39452766813338 11.584338802844284
leaf_count=3768 1429 61210 390 1829 51552 41 127 186 9217 107 101 47 56 61
internal_value=3.76314e-05 -0.0002729 0.000343881 0.0215575 -2.13911e-05 0.00210065 -0.0120033 -0.0231788 0.00326013 0.0188817 -0.0411558 0.0488693 0.0118184 -0.00395523
internal_weight=23979.4 11906.5 12073 204.362 11868.6 1973.58 144.195 73.1521 1829.39 59.7388 42.8083 16.4846 43.2542 22.9789
internal_count=130121 64978 65143 3258 61885 10333 804 414 9529 312 228 88 224 117
cat_boundaries=0 1 3 4 5 6
cat_threshold=1 1090524160 32832 117440513 1 1
is_linear=0
shrinkage=0.05


Tree=195
num_leaves=15
num_cat=7
split_feature=2 8 8 2 5 2 5 7 4 7 3 5 2 3
split_gain=2.02613 8.62525 7.05312 18.5483 12.4722 6.46636 16.6151 15.6925 18.7782 9.494 6.34179 11.6925 5.84847 6.64494
threshold=0 22.500000000000004 22.500000000000004 1 1.5000000000000002 2 3.0000000000000004 5.5000000000000009 3 3.5000000000000004 4 3.0000000000000004 5 6
decision_type=9 2 2 9 2 9 2 2 1 2 9 2 9 9
left_child=1 -1 -2 -4 -5 6 7 8 -3 10 -7 -12 13 -6
right_child=2 5 3 4 12 9 -8 -9 -10 -11 11 -13 -14 -15
leaf_value=-0.00023246075834168229 0.00015738882280868697 -0.012492226566988307 0.026436103261899283 0.039950794878622756 0.0029681464946664515 -0.019955290724350483 -0.0098967567603195864 -0.041272573868287026 0.040579623290322414 -0.030899942721432084 -0.026336185389539142 0.028340403730348341 0.0058762983330396977 -0.01384035538496157
leaf_weight=10866.324710687622 12093.171232359484 24.560527389869094 82.266692474484444 20.36053809709847 113.49864766001701 24.987195169553161 240.02426669001579 10.645703455433248 51.861628528684378 65.336731454357505 14.93425254896283 28.319159060716629 203.9830941259861 110.50852064788342
leaf_count=58437 65984 212 443 557 517 136 1023 103 508 330 121 124 910 510
internal_value=-3.0851e-05 -0.000516092 0.000404632 0.00604711 0.00167891 -0.00721763 -0.00301736 0.0156009 0.0235234 -0.0160737 -0.00423376 0.00768524 -0.000102549 -0.00556102
internal_weight=23950.8 11327 12623.8 530.617 448.351 460.669 327.092 87.0679 76.4222 133.577 68.2406 43.2534 427.99 224.007
internal_count=129915 60994 68921 2937 2494 2557 1846 823 720 711 381 245 1937 1027
cat_boundaries=0 1 2 3 4 6 7 9
cat_threshold=2869801 270336 2671112 2 1073745920 32768 4195458 1074005504 32768
is_linear=0
shrinkage=0.05


Tree=196
num_leaves=15
num_cat=5
split_feature=2 4 2 6 7 3 8 8 8 5 6 3 6 7
split_gain=1.5364 12.3588 8.21224 13.3868 12.7402 12.9775 16.6256 10.5744 10.4811 18.5601 12.0892 11.6951 9.2306 8.52041
threshold=0 1 2 10.500000000000002 4.5000000000000009 3 4.5000000000000009 16.500000000000004 5.5000000000000009 3.0000000000000004 6.5000000000000009 4 11.500000000000002 3.5000000000000004
decision_type=9 1 9 2 2 9 2 2 2 2 2 9 2 2
left_child=-1 -2 4 -4 5 6 -3 12 9 10 -6 -10 -8 -9
right_child=1 2 3 -5 8 -7 7 13 11 -11 -12 -13 -14 -15
leaf_value=-0.00049441522252413183 0.001908860039076836 -0.017834153550466188 0.001754952066822001 -0.0063419485341993922 -0.04046839465920888 -0.0098307290067247127 0.0081111979408802631 -0.010760837473992507 0.013520281447718314 0.022120000332244882 0.017461240887726215 -0.0059071754285940463 0.050919939839916273 0.015982069973094527
leaf_weight=12771.573876185343 5794.6879366431385 108.33161799609661 2600.7632621005177 635.15006032027304 22.983338914811611 947.41012234613299 260.35455348901451 146.48385845310986 89.16008416377008 127.70749834179878 14.808963280171154 347.40764882136136 13.232289507985113 37.385485710576177
leaf_count=69264 31408 594 14218 3438 200 5134 1401 799 497 539 147 1918 70 199
internal_value=-0.000120268 0.000308617 -0.00142368 0.000165169 -0.00383692 -0.00630272 -0.000217475 0.00394963 0.00229671 0.0130113 -0.0177686 -0.00176513 0.0101817 -0.0053233
internal_weight=23917.4 11145.9 5351.18 3235.91 2115.27 1513.2 565.788 457.456 602.068 165.5 37.7923 436.568 273.587 183.869
internal_count=129826 60562 29154 17656 11498 8197 3063 2469 3301 886 347 2415 1471 998
cat_boundaries=0 1 2 3 5 7
cat_threshold=4038731 1 22048 1161827393 5120 16908800 16384
is_linear=0
shrinkage=0.05


Tree=197
num_leaves=15
num_cat=8
split_feature=2 3 3 2 8 3 2 8 8 5 2 6 3 6
split_gain=2.17957 7.08342 6.6508 5.3463 6.17075 5.3015 7.76481 8.35318 5.00461 20.2908 5.90748 7.88945 7.77521 7.29075
threshold=0 1 2 3 8.5000000000000018 4 5 16.500000000000004 3.5000000000000004 1.0000000180025095e-35 6 9.5000000000000018 7 8.5000000000000018
decision_type=9 9 9 9 2 9 9 2 2 2 9 2 9 2
left_child=2 -2 3 4 -1 6 -3 -8 9 -7 11 12 -11 -14
right_child=1 5 -4 -5 -6 8 7 -9 -10 10 -12 -13 13 -15
leaf_value=0.028737540152811589 0.010320695060568662 -0.01519003724857575 -0.00022689349108599 -0.014135191836659953 -0.0074859192107880447 -0.05127396888209549 -0.0063840279011428899 0.013468007145345282 0.00014209847814240174 -0.0050112298307460248 0.0055729420182506388 -0.0090314931445147611 0.0039599659286949284 0.022490683467797784
leaf_weight=18.110912248492241 173.35648217611015 123.42231211811304 11313.040843091905 144.57438986934721 33.511999579146504 17.152789678424597 166.79943399131298 77.659097164869308 9928.9262371789664 211.42088307254016 1183.1009583938867 185.55451452732086 354.41555077210069 62.429416308179498
leaf_count=101 962 674 61362 787 184 712 895 408 53924 1064 6014 936 1815 315
internal_value=0.000106899 0.000564207 -0.000389302 -0.00928889 0.00437491 0.000418556 -0.00541342 -7.44285e-05 0.000602577 0.00287562 0.00334075 2.68608e-05 0.00270262 0.00657746
internal_weight=23993.5 12484.2 11509.2 196.197 51.6229 12310.9 367.881 244.459 11943 2014.07 1996.92 813.82 628.266 416.845
internal_count=130153 67719 62434 1072 285 66757 1977 1303 64780 10856 10144 4130 3194 2130
cat_boundaries=0 1 3 5 6 8 9 10 12
cat_threshold=3876489 336068608 4096 336068672 4096 729089 541196288 1024 264450 4227140 1536 16448
is_linear=0
shrinkage=0.05


Tree=198
num_leaves=15
num_cat=7
split_feature=2 7 7 2 3 6 6 2 4 6 7 5 4 3
split_gain=1.5316 10.2707 12.5146 17.9525 15.4793 14.9912 11.9233 10.7744 10.4515 9.06989 14.9367 11.284 22.051 10.778
threshold=0 3.5000000000000004 5.5000000000000009 1 2 10.500000000000002 1.5000000000000002 3 4 11.500000000000002 1.5000000000000002 1.0000000180025095e-35 5 6
decision_type=9 2 2 9 9 2 2 9 1 2 2 2 1 9
left_child=1 6 -3 5 -5 8 -1 -8 -4 10 -9 12 -12 -11
right_child=-2 2 3 4 -6 -7 7 9 -10 13 11 -13 -14 -15
leaf_value=0.0051633320819286206 0.00042599792512463457 0.0032486947067588293 0.024770794227532304 0.0084264343668821653 -0.0075979120743955497 0.026299786898233708 -0.00069085074633410976 -0.0020810634869438708 -0.0025435696466991689 -0.0091003425366466949 -0.11778420435876713 -0.010517255755071266 0.0017531750641953709 0.01018930090833043
leaf_weight=561.12426782399416 13552.872951779515 3041.3741073161364 41.846830483525991 169.94276553578675 1004.497015343979 83.521746195852757 3233.2521861642599 882.62366039305925 214.72414560988545 108.95548310317099 7.1773704625666142 870.63845829293132 8.3419406320899707 177.87770967744291
leaf_count=2895 73455 16334 218 903 5485 462 17797 4753 1216 609 115 4550 169 1007
internal_value=7.58671e-05 -0.000380195 0.00139944 -0.00231409 -0.0052276 0.00767516 -0.00176681 -0.00250206 0.00191141 -0.00532165 -0.00668499 -0.0112705 -0.0535305 0.00289997
internal_weight=23958.8 10405.9 4555.91 1514.53 1174.44 340.093 5849.99 5288.87 256.571 2055.61 1768.78 886.158 15.5193 286.833
internal_count=129968 56513 24618 8284 6388 1896 31895 29000 1434 11203 9587 4834 284 1616
cat_boundaries=0 1 2 4 5 6 7 9
cat_threshold=6919969 66849 40239104 4096 6817024 4 2 1074004488 64
is_linear=0
shrinkage=0.05


Tree=199
num_leaves=15
num_cat=8
split_feature=2 3 6 1 2 4 7 6 3 2 6 7 0 6
split_gain=1.98643 5.35319 6.65548 6.87054 4.7718 4.68902 11.9864 10.5961 8.25741 9.47004 16.7511 11.9755 9.71005 7.06335
threshold=0 1 6.5000000000000009 2 3 4 5.5000000000000009 10.500000000000002 5 6 9.5000000000000018 1.5000000000000002 7 2.5000000000000004
decision_type=9 9 2 1 9 1 2 2 9 9 2 2 1 2
left_child=5 2 3 -2 -4 6 7 8 -1 10 12 -12 -10 -8
right_child=1 -3 4 -5 -6 -7 13 -9 9 -11 11 -13 -14 -15
leaf_value=-0.0131986830740156 0.0072640774041809134 0.00018888046585271314 0.0049292925607912355 -0.010089010312865115 0.023741003382389408 -5.9394256357140263e-05 -0.009609171073465957 -0.013999299486365495 0.0063771218019999703 -0.0043381636695899017 -0.0045129753745580189 0.052625771749231436 -0.016066927824383268 0.01221697470076448
leaf_weight=150.45052367821336 137.98555624298751 14847.928005121648 99.062895365059376 82.876965414732695 62.466274615377188 7156.859164673835 46.872405694797635 255.77781423926353 214.82068330235779 645.7766957487911 13.189947105944155 30.088914908468723 51.505525162443519 177.20747647248209
leaf_count=804 761 80566 525 441 346 38839 253 1401 1121 3472 68 179 329 955
internal_value=-3.42407e-06 0.000341354 0.00610606 0.00062456 0.0139791 -0.000603758 -0.0030645 -0.00482802 -0.00270671 -0.000906829 0.00616208 0.0352118 0.00167278 0.00765144
internal_weight=23972.9 15230.3 382.392 220.863 161.529 8742.55 1585.69 1361.61 1105.83 955.382 309.605 43.2789 266.326 224.08
internal_count=130060 82639 2073 1202 871 47421 8582 7374 5973 5169 1697 247 1450 1208
cat_boundaries=0 1 3 4 5 6 8 9 10
cat_threshold=1457185 6291457 1024 7 6357316 4 270925824 1024 1441792 9
is_linear=0
shrinkage=0.05


Tree=200
num_leaves=15
num_cat=9
split_feature=2 7 3 8 7 2 3 3 8 4 4 1 8 3
split_gain=2.45892 6.01724 10.056 6.50103 12.1157 13.2328 11.2816 8.79645 7.14684 12.2901 7.06496 9.1782 9.30006 6.54899
threshold=0 3.5000000000000004 1 12.500000000000002 1.5000000000000002 2 3 4 15.500000000000002 5 6 7 18.500000000000004 8
decision_type=9 2 9 2 2 9 9 9 2 1 1 1 2 9
left_child=1 3 -3 -1 6 7 8 -6 9 -5 11 12 -8 -7
right_child=-2 2 -4 4 5 13 10 -9 -10 -11 -12 -13 -14 -15
leaf_value=-0.0028416574536132499 -0.00035312014797730452 -0.0058968820877960543 0.0037530636948666166 -0.019392636682809151 -0.0067471371996105731 -0.014387476929722779 0.070660654091451516 0.0091435550710798515 -0.0064256893948385282 0.024508905105056374 0.0081467056601823261 0.0033286839778266398 0.023908013380352325 6.7834503615733766e-05
leaf_weight=1612.6363507211208 18267.655392592773 298.05223956424743 2273.8973582675681 22.698760150000453 124.11136453971267 234.57479285076261 20.293944047763944 247.94886892475188 210.52123303711414 53.552707485854626 362.71483768522739 48.590081084519625 22.352909479290247 125.01296335086226
leaf_count=8688 99406 1587 12130 115 677 1252 109 1346 1149 289 1981 260 132 676
internal_value=-7.10447e-05 0.000838985 0.00262644 -0.000648482 0.00175362 -0.00281003 0.00626136 0.0038049 -0.0016188 0.0114402 0.0110321 0.0237122 0.0373887 -0.00949614
internal_weight=23924.6 5656.96 2571.95 3085.01 1472.37 731.648 740.724 372.06 286.773 76.2515 453.952 91.2369 42.6469 359.588
internal_count=129797 30391 13717 16674 7986 3951 4035 2023 1553 404 2482 501 241 1928
cat_boundaries=0 1 3 4 6 8 9 10 11 13
cat_threshold=2692132 354944001 1024 2622464 839390728 64 262665 16448 2 4 17 136193 49220
is_linear=0
shrinkage=0.05


Tree=201
num_leaves=15
num_cat=4
split_feature=2 7 2 3 8 6 6 5 6 8 6 2 8 6
split_gain=1.31995 5.69139 6.88676 7.681 8.33921 15.193 22.4078 11.9248 11.0981 16.3418 19.7469 9.59927 10.4919 9.4953
threshold=0 2.5000000000000004 1 2 2.5000000000000004 6.5000000000000009 11.500000000000002 3.0000000000000004 10.500000000000002 20.500000000000004 8.5000000000000018 3 3.5000000000000004 1.5000000000000002
decision_type=9 2 9 9 2 2 2 2 2 2 2 9 2 2
left_child=-1 2 -2 -4 5 -5 -7 -8 9 13 -11 -10 -13 -6
right_child=1 -3 3 4 8 6 7 -9 11 10 -12 12 -14 -15
leaf_value=-0.00026486570285505674 -0.0030080565087013656 0.0015193677346890793 0.01510753359544903 0.0083751160034671833 -0.0036558871480036476 -0.027665647560267095 -0.030665007279102065 0.034662991629661508 -0.01137697371628206 -0.022544666902840932 0.012661722889103286 0.038783108750720309 -0.00052802477303899229 0.0088567381435055506
leaf_weight=14106.146954245865 2010.9609387721866 5667.6846720837057 83.24088204652071 88.687003275379539 183.95059204846621 122.29807553067803 9.5126466844230873 26.29368768632412 244.64353103004396 111.10282378830016 62.085551319643855 17.975208416581154 304.48775412514806 862.61341765709221
leaf_count=76792 10896 30620 454 455 997 697 98 110 1353 624 326 101 1645 4656
internal_value=4.47235e-05 0.00049032 -0.000921411 0.00106997 0.000424279 -0.00818902 -0.0174805 0.0173073 0.00161628 0.00430315 -0.00992368 -0.00416274 0.00161328 0.00665744
internal_weight=23901.7 9795.54 4127.85 2116.89 2033.65 246.791 158.104 35.8063 1786.86 1219.75 173.188 567.106 322.463 1046.56
internal_count=129824 53032 22412 11516 11062 1360 905 208 9702 6603 950 3099 1746 5653
cat_boundaries=0 1 2 4 5
cat_threshold=7447115 283680 325058568 4096 384
is_linear=0
shrinkage=0.05


Tree=202
num_leaves=15
num_cat=9
split_feature=8 0 0 2 4 6 2 8 6 3 3 8 2 3
split_gain=1.09432 87.7186 32.1398 10.6937 24.2702 9.48374 6.58405 9.22383 13.6899 13.2125 8.77 9.5674 7.65281 7.11738
threshold=11.500000000000002 0 1 2 3 4.5000000000000009 4 3.5000000000000004 11.500000000000002 5 6 10.500000000000002 7 8
decision_type=2 1 1 9 1 2 9 2 2 9 9 2 9 9
left_child=1 -1 3 4 -2 -5 7 13 10 -10 12 -12 -9 -3
right_child=2 6 -4 5 -6 -7 -8 8 9 -11 11 -13 -14 -15
leaf_value=-0.046319828585993657 -0.13646793485653175 0.0079423683194164776 3.5471723944798246e-05 0.014592798276115537 0.005728579545460865 0.038257577484490206 0.00065277029668286794 0.0048717677210432346 -0.0086812803204188108 0.020495715922968571 -0.0085105462277650142 -0.027385163187689673 -0.0066523878881914276 -0.0019849817903166275
leaf_weight=92.6351372692734 3.3585774563252926 294.44227957352996 11829.362227167003 85.438102055341005 28.168499592691663 83.921402052044868 9727.7211624141783 233.41069899871945 59.560744384303689 87.946680737659335 561.29722056165338 76.261441143229604 346.62756299972534 438.86590056680143
leaf_count=3728 38 1516 61674 1317 380 1521 50328 1233 303 451 2942 392 1817 2264
internal_value=4.43235e-05 -0.00029524 0.00038074 0.0197283 -0.0071513 0.0248518 0.000104354 -0.00242901 -0.00487021 0.00951553 -0.006613 -0.0106019 -0.00201103 0.00208235
internal_weight=23949 11918.8 12030.2 200.887 31.5271 169.36 11826.1 2098.41 1365.1 147.507 1217.6 637.559 580.038 733.308
internal_count=129904 64974 64930 3256 418 2838 61246 10918 7138 754 6384 3334 3050 3780
cat_boundaries=0 1 2 3 4 5 7 9 10 12
cat_threshold=2 2 729089 4 2121860 16777216 49220 122295296 49152 16512 131592 20548
is_linear=0
shrinkage=0.05


Tree=203
num_leaves=15
num_cat=11
split_feature=2 3 2 4 3 5 3 4 7 3 3 2 3 7
split_gain=2.76409 5.37404 9.81603 5.47346 3.79907 3.69569 3.49781 2.78984 7.1569 21.7041 6.82215 6.41073 6.03736 5.37847
threshold=0 1 2 3 4 3.0000000000000004 5 6 5.5000000000000009 7 8 9 10 1.0000000180025095e-35
decision_type=9 9 9 1 9 2 9 1 2 9 9 9 9 2
left_child=4 2 3 -2 -1 -5 -3 10 11 -10 -8 12 -9 -13
right_child=1 6 -4 5 -6 -7 7 8 9 -11 -12 13 -14 -15
leaf_value=-0.0016994564930914162 -0.0061923502724924306 -0.0090500131804050667 0.010125106925376055 0.017606055672143048 0.00013084060874516884 0.0015180929588834231 -0.0010515265148334993 -0.00085592417803387636 -0.0039863789273921584 0.017198678603738912 0.003204136269696652 -0.0054037149021475437 -0.007146432411975755 0.0023012625214953674
leaf_weight=3715.8571342136711 221.0906707663089 86.779523493722081 403.62732592225075 46.199009308591485 11859.175334621221 157.03653854131699 1600.8124442342669 882.74180635437369 278.08487537689507 201.78069983609021 2270.649339415133 275.63877295702696 676.3492109850049 1270.3231346923858
leaf_count=20047 1205 492 2226 451 64104 662 8686 4893 1527 1143 12407 1471 3747 6932
internal_value=8.72102e-05 0.000819379 0.00461926 -0.00073054 -0.000306638 0.00517517 0.000396732 0.00051865 -0.000485718 0.00519715 0.00145002 -0.00136397 -0.00361296 0.000921535
internal_weight=23946.1 8371.11 827.954 424.326 15575 203.236 7543.16 7456.38 3584.92 479.866 3871.46 3105.05 1559.09 1545.96
internal_count=129993 45842 4544 2318 84151 1113 41298 40806 19713 2670 21093 17043 8640 8403
cat_boundaries=0 1 3 4 5 7 8 9 11 13 14 16
cat_threshold=6634569 33555457 5120 164260 1 321389568 4100 603979848 1 268440064 16452 659968 32768 1065762 17306112 49216
is_linear=0
shrinkage=0.05


Tree=204
num_leaves=15
num_cat=5
split_feature=2 7 6 8 6 4 8 2 6 3 8 8 7 2
split_gain=2.60331 9.73582 8.3298 8.17529 7.98599 19.2199 14.8131 11.3171 10.8363 9.68977 8.76702 12.6064 8.24177 8.06376
threshold=0 1.5000000000000002 2.5000000000000004 3.5000000000000004 3.5000000000000004 1 6.5000000000000009 2 4.5000000000000009 3 13.500000000000002 2.5000000000000004 1.0000000180025095e-35 4
decision_type=9 2 2 2 2 1 2 9 2 9 2 2 2 9
left_child=-1 4 3 -3 5 -2 13 -6 10 -8 11 12 -9 -7
right_child=1 2 -4 -5 7 6 9 8 -10 -11 -12 -13 -14 -15
leaf_value=-0.00034075539117038009 -0.010113160617229605 0.0048430280132159805 0.00054532271422915606 -0.0056931914270528829 -0.0023462836614433682 0.0057387402291567491 0.00077627166410758667 0.079341058153135927 0.0031735813130054297 0.020245477326400651 0.031442803958446348 -0.0044268254467613134 0.011710181752827531 -0.016304007967625614
leaf_weight=14082.696687693708 125.97583437524736 222.07550426013768 5694.4464784488082 1076.8811518084258 964.11222949624062 143.34618501365185 90.660022931173444 8.4235756881535053 969.17506918497384 331.02535297907889 65.185695599764585 60.006397917866707 9.6830054502934217 46.884407127276063
leaf_count=76480 664 1166 31014 5796 5286 716 485 43 5259 1824 351 324 52 241
internal_value=9.47911e-05 0.000719786 -0.000278843 -0.00389187 0.00320373 0.00767174 0.0113331 0.00161608 0.00502592 0.0165582 0.0179046 0.00660693 0.0431735 -0.000249328
internal_weight=23890.6 9807.88 6993.4 1298.96 2814.48 737.892 611.916 2076.59 1112.47 421.685 143.299 78.113 18.1066 190.231
internal_count=129701 53221 37976 6962 15245 3930 3266 11315 6029 2309 770 419 95 957
cat_boundaries=0 1 2 3 4 5
cat_threshold=6065195 4 29568 1090781184 12288
is_linear=0
shrinkage=0.05


Tree=205
num_leaves=15
num_cat=7
split_feature=2 8 4 2 5 8 5 3 3 2 6 8 6 4
split_gain=2.34652 14.2874 15.4922 10.6023 9.79919 8.50704 17.6992 8.7633 8.33104 8.31035 9.05767 10.7559 6.51068 11.1509
threshold=0 21.500000000000004 1 2 3.0000000000000004 12.500000000000002 1.0000000180025095e-35 3 4 5 10.500000000000002 14.500000000000002 6.5000000000000009 6
decision_type=9 2 1 9 2 2 2 9 9 9 2 2 2 1
left_child=1 5 4 -4 -3 6 -1 -8 9 10 11 -7 -5 -14
right_child=-2 2 3 12 -6 8 7 -9 -10 -11 -12 -13 13 -15
leaf_value=-0.039535665140746773 0.00026375338450718752 -0.0045619158337484381 -0.0086455869090642495 0.0023672653581273805 0.035403761066804922 -0.020159248635620651 -0.011121055051923991 0.0009462442702277158 -0.0074244332322776461 0.0011538652224513863 -0.023950605584381276 0.0014909018917872892 0.029423836075858068 -0.0029348969112653655
leaf_weight=28.021584955975413 17837.522438039072 19.827890502288938 124.43140556849539 167.36001770943403 67.725699067115784 76.881462603807449 148.02914762869477 3134.4581394679844 968.89358677528799 961.62977206148207 70.085424030199647 226.01508806087077 74.082227015867829 41.559339975938201
leaf_count=1063 96341 179 711 931 288 420 796 16506 5304 5202 393 1214 398 218
internal_value=-2.59569e-05 -0.000870881 0.007271 0.00317048 0.0263529 -0.0015903 3.32646e-05 0.000371052 -0.00392363 -0.00131664 -0.00754995 -0.00400436 0.00837537 0.0177947
internal_weight=23946.5 6109 494.987 407.433 87.5536 5614.01 3310.51 3282.49 2303.51 1334.61 372.982 302.897 283.002 115.642
internal_count=129964 33623 2725 2258 467 30898 18365 17302 12533 7229 2027 1634 1547 616
cat_boundaries=0 1 2 3 4 6 7 8
cat_threshold=492803 4 132097 19005448 1883898368 54276 262401 1
is_linear=0
shrinkage=0.05


Tree=206
num_leaves=15
num_cat=7
split_feature=3 7 2 8 2 2 8 8 6 4 8 2 4 5
split_gain=1.43291 6.52146 11.5951 9.41615 10.2084 6.54906 5.9831 5.63 9.20789 5.02168 4.85397 10.199 9.44684 10.4272
threshold=0 4.5000000000000009 1 20.500000000000004 2 3 22.500000000000004 1.0000000180025095e-35 4.5000000000000009 4 6.5000000000000009 5 6 3.0000000000000004
decision_type=9 2 9 2 9 9 2 2 2 1 2 9 1 2
left_child=1 5 6 -4 -5 7 -3 8 9 -1 11 12 13 -9
right_child=-2 2 3 4 -6 -7 -8 10 -10 -11 -12 -13 -14 -15
leaf_value=0.016534194529393999 0.0002368507552790293 -0.0053830787886163566 -0.000981335245235578 -0.0033025801561667374 0.021489240279054758 -0.0013171333194495099 -0.02191330211311391 -0.044486040178210916 -0.02578998960749819 -0.0096196211950474123 0.0011395520843706798 0.0014207157855676055 0.018353756152286262 0.0072990677401514846
leaf_weight=33.980606889352202 15104.538469637744 1200.4418832790107 1123.3716050460935 71.634833024814725 93.172065483406186 3131.8444522768259 57.355925546959043 12.773446111008523 47.601819241419435 39.909010410308838 2228.9899344705045 523.28523723967373 220.45519219338894 40.674307376146317
leaf_count=180 82125 6401 6143 392 479 17205 302 108 257 215 11917 2816 1174 171
internal_value=-5.88961e-05 -0.000564686 -0.00269989 0.000650973 0.0118168 0.000300115 -0.00608846 0.00190736 -0.00864026 0.00240808 0.00233711 0.00568557 0.0132962 -0.00507702
internal_weight=23930 8825.49 2545.98 1288.18 164.807 6279.51 1257.8 3147.67 121.491 73.8896 3026.18 797.188 273.903 53.4478
internal_count=129885 47760 13717 7014 871 34043 6703 16838 652 395 16186 4269 1453 279
cat_boundaries=0 2 3 4 5 6 7 8
cat_threshold=1428292096 4 3999945 159748 670284 1 10308 4
is_linear=0
shrinkage=0.05


Tree=207
num_leaves=15
num_cat=5
split_feature=3 2 8 6 2 6 4 8 8 6 8 8 8 2
split_gain=1.22245 10.6252 4.62105 3.79735 3.79182 4.27766 6.27604 3.88838 5.70164 4.6091 3.79562 2.97358 5.62302 3.73981
threshold=0 1 1.0000000180025095e-35 6.5000000000000009 2 9.5000000000000018 3 5.5000000000000009 4.5000000000000009 1.5000000000000002 14.500000000000002 1.0000000180025095e-35 4.5000000000000009 4
decision_type=9 9 2 2 9 2 1 2 2 2 2 2 2 9
left_child=1 11 3 -3 7 -6 -7 8 -4 -9 -8 -1 -13 -14
right_child=-2 2 4 -5 5 6 10 9 -10 -11 -12 12 13 -15
leaf_value=-0.029905770540527427 -0.00031090051839784496 0.0078709329162092462 -0.0020915134693048959 0.055871812037047733 0.008406126912405389 0.0075378648894138083 0.07248809482092454 0.029018107903738412 -0.044766895173830916 0.0031458045271527098 0.023662569686480703 0.013023598144652114 -0.0031028579175408589 -0.017638200875527438
leaf_weight=12.076697811484335 23255.867649894208 7.8472440913319614 45.100180748850107 8.6752184685319644 88.02597426250577 16.098958648741245 9.2954361680895108 18.931934390217066 9.4703132323920709 189.71900593116879 6.9613703824579707 39.019377753138542 178.74044995009899 56.406235609203577
leaf_count=64 126202 45 250 42 477 84 52 107 49 1038 41 219 959 314
internal_value=-0.000249311 0.00181556 0.00700812 0.0330741 0.00606811 0.0130374 0.0296666 0.00229815 -0.00949752 0.00549333 0.0515804 -0.00543443 -0.00455472 -0.0074716
internal_weight=23942.2 686.368 400.126 16.5225 383.603 120.382 32.3558 263.221 54.5705 208.651 16.2568 286.243 274.166 235.147
internal_count=129943 3741 2185 87 2098 654 177 1444 299 1145 93 1556 1492 1273
cat_boundaries=0 2 3 4 5 6
cat_threshold=575144001 1024 2653285 5374344 1 2628672
is_linear=0
shrinkage=0.05


Tree=208
num_leaves=15
num_cat=3
split_feature=8 2 5 6 7 6 4 6 7 6 2 7 6 8
split_gain=1.31978 11.1903 13.6996 12.9899 12.7053 10.7899 10.0195 9.89639 19.9819 26.4176 22.2908 15.6141 12.7717 9.8161
threshold=18.500000000000004 0 1.5000000000000002 11.500000000000002 2.5000000000000004 1.5000000000000002 1 2.5000000000000004 1.0000000180025095e-35 3.5000000000000004 2 1.5000000000000002 8.5000000000000018 19.500000000000004
decision_type=2 9 2 2 2 2 1 2 2 2 9 2 2 2
left_child=-1 2 5 6 -4 -2 7 11 10 -10 12 -3 -9 -13
right_child=1 3 4 -5 -6 -7 -8 8 9 -11 -12 13 -14 -15
leaf_value=2.3168518199952504e-05 -0.023025828240634545 0.0097862863754312052 -0.008041040984370024 0.01783568502032451 -0.00088264880338179532 0.018539945281576455 0.0043526752130010225 0.061391939500708086 0.022967297567869204 -0.00099367216504886078 -0.025238660245320829 -0.034827581510971699 -0.013410015962988903 -0.010716268135411773
leaf_weight=18875.260911107063 18.151036059483886 71.824212595820427 1078.1906301081181 117.35215946473181 1458.1908470243216 111.65967707894742 1046.4222970958799 14.502468964084985 140.33720979839563 637.99270360730588 115.41290943138301 57.469316283240914 9.4083936996757966 159.00041720084846
leaf_count=102787 309 387 4859 673 6503 2651 5668 74 760 3343 600 295 43 856
internal_value=-0.000168704 -0.000887867 -0.00310315 0.00161086 -0.00392561 0.0127279 0.000772673 -0.00233376 0.000205007 0.00332662 -0.0172339 -0.0104148 0.0225346 -0.0171174
internal_weight=23911.2 5035.91 2666.19 2369.72 2536.38 129.811 2252.37 1205.95 917.654 778.33 139.324 288.294 23.9109 216.47
internal_count=129808 27021 14322 12699 11362 2960 12026 6358 4820 4103 717 1538 117 1151
cat_boundaries=0 1 2 3
cat_threshold=5823712 1 270340
is_linear=0
shrinkage=0.05


Tree=209
num_leaves=15
num_cat=4
split_feature=2 3 8 5 8 5 7 7 7 6 3 7 2 8
split_gain=1.97287 5.30047 5.28687 25.9017 27.0209 20.5126 8.36051 6.77577 6.55876 5.24428 7.28018 6.30167 14.6359 12.9323
threshold=0 1 14.500000000000002 1.0000000180025095e-35 11.500000000000002 1.0000000180025095e-35 4.5000000000000009 1.5000000000000002 5.5000000000000009 2.5000000000000004 2 3.5000000000000004 3 22.500000000000004
decision_type=9 9 2 2 2 2 2 2 2 2 9 2 9 2
left_child=2 -2 3 4 -1 8 7 -6 -4 10 -7 -11 13 -13
right_child=1 -3 5 -5 6 9 -8 -9 -10 11 -12 12 -14 -15
leaf_value=-0.051257625331214411 0.0027535993308839234 -0.00017581428938092194 0.02723231478055381 0.00048451304130259524 0.030050501876812741 0.0081792424276908218 0.054055610432771829 -0.025108661653785943 -0.017573339377469421 -0.0050663618400202965 -0.0012398126614447354 0.0021321133300940208 -0.0050541107266289685 0.023431497864459527
leaf_weight=49.027028519660234 1890.7911028433591 8229.4471862940118 76.590260829776525 8518.5771802868694 8.4478263482451457 235.16339508257806 7.4660853780806056 16.329502865672112 9.142608202993868 2044.1146516222507 1247.6441729702055 619.35025805607438 903.57336666807532 80.532548572868109
leaf_count=2071 10339 45262 1236 43943 133 1186 112 233 152 10779 6357 3126 4538 426
internal_value=-0.000156572 0.000373674 -0.000544855 0.000216491 -0.027877 -0.00180114 0.00767392 -0.00630215 0.0224542 -0.00220646 0.000300786 -0.00322571 -0.000879212 0.00451838
internal_weight=23936.2 10120.2 13816 8599.85 81.2704 5216.11 32.2434 24.7773 85.7329 5130.38 1482.81 3647.57 1603.46 699.883
internal_count=129893 55601 74292 46492 2549 27800 478 366 1388 26412 7543 18869 8090 3552
cat_boundaries=0 1 3 5 6
cat_threshold=2480395 855769089 4 69730313 33792 295176
is_linear=0
shrinkage=0.05


Tree=210
num_leaves=15
num_cat=6
split_feature=2 8 4 6 6 6 1 7 8 8 2 4 6 4
split_gain=1.52238 15.5069 7.23873 6.36232 8.91717 6.11315 15.5494 11.6764 12.7707 11.0045 9.98138 12.5524 8.60891 10.6816
threshold=0 1.0000000180025095e-35 1 11.500000000000002 10.500000000000002 10.500000000000002 2 2.5000000000000004 21.500000000000004 8.5000000000000018 3 4 9.5000000000000018 5
decision_type=9 2 1 2 2 2 1 2 2 2 9 1 2 1
left_child=1 2 -1 4 -4 7 -7 8 9 12 -10 -12 -3 -14
right_child=-2 5 3 -5 -6 6 -8 -9 10 -11 11 -13 13 -15
leaf_value=-0.0052439359966158115 -4.4960269836674323e-05 -0.0050957990372238818 0.027096925728870982 0.044569183125283282 -0.0075301047410627278 0.0087918200362938244 -0.0049026336721717523 -0.0012340497318982561 0.0065518426039524709 0.013724383579690755 -0.0015994804694319652 -0.070649739583826102 -0.018326391950367699 0.026883704027792506
leaf_weight=28.510543866083026 20763.461736127734 182.48507160134614 60.523244319483638 26.157736888155341 26.836479829624295 248.943657935597 1042.2606832869351 999.11825635191053 31.643742933869362 437.89190739020705 10.996035618707538 16.394795088097453 17.426079109311104 52.203552020713687
leaf_count=146 112671 942 334 143 136 1346 5691 5514 177 2381 61 82 108 282
internal_value=0.000111337 0.00112801 0.0172799 0.0229369 0.0164597 0.000376954 -0.00223223 0.00230412 0.00702354 0.00893319 -0.0152967 -0.0314482 0.000611469 0.0155691
internal_weight=23944.9 3181.39 142.028 113.517 87.3597 3039.36 1291.2 1748.16 749.041 690.007 59.0346 27.3908 252.115 69.6296
internal_count=130014 17343 759 613 470 16584 7037 9547 4033 3713 320 143 1332 390
cat_boundaries=0 1 2 3 4 5 6
cat_threshold=1048996 4 1 384 1 2
is_linear=0
shrinkage=0.05


Tree=211
num_leaves=15
num_cat=6
split_feature=0 3 2 7 7 2 8 6 6 7 2 8 2 7
split_gain=1.38943 4.32488 6.62543 6.13948 5.04932 3.15999 8.721 11.2165 17.555 20.4118 10.1443 9.70159 14.5162 14.8181
threshold=0 1 2 3.5000000000000004 5.5000000000000009 3 19.500000000000004 5.5000000000000009 9.5000000000000018 1.0000000180025095e-35 4 1.0000000180025095e-35 5 1.0000000180025095e-35
decision_type=1 9 9 2 2 9 2 2 2 2 9 2 9 2
left_child=1 2 3 -1 -5 -3 11 10 9 -9 -8 12 -7 -14
right_child=-2 5 -4 4 -6 6 7 8 -10 -11 -12 -13 13 -15
leaf_value=0.0094790912529845051 -0.00030518414853974437 -0.00057714257450278215 0.01518037182795137 -0.04528506873404417 0.0083338890919252614 -0.033327361672718159 0.003815932702410289 -0.049566888311712035 -0.013436620251473861 0.025158563396867107 -0.024587797000206395 0.004472689048643984 -0.053263796209492432 0.016886261958454579
leaf_weight=21.935734959319234 18538.434645485133 3302.2531855814159 106.23473096266389 14.101497869938614 6.3759907726198426 33.667142298072577 48.663731202483177 10.214308202266691 89.267080891877413 86.783323043957353 91.01287442073226 1496.8272137586027 8.9296584818512184 47.956275846809149
leaf_count=205 84471 27978 979 108 54 236 424 92 809 787 625 12506 72 375
internal_value=-0.000100151 0.000607866 0.00874242 -0.00720276 -0.02859 0.000359739 0.00197132 -0.00546793 0.00256412 0.0172896 -0.016179 0.00351126 -0.012381 0.00499619
internal_weight=23902.7 5364.22 148.648 42.4132 20.4775 5215.57 1913.32 325.941 186.265 96.9976 139.677 1587.38 90.5531 56.8859
internal_count=129721 45250 1346 367 162 43904 15926 2737 1688 879 1049 13189 683 447
cat_boundaries=0 1 2 3 4 5 6
cat_threshold=5 390594568 862528 4633448 65666 68612
is_linear=0
shrinkage=0.05


Tree=212
num_leaves=15
num_cat=10
split_feature=2 3 3 8 5 4 2 2 8 8 2 4 3 3
split_gain=1.70244 7.63303 4.69817 6.68787 19.3161 9.44101 13.0859 11.6175 9.95811 6.25469 7.17086 6.55074 6.12185 5.99244
threshold=0 1 2 8.5000000000000018 1.0000000180025095e-35 3 4 5 6.5000000000000009 21.500000000000004 6 7 8 9
decision_type=9 9 9 2 2 1 9 9 2 2 9 1 9 9
left_child=2 -2 3 4 -1 6 -6 -7 -9 -4 11 -11 -10 -8
right_child=1 -3 9 -5 5 7 13 8 12 10 -12 -13 -14 -15
leaf_value=-0.051220627511378028 -0.0008359065550674321 0.0020729625694629753 0.0010917887718136221 2.2581507623548511e-05 0.0020457086441749545 -0.009805646359092578 -0.017772077794832513 0.0028758110340275319 -0.014761168032778552 -0.0094447143582317289 -0.0068174429888385197 0.015388936938463708 -0.001387113201208167 -0.0066629475031359867
leaf_weight=20.65271032974124 4507.6245593205094 4496.8693681005388 6712.8250948470086 4760.353709127754 270.55427168123424 293.70291515812278 226.82515028864145 1312.0716672204435 127.60630089975893 39.925792429596186 488.57240423560143 79.295870320871472 248.85832589492202 345.15772220119834
leaf_count=895 24849 24712 36161 25569 1381 1527 1176 6652 645 209 2691 422 1282 1818
internal_value=7.49128e-05 0.000617479 -0.00025264 -0.00112224 -0.00304144 -0.00268919 -0.00712294 -0.00080466 0.000814216 0.00065113 -0.00420504 0.00652516 -0.00634932 -0.0112981
internal_weight=23930.9 9004.49 14926.4 7605.78 2845.43 2824.78 842.537 1982.24 1688.54 7320.62 607.794 119.222 376.465 571.983
internal_count=129989 49561 80428 40945 15376 14481 4375 10106 8579 39483 3322 631 1927 2994
cat_boundaries=0 1 3 5 6 7 8 9 10 11 13
cat_threshold=7952457 1160122440 20480 323487241 32836 2 2689089 2686977 2162752 2 1537 1 68
is_linear=0
shrinkage=0.05


Tree=213
num_leaves=15
num_cat=7
split_feature=6 3 3 6 8 1 8 7 0 3 8 7 3 3
split_gain=1.90437 7.71872 6.74011 4.54129 9.11451 6.74266 11.2158 6.79695 5.34468 8.2572 5.82737 9.79093 5.34902 5.14502
threshold=9.5000000000000018 0 1 8.5000000000000018 17.500000000000004 2 22.500000000000004 1.0000000180025095e-35 3 4 12.500000000000002 3.5000000000000004 5 6
decision_type=2 9 9 2 2 1 2 2 1 9 2 2 9 9
left_child=3 -2 -3 -1 8 6 -6 -7 9 -5 12 -12 -11 -10
right_child=1 2 -4 4 5 7 -8 -9 13 10 11 -13 -14 -15
leaf_value=-0.00015139857647460925 -0.0059877901634951547 -0.00080521393118593982 0.0063425627262764491 0.0068465480546691729 0.0044902571396989461 0.034731730133537531 -0.040365968200792718 0.010560849441674272 0.001981833724175203 0.0045926906520937982 0.00053411278722950619 -0.025660678771501407 -0.0079961538452262646 -0.01225422477481284
leaf_weight=17022.369361005723 662.34188704844564 4205.2659066263586 347.83462864905596 470.7764203902334 104.28696049377322 32.674459222704172 16.084973022341728 264.75857504270971 113.52663994207978 281.00781349465251 82.889766225591302 62.623038509860635 109.07057915441692 136.29338932968676
leaf_count=91935 3614 23095 1915 2426 553 198 80 1488 802 1437 425 317 546 963
internal_value=-0.0001427 -0.000987537 -0.000246456 9.29713e-05 0.0025779 0.00897525 -0.00138841 0.0127863 0.000450157 0.00207935 -0.00215963 -0.0107391 0.000985449 -0.0059576
internal_weight=23911.8 5215.44 4553.1 18696.4 1673.99 417.805 120.372 297.433 1256.19 1006.37 535.591 145.513 390.078 249.82
internal_count=129794 28624 25010 101170 9235 2319 633 1686 6916 5151 2725 742 1983 1765
cat_boundaries=0 2 4 5 6 8 10 12
cat_threshold=1145569288 1024 17044992 49220 1 9 1393299456 17408 1024 32836 33948673 32772
is_linear=0
shrinkage=0.05


Tree=214
num_leaves=15
num_cat=7
split_feature=3 2 8 8 2 6 8 2 6 7 2 4 8 2
split_gain=2.71256 5.45138 6.89347 18.2065 8.38565 9.37925 8.09024 8.79183 10.424 10.5344 6.54107 7.1297 6.06179 5.98268
threshold=0 1 7.5000000000000009 3.5000000000000004 2 10.500000000000002 1.0000000180025095e-35 3 5.5000000000000009 2.5000000000000004 4 5 22.500000000000004 6
decision_type=9 9 2 2 9 2 2 9 2 2 9 1 2 9
left_child=1 12 3 4 5 -3 7 -6 -9 -10 -5 -12 -1 -14
right_child=-2 2 -4 10 6 -7 -8 8 9 -11 11 -13 13 -15
leaf_value=-0.0014905099942337267 0.00033706790378124681 -0.00032914726955062841 0.0015753780331874655 -0.0018525370090128074 0.016699587713747015 -0.025666479204844328 0.010211041916392745 0.00089134436866925763 0.0013473120366398247 -0.049990035860616483 -0.0052817614815650147 -0.016703363585362639 0.0093585330809260424 -0.012631897384471078
leaf_weight=5466.3360469453037 12513.876367620192 338.29384744167328 3844.4615758787841 383.56130146980286 32.739314703270793 40.945449512451887 419.02009557373822 73.279461478814483 16.214477712288499 26.041869383305311 287.39681004360318 260.4613453540951 31.419887118041515 198.80163614824414
leaf_count=29584 67919 1838 20997 2088 173 213 2229 364 98 145 1562 1461 170 1116
internal_value=-0.000171392 -0.000728263 0.000361849 -0.00212051 0.00276315 -0.00298601 0.00654377 -0.00337846 -0.00967589 -0.030291 -0.00708341 -0.0105198 -0.00182204 -0.0097729
internal_weight=23932.8 11419 5722.42 1877.95 946.535 379.239 567.295 148.275 115.536 42.2563 931.419 547.858 5696.56 230.222
internal_count=129957 62038 31168 10171 5060 2051 3009 780 607 243 5111 3023 30870 1286
cat_boundaries=0 2 3 4 5 6 7 8
cat_threshold=1392902152 53248 888618 4194500 1179649 4194501 1 262400
is_linear=0
shrinkage=0.05


Tree=215
num_leaves=15
num_cat=6
split_feature=3 2 7 2 8 8 8 6 6 6 0 2 7 2
split_gain=2.10828 4.88281 6.64706 11.0437 6.00149 14.8778 10.0162 8.56005 5.56338 5.12814 4.46636 4.17606 8.43754 8.85252
threshold=0 1 5.5000000000000009 2 13.500000000000002 18.500000000000004 8.5000000000000018 6.5000000000000009 11.500000000000002 9.5000000000000018 3 4 3.5000000000000004 5
decision_type=9 9 2 9 2 2 2 2 2 2 1 9 2 9
left_child=1 2 -1 4 6 9 7 -4 10 -6 -5 12 -2 -14
right_child=11 -3 3 8 5 -7 -8 -9 -10 -11 -12 -13 13 -15
leaf_value=-0.0030843071870327366 0.00124830004080377 0.0001348385357440927 -0.03498835605850692 0.019769209499192919 -0.052711265886423588 0.0047732284713367275 0.024524333964537213 0.00323282054721597 0.028057568869664831 -0.010268950151280858 0.0029069861768085958 0.0018184463771416899 0.00094629123836024738 -0.0042485919758921756
leaf_weight=2695.1955063603818 4436.5649305786937 9099.0046521909535 22.196978153660893 44.525510311126709 25.370780983939767 36.371963821351528 31.613193394616246 43.079663516953588 37.033139631152153 9.8920148443430644 184.71948406100273 3908.2425054674968 1411.7795080486685 1945.5763518242165
leaf_count=14904 23964 49109 121 258 149 199 186 246 200 64 1023 21518 7586 10421
internal_value=7.16e-06 -0.000451745 -0.00215196 0.00357786 -0.00631492 -0.0176631 0.00142353 -0.00976409 0.00971135 -0.0408052 0.00717125 0.000486695 -0.000182583 -0.00207396
internal_weight=23931.2 12229 3130 434.803 168.525 71.6348 96.8898 65.2766 266.278 35.2628 229.245 11702.2 7793.92 3357.36
internal_count=129948 66459 17350 2446 965 412 553 367 1481 213 1281 63489 41971 18007
cat_boundaries=0 2 3 4 5 6 7
cat_threshold=1428951112 32768 337703 263680 4 8067272 6295680
is_linear=0
shrinkage=0.05


Tree=216
num_leaves=15
num_cat=4
split_feature=2 3 8 6 7 7 8 8 6 6 4 7 6 3
split_gain=1.99257 8.90598 5.57048 16.4254 5.21291 5.0693 10.0688 12.947 10.564 6.89364 6.5634 5.06201 4.5028 12.6736
threshold=0 1 22.500000000000004 11.500000000000002 3.5000000000000004 5.5000000000000009 18.500000000000004 20.500000000000004 8.5000000000000018 1.5000000000000002 2 1.0000000180025095e-35 1.5000000000000002 3
decision_type=9 9 2 2 2 2 2 2 2 2 1 2 2 9
left_child=1 -1 5 11 -5 -3 9 -8 -9 10 -7 -4 13 -2
right_child=12 2 3 4 -6 6 7 8 -10 -11 -12 -13 -14 -15
leaf_value=0.0021430396922440301 0.0082774530393875528 -0.0032697045362771386 0.0050560961427874871 0.047133287788819027 -0.0040623480719305547 0.01705607049047532 0.047380515841218045 -0.026888413900447973 0.032279095849308333 0.0033071709480773839 -0.025019923832583668 -0.026529662803771659 -0.00011486740635595631 -0.00025984124058685737
leaf_weight=1368.6713593136519 617.35454957745969 2068.0610476695001 14.918744567781685 12.649864071980121 8.1924808602780086 11.70852505043149 27.253382189199328 16.639775246381763 13.800939802080391 227.54546596668661 44.470596570521593 84.707000134512782 18018.052428881638 1421.8847647607327
leaf_count=7392 3258 11213 78 71 39 63 134 87 71 1246 251 449 98267 7421
internal_value=-6.41259e-05 -0.00109689 -0.0028512 -0.0133551 0.0270099 -0.00233786 0.00330657 0.0223479 -6.35762e-05 -0.0005654 -0.0162507 -0.0217998 0.000137096 0.00236404
internal_weight=23955.9 3898.62 2529.95 120.468 20.8423 2409.48 341.419 57.6941 30.4407 283.725 56.1791 99.6257 20057.3 2039.24
internal_count=130040 21094 13702 637 110 13065 1852 292 158 1560 314 527 108946 10679
cat_boundaries=0 1 3 4 6
cat_threshold=75905 369234504 16384 4 1092616201 20544
is_linear=0
shrinkage=0.05


Tree=217
num_leaves=15
num_cat=5
split_feature=2 3 8 8 7 8 7 4 5 4 5 7 4 7
split_gain=2.03353 7.56548 7.6503 13.7877 11.3536 11.1278 8.96774 8.70057 11.9052 8.56163 10.8279 13.7607 7.99467 7.40483
threshold=0 1 22.500000000000004 17.500000000000004 4.5000000000000009 11.500000000000002 1.5000000000000002 2 3.0000000000000004 3 3.0000000000000004 2.5000000000000004 4 2.5000000000000004
decision_type=9 9 2 2 2 2 2 1 2 1 2 2 1 2
left_child=1 -1 3 5 6 -3 -5 -6 12 13 11 -11 -9 -4
right_child=-2 2 9 4 7 -7 -8 8 -10 10 -12 -13 -14 -15
leaf_value=-0.0099957892947625509 0.00031643115076100095 0.0012499817478091087 0.047523877259613066 0.013950198994872452 -0.00042344718458984794 -0.0081750923561473912 -0.004083894269873811 -0.044890525065705081 0.038279570318001124 -0.04394003086885373 -0.03446578883294292 0.046230519602866137 0.019557800162343045 -0.015247592276207712
leaf_weight=214.1671428270638 21822.098932681605 916.23295997269452 9.130108932033183 112.59036122076213 35.121391799300909 475.80016284063458 177.78249808400869 7.7616571187973022 72.555141985416412 6.9643491040915277 51.336249098181725 10.780848385766147 12.661547472700478 9.678647041320799
leaf_count=1197 118341 5072 48 622 189 2664 944 57 308 60 230 83 125 42
internal_value=0.000172924 -0.00130478 -0.00027706 0.000420817 0.00837887 -0.00197153 0.00290872 0.0207785 0.0287872 -0.0146846 -0.0228275 0.0108418 -0.00493521 0.0152228
internal_weight=23934.7 2112.56 1898.4 1810.51 418.473 1392.03 290.373 128.1 92.9783 87.8902 69.0814 17.7452 20.4232 18.8088
internal_count=129982 11641 10444 9981 2245 7736 1566 679 490 463 373 143 182 90
cat_boundaries=0 1 3 4 5 6
cat_threshold=720929 119537673 64 2 4 4
is_linear=0
shrinkage=0.05


Tree=218
num_leaves=15
num_cat=6
split_feature=2 4 8 8 5 8 5 3 3 3 2 8 7 8
split_gain=1.80622 10.9416 13.773 16.2862 11.7164 8.56214 8.46517 8.33879 8.31119 5.63945 5.42359 5.23398 7.72898 5.25496
threshold=0 1 6.5000000000000009 9.5000000000000018 1.0000000180025095e-35 3.5000000000000004 1.0000000180025095e-35 2 3 4 5 19.500000000000004 1.5000000000000002 13.500000000000002
decision_type=9 1 2 2 2 2 2 9 9 9 9 2 2 2
left_child=1 2 5 8 11 -1 -5 -7 10 -6 -4 12 -3 -14
right_child=-2 4 3 6 9 7 -8 -9 -10 -11 -12 -13 13 -15
leaf_value=-0.005884435960403292 0.00039044315036571302 0.0097245252691900534 0.014133891491673239 0.033824043787749052 -0.012691061906429503 0.010241046459388253 -0.0047303822747838823 -0.024628819057396532 0.020350660174645367 0.0035350605945336498 -0.013187031918390851 0.019295244183808777 -0.033909283074872697 -0.11275408285123166
leaf_weight=209.82492884155363 21363.836689722724 3.2372560910880557 19.834739776328206 14.502388123422859 46.699640305712819 18.450974460691214 778.8416834436357 136.02293664589524 108.32094903476536 1197.5943168979138 38.26369976811111 2.8307664580643168 3.5617425758391601 5.1966994740068913
leaf_count=1106 116130 91 117 229 245 110 4040 771 616 6177 205 45 146 47
internal_value=0.000239434 -0.00100708 -0.00418429 -0.0010425 0.002326 -0.0124615 -0.0040256 -0.0213952 0.0131784 0.00285249 -0.00315388 -0.0418592 -0.0562905 -0.0806907
internal_weight=23947 2583.18 1324.06 959.763 1259.12 364.299 793.344 154.474 166.419 1244.29 58.0984 14.8265 11.9957 8.75844
internal_count=130075 13945 7194 5207 6751 1987 4269 881 938 6422 322 329 284 193
cat_boundaries=0 1 2 3 5 7 8
cat_threshold=2686981 1 1075838976 1090519553 4 824705032 4096 524289
is_linear=0
shrinkage=0.05


Tree=219
num_leaves=15
num_cat=4
split_feature=2 8 3 8 6 4 7 6 6 7 7 6 2 6
split_gain=1.83625 9.6707 12.0863 8.36153 20.0463 8.54843 23.5277 15.95 7.88451 7.29466 10.0691 7.70523 7.41566 17.4987
threshold=0 1.0000000180025095e-35 1 1.0000000180025095e-35 11.500000000000002 2 1.0000000180025095e-35 1.5000000000000002 10.500000000000002 4.5000000000000009 1.5000000000000002 4.5000000000000009 3 7.5000000000000009
decision_type=9 2 9 2 2 1 2 2 2 2 2 2 9 2
left_child=3 2 -2 4 5 6 -1 -8 -5 10 -9 -11 13 -12
right_child=1 -3 -4 8 -6 -7 7 9 -10 11 12 -13 -14 -15
leaf_value=-0.053729976114233406 0.0076799349308680877 0.00085556479788271005 -0.010475043690267668 -0.00014054268342235108 0.041408869880027462 0.007509846557343958 0.048236270550922417 -0.03218375567434318 -0.0040685673651266107 -0.051994673598242939 0.025842260498600712 0.0020734408702889834 0.021578662507313766 -0.057503004818588034
leaf_weight=22.696608293801546 114.10966022498906 10636.628926639445 377.47085862420499 10834.346081566066 36.837289750576019 340.35374393500388 15.994551502168177 16.927094336599112 1448.2888085292652 14.816715506836774 13.229987906292083 11.866825794801114 39.608199408277869 12.019035864621399
leaf_count=117 615 57490 1993 59096 193 1829 88 97 7944 83 77 78 215 62
internal_value=6.86712e-05 0.000538211 -0.00631762 -0.000339475 0.00584362 0.00315625 -0.00691288 0.00162455 -0.00060371 -0.00524876 0.00215767 -0.0279493 0.0111204 -0.00990773
internal_weight=23935.2 11128.2 491.581 12807 524.35 487.513 147.159 124.462 12282.6 108.468 81.7843 26.6835 64.8572 25.249
internal_count=129977 60098 2608 69879 2839 2646 817 700 67040 612 451 161 354 139
cat_boundaries=0 1 3 4 5
cat_threshold=6226315 132608 64 2 4587648
is_linear=0
shrinkage=0.05


Tree=220
num_leaves=15
num_cat=7
split_feature=2 8 2 3 6 3 8 6 3 6 3 6 8 2
split_gain=1.94579 5.93351 14.1295 12.912 7.51835 6.3625 12.0587 6.94625 5.93333 5.92595 5.58729 6.37655 5.15043 12.4933
threshold=0 21.500000000000004 1 2 11.500000000000002 3 22.500000000000004 8.5000000000000018 4 6.5000000000000009 5 7.5000000000000009 21.500000000000004 6
decision_type=9 2 9 9 2 9 2 2 9 2 9 2 2 9
left_child=10 8 5 4 -4 9 -7 -8 -2 -3 11 -1 -12 -14
right_child=1 2 3 -5 -6 6 7 -9 -10 -11 12 -13 13 -15
leaf_value=-0.013482890511691306 0.0063722604290347845 -0.039319058540015148 0.0040218138491540673 -0.0069628041969397522 0.036645653804777911 -0.020374510119427064 0.039285902359592291 -0.0040033797854665751 0.00041288213886352077 -0.015979707213036366 -0.00071158532137838195 -0.00041636187205899828 -0.0080492216091227389 0.0064203252357089768
leaf_weight=179.77621798403561 423.56796045973897 36.51815196685493 463.4771068263799 387.18067611008883 18.359636165201664 41.597690492868423 19.594128021970391 17.581974346190691 11550.827879794873 106.55136557854712 9632.5748698795214 194.26289869472384 182.29613611847162 676.41752344556153
leaf_count=981 2319 193 2543 2158 101 227 107 95 62357 585 52586 1053 966 3676
internal_value=-0.000103602 0.000307507 -0.00322254 -0.000260145 0.00515785 -0.0141762 -0.00166881 0.0188128 0.000629348 -0.0205039 -0.000597683 -0.00652222 -0.000380449 0.00332962
internal_weight=23930.6 13065.3 1090.86 869.017 481.837 221.843 78.7738 37.1761 11974.4 143.07 10865.3 374.039 10491.3 858.714
internal_count=129947 70685 6009 4802 2644 1207 429 202 64676 778 59262 2034 57228 4642
cat_boundaries=0 1 2 4 6 8 10 11
cat_threshold=5090625 1196064 1361056769 33856 1074139648 68 16908352 1024 16908288 1024 526337
is_linear=0
shrinkage=0.05


Tree=221
num_leaves=15
num_cat=3
split_feature=3 6 4 7 8 8 8 1 8 8 5 8 5 6
split_gain=1.43121 3.45728 6.93877 8.04986 7.26569 4.9594 8.11706 8.03899 7.37702 7.81981 7.79546 5.58133 5.23679 11.7041
threshold=0 10.500000000000002 1 5.5000000000000009 18.500000000000004 1.0000000180025095e-35 1.5000000000000002 2 8.5000000000000018 21.500000000000004 3.0000000000000004 17.500000000000004 3.0000000000000004 11.500000000000002
decision_type=9 2 1 2 2 2 2 1 2 2 2 2 2 2
left_child=-1 -2 3 -3 -5 12 -7 8 10 11 -8 -10 13 -4
right_child=1 2 5 4 -6 6 7 -9 9 -11 -12 -13 -14 -15
leaf_value=-0.00043660610624198171 0.00068968224085624657 -0.011839973369033967 0.027448217346707139 -0.00029910761577739225 0.047026629247809086 -0.019623036131745243 0.045452757369140194 0.001251085388796703 -0.019384634158148117 0.0095033730206409584 -0.0073517142174070937 -0.05108844000816707 0.021525768661563194 -0.059046974164979421
leaf_weight=12203.071556854993 10034.248935334384 263.90030140988529 8.6525511108338815 33.101189532317221 10.741847777739165 55.476814843714237 9.2675664816051704 1146.4065548609942 47.693899305537343 16.820634471252561 28.433009251952171 19.581656280905008 48.241413369774818 7.1370860002934924
leaf_count=66179 54556 1469 68 169 53 291 77 6334 262 85 122 99 204 65
internal_value=-5.772e-05 0.000336542 -0.00175147 -0.00854387 0.011296 -0.000245166 -0.00090258 -8.36647e-05 -0.0117823 -0.0209887 0.0056287 -0.0286125 0.0133452 -0.0116485
internal_weight=23932.8 11729.7 1695.45 307.743 43.843 1387.71 1323.68 1268.2 121.797 84.0962 37.7006 67.2756 64.0311 15.7896
internal_count=130033 63854 9298 1691 222 7607 7270 6979 645 446 199 361 337 133
cat_boundaries=0 2 3 4
cat_threshold=325456456 4 4 2
is_linear=0
shrinkage=0.05


Tree=222
num_leaves=15
num_cat=7
split_feature=3 2 2 8 5 3 3 8 4 8 2 6 8 5
split_gain=2.03545 8.52846 5.90357 5.09577 14.6998 6.93675 6.48915 5.3696 7.34262 5.93226 4.7298 5.98534 3.76101 25.8845
threshold=0 1 2 8.5000000000000018 1.0000000180025095e-35 3 4 2.5000000000000004 5 1.5000000000000002 6 8.5000000000000018 12.500000000000002 1.0000000180025095e-35
decision_type=9 9 9 2 2 9 9 2 1 2 9 2 2 2
left_child=1 -1 3 4 -2 -5 -6 8 9 -8 11 -11 13 -4
right_child=2 -3 12 5 6 -7 7 -9 -10 10 -12 -13 -14 -15
leaf_value=-0.002022169665083885 -0.05118934581103185 0.001280944892094165 -0.037039279211485164 0.00051171038629658518 -0.0017438768404213368 -0.0040235115907918707 0.01259248871746052 0.006418749563759223 -0.0078352539717036294 -0.010767699313327536 -0.01415589843936934 0.039806895184504483 0.0022129196991901869 0.00063604780183963705
leaf_weight=4115.4121585730463 13.317706953734158 3704.370375238359 45.956687805242836 1526.003088789992 867.46031378768384 1878.2689185589552 122.96827437914908 763.68824617005885 189.02803488261998 11.516953505575659 42.601054523140192 11.88941767066717 4969.8506837747991 5707.3186607090756
leaf_count=22188 594 20172 1863 8239 4554 10076 641 4001 992 59 215 62 26939 29499
internal_value=0.000204092 -0.000457788 0.000524533 -0.000818398 0.00116791 -0.00200086 0.00151496 0.00397152 -0.000867588 0.00610201 -0.00598941 0.0104552 0.00120429 0.0003351
internal_weight=23969.7 7819.78 16149.9 5426.74 2022.47 3404.27 2009.15 1141.69 378.004 188.976 66.0074 23.4064 10723.1 5753.28
internal_count=130094 42360 87734 29433 11118 18315 10524 5970 1969 977 336 121 58301 31362
cat_boundaries=0 2 3 4 6 8 9 10
cat_threshold=325060169 33792 6692673 106539 537526272 16452 1611268096 16448 1 8226
is_linear=0
shrinkage=0.05


Tree=223
num_leaves=15
num_cat=6
split_feature=2 3 8 5 8 8 6 4 2 3 2 6 6 8
split_gain=1.5758 5.34364 5.41655 16.5079 11.4524 7.38162 16.373 15.1729 9.8588 9.66881 8.64403 8.40196 13.0857 8.10549
threshold=0 1 13.500000000000002 1.0000000180025095e-35 11.500000000000002 16.500000000000004 5.5000000000000009 2 3 4 5 9.5000000000000018 8.5000000000000018 14.500000000000002
decision_type=9 9 2 2 2 2 2 1 9 9 9 2 2 2
left_child=-1 -2 3 4 -3 6 9 -8 11 -4 13 12 -7 -9
right_child=1 2 5 -5 -6 8 7 10 -10 -11 -12 -13 -14 -15
leaf_value=-0.00030831179882797948 -0.00056817743510722564 -0.051173839229315524 0.0077756165930139218 0.0029121327522549159 0.009809418787676015 -0.0017922401751500055 -0.028171753150125541 -0.042063399840376887 0.0049437078387787195 -0.0053059693033141895 0.0025703635406552523 -0.015393342687208844 0.024210847202115915 -0.0087908902608770535
leaf_weight=10636.796385196969 6176.9309321325272 23.831866782158613 275.42282536253333 4087.6262889094651 11.372409749776123 945.00508375652134 107.5459260083735 25.966865362599492 1018.5940317464992 270.43531683832407 142.01887493208051 104.04263476841152 50.993066713213921 62.027213521301746
leaf_count=58524 33189 1075 1472 20948 179 5047 575 147 5474 1443 778 552 274 334
internal_value=0.000145252 0.000507794 0.0014401 0.00261852 -0.0314738 -0.000173472 -0.00401304 -0.012669 0.00142753 0.00133983 -0.0054205 -0.00185638 -0.000460935 -0.0167105
internal_weight=23938.6 13301.8 7124.88 4122.83 35.2043 3002.05 883.417 337.559 2118.63 545.858 230.013 1100.04 995.998 87.9941
internal_count=130011 71487 38298 22202 1254 16096 4749 1834 11347 2915 1259 5873 5321 481
cat_boundaries=0 1 3 4 5 7 8
cat_threshold=6087298 338297857 49156 2 2098441 1074003968 64 133185
is_linear=0
shrinkage=0.05


Tree=224
num_leaves=15
num_cat=7
split_feature=2 8 2 7 4 0 7 6 3 4 6 2 6 6
split_gain=1.36476 5.08058 15.7297 19.1046 15.7595 8.16221 10.0617 19.9274 7.07686 5.20912 7.19629 4.83115 4.36023 7.13074
threshold=0 1.0000000180025095e-35 1 4.5000000000000009 2 3 4.5000000000000009 7.5000000000000009 4 5 9.5000000000000018 6 2.5000000000000004 1.5000000000000002
decision_type=9 2 9 2 1 1 2 2 9 1 2 9 2 2
left_child=-1 2 3 -2 -5 8 7 -7 -4 10 -10 -11 13 -3
right_child=1 12 5 4 -6 6 -8 -9 9 11 -12 -13 -14 -15
leaf_value=-0.00032529241083702263 0.033756168948016675 0.00010916618993609729 0.0093378929123402107 0.021134135107407512 -0.060091868945887007 -0.0086804150245616794 0.0010298052872783927 -0.072187191736702336 -0.04462713253680782 0.0059367419617108209 0.0083635320245434765 -0.011893064620294873 0.00028500948190829427 0.0083288177649780137
leaf_weight=14689.871438357979 50.782188886776567 606.61019699089229 57.809834243729711 11.662889182567596 12.237447157502174 25.151024863123894 21.612301332876086 24.274017369374633 21.669908877462152 51.517536157742143 9.0963581297546607 107.16858400590718 7770.4339827932417 466.97673892788589
leaf_count=79671 294 3233 292 64 82 173 146 163 112 264 49 514 42353 2502
internal_value=-2.59375e-05 0.00045 -0.00511239 0.0144696 -0.0204552 -0.00985199 -0.0240425 -0.0398704 -0.00499905 -0.00962269 -0.0289599 -0.00647996 0.000697673 0.00368446
internal_weight=23926.9 9237 392.982 74.6825 23.9003 318.3 71.0373 49.425 247.262 189.452 30.7663 158.686 8844.02 1073.59
internal_count=129912 50241 2153 440 146 1713 482 336 1231 939 161 778 48088 5735
cat_boundaries=0 1 2 3 4 6 7 8
cat_threshold=6074537 258 1 9 1537 64 4 2228228
is_linear=0
shrinkage=0.05


Tree=225
num_leaves=15
num_cat=7
split_feature=2 3 3 2 8 7 2 3 7 5 2 8 8 5
split_gain=2.1448 6.37237 4.8456 4.7826 4.7449 7.74421 7.17702 5.44368 7.26177 5.37705 5.3312 6.32424 5.32254 4.22938
threshold=0 1 2 3 10.500000000000002 2.5000000000000004 4 5 1.0000000180025095e-35 1.5000000000000002 6 11.500000000000002 16.500000000000004 1.0000000180025095e-35
decision_type=9 9 9 9 2 2 9 9 2 2 9 2 2 2
left_child=2 -2 3 -1 7 6 -6 8 -5 12 11 -7 -8 -12
right_child=1 -3 -4 4 5 10 9 -9 -10 -11 13 -13 -14 -15
leaf_value=0.0037226087615752977 -0.0011941637001870488 0.001294464112464053 -0.0011497192019513987 0.060703575270597936 -0.0076385569677173849 0.030084402057095734 -0.034648399701557524 -0.0034300104059146967 0.0064947731023520684 0.010245063430748354 0.031901085510943658 0.0020155390274383691 0.0075720438340859666 -0.0051799842737839819
leaf_weight=1113.0194503106177 4029.3426385484636 7076.2677722619846 9349.2606666106731 7.7336570620536795 73.360383927822113 21.852410241961479 13.680851941928269 1028.3526867134497 30.711070882156491 430.08101813495159 7.8140764236450186 245.72283558547497 16.428803777322173 483.31843934766948
leaf_count=6092 21974 38628 50629 42 431 125 220 5542 172 1923 121 1299 311 2448
internal_value=-0.000117236 0.000391277 -0.000557572 0.00103563 -0.000242471 0.00179392 0.00640957 -0.00271152 0.0138079 0.00862754 -0.00145197 0.00415268 -0.0116116 -0.00449842
internal_weight=23926.9 11105.6 12821.3 3472.08 2359.06 1292.26 533.551 1066.8 38.4447 460.191 758.708 267.575 30.1097 491.133
internal_count=129957 60602 69355 18726 12634 6878 2885 5756 214 2454 3993 1424 531 2569
cat_boundaries=0 1 3 5 6 7 9 10
cat_threshold=3084875 1161822793 5124 1715994696 5124 918080 3 64 5120 4098
is_linear=0
shrinkage=0.05


Tree=226
num_leaves=15
num_cat=8
split_feature=2 7 6 2 2 3 7 4 7 5 5 3 3 3
split_gain=3.53446 9.28958 6.51203 17.8309 8.40891 9.54399 7.84947 12.7016 14.8419 14.026 12.5878 8.69457 7.39943 7.01336
threshold=0 3.5000000000000004 1.5000000000000002 1 2 3 1.0000000180025095e-35 4 1.5000000000000002 3.0000000000000004 3.0000000000000004 5 6 7
decision_type=9 2 2 9 9 9 2 1 2 2 2 9 9 9
left_child=1 2 3 -1 5 -4 10 8 -8 -10 -5 -9 -6 -7
right_child=-2 -3 4 6 12 13 7 11 9 -11 -12 -13 -14 -15
leaf_value=-0.013723296950469938 0.00056299756854451711 0.0009471554339315569 -0.015087097151197899 -0.013225462314747595 -0.0037627764333740053 0.020262559004743861 0.010405182260548786 -0.0027342317270980729 0.011481532428052539 -0.033365272198946458 0.021611681444250862 0.013878294441417971 0.00077562158290493829 -0.0041891545136661735
leaf_weight=132.77637301012874 12168.344439124689 5121.725940618664 203.37621807679534 31.899867441505194 1479.122604560107 20.290846588090062 57.604994114488363 123.89287581667304 23.378856617957354 68.569501847028732 138.5596120506525 209.63549474440515 2259.4241763362661 1888.187962770462
leaf_count=724 65603 27802 1112 286 8269 116 296 639 188 293 574 1098 12613 10313
internal_value=-3.41681e-05 -0.000652075 -0.00188722 0.00238491 -0.00246142 -0.00497549 0.00577909 0.00261249 -0.0094951 -0.0219625 0.0150922 0.00804151 -0.0010252 -0.00382492
internal_weight=23926.8 11758.4 6636.72 786.318 5850.4 2111.86 653.541 483.082 149.553 91.9484 170.459 333.528 3738.55 1908.48
internal_count=129926 64323 36521 4098 32423 11541 3374 2514 777 481 860 1737 20882 10429
cat_boundaries=0 1 2 3 4 5 7 9 11
cat_threshold=5616899 65539 299009 52429824 2 19141121 4096 338169929 54272 71827520 1024
is_linear=0
shrinkage=0.05


Tree=227
num_leaves=15
num_cat=8
split_feature=2 3 3 6 4 7 2 3 6 8 4 8 2 8
split_gain=1.6225 7.9767 4.49475 4.04122 6.73541 3.71432 14.8681 8.69195 7.644 11.2979 6.1277 8.49267 8.38909 8.6874
threshold=0 1 2 9.5000000000000018 3 4.5000000000000009 4 5 9.5000000000000018 21.500000000000004 6 18.500000000000004 7 17.500000000000004
decision_type=9 9 9 2 1 2 9 9 2 2 1 2 9 2
left_child=1 3 -3 -1 -5 -2 -7 -8 -9 10 11 -10 13 -12
right_child=5 2 -4 4 -6 6 7 8 9 -11 12 -13 -14 -15
leaf_value=0.0042792546851393365 0.00077056347747880101 -5.7885136379755679e-05 -0.0027546541035781292 0.048369006892023336 0.01037009668796929 0.0040521189657835603 -0.0054921119668609238 0.00099139236489083761 0.00071813705758289363 -0.033455820521849727 -0.012018384274062169 0.042548813394122288 0.00047745595657261002 -0.046600065184285319
leaf_weight=200.01241843402386 11842.526932084002 4834.5357621386647 2263.6951651629061 14.635820373892784 57.388016641139984 1146.2544996012002 1422.9885619804263 1747.6280362382531 87.758696436882019 35.609727526083589 106.05423777736723 14.08053959161043 156.50412581115961 21.913411052897573
leaf_count=1109 64353 26070 12300 71 320 6304 7670 9554 523 192 573 72 806 126
internal_value=2.26681e-05 -0.000594115 -0.000920576 0.00765484 0.0180918 0.000297002 -0.000885828 -0.00246577 -0.000464731 -0.00650712 -0.00402302 0.00650175 -0.00779082 -0.0166399
internal_weight=23951.6 7370.27 7098.23 272.036 72.0238 16581.3 4738.79 3592.54 2169.55 421.921 386.311 101.839 284.472 127.968
internal_count=130043 39870 38370 1500 391 90173 25820 19516 11846 2292 2100 595 1505 699
cat_boundaries=0 1 3 5 6 7 9 10 11
cat_threshold=2797569 877264896 1024 1073746432 36932 4 83234 1610745408 21504 2 1049092
is_linear=0
shrinkage=0.05


Tree=228
num_leaves=15
num_cat=7
split_feature=2 3 2 6 0 5 7 7 6 6 3 2 7 4
split_gain=1.10218 6.52444 5.62635 6.78999 6.08528 3.58695 5.78709 6.64271 5.28867 4.38243 3.39898 3.32176 3.08416 6.38404
threshold=0 1 2 11.500000000000002 3 1.5000000000000002 1.5000000000000002 4.5000000000000009 11.500000000000002 7.5000000000000009 4 5 3.5000000000000004 6
decision_type=9 9 9 2 1 2 2 2 2 2 9 9 2 1
left_child=1 2 5 4 11 6 9 12 -9 -1 -2 -4 13 -8
right_child=10 -3 3 -5 -6 -7 7 8 -10 -11 -12 -13 -14 -15
leaf_value=-0.034409482749563618 0.0018129034416750197 0.00024709648045380931 -0.010422507840629411 0.0065589812914211626 -0.0098058261110318973 0.00089183360120254475 -0.10807606998479402 0.027470948898226318 -0.06073237214914301 0.037396225854553482 -3.5218850014648275e-05 0.0062197149902946877 -0.090751849776085025 -0.010193005726137403
leaf_weight=3.0954951867461222 3213.1611714903265 8301.0523418225348 31.051750689744949 93.575756901875138 601.97098978050053 643.76106883585453 2.3105130176991224 6.0391889829188568 2.3650211524218321 6.7767968103289604 10912.39622915443 105.20070926845074 4.0497541073709717 5.9697434213012475
leaf_count=68 17420 45312 176 507 3236 2908 65 163 56 175 58977 616 107 153
internal_value=0.000103582 -0.000303508 -0.00331971 -0.00605663 -0.0077378 9.53076e-05 -0.0166273 -0.0316296 0.00264973 0.0148813 0.000386161 0.00197367 -0.0549946 -0.0375062
internal_weight=23932.8 9807.22 1506.17 831.799 738.223 674.368 30.6065 20.7342 8.40421 9.87229 14125.6 136.252 12.33 8.28026
internal_count=129939 53542 8230 4535 4028 3695 787 544 219 243 76397 792 325 218
cat_boundaries=0 1 3 4 5 7 8 9
cat_threshold=1748770 107872320 5120 1736960 4 72220736 21504 8224 2
is_linear=0
shrinkage=0.05


Tree=229
num_leaves=15
num_cat=9
split_feature=2 3 4 0 6 2 2 2 8 4 6 8 2 6
split_gain=1.72693 6.92961 5.68309 9.93531 7.07854 12.6131 6.86885 6.05169 5.9352 8.69649 5.77781 6.17993 10.2508 7.24041
threshold=0 1 2 3 1.5000000000000002 4 5 6 5.5000000000000009 7 11.500000000000002 14.500000000000002 8 4.5000000000000009
decision_type=9 9 1 1 2 9 9 9 2 1 2 2 9 2
left_child=1 -1 3 7 5 -4 -5 -3 -7 -10 11 -8 13 -13
right_child=-2 2 4 6 -6 8 10 -9 9 -11 -12 12 -14 -15
leaf_value=-0.0014159829023305615 0.0004512432284758611 0.016179302888341653 -0.015566005788632879 0.0030867444498758794 0.0029658970255661151 0.017628055755262443 -0.0080504625980793824 0.00086971806279722641 0.0054283271370068201 -0.020629244530140537 -0.023562384553019629 -0.037269548085481434 0.0074734480088821352 -0.005466758615063785
leaf_weight=6896.5735962567851 12219.492776582949 101.43269902467728 139.95919046737254 297.42853987030685 3027.874790078029 54.545411862432957 543.87906685844064 169.22072049230337 122.44727905280888 43.357459008693695 42.957504078745842 21.577685905620456 202.20682999677956 104.90913399681449
leaf_count=37710 65985 610 749 1622 16456 276 2949 974 649 225 220 104 1072 578
internal_value=3.51031e-05 -0.000397035 0.00104535 -0.00153323 0.00217753 -0.00444752 -0.00346168 0.00697934 0.00317682 -0.00138565 -0.00559943 -0.00477927 0.000633457 -0.010094
internal_weight=23987.9 11768.4 4871.8 1483.61 3388.18 360.309 1212.96 270.653 220.35 165.805 915.53 872.573 328.694 126.487
internal_count=130179 64194 26484 8129 18355 1899 6545 1584 1150 874 4923 4703 1754 682
cat_boundaries=0 1 3 4 5 6 7 8 9 10
cat_threshold=4911809 1096816200 16448 2 4 532608 557184 4333568 1 148032
is_linear=0
shrinkage=0.05


Tree=230
num_leaves=15
num_cat=9
split_feature=2 8 7 5 2 3 4 4 8 2 3 7 0 2
split_gain=1.87503 4.41513 7.00563 9.89342 8.01734 13.4116 10.1633 6.54997 6.17628 10.9544 9.32494 8.86147 9.92791 15.4196
threshold=0 20.500000000000004 3.5000000000000004 1.0000000180025095e-35 1 2 3 4 18.500000000000004 5 6 1.5000000000000002 7 8
decision_type=9 2 2 2 9 9 1 1 2 9 9 2 1 9
left_child=1 8 3 -3 -4 6 -6 -7 -1 -10 11 -11 13 -13
right_child=-2 2 4 -5 5 7 -8 -9 9 10 -12 12 -14 -15
leaf_value=-0.00039260592432422 0.00044256698196321265 0.048272527985565507 0.0093914677732240878 -0.0016212334067528429 -0.014185794471937874 -0.048660035426980872 0.025069879460167824 -0.011865670386823365 0.021996681055296327 0.00038720700985049096 0.0018141511514707617 0.010938057492292425 -0.026018376937557697 -0.012969177445257439
leaf_weight=8797.2902048192918 12710.518293370493 10.065764937549828 459.53381737880409 768.32203528471291 24.210769699886441 14.596473829820752 51.6902369055897 70.586510397493839 28.339582279324532 189.46713752672076 306.70619624108076 78.749753266572952 98.924190107733011 314.83390689827502
leaf_count=47949 69006 191 2467 4087 124 82 275 369 142 1009 1646 418 621 1580
internal_value=2.69791e-05 -0.000444097 0.00218332 -0.000976029 0.00614583 -0.00348017 0.0110874 -0.0162615 -0.000819081 -0.00450812 -0.00543536 -0.0086748 -0.0123371 -0.00803323
internal_weight=23923.8 11213.3 1399.01 778.388 620.618 161.084 75.901 85.183 9814.31 1017.02 988.681 681.975 492.508 393.584
internal_count=129966 60960 7595 4278 3317 850 399 451 53365 5416 5274 3628 2619 1998
cat_boundaries=0 1 2 4 5 6 7 9 10 11
cat_threshold=6337381 4239680 1073746432 4 2 4 4 6555137 53316 9 40961
is_linear=0
shrinkage=0.05


Tree=231
num_leaves=15
num_cat=7
split_feature=6 3 3 7 2 2 8 2 6 8 2 8 4 6
split_gain=1.70749 10.249 4.42521 4.84141 15.9014 11.6181 9.93878 8.42533 7.18886 10.9137 8.06269 6.13062 5.82255 5.68304
threshold=3.5000000000000004 0 1 2.5000000000000004 2 3 1.5000000000000002 4 1.5000000000000002 6.5000000000000009 5 21.500000000000004 6 2.5000000000000004
decision_type=2 9 9 2 9 9 2 9 2 2 9 2 1 2
left_child=1 2 -1 5 6 8 -5 -7 9 12 -11 -9 -4 -8
right_child=-2 -3 3 4 -6 7 13 11 -10 10 -12 -13 -14 -15
leaf_value=0.014675685883044551 -0.0003472513332279522 -0.0016093469553277594 -0.0004701963250270563 0.025076416323633693 0.0017632202878689236 0.0037599822978684528 -0.016900598648284325 0.01804767964552681 -0.018290342303009934 0.0034667487647842797 -0.02882055306521546 -0.013216902622609864 0.041643278289070079 0.011240267509609197
leaf_weight=59.139244001358747 16150.044893022627 3203.0107565699145 13.94967107847333 17.028902659192681 2326.253057602793 1524.498492654413 210.95406791195273 181.19999540038407 90.237950030714273 49.166041977703571 22.263912323862314 17.165090899914503 19.938824662938714 19.608608759939671
leaf_count=325 88213 17092 72 95 12566 8131 1150 999 516 253 112 85 103 120
internal_value=-5.4434e-05 0.000555414 0.00207782 0.00187974 0.000466815 0.00378519 -0.0113273 0.00508583 -0.00754768 0.000940091 -0.0101463 0.014606 0.0243079 -0.0145073
internal_weight=23904.5 7754.41 4551.4 4492.26 2573.84 1918.42 247.592 1722.86 195.556 105.318 71.43 198.365 33.8885 230.563
internal_count=129832 41619 24527 24202 13931 10271 1365 9215 1056 540 365 1084 175 1270
cat_boundaries=0 2 3 4 5 6 7 8
cat_threshold=1426593288 17472 268435464 1123072 557061 6314 32768 1
is_linear=0
shrinkage=0.05


Tree=232
num_leaves=15
num_cat=6
split_feature=2 3 5 8 4 6 7 4 8 8 8 4 6 3
split_gain=2.07434 4.82947 5.18489 6.65466 4.77279 5.77393 4.68285 6.68902 7.59137 7.16266 3.77913 3.45341 3.41169 9.57387
threshold=0 1 3.0000000000000004 17.500000000000004 2 5.5000000000000009 1.5000000000000002 3 8.5000000000000018 6.5000000000000009 16.500000000000004 4 3.5000000000000004 5
decision_type=9 9 2 2 1 2 2 1 2 2 2 1 2 9
left_child=1 2 3 10 -5 -6 -4 9 11 -8 -1 -9 13 -3
right_child=-2 12 6 4 5 -7 7 8 -10 -11 -12 -13 -14 -15
leaf_value=0.0085984987793083605 -0.00022827360534425159 -0.0149409248228561 0.0026948694725102782 -0.044461593635463183 -0.03236035488490898 0.009818899755859721 0.020239440515414278 -0.027627145851609726 -0.0055540754428005067 -0.0052921192041055351 0.043828856774026065 -0.0077275645220490387 0.0023365423931078571 0.0072663025559393767
leaf_weight=121.74756076093763 20089.636531248689 93.156835176050663 154.69781202077866 8.7796562723815441 11.862593522295354 25.673095375299454 37.608036488294601 79.241564676165581 186.26855880022049 101.9032679349184 8.1196390595287067 30.077667430043221 2908.0003938619047 84.693773660808802
leaf_count=1160 109138 481 652 77 85 247 159 340 788 431 73 128 15782 445
internal_value=-2.43758e-05 0.00103698 -0.00249601 0.00499804 -0.0112739 -0.00351122 -0.00477694 -0.00743351 -0.0116926 0.00159042 0.0108012 -0.0221521 0.00191918 -0.0047972
internal_weight=23941.5 3851.83 765.979 176.183 46.3153 37.5357 589.797 435.099 295.588 139.511 129.867 109.319 3085.85 177.851
internal_count=129986 20848 4140 1642 409 332 2498 1846 1256 590 1233 468 16708 926
cat_boundaries=0 1 3 4 5 6 8
cat_threshold=2638116 642384457 1088 4 2 1 16781312 32772
is_linear=0
shrinkage=0.05


Tree=233
num_leaves=15
num_cat=4
split_feature=8 5 5 6 8 1 6 4 7 6 3 3 7 8
split_gain=1.70213 84.6288 29.8676 7.02099 8.40997 8.12764 14.9485 13.2942 5.64083 5.80359 5.26788 4.99054 8.14246 5.14796
threshold=11.500000000000002 1.0000000180025095e-35 1.0000000180025095e-35 2.5000000000000004 16.500000000000004 0 10.500000000000002 1 2.5000000000000004 6.5000000000000009 2 3 1.5000000000000002 20.500000000000004
decision_type=2 2 2 2 2 1 2 1 2 2 9 9 2 2
left_child=1 -1 3 10 5 -5 7 8 -7 -10 -2 -4 13 -13
right_child=2 -3 11 4 -6 6 -8 -9 9 -11 -12 12 -14 -15
leaf_value=-0.051155795717630841 -0.015546244407270735 1.7741012490817457e-05 -0.00046545046163061471 0.030625504661956928 0.036601433905024079 0.0061967247946382326 -0.08761980938487407 0.037589169283230021 -0.081002639038154467 -0.0089460574162666152 0.013198529273042653 0.0077436729374987818 0.00027026165464394977 -0.00073439928009703427
leaf_weight=81.347125093452632 15.6291872151196 11835.972112749703 8395.3506104918197 22.47015717625618 78.197471592575312 10.538707297295334 4.7117309235036364 18.551207035779953 5.5604750886559469 5.6174387894570827 33.783447492867708 734.44330908544362 2461.1421276591718 236.77759002707899
leaf_count=3729 229 61331 43813 407 1432 169 46 293 84 96 509 3914 12730 1254
internal_value=9.1896e-05 -0.000331567 0.000511645 0.0199176 0.0254428 0.0125062 -0.00274426 0.00650551 -0.0200474 -0.0447907 0.00363145 0.000191607 0.00179486 0.00567677
internal_weight=23940.1 11917.3 12022.8 195.06 145.647 67.4497 44.9796 40.2678 21.7166 11.1779 49.4126 11827.7 3432.36 971.221
internal_count=130036 65060 64976 3265 2527 1095 688 642 349 180 738 61711 17898 5168
cat_boundaries=0 1 2 4 6
cat_threshold=24 1 16912384 4 1074533960 37952
is_linear=0
shrinkage=0.05


Tree=234
num_leaves=15
num_cat=7
split_feature=2 3 8 5 3 2 8 2 7 6 2 4 5 6
split_gain=2.15723 7.2222 5.28485 14.4302 13.283 8.90915 7.88612 19.2998 15.4964 7.35054 9.58662 6.34948 22.2306 15.2652
threshold=0 1 3.5000000000000004 1.0000000180025095e-35 2 3 4.5000000000000009 4 1.5000000000000002 5.5000000000000009 5 6 1.5000000000000002 8.5000000000000018
decision_type=9 9 2 2 9 9 2 9 2 2 9 1 2 2
left_child=1 -1 3 -2 5 -5 7 8 -4 -6 -11 12 13 -9
right_child=2 -3 6 4 9 -7 -8 11 -10 10 -12 -13 -14 -15
leaf_value=-0.0013549997310860718 -0.051025574661884926 0.0010270513133702652 -0.038458881831921886 0.00073913745499926684 0.0091222839971364569 -0.016923080893098706 0.00046861038521946619 -0.11115268677593015 0.03395055230485524 -0.005679704515628348 0.0057202546213492239 -0.014498378412843321 0.0050048713102951864 0.034773735587643052
leaf_weight=7390.0311375623569 12.24532933346927 5573.7859750138596 8.7498306483030301 183.3136200197041 694.37615323998034 109.56015778891742 8678.7330872127786 7.1257847137749177 47.505618615075946 260.89417757280171 574.63102261722088 277.86886690184474 116.85895818471909 2.3943313304334879
leaf_count=40415 628 30209 58 944 3486 566 47021 110 272 1366 2902 1485 530 60
internal_value=0.000105822 -0.000330836 0.000621378 0.00307063 0.00343405 -0.00620866 0.000130285 -0.00624586 0.0192638 0.00528601 0.00216108 -0.0100244 -0.000980591 -0.0744519
internal_weight=23938.1 12963.8 10974.3 1835.02 1822.78 292.874 9139.24 460.503 56.2554 1529.9 835.525 404.248 126.379 9.52012
internal_count=130052 70624 59428 9892 9264 1510 49536 2515 330 7754 4268 2185 700 170
cat_boundaries=0 1 3 5 6 7 8 9
cat_threshold=4964683 1912737864 49216 325582849 36864 3420192 1536 263680 2
is_linear=0
shrinkage=0.05


Tree=235
num_leaves=15
num_cat=7
split_feature=2 8 5 8 3 2 5 2 8 3 3 2 7 8
split_gain=1.82085 6.54968 14.6804 7.91676 8.72928 7.42781 7.2404 6.26167 6.23013 9.12987 7.73372 8.0402 7.99737 12.7806
threshold=0 9.5000000000000018 1.0000000180025095e-35 3.5000000000000004 1 2 1.0000000180025095e-35 3 16.500000000000004 4 5 6 1.5000000000000002 15.500000000000002
decision_type=9 2 2 2 9 9 2 9 2 9 9 9 2 2
left_child=1 2 -1 4 -4 -6 7 -3 10 -10 11 -8 13 -12
right_child=-2 6 3 -5 5 -7 8 -9 9 -11 12 -13 -14 -15
leaf_value=-0.051011658870923238 0.00038676024334887761 -0.016518397870745504 0.0079682285250939813 -0.0045142664159638045 0.0019431335556313414 -0.0083645761738670166 -0.0055220000732656392 0.022126350319636987 0.018113547691931225 -0.0021223600316081738 0.0030842835088132139 0.010356498626250351 -0.0020368889984436062 0.030625368421749222
leaf_weight=15.523236701264976 17396.733868886717 7.6971212085336447 312.62528750114143 1547.1227287016809 465.39119687490165 268.06299139745533 93.610064333304763 51.542697098106146 47.537442486733198 1899.6942952387035 348.85822413302958 439.75076661258936 954.07348280213773 47.90874419733882
leaf_count=809 94811 66 1607 7905 2352 1391 510 1008 238 9758 1792 2327 4969 250
internal_value=0.00012006 -0.00059349 -0.0025328 -0.0022426 0.00111714 -0.00188597 0.000705303 0.0180518 0.000437099 -0.00154622 0.00248677 0.00751933 0.0004408 0.00640981
internal_weight=23896.1 6499.4 2608.73 2593.2 1046.08 733.454 3890.67 59.2398 3831.43 1947.23 1884.2 533.361 1350.84 396.767
internal_count=129793 34982 14064 13255 5350 3743 20918 1074 19844 9996 9848 2837 7011 2042
cat_boundaries=0 1 3 4 5 7 9 10
cat_threshold=2167233 131145 37892 2101504 65537 591396864 1024 100925960 20480 64
is_linear=0
shrinkage=0.05


Tree=236
num_leaves=15
num_cat=4
split_feature=2 8 4 6 7 2 6 6 6 2 7 8 7 7
split_gain=1.39886 7.29702 14.5929 14.4222 12.7089 13.6685 13.986 11.0935 10.9695 16.8984 10.3183 10.5244 7.88471 7.72199
threshold=0 21.500000000000004 1 4.5000000000000009 1.5000000000000002 2 5.5000000000000009 6.5000000000000009 5.5000000000000009 3 5.5000000000000009 22.500000000000004 3.5000000000000004 3.5000000000000004
decision_type=9 2 1 2 2 9 2 2 2 9 2 2 2 2
left_child=1 -1 3 13 7 10 -7 -5 -4 -10 11 12 -6 -3
right_child=-2 2 8 4 5 6 -8 -9 9 -11 -12 -13 -14 -15
leaf_value=-0.0010329392292562675 0.00015701194283601364 0.028691569241679617 -0.0027178203953275759 -0.073827144827983429 -0.055432640968288399 -0.038363880963809958 0.018431280399768355 -0.020438782219866187 0.024611816641001379 0.0037292654609072853 -0.065928559768544379 0.010626467494484211 -0.0066272416509417266 -0.0067086776906339551
leaf_weight=9092.8910771114752 13966.98149893526 39.587889041751623 161.14926883392036 12.650241440162061 17.456476282328367 12.776818694546817 71.488229107111692 42.150894790887833 163.100660989061 249.84576871991158 11.35508022457361 25.067167265340686 15.734534878283737 25.217808652669191
leaf_count=49780 75493 226 839 84 96 65 377 240 900 1392 56 145 78 134
internal_value=-0.000165722 -0.000618718 0.00381777 -0.00568775 -0.0120864 -0.00472277 0.00877792 -0.0327629 0.00834596 0.0126635 -0.0195217 -0.0138274 -0.0322959 0.0149163
internal_weight=23907.5 9940.47 847.581 273.485 208.679 153.878 84.265 54.8011 574.096 412.946 69.6133 58.2582 33.191 64.8057
internal_count=129905 54412 4632 1501 1141 817 442 324 3131 2292 375 319 174 360
cat_boundaries=0 1 2 3 4
cat_threshold=6652897 2 4489248 2457856
is_linear=0
shrinkage=0.05


Tree=237
num_leaves=15
num_cat=6
split_feature=2 3 2 8 8 5 2 6 4 8 6 8 6 2
split_gain=1.97002 3.94929 4.39757 4.14718 5.4741 7.08822 5.78263 8.74196 9.41727 5.63762 5.27332 6.29379 5.11547 4.6987
threshold=0 1 2 3.5000000000000004 12.500000000000002 1.5000000000000002 3 1.5000000000000002 4 22.500000000000004 10.500000000000002 11.500000000000002 1.5000000000000002 5
decision_type=9 9 9 2 2 2 9 2 1 2 2 2 2 9
left_child=-1 2 -2 -4 6 -6 7 8 -5 13 12 -12 -8 -7
right_child=1 -3 3 4 5 9 10 -9 -10 -11 11 -13 -14 -15
leaf_value=-0.00039070547508664649 -0.0047197469344600973 0.0010843731280519174 0.0053310712029320528 -0.069792231841284164 0.020158189668806635 0.010418806727511068 0.008565290281073723 -0.00808760438400229 0.0022854933716557765 -0.011822754916531871 0.0047606018277647037 0.044633234746293951 -0.0063425264625098067 9.7383598046298003e-05
leaf_weight=13570.769967710599 643.11847135424614 7802.0709073012695 309.69303676113486 12.253204541280866 48.706532085314393 123.31603707373142 70.132850999012589 209.41056877188385 7.1913763005286464 83.140387654304504 88.094975046813488 11.149566806852816 320.56741042435169 649.96797539293766
leaf_count=73823 3553 42308 1676 66 1019 573 370 1143 42 377 473 61 1718 2907
internal_value=5.75652e-06 0.00052402 -0.0011703 2.84528e-05 -0.000982612 0.00160435 -0.00424019 -0.0106021 -0.043135 0.000549162 -0.00103106 0.00924007 -0.00366649 0.00187934
internal_weight=23949.6 10378.8 2576.74 1933.62 1623.93 905.131 718.8 228.855 19.4446 856.424 489.945 99.2445 390.7 773.284
internal_count=130109 56286 13978 10425 8749 4876 3873 1251 108 3857 2622 534 2088 3480
cat_boundaries=0 1 3 4 5 6 7
cat_threshold=5057099 86508105 4 1065984 2097312 1 160
is_linear=0
shrinkage=0.05


Tree=238
num_leaves=15
num_cat=3
split_feature=3 2 2 7 8 8 6 8 6 6 5 7 8 7
split_gain=1.82192 7.64873 4.13858 4.78573 9.46638 17.3192 20.6143 19.4119 18.81 15.1306 10.8993 10.6812 10.0635 10.2396
threshold=0 1 2 3.5000000000000004 14.500000000000002 18.500000000000004 6.5000000000000009 21.500000000000004 4.5000000000000009 9.5000000000000018 1.5000000000000002 5.5000000000000009 17.500000000000004 4.5000000000000009
decision_type=9 9 9 2 2 2 2 2 2 2 2 2 2 2
left_child=1 -1 3 -2 -5 6 8 11 10 -8 -6 -7 -11 -14
right_child=2 -3 -4 4 5 7 9 -9 -10 12 -12 -13 13 -15
leaf_value=-0.0023603274922831298 -8.7465803179696891e-06 0.00096029877617090213 -0.00032110521808828194 0.0058074081026955647 0.052754238463444597 0.020417652864105563 -0.039095974566979108 -0.0075606895047999933 0.03994010920148372 0.0011488419346416035 -0.0074196934548444787 -0.0016532773857770725 0.0066532114639956223 -0.059903008430790661
leaf_weight=3674.9542589485645 2606.8164039365947 3269.8661186983809 12262.784600443207 1310.9078136142343 7.9066059514880171 189.06905856914818 73.363819777965546 171.237110869959 27.831359826028347 68.516130995005369 156.03152671456337 77.200385281816125 9.0422568321228045 16.012486655265093
leaf_count=19818 14237 17889 66891 6954 165 990 379 923 167 365 710 445 40 80
internal_value=-0.00011614 -0.000797727 0.000163057 0.00142056 0.00319557 -0.00110463 -0.00924874 0.00557258 0.00193455 -0.0220958 -0.00451755 0.0140186 -0.00876685 -0.0358829
internal_weight=23921.5 6944.82 16976.7 4713.93 2107.12 796.211 358.704 437.507 191.769 166.935 163.938 266.269 93.5709 25.0547
internal_count=130053 37707 92346 25455 11218 4264 1906 2358 1042 864 875 1435 485 120
cat_boundaries=0 2 3 4
cat_threshold=291504200 37892 1399823 1137669
is_linear=0
shrinkage=0.05


Tree=239
num_leaves=15
num_cat=3
split_feature=3 7 7 6 6 5 8 5 8 1 4 7 6 7
split_gain=0.92117 3.98488 5.40208 6.17242 5.80304 3.78221 6.23292 3.33521 2.94095 4.39771 4.73432 8.82149 4.03453 2.75909
threshold=0 5.5000000000000009 4.5000000000000009 4.5000000000000009 10.500000000000002 3.0000000000000004 4.5000000000000009 3.0000000000000004 21.500000000000004 1 2 2.5000000000000004 3.5000000000000004 3.5000000000000004
decision_type=9 2 2 2 2 2 2 2 2 1 1 2 2 2
left_child=1 2 4 -4 8 -3 -7 -5 9 10 -1 -12 -10 -6
right_child=-2 5 3 7 13 6 -8 -9 12 -11 11 -13 -14 -15
leaf_value=-0.034936802850668712 5.3577816002425798e-05 0.032318417534433895 0.001038319519821092 -0.0058892807444658581 0.0086932647510049952 -0.033595634459434878 0.011831076434857792 -0.040204778932810305 0.0075439376287601712 0.0006775279839721256 0.02995528643571348 -0.0380055285778758 -0.036889923682858199 0.039156620071268362
leaf_weight=22.610309025272727 23484.489811030217 14.026418987661598 25.60921130515635 9.6605089548975211 35.355325277894735 9.4384371638298017 37.762090563774109 26.516339033842087 7.788753084838393 201.13066922128201 10.419102976098658 8.8144079521298391 14.846317164599894 9.411317761987446
leaf_count=122 127632 135 134 92 197 40 161 114 42 1116 56 47 79 51
internal_value=1.09775e-05 -0.00224684 -0.00424335 -0.0177449 -0.00155562 0.00952175 0.00274734 -0.0310413 -0.0043624 -0.00275656 -0.0156783 -0.00119006 -0.0216002 0.0150976
internal_weight=23917.9 433.389 372.162 61.7861 310.376 61.2269 47.2005 36.1768 265.61 242.974 41.8438 19.2335 22.6351 44.7666
internal_count=130018 2386 2050 340 1710 336 201 206 1462 1341 225 103 121 248
cat_boundaries=0 1 2 3
cat_threshold=73400392 8 1
is_linear=0
shrinkage=0.05


Tree=240
num_leaves=15
num_cat=6
split_feature=2 8 5 3 3 2 7 6 8 7 8 8 3 4
split_gain=1.73765 6.1701 14.3305 7.28026 5.0734 5.07929 7.85328 8.74449 8.6862 9.95591 8.99023 5.78318 5.62858 6.2347
threshold=0 6.5000000000000009 1.0000000180025095e-35 1 2 3 3.5000000000000004 11.500000000000002 8.5000000000000018 1.5000000000000002 9.5000000000000018 10.500000000000002 4 5
decision_type=9 2 2 9 9 9 2 2 2 2 2 2 9 1
left_child=1 2 -1 -4 5 -3 7 8 -7 -10 -11 -12 13 -8
right_child=-2 4 3 -5 -6 6 12 -9 9 10 11 -13 -14 -15
leaf_value=-0.050998735308989213 0.0002217925590920338 0.0037564981137502202 0.00053732825685714938 -0.0049294280883036747 -0.0013206973012458384 0.0087307733848959231 -0.0057068641133029363 0.021482633216903607 -0.00036606041436583502 -0.0372796356018152 0.013668434332225546 -0.010616223180097343 0.00038647287780742192 0.013294770453585809
leaf_weight=15.312420927919446 15246.919032043777 1430.4562744405121 1109.0484430491924 1345.9927276736125 2961.8627367503941 118.86968474183232 53.826298011466861 34.969662295654416 440.9067198690027 30.312580943107605 26.19895008020103 381.54906015843153 524.02035263366997 218.03655190207064
leaf_count=810 82739 7749 5753 7007 16129 634 290 202 2388 162 138 2110 2782 1205
internal_value=-9.9874e-05 -0.000663653 -0.0027785 -0.00247775 0.000175085 0.00153378 -0.00021588 -0.0030934 -0.00395468 -0.00567024 -0.0110089 -0.00905587 0.00351553 0.00919442
internal_weight=23938.3 8691.36 2470.35 2455.04 6221.01 3259.15 1828.69 1032.81 997.837 878.967 438.061 407.748 795.883 271.863
internal_count=130098 47359 13570 12760 33789 17660 9911 5634 5432 4798 2410 2248 4277 1495
cat_boundaries=0 1 3 5 6 7 8
cat_threshold=2823811 1879835137 4100 56759304 33796 2622592 39981064 4
is_linear=0
shrinkage=0.05


Tree=241
num_leaves=15
num_cat=5
split_feature=3 2 8 2 8 5 2 2 7 6 8 8 8 8
split_gain=1.54989 8.81295 4.88151 6.5957 4.99261 10.0696 7.7316 3.85157 4.01769 4.38935 4.22976 4.95712 3.70867 9.69663
threshold=0 1 1.0000000180025095e-35 2 6.5000000000000009 1.0000000180025095e-35 3 4 1.0000000180025095e-35 4.5000000000000009 17.500000000000004 19.500000000000004 12.500000000000002 15.500000000000002
decision_type=9 9 2 9 2 2 9 9 2 2 2 2 2 2
left_child=1 -1 3 -3 5 -4 -7 8 9 10 -6 -12 -9 -14
right_child=-2 2 4 -5 7 6 -8 12 -10 -11 11 -13 13 -15
leaf_value=0.0022340289258544004 0.00034116141891324414 0.0062553020623343641 -0.051020927217945961 -0.012537032256991666 0.0031347651797992565 0.0077446362344385476 -0.00053664126530787357 -0.0035442343084526665 -0.0053308952300386396 0.010538564415411065 -0.040956573822610622 -0.0039071597193037514 0.0062892817337548527 -0.0019303156759119752
leaf_weight=2131.7981807636097 15942.349994365126 57.499539257958531 9.1403117608278972 188.8345333756879 66.350469475612044 370.98636334948242 1084.419041197747 941.06194346956909 1206.0505798403174 89.622556369751692 14.364185467362402 24.304273199290037 494.82654500566423 1305.2943006828427
leaf_count=11761 86504 309 473 1012 354 1910 5638 5137 6500 490 72 132 2675 7002
internal_value=5.64453e-05 -0.000511819 -0.00151407 -0.00840552 -0.00121397 0.00129524 0.0016238 -0.00210122 -0.00422496 0.00241068 -0.00452562 -0.0176699 -0.000996979 0.00032913
internal_weight=23926.9 7984.55 5852.75 246.334 5606.42 1464.55 1455.41 4141.87 1400.69 194.641 105.019 38.6685 2741.18 1800.12
internal_count=129969 43465 31704 1321 30383 8021 7548 22362 7548 1048 558 204 14814 9677
cat_boundaries=0 2 3 4 5 6
cat_threshold=302252040 17412 4391361 1344036 567296 567330
is_linear=0
shrinkage=0.05


Tree=242
num_leaves=15
num_cat=8
split_feature=2 3 4 2 2 8 8 8 8 2 5 3 8 4
split_gain=1.28711 3.30144 3.49209 6.44124 5.94455 5.47054 3.94626 5.23894 3.36092 8.32804 6.59719 6.0553 4.90336 8.5465
threshold=0 1 2 3 4 4.5000000000000009 17.500000000000004 6.5000000000000009 17.500000000000004 5 3.0000000000000004 6 19.500000000000004 7
decision_type=9 9 1 9 9 2 2 2 2 9 2 9 2 1
left_child=1 2 4 -4 6 -6 7 -1 -3 10 -10 -11 13 -13
right_child=-2 8 3 -5 5 -7 -8 -9 9 11 -12 12 -14 -15
leaf_value=-0.021337922091708001 0.00025508528845662052 -0.0012177914151841693 -0.010612668402551075 0.0092409130184998318 0.03937088197839763 0.011513308797741458 -0.025290251377430573 0.014941071413753067 0.039508354174849346 -0.0031741264831444504 0.0087985116283550938 0.012898265681235317 9.8749931949451854e-05 -0.00065332236275647169
leaf_weight=14.529430467635391 14330.054239328951 6940.1194701753557 74.177901275455952 69.581246329471469 22.289598790928721 84.178376698866487 16.0297158844769 31.580388326197863 20.58768860809505 820.82120321318507 116.15912313759327 243.00007373467088 905.47073737718165 223.21925697103143
leaf_count=74 78062 37724 400 361 114 475 87 158 216 4432 482 1300 4894 1211
internal_value=-4.48454e-05 -0.000493161 0.00448311 -0.0010987 0.0095082 0.0158561 -0.00337649 0.00350938 -0.000665505 0.000977196 0.0125073 0.000200103 0.00222761 0.00640996
internal_weight=23911.8 9581.74 312.367 143.759 168.608 106.468 62.1395 46.1098 9269.38 2329.26 136.747 2192.51 1371.69 466.219
internal_count=129990 51928 1669 761 908 589 319 232 50259 12535 698 11837 7405 2511
cat_boundaries=0 1 2 3 4 5 6 8 9
cat_threshold=753284 805437448 1 676864 68228 65540 4982272 21504 1
is_linear=0
shrinkage=0.05


Tree=243
num_leaves=15
num_cat=5
split_feature=2 6 6 8 3 3 8 2 8 7 8 4 7 8
split_gain=1.10467 6.19191 8.4086 9.3808 9.28654 9.21103 7.45112 9.27923 13.4334 9.2309 8.79542 8.55444 9.65541 6.67817
threshold=0 2.5000000000000004 1.5000000000000002 1.5000000000000002 1 2 2.5000000000000004 3 3.5000000000000004 1.5000000000000002 6.5000000000000009 4 5.5000000000000009 5.5000000000000009
decision_type=9 2 2 2 9 9 2 9 2 2 2 1 2 2
left_child=1 2 5 -4 -5 -1 11 13 -9 10 -10 -7 -13 -8
right_child=-2 -3 3 4 -6 6 7 8 9 -11 -12 12 -14 -15
leaf_value=0.0069829148496596272 0.0001370059025676029 -0.0016444894206730368 -0.012922838734985457 0.014645750184921849 0.0030938820255615048 0.034016199480123889 0.019828795396035506 -0.052952758057989081 -0.054360606545291318 -0.0035989051875740469 -0.014558740068341826 0.0086598045090470737 -0.03285499123421972 -0.0015059335756524668
leaf_weight=252.44834377337247 17348.169484138489 4567.5764296576381 66.142880151048303 244.97670001536608 606.81176454760134 24.808267217129469 43.933244002982974 17.450760822743177 15.673498604446648 319.57519618608057 121.29905854165554 75.50896524451673 17.195120109245181 222.15385040082037
leaf_count=1363 94310 24891 349 1320 3253 121 206 91 84 1733 633 422 87 1187
internal_value=-7.24756e-05 -0.000622735 0.00167547 0.00521598 0.00662449 -0.00125228 -0.00371456 -0.00561499 -0.00969459 -0.00825347 -0.0191132 0.00793815 0.000959476 0.00194357
internal_weight=23943.7 6595.55 2027.98 917.931 851.788 1110.05 857.598 740.086 473.999 456.548 136.973 117.512 92.7041 266.087
internal_count=130050 35740 10849 4922 4573 5927 4564 3934 2541 2450 717 630 509 1393
cat_boundaries=0 1 3 5 6 7
cat_threshold=559495 2098688 32768 1361051656 17408 33025 4
is_linear=0
shrinkage=0.05


Tree=244
num_leaves=15
num_cat=9
split_feature=2 6 3 3 4 7 2 6 3 4 5 5 3 1
split_gain=1.30999 11.1641 12.2056 6.07698 5.36955 8.24416 5.19365 4.58076 9.3742 3.61817 6.39829 4.75408 3.03854 3.0864
threshold=0 4.5000000000000009 1 2 3 1.0000000180025095e-35 4 6.5000000000000009 5 6 1.5000000000000002 3.0000000000000004 7 8
decision_type=9 2 9 9 1 2 9 2 9 1 2 2 9 1
left_child=1 2 4 -3 -1 -6 -7 8 -5 11 -11 -4 13 -9
right_child=-2 3 9 7 5 6 -8 12 -10 10 -12 -13 -14 -15
leaf_value=0.012709205272043458 -0.0003187195350355151 -0.0012111067819820572 -0.055199828129735354 -0.014679679099191307 -0.038398995352298258 0.012777641442491709 -0.012814937967399334 0.003380207407317759 0.015840926587852019 0.03255982682764446 -0.014920083207826866 -0.017732759139071651 0.0052521876943265591 -0.0037864510402279639
leaf_weight=78.134974796324968 21253.060632572509 872.89231419656426 12.43818913027644 23.692765820771456 15.565442407503722 36.370349820703268 25.014522985555232 348.08520770166069 149.03477575443685 7.4462379384785882 150.64992132782936 26.515266299247742 701.39050986431539 248.97835169732571
leaf_count=425 115364 4773 82 139 73 194 132 1906 852 164 690 114 3818 1349
internal_value=-0.000186992 0.00084939 -0.00744858 0.00209956 0.00326577 -0.00589864 0.00234251 0.00404461 0.0117217 -0.0152719 -0.0126838 -0.0296963 0.00305452 0.000378533
internal_weight=23949.3 2696.21 352.135 2344.07 155.085 76.9503 61.3849 1471.18 172.728 197.05 158.096 38.9535 1298.45 597.064
internal_count=130075 14711 1874 12837 824 399 326 8064 991 1050 854 196 7073 3255
cat_boundaries=0 1 3 5 6 7 8 9 11 12
cat_threshold=606500 1076102144 16448 1682440777 17472 1 524576 262144 4 135168 32768 1
is_linear=0
shrinkage=0.05


Tree=245
num_leaves=15
num_cat=7
split_feature=2 4 3 6 2 2 7 8 8 8 6 8 2 3
split_gain=1.36241 6.7033 7.42926 6.543 11.2466 11.1891 11.1312 14.6404 13.3247 11.1536 7.84136 7.3614 6.11393 10.3064
threshold=0 1 2 6.5000000000000009 3 4 4.5000000000000009 6.5000000000000009 3.5000000000000004 18.500000000000004 3.5000000000000004 10.500000000000002 5 6
decision_type=9 1 9 2 9 9 2 2 2 2 2 2 9 9
left_child=1 2 -1 5 -5 6 10 8 -8 11 -4 -9 13 -3
right_child=-2 12 3 4 -6 -7 7 9 -10 -11 -12 -13 -14 -15
leaf_value=-0.002447922281441535 -7.134016374587224e-05 -0.0032526193291371841 0.038955608278760767 -0.010445424332399905 0.0023919058073930571 0.0031255635703451366 -0.0072005143463215009 -0.0028108350768680152 -0.082638758427146838 -0.017824230814041383 0.015081678200868052 0.03502386894761475 -0.0019021753594453226 0.0079877185450596064
leaf_weight=711.06360283493996 16362.300954672508 361.36104959994555 40.947873236611485 189.55584381520748 1167.9964020363986 1518.277417819947 17.208391636610035 19.418804032728076 8.8709206245839578 24.902644859626889 214.89333314448595 38.04352986626327 2830.6811249181628 449.3989245351404
leaf_count=3833 89174 1898 213 994 6387 8091 88 110 53 119 1159 212 15438 2385
internal_value=0.000185686 0.000738706 0.00216592 0.0031762 0.000540098 0.00509402 0.0128594 -0.000212211 -0.032861 0.0101254 0.0189027 0.022238 -0.000807873 0.00299924
internal_weight=23954.9 7592.62 3951.18 3240.12 1357.55 1882.56 364.285 108.444 26.0793 82.365 255.841 57.4623 3641.44 810.76
internal_count=130154 40980 21259 17426 7381 10045 1954 582 141 441 1372 322 19721 4283
cat_boundaries=0 1 2 4 5 6 7 9
cat_threshold=89920 1 19529729 36864 64 66368 67584 1124597760 21572
is_linear=0
shrinkage=0.05


Tree=246
num_leaves=15
num_cat=3
split_feature=5 8 5 8 5 2 2 6 6 6 4 7 7 6
split_gain=1.66011 5.76711 24.7058 58.1179 20.3308 17.2705 16.7428 11.7455 11.6496 10.3626 10.7494 10.2639 21.3037 19.3214
threshold=3.0000000000000004 15.500000000000002 1.0000000180025095e-35 11.500000000000002 1.0000000180025095e-35 0 1 2.5000000000000004 3.5000000000000004 10.500000000000002 2 5.5000000000000009 4.5000000000000009 10.500000000000002
decision_type=2 2 2 2 2 9 9 2 2 2 1 2 2 2
left_child=1 2 3 -1 7 9 8 -3 -6 10 -5 12 -8 -14
right_child=-2 4 -4 5 6 -7 11 -9 -10 -11 -12 -13 13 -15
leaf_value=-0.051067480642230059 -0.00024897585505001063 -0.0022288988783432584 0.00041127851240116951 0.053647159719203176 -0.013330893968654323 0.037862357284333167 0.0036921404872258486 0.032613878683474255 0.00087281103428607184 -0.085459664987898865 -0.014031962558498635 -0.0052330386048411752 0.029307613595457443 -0.017879908702523779
leaf_weight=75.456421648152173 18254.429403267801 33.561339616775513 3599.042321822606 7.0654236041009426 256.15594658441842 24.643663253635168 811.91180922463536 86.594150668010116 330.77253698371351 4.1439012698829165 34.588210422545671 201.55471884645522 154.90221627987921 25.225926473736763
leaf_count=3754 77522 513 30222 113 2043 448 7274 1599 2846 47 528 1552 1266 213
internal_value=-1.72306e-05 0.00073209 -0.00040639 -0.0205769 0.00297526 0.0120846 0.0016319 0.0228817 -0.00523695 -0.00825192 -0.00255201 0.00501143 0.00714333 0.0226993
internal_weight=23900 5645.62 3744.94 145.898 1900.68 70.4412 1780.52 120.155 586.928 45.7975 41.6536 1193.59 992.04 180.128
internal_count=129940 52418 35112 4890 17306 1136 15194 2112 4889 688 641 10305 8753 1479
cat_boundaries=0 1 2 3
cat_threshold=4403722 59715 4
is_linear=0
shrinkage=0.05


Tree=247
num_leaves=15
num_cat=6
split_feature=2 7 4 3 8 8 8 2 2 6 6 3 8 6
split_gain=1.46768 5.87939 7.25111 11.5821 7.41322 21.7856 12.9474 9.26606 8.68127 9.92499 7.45068 6.27768 9.27431 13.9722
threshold=0 1.0000000180025095e-35 1 2 14.500000000000002 12.500000000000002 20.500000000000004 3 4 2.5000000000000004 9.5000000000000018 5 22.500000000000004 4.5000000000000009
decision_type=9 2 1 9 2 2 2 9 9 2 2 9 2 2
left_child=-1 2 3 4 5 8 7 -6 9 -2 -9 -4 -13 -14
right_child=1 -3 11 -5 6 -7 -8 10 -10 -11 -12 12 13 -15
leaf_value=-0.00042398822144239148 -0.010076127890450513 -3.7570744538660021e-05 0.0051405681005664526 0.015912242291920096 -0.010414416593453459 -0.041102526122179461 -0.012016096414937357 0.023425528857481417 -0.0038890639456190634 0.03631066888206317 0.068283726398379277 -0.0026716581963106053 -0.005064175408364722 0.053670784847730447
leaf_weight=9463.1924609402195 16.963958553038538 12354.438930588774 542.52640106342733 232.21725600399077 20.054208874702454 33.347121935337782 43.952941816300154 71.557129643857479 151.79306608438492 36.008249247446656 10.631961062550543 886.76358557213098 22.218081768602133 18.60357834212482
leaf_count=51995 94 66887 2825 1259 109 172 224 400 838 186 63 4682 119 105
internal_value=5.9757e-05 0.000376786 0.00283189 0.00738333 0.00176966 -0.00362569 0.0106782 0.0204342 0.00247761 0.0180485 0.0260579 0.000923143 -0.00158191 0.021703
internal_weight=23904.3 14441.1 2086.64 616.526 384.309 238.112 146.196 102.243 204.765 52.9722 82.1891 1470.11 927.585 40.8217
internal_count=129958 77963 11076 3345 2086 1290 796 572 1118 280 463 7731 4906 224
cat_boundaries=0 1 2 4 5 6 8
cat_threshold=4965601 2 36573696 36868 270340 270342 67113472 5124
is_linear=0
shrinkage=0.05


Tree=248
num_leaves=15
num_cat=7
split_feature=2 7 3 4 2 6 8 8 6 6 3 2 8 2
split_gain=1.02627 5.61477 9.14171 10.324 12.1334 7.47414 8.9091 14.9368 6.80273 6.76004 6.35561 9.482 5.26598 4.39457
threshold=0 2.5000000000000004 1 2 3 2.5000000000000004 19.500000000000004 15.500000000000002 1.5000000000000002 4.5000000000000009 4 5 2.5000000000000004 6
decision_type=9 2 9 1 9 2 2 2 2 2 9 9 2 9
left_child=-1 2 12 4 -4 6 7 8 -6 -7 11 -3 -2 -5
right_child=1 10 3 13 5 9 -8 -9 -10 -11 -12 -13 -14 -15
leaf_value=-0.00043908561428398368 -0.0028745193741834376 0.0026336543265938111 0.00054385299375262625 -0.00077758107556195519 -0.027619629219871662 -0.041830978972089199 -0.039917070804605215 0.059684807618626379 0.016992261403957914 -0.016247927188913835 -6.7831656044840016e-05 -0.0082537848464043443 0.0061360234317714944 0.0036001263460062275
leaf_weight=14190.009931492619 187.23019778449088 296.4930512662977 275.53515593614429 1176.4195897215977 18.354327643290162 32.582011148333549 11.410001073032616 11.181763613596557 15.989325676113365 124.44952401518822 4670.3817802798003 596.7466694926843 1210.5005356529728 1106.4238579804078
leaf_count=76849 990 1613 1481 6498 103 184 56 55 83 680 25421 3231 6734 6098
internal_value=-0.000168037 0.00022732 0.00161464 -5.61695e-05 -0.00664555 -0.0152179 -0.00040954 0.0094922 -0.00684973 -0.0215561 -0.000812104 -0.00465077 0.00489402 0.00135652
internal_weight=23923.7 9733.7 4170.08 2772.35 489.502 213.967 56.9354 45.5254 34.3437 157.032 5563.62 893.24 1397.73 2282.84
internal_count=130076 53227 22962 15238 2642 1161 297 241 186 864 30265 4844 7724 12596
cat_boundaries=0 1 3 4 5 7 8 9
cat_threshold=6591789 929039360 20484 4 731200 20971592 5124 524992 657538
is_linear=0
shrinkage=0.05


Tree=249
num_leaves=15
num_cat=4
split_feature=2 8 7 6 4 6 8 8 2 6 5 2 5 7
split_gain=1.47404 3.7479 16.1951 15.7353 12.9829 8.20603 22.0328 7.84475 9.99833 8.43663 7.99974 6.56094 8.94875 7.96453
threshold=0 1.5000000000000002 4.5000000000000009 4.5000000000000009 1 1.5000000000000002 1.0000000180025095e-35 1.0000000180025095e-35 2 9.5000000000000018 3.0000000000000004 3 1.5000000000000002 2.5000000000000004
decision_type=9 2 2 2 1 2 2 2 9 2 2 9 2 2
left_child=1 2 11 4 -4 6 -6 -5 9 -9 -10 12 -1 -14
right_child=-2 -3 3 7 5 -7 -8 8 10 -11 -12 -13 13 -15
leaf_value=-0.02744016404122665 0.00018513329743431606 -0.00086546525308255615 -0.0030292688948882827 0.019781180298198295 0.046527797977486463 -0.038837782404112897 -0.057126051735883067 0.064990597823413029 0.019241075744865044 -0.0030820695441916516 -0.032945658571352024 0.00074349188311417531 0.0062106362683672896 0.020819059144510182
leaf_weight=14.755739097483454 11877.5239316402 11050.649424917065 82.791540390811861 56.915859444066882 10.768764674663544 68.555885593406856 9.7851570881903172 9.0204583872109669 9.3985145315527898 9.1874556485563499 33.582555651664734 311.99173827469349 226.18327498435974 158.81507503986359
leaf_count=451 64791 59868 453 326 56 384 48 63 95 52 143 1617 1012 716
internal_value=-0.000210223 -0.000599499 0.00232847 -0.0076311 -0.0172849 -0.0305297 -0.00281895 0.00641997 -0.00600816 0.0197792 -0.0174697 0.00638658 0.0105093 0.0122367
internal_weight=23929.9 12052.4 1001.75 290.006 171.901 89.1098 20.5539 118.105 61.189 18.2079 42.9811 711.746 399.754 384.998
internal_count=130075 65284 5416 1620 941 488 104 679 353 115 238 3796 2179 1728
cat_boundaries=0 1 2 3 4
cat_threshold=1921131 1 1048616 786474
is_linear=0
shrinkage=0.05


end of trees

feature_importances:
hour=839
Order_Region=664
month=498
weekday=403
Category_Name=352
Customer_Segment=278
Days_for_shipment_(scheduled)=262
Shipping_Mode=174
Market=30

parameters:
[boosting: gbdt]
[objective: binary]
[metric: binary_logloss]
[tree_learner: serial]
[device_type: cpu]
[data_sample_strategy: bagging]
[data: ]
[valid: ]
[num_iterations: 250]
[learning_rate: 0.05]
[num_leaves: 15]
[num_threads: 8]
[seed: 7]
[deterministic: 0]
[force_col_wise: 0]
[force_row_wise: 0]
[histogram_pool_size: -1]
[max_depth: -1]
[min_data_in_leaf: 40]
[min_sum_hessian_in_leaf: 0.001]
[bagging_fraction: 0.9]
[pos_bagging_fraction: 1]
[neg_bagging_fraction: 1]
[bagging_freq: 1]
[bagging_seed: 17422]
[bagging_by_query: 0]
[feature_fraction: 0.9]
[feature_fraction_bynode: 1]
[feature_fraction_seed: 7040]
[extra_trees: 0]
[extra_seed: 6516]
[early_stopping_round: 0]
[early_stopping_min_delta: 0]
[first_metric_only: 0]
[max_delta_step: 0]
[lambda_l1: 0]
[lambda_l2: 0]
[linear_lambda: 0]
[min_gain_to_split: 0]
[drop_rate: 0.1]
[max_drop: 50]
[skip_drop: 0.5]
[xgboost_dart_mode: 0]
[uniform_drop: 0]
[drop_seed: 15215]
[top_rate: 0.2]
[other_rate: 0.1]
[min_data_per_group: 100]
[max_cat_threshold: 32]
[cat_l2: 10]
[cat_smooth: 10]
[max_cat_to_onehot: 4]
[top_k: 20]
[monotone_constraints: ]
[monotone_constraints_method: basic]
[monotone_penalty: 0]
[feature_contri: ]
[forcedsplits_filename: ]
[refit_decay_rate: 0.9]
[cegb_tradeoff: 1]
[cegb_penalty_split: 0]
[cegb_penalty_feature_lazy: ]
[cegb_penalty_feature_coupled: ]
[path_smooth: 0]
[interaction_constraints: ]
[verbosity: -1]
[saved_feature_importance_type: 0]
[use_quantized_grad: 0]
[num_grad_quant_bins: 4]
[quant_train_renew_leaf: 0]
[stochastic_rounding: 1]
[linear_tree: 0]
[max_bin: 255]
[max_bin_by_feature: ]
[min_data_in_bin: 3]
[bin_construct_sample_cnt: 200000]
[data_random_seed: 61]
[is_enable_sparse: 1]
[enable_bundle: 1]
[use_missing: 1]
[zero_as_missing: 0]
[feature_pre_filter: 1]
[pre_partition: 0]
[two_round: 0]
[header: 0]
[label_column: ]
[weight_column: ]
[group_column: ]
[ignore_column: ]
[categorical_feature: 0,1,2,3,4]
[forcedbins_filename: ]
[precise_float_parser: 0]
[parser_config_file: ]
[objective_seed: 15521]
[num_class: 1]
[is_unbalance: 0]
[scale_pos_weight: 1]
[sigmoid: 1]
[boost_from_average: 1]
[reg_sqrt: 0]
[alpha: 0.9]
[fair_c: 1]
[poisson_max_delta_step: 0.7]
[tweedie_variance_power: 1.5]
[lambdarank_truncation_level: 30]
[lambdarank_norm: 1]
[label_gain: ]
[lambdarank_position_bias_regularization: 0]
[eval_at: ]
[multi_error_top_k: 1]
[auc_mu_weights: ]
[num_machines: 1]
[local_listen_port: 12400]
[time_out: 120]
[machine_list_filename: ]
[machines: ]
[gpu_platform_id: -1]
[gpu_device_id: -1]
[gpu_device_id_list: ]
[gpu_use_dp: 0]
[num_gpu: 1]

end of parameters

pandas_categorical:[["First Class", "Same Day", "Second Class", "Standard Class"], ["Africa", "Europe", "LATAM", "Pacific Asia", "USCA"], ["Canada", "Caribbean", "Central Africa", "Central America", "Central Asia", "East Africa", "East of USA", "Eastern Asia", "Eastern Europe", "North Africa", "Northern Europe", "Oceania", "South America", "South Asia", "South of  USA ", "Southeast Asia", "Southern Africa", "Southern Europe", "US Center ", "West Africa", "West Asia", "West of USA ", "Western Europe"], ["Accessories", "As Seen on  TV!", "Baby ", "Baseball & Softball", "Basketball", "Books ", "Boxing & MMA", "CDs ", "Cameras ", "Camping & Hiking", "Cardio Equipment", "Children's Clothing", "Cleats", "Computers", "Consumer Electronics", "Crafts", "DVDs", "Electronics", "Fishing", "Fitness Accessories", "Garden", "Girls' Apparel", "Golf Apparel", "Golf Bags & Carts", "Golf Balls", "Golf Gloves", "Golf Shoes", "Health and Beauty", "Hockey", "Hunting & Shooting", "Indoor/Outdoor Games", "Kids' Golf Clubs", "Lacrosse", "Men's Clothing", "Men's Footwear", "Men's Golf Clubs", "Music", "Pet Supplies", "Shop By Sport", "Soccer", "Sporting Goods", "Strength Training", "Tennis & Racquet", "Toys", "Trade-In", "Video Games", "Water Sports", "Women's Apparel", "Women's Clothing", "Women's Golf Clubs"], ["Consumer", "Corporate", "Home Office"]]
